timestamp, index, temperature.gpu, clocks.current.sm [MHz], power.draw [W], utilization.gpu [%], memory.used [MiB]
2026/09/27 10:01:34.042, 0, 35, 420 MHz, 125.91 W, 0 %, 0 MiB
2026/09/27 10:01:34.044, 1, 33, 420 MHz, 123.31 W, 0 %, 0 MiB
2026/09/27 10:01:34.046, 2, 32, 1980 MHz, 120.08 W, 0 %, 0 MiB
2026/09/27 10:01:34.047, 3, 34, 390 MHz, 114.13 W, 0 %, 0 MiB
2026/09/27 10:01:34.049, 4, 34, 345 MHz, 79.27 W, 0 %, 0 MiB
2026/09/27 10:01:34.051, 5, 32, 345 MHz, 80.12 W, 0 %, 0 MiB
2026/09/27 10:01:34.053, 6, 33, 345 MHz, 91.54 W, 0 %, 0 MiB
2026/09/27 10:01:34.055, 7, 31, 345 MHz, 94.81 W, 0 %, 0 MiB
2026/09/27 10:01:36.056, 0, 34, 345 MHz, 72.46 W, 0 %, 4 MiB
2026/09/27 10:01:36.093, 1, 31, 345 MHz, 69.76 W, 0 %, 4 MiB
2026/09/27 10:01:36.093, 2, 30, 345 MHz, 69.79 W, 0 %, 1 MiB
2026/09/27 10:01:36.093, 3, 33, 345 MHz, 76.92 W, 0 %, 1 MiB
2026/09/27 10:01:36.093, 4, 34, 345 MHz, 73.80 W, 0 %, 1 MiB
2026/09/27 10:01:36.093, 5, 32, 345 MHz, 71.39 W, 0 %, 1 MiB
2026/09/27 10:01:36.093, 6, 33, 345 MHz, 74.62 W, 0 %, 1 MiB
2026/09/27 10:01:36.093, 7, 31, 345 MHz, 73.21 W, 0 %, 1 MiB
2026/09/27 10:01:38.093, 0, 33, 1980 MHz, 74.25 W, 0 %, 23 MiB
2026/09/27 10:01:38.094, 1, 31, 345 MHz, 69.66 W, 0 %, 4 MiB
2026/09/27 10:01:38.095, 2, 30, 345 MHz, 69.78 W, 0 %, 4 MiB
2026/09/27 10:01:38.095, 3, 33, 345 MHz, 76.87 W, 0 %, 4 MiB
2026/09/27 10:01:38.095, 4, 35, 1980 MHz, 76.79 W, 0 %, 23 MiB
2026/09/27 10:01:38.096, 5, 32, 345 MHz, 71.34 W, 0 %, 4 MiB
2026/09/27 10:01:38.098, 6, 33, 345 MHz, 74.51 W, 0 %, 4 MiB
2026/09/27 10:01:38.098, 7, 30, 345 MHz, 73.22 W, 0 %, 4 MiB
2026/09/27 10:01:40.099, 0, 50, 1440 MHz, 354.36 W, 99 %, 1015 MiB
2026/09/27 10:01:40.099, 1, 48, 1470 MHz, 401.45 W, 99 %, 1015 MiB
2026/09/27 10:01:40.099, 2, 46, 1470 MHz, 341.28 W, 99 %, 1015 MiB
2026/09/27 10:01:40.099, 3, 49, 1365 MHz, 391.82 W, 99 %, 1015 MiB
2026/09/27 10:01:40.099, 4, 50, 1440 MHz, 369.20 W, 98 %, 1015 MiB
2026/09/27 10:01:40.099, 5, 47, 1470 MHz, 350.69 W, 99 %, 1015 MiB
2026/09/27 10:01:40.099, 6, 47, 1440 MHz, 340.15 W, 99 %, 1015 MiB
2026/09/27 10:01:40.099, 7, 45, 1425 MHz, 306.77 W, 99 %, 1015 MiB
2026/09/27 10:01:42.100, 0, 55, 1335 MHz, 696.22 W, 99 %, 1015 MiB
2026/09/27 10:01:42.100, 1, 52, 1455 MHz, 691.03 W, 99 %, 1015 MiB
2026/09/27 10:01:42.100, 2, 49, 1455 MHz, 692.20 W, 99 %, 1015 MiB
2026/09/27 10:01:42.100, 3, 53, 1350 MHz, 698.84 W, 99 %, 1015 MiB
2026/09/27 10:01:42.100, 4, 54, 1320 MHz, 698.75 W, 99 %, 1015 MiB
2026/09/27 10:01:42.100, 5, 51, 1470 MHz, 694.32 W, 99 %, 1015 MiB
2026/09/27 10:01:42.100, 6, 52, 1425 MHz, 692.98 W, 99 %, 1015 MiB
2026/09/27 10:01:42.100, 7, 50, 1395 MHz, 692.39 W, 99 %, 1015 MiB
2026/09/27 10:01:44.100, 0, 57, 1425 MHz, 695.09 W, 99 %, 1015 MiB
2026/09/27 10:01:44.101, 1, 54, 1425 MHz, 694.22 W, 99 %, 1015 MiB
2026/09/27 10:01:44.101, 2, 51, 1455 MHz, 688.94 W, 99 %, 1015 MiB
2026/09/27 10:01:44.101, 3, 54, 1335 MHz, 699.40 W, 99 %, 1015 MiB
2026/09/27 10:01:44.101, 4, 56, 1350 MHz, 699.23 W, 99 %, 1015 MiB
2026/09/27 10:01:44.101, 5, 53, 1455 MHz, 690.30 W, 99 %, 1015 MiB
2026/09/27 10:01:44.101, 6, 54, 1425 MHz, 695.60 W, 99 %, 1015 MiB
2026/09/27 10:01:44.101, 7, 52, 1410 MHz, 693.52 W, 99 %, 1015 MiB
2026/09/27 10:01:46.101, 0, 58, 1425 MHz, 692.39 W, 99 %, 1015 MiB
2026/09/27 10:01:46.101, 1, 55, 1425 MHz, 691.52 W, 99 %, 1015 MiB
2026/09/27 10:01:46.101, 2, 53, 1455 MHz, 692.07 W, 99 %, 1015 MiB
2026/09/27 10:01:46.101, 3, 56, 1305 MHz, 698.99 W, 99 %, 1015 MiB
2026/09/27 10:01:46.101, 4, 58, 1335 MHz, 696.24 W, 99 %, 1015 MiB
2026/09/27 10:01:46.102, 5, 55, 1440 MHz, 690.86 W, 99 %, 1015 MiB
2026/09/27 10:01:46.102, 6, 55, 1425 MHz, 691.47 W, 99 %, 1015 MiB
2026/09/27 10:01:46.102, 7, 53, 1395 MHz, 693.73 W, 99 %, 1015 MiB
2026/09/27 10:01:48.102, 0, 60, 1410 MHz, 691.50 W, 99 %, 1015 MiB
2026/09/27 10:01:48.102, 1, 56, 1440 MHz, 692.48 W, 99 %, 1015 MiB
2026/09/27 10:01:48.102, 2, 53, 1440 MHz, 693.07 W, 99 %, 1015 MiB
2026/09/27 10:01:48.102, 3, 57, 1305 MHz, 698.92 W, 99 %, 1015 MiB
2026/09/27 10:01:48.102, 4, 58, 1395 MHz, 691.09 W, 99 %, 1015 MiB
2026/09/27 10:01:48.102, 5, 56, 1440 MHz, 691.98 W, 99 %, 1015 MiB
2026/09/27 10:01:48.102, 6, 57, 1440 MHz, 692.62 W, 99 %, 1015 MiB
2026/09/27 10:01:48.102, 7, 54, 1395 MHz, 693.79 W, 99 %, 1015 MiB
2026/09/27 10:01:50.103, 0, 61, 1440 MHz, 691.34 W, 99 %, 1015 MiB
2026/09/27 10:01:50.103, 1, 57, 1410 MHz, 691.96 W, 99 %, 1015 MiB
2026/09/27 10:01:50.103, 2, 54, 1440 MHz, 691.45 W, 99 %, 1015 MiB
2026/09/27 10:01:50.103, 3, 58, 1305 MHz, 698.33 W, 99 %, 1015 MiB
2026/09/27 10:01:50.103, 4, 59, 1395 MHz, 692.84 W, 99 %, 1015 MiB
2026/09/27 10:01:50.103, 5, 57, 1425 MHz, 691.40 W, 99 %, 1015 MiB
2026/09/27 10:01:50.103, 6, 58, 1440 MHz, 690.32 W, 99 %, 1015 MiB
2026/09/27 10:01:50.103, 7, 55, 1380 MHz, 693.42 W, 99 %, 1015 MiB
2026/09/27 10:01:52.103, 0, 62, 1410 MHz, 690.58 W, 99 %, 1015 MiB
2026/09/27 10:01:52.103, 1, 58, 1410 MHz, 691.75 W, 99 %, 1015 MiB
2026/09/27 10:01:52.103, 2, 55, 1455 MHz, 690.62 W, 99 %, 1015 MiB
2026/09/27 10:01:52.104, 3, 59, 1290 MHz, 697.85 W, 99 %, 1015 MiB
2026/09/27 10:01:52.104, 4, 60, 1395 MHz, 692.47 W, 99 %, 1015 MiB
2026/09/27 10:01:52.104, 5, 58, 1410 MHz, 692.23 W, 99 %, 1015 MiB
2026/09/27 10:01:52.104, 6, 59, 1425 MHz, 691.21 W, 99 %, 1015 MiB
2026/09/27 10:01:52.104, 7, 56, 1380 MHz, 693.83 W, 99 %, 1015 MiB
2026/09/27 10:01:54.104, 0, 63, 1410 MHz, 690.65 W, 99 %, 1015 MiB
2026/09/27 10:01:54.104, 1, 59, 1410 MHz, 691.71 W, 99 %, 1015 MiB
2026/09/27 10:01:54.104, 2, 56, 1440 MHz, 693.39 W, 99 %, 1015 MiB
2026/09/27 10:01:54.104, 3, 61, 1290 MHz, 698.00 W, 99 %, 1015 MiB
2026/09/27 10:01:54.104, 4, 62, 1395 MHz, 692.70 W, 99 %, 1015 MiB
2026/09/27 10:01:54.105, 5, 58, 1410 MHz, 691.27 W, 99 %, 1015 MiB
2026/09/27 10:01:54.105, 6, 60, 1410 MHz, 692.51 W, 99 %, 1015 MiB
2026/09/27 10:01:54.105, 7, 57, 1380 MHz, 691.91 W, 99 %, 1015 MiB
2026/09/27 10:01:56.105, 0, 64, 1410 MHz, 691.60 W, 99 %, 1015 MiB
2026/09/27 10:01:56.105, 1, 60, 1410 MHz, 690.55 W, 99 %, 1015 MiB
2026/09/27 10:01:56.105, 2, 57, 1440 MHz, 690.93 W, 99 %, 1015 MiB
2026/09/27 10:01:56.105, 3, 62, 1305 MHz, 697.36 W, 99 %, 1015 MiB
2026/09/27 10:01:56.105, 4, 63, 1425 MHz, 688.92 W, 99 %, 1015 MiB
2026/09/27 10:01:56.105, 5, 59, 1425 MHz, 689.72 W, 99 %, 1015 MiB
2026/09/27 10:01:56.105, 6, 61, 1425 MHz, 691.62 W, 99 %, 1015 MiB
2026/09/27 10:01:56.105, 7, 58, 1380 MHz, 693.10 W, 99 %, 1015 MiB
2026/09/27 10:01:58.106, 0, 65, 1425 MHz, 691.68 W, 99 %, 1015 MiB
2026/09/27 10:01:58.106, 1, 61, 1410 MHz, 691.40 W, 99 %, 1015 MiB
2026/09/27 10:01:58.106, 2, 58, 1440 MHz, 688.58 W, 99 %, 1015 MiB
2026/09/27 10:01:58.106, 3, 63, 1290 MHz, 697.12 W, 99 %, 1015 MiB
2026/09/27 10:01:58.106, 4, 63, 1410 MHz, 688.54 W, 99 %, 1015 MiB
2026/09/27 10:01:58.106, 5, 60, 1425 MHz, 693.01 W, 99 %, 1015 MiB
2026/09/27 10:01:58.106, 6, 62, 1425 MHz, 691.92 W, 99 %, 1015 MiB
2026/09/27 10:01:58.106, 7, 58, 1380 MHz, 690.55 W, 99 %, 1015 MiB
2026/09/27 10:02:00.106, 0, 66, 1410 MHz, 691.07 W, 99 %, 1015 MiB
2026/09/27 10:02:00.106, 1, 61, 1410 MHz, 692.47 W, 99 %, 1015 MiB
2026/09/27 10:02:00.107, 2, 59, 1440 MHz, 691.68 W, 99 %, 1015 MiB
2026/09/27 10:02:00.107, 3, 64, 1305 MHz, 696.94 W, 99 %, 1015 MiB
2026/09/27 10:02:00.107, 4, 65, 1425 MHz, 688.78 W, 99 %, 1015 MiB
2026/09/27 10:02:00.107, 5, 61, 1425 MHz, 691.09 W, 99 %, 1015 MiB
2026/09/27 10:02:00.107, 6, 63, 1425 MHz, 691.70 W, 99 %, 1015 MiB
2026/09/27 10:02:00.107, 7, 59, 1365 MHz, 692.34 W, 99 %, 1015 MiB
2026/09/27 10:02:02.107, 0, 67, 1410 MHz, 690.29 W, 99 %, 1015 MiB
2026/09/27 10:02:02.107, 1, 62, 1410 MHz, 690.29 W, 99 %, 1015 MiB
2026/09/27 10:02:02.107, 2, 59, 1440 MHz, 691.90 W, 99 %, 1015 MiB
2026/09/27 10:02:02.107, 3, 65, 1320 MHz, 698.91 W, 99 %, 1015 MiB
2026/09/27 10:02:02.107, 4, 66, 1440 MHz, 690.41 W, 99 %, 1015 MiB
2026/09/27 10:02:02.107, 5, 62, 1425 MHz, 691.75 W, 99 %, 1015 MiB
2026/09/27 10:02:02.108, 6, 64, 1410 MHz, 691.42 W, 99 %, 1015 MiB
2026/09/27 10:02:02.108, 7, 60, 1380 MHz, 692.18 W, 99 %, 1015 MiB
2026/09/27 10:02:04.108, 0, 68, 1410 MHz, 691.08 W, 99 %, 1015 MiB
2026/09/27 10:02:04.108, 1, 63, 1395 MHz, 690.37 W, 99 %, 1015 MiB
2026/09/27 10:02:04.108, 2, 60, 1440 MHz, 690.06 W, 99 %, 1015 MiB
2026/09/27 10:02:04.108, 3, 65, 1305 MHz, 699.19 W, 99 %, 1015 MiB
2026/09/27 10:02:04.108, 4, 67, 1440 MHz, 691.45 W, 99 %, 1015 MiB
2026/09/27 10:02:04.108, 5, 62, 1410 MHz, 693.62 W, 99 %, 1015 MiB
2026/09/27 10:02:04.108, 6, 65, 1410 MHz, 691.49 W, 99 %, 1015 MiB
2026/09/27 10:02:04.108, 7, 60, 1380 MHz, 692.73 W, 99 %, 1015 MiB
2026/09/27 10:02:06.109, 0, 69, 1395 MHz, 690.88 W, 99 %, 1015 MiB
2026/09/27 10:02:06.109, 1, 63, 1395 MHz, 692.45 W, 99 %, 1015 MiB
2026/09/27 10:02:06.109, 2, 60, 1440 MHz, 692.10 W, 99 %, 1015 MiB
2026/09/27 10:02:06.109, 3, 66, 1305 MHz, 697.60 W, 99 %, 1015 MiB
2026/09/27 10:02:06.109, 4, 68, 1425 MHz, 691.76 W, 99 %, 1015 MiB
2026/09/27 10:02:06.109, 5, 63, 1470 MHz, 689.17 W, 99 %, 1015 MiB
2026/09/27 10:02:06.109, 6, 66, 1425 MHz, 689.12 W, 99 %, 1015 MiB
2026/09/27 10:02:06.109, 7, 61, 1380 MHz, 691.39 W, 99 %, 1015 MiB
2026/09/27 10:02:08.109, 0, 70, 1410 MHz, 690.72 W, 99 %, 1015 MiB
2026/09/27 10:02:08.110, 1, 64, 1410 MHz, 691.64 W, 99 %, 1015 MiB
2026/09/27 10:02:08.110, 2, 60, 1425 MHz, 692.15 W, 99 %, 1015 MiB
2026/09/27 10:02:08.110, 3, 67, 1305 MHz, 697.21 W, 99 %, 1015 MiB
2026/09/27 10:02:08.110, 4, 68, 1425 MHz, 688.28 W, 99 %, 1015 MiB
2026/09/27 10:02:08.110, 5, 63, 1425 MHz, 688.54 W, 99 %, 1015 MiB
2026/09/27 10:02:08.110, 6, 66, 1425 MHz, 690.90 W, 99 %, 1015 MiB
2026/09/27 10:02:08.110, 7, 61, 1395 MHz, 693.35 W, 99 %, 1015 MiB
2026/09/27 10:02:10.110, 0, 71, 1410 MHz, 692.51 W, 99 %, 1015 MiB
2026/09/27 10:02:10.110, 1, 64, 1410 MHz, 691.50 W, 99 %, 1015 MiB
2026/09/27 10:02:10.110, 2, 61, 1425 MHz, 691.04 W, 99 %, 1015 MiB
2026/09/27 10:02:10.111, 3, 68, 1305 MHz, 696.81 W, 99 %, 1015 MiB
2026/09/27 10:02:10.111, 4, 70, 1410 MHz, 689.00 W, 99 %, 1015 MiB
2026/09/27 10:02:10.111, 5, 64, 1455 MHz, 689.90 W, 99 %, 1015 MiB
2026/09/27 10:02:10.111, 6, 67, 1425 MHz, 692.66 W, 99 %, 1015 MiB
2026/09/27 10:02:10.111, 7, 61, 1395 MHz, 694.01 W, 99 %, 1015 MiB
2026/09/27 10:02:12.111, 0, 71, 1410 MHz, 690.61 W, 99 %, 1015 MiB
2026/09/27 10:02:12.111, 1, 64, 1410 MHz, 692.30 W, 99 %, 1015 MiB
2026/09/27 10:02:12.111, 2, 61, 1425 MHz, 694.14 W, 99 %, 1015 MiB
2026/09/27 10:02:12.111, 3, 69, 1305 MHz, 697.29 W, 99 %, 1015 MiB
2026/09/27 10:02:12.111, 4, 70, 1440 MHz, 689.16 W, 99 %, 1015 MiB
2026/09/27 10:02:12.111, 5, 64, 1440 MHz, 691.76 W, 99 %, 1015 MiB
2026/09/27 10:02:12.111, 6, 68, 1425 MHz, 692.70 W, 99 %, 1015 MiB
2026/09/27 10:02:12.111, 7, 62, 1380 MHz, 691.03 W, 99 %, 1015 MiB
2026/09/27 10:02:14.112, 0, 72, 1410 MHz, 692.86 W, 99 %, 1015 MiB
2026/09/27 10:02:14.112, 1, 64, 1440 MHz, 690.17 W, 99 %, 1015 MiB
2026/09/27 10:02:14.112, 2, 61, 1425 MHz, 689.04 W, 99 %, 1015 MiB
2026/09/27 10:02:14.112, 3, 69, 1320 MHz, 699.74 W, 99 %, 1015 MiB
2026/09/27 10:02:14.112, 4, 70, 1410 MHz, 688.85 W, 99 %, 1015 MiB
2026/09/27 10:02:14.112, 5, 64, 1425 MHz, 689.61 W, 99 %, 1015 MiB
2026/09/27 10:02:14.112, 6, 69, 1410 MHz, 692.56 W, 99 %, 1015 MiB
2026/09/27 10:02:14.112, 7, 62, 1380 MHz, 693.22 W, 99 %, 1015 MiB
2026/09/27 10:02:16.113, 0, 73, 1395 MHz, 690.95 W, 99 %, 1015 MiB
2026/09/27 10:02:16.113, 1, 65, 1410 MHz, 693.10 W, 99 %, 1015 MiB
2026/09/27 10:02:16.113, 2, 62, 1425 MHz, 690.82 W, 99 %, 1015 MiB
2026/09/27 10:02:16.113, 3, 70, 1320 MHz, 697.54 W, 99 %, 1015 MiB
2026/09/27 10:02:16.113, 4, 71, 1410 MHz, 689.99 W, 99 %, 1015 MiB
2026/09/27 10:02:16.113, 5, 64, 1455 MHz, 689.91 W, 99 %, 1015 MiB
2026/09/27 10:02:16.113, 6, 69, 1410 MHz, 690.12 W, 99 %, 1015 MiB
2026/09/27 10:02:16.113, 7, 62, 1395 MHz, 691.82 W, 99 %, 1015 MiB
2026/09/27 10:02:18.113, 0, 73, 1395 MHz, 688.20 W, 99 %, 1015 MiB
2026/09/27 10:02:18.113, 1, 65, 1410 MHz, 690.25 W, 99 %, 1015 MiB
2026/09/27 10:02:18.113, 2, 62, 1410 MHz, 693.67 W, 99 %, 1015 MiB
2026/09/27 10:02:18.113, 3, 71, 1305 MHz, 697.83 W, 99 %, 1015 MiB
2026/09/27 10:02:18.114, 4, 72, 1410 MHz, 690.23 W, 99 %, 1015 MiB
2026/09/27 10:02:18.114, 5, 65, 1440 MHz, 688.32 W, 99 %, 1015 MiB
2026/09/27 10:02:18.114, 6, 70, 1410 MHz, 693.69 W, 99 %, 1015 MiB
2026/09/27 10:02:18.114, 7, 62, 1380 MHz, 691.57 W, 99 %, 1015 MiB
2026/09/27 10:02:20.114, 0, 74, 1395 MHz, 688.06 W, 99 %, 1015 MiB
2026/09/27 10:02:20.114, 1, 65, 1440 MHz, 692.41 W, 99 %, 1015 MiB
2026/09/27 10:02:20.114, 2, 62, 1425 MHz, 692.96 W, 99 %, 1015 MiB
2026/09/27 10:02:20.114, 3, 71, 1305 MHz, 697.81 W, 99 %, 1015 MiB
2026/09/27 10:02:20.114, 4, 72, 1410 MHz, 689.74 W, 99 %, 1015 MiB
2026/09/27 10:02:20.114, 5, 65, 1440 MHz, 688.95 W, 99 %, 1015 MiB
2026/09/27 10:02:20.114, 6, 70, 1410 MHz, 694.75 W, 99 %, 1015 MiB
2026/09/27 10:02:20.114, 7, 63, 1395 MHz, 692.81 W, 99 %, 1015 MiB
2026/09/27 10:02:22.115, 0, 74, 1395 MHz, 691.43 W, 99 %, 1015 MiB
2026/09/27 10:02:22.115, 1, 66, 1410 MHz, 692.56 W, 99 %, 1015 MiB
2026/09/27 10:02:22.115, 2, 62, 1440 MHz, 691.78 W, 99 %, 1015 MiB
2026/09/27 10:02:22.115, 3, 72, 1305 MHz, 696.76 W, 99 %, 1015 MiB
2026/09/27 10:02:22.115, 4, 73, 1410 MHz, 691.87 W, 99 %, 1015 MiB
2026/09/27 10:02:22.115, 5, 65, 1425 MHz, 689.17 W, 99 %, 1015 MiB
2026/09/27 10:02:22.115, 6, 71, 1395 MHz, 695.25 W, 99 %, 1015 MiB
2026/09/27 10:02:22.115, 7, 63, 1380 MHz, 691.16 W, 99 %, 1015 MiB
2026/09/27 10:02:24.116, 0, 66, 1965 MHz, 607.59 W, 48 %, 1015 MiB
2026/09/27 10:02:24.116, 1, 65, 1425 MHz, 691.69 W, 99 %, 1015 MiB
2026/09/27 10:02:24.116, 2, 62, 1440 MHz, 692.57 W, 99 %, 1015 MiB
2026/09/27 10:02:24.116, 3, 72, 1320 MHz, 698.60 W, 99 %, 1015 MiB
2026/09/27 10:02:24.116, 4, 73, 1410 MHz, 690.53 W, 99 %, 1015 MiB
2026/09/27 10:02:24.116, 5, 65, 1425 MHz, 689.63 W, 99 %, 1015 MiB
2026/09/27 10:02:24.116, 6, 71, 1410 MHz, 693.32 W, 99 %, 1015 MiB
2026/09/27 10:02:24.116, 7, 63, 1380 MHz, 690.50 W, 99 %, 1015 MiB
2026/09/27 10:02:26.116, 0, 58, 1980 MHz, 147.62 W, 0 %, 0 MiB
2026/09/27 10:02:26.116, 1, 49, 1980 MHz, 133.23 W, 0 %, 0 MiB
2026/09/27 10:02:26.116, 2, 46, 1980 MHz, 129.64 W, 3 %, 0 MiB
2026/09/27 10:02:26.116, 3, 56, 1980 MHz, 150.35 W, 0 %, 0 MiB
2026/09/27 10:02:26.116, 4, 58, 1980 MHz, 149.95 W, 0 %, 0 MiB
2026/09/27 10:02:26.117, 5, 49, 1980 MHz, 135.15 W, 3 %, 0 MiB
2026/09/27 10:02:26.117, 6, 56, 1980 MHz, 154.81 W, 0 %, 0 MiB
2026/09/27 10:02:26.117, 7, 47, 1980 MHz, 140.28 W, 0 %, 0 MiB
2026/09/27 10:02:28.117, 0, 55, 405 MHz, 135.32 W, 0 %, 4 MiB
2026/09/27 10:02:28.165, 1, 47, 420 MHz, 128.81 W, 0 %, 4 MiB
2026/09/27 10:02:28.165, 2, 43, 345 MHz, 75.33 W, 0 %, 4 MiB
2026/09/27 10:02:28.165, 3, 54, 390 MHz, 123.10 W, 0 %, 4 MiB
2026/09/27 10:02:28.166, 4, 55, 345 MHz, 92.23 W, 0 %, 1 MiB
2026/09/27 10:02:28.166, 5, 46, 345 MHz, 81.78 W, 0 %, 1 MiB
2026/09/27 10:02:28.166, 6, 53, 345 MHz, 99.18 W, 0 %, 1 MiB
2026/09/27 10:02:28.166, 7, 44, 345 MHz, 88.92 W, 0 %, 1 MiB
2026/09/27 10:02:30.166, 0, 55, 1980 MHz, 112.40 W, 0 %, 23 MiB
2026/09/27 10:02:30.166, 1, 45, 1980 MHz, 99.46 W, 0 %, 22 MiB
2026/09/27 10:02:30.173, 2, 43, 1980 MHz, 100.02 W, 0 %, 23 MiB
2026/09/27 10:02:30.175, 3, 54, 1980 MHz, 113.09 W, 0 %, 23 MiB
2026/09/27 10:02:30.177, 4, 55, 1980 MHz, 112.79 W, 0 %, 23 MiB
2026/09/27 10:02:30.178, 5, 46, 1980 MHz, 99.75 W, 0 %, 22 MiB
2026/09/27 10:02:30.178, 6, 53, 1980 MHz, 113.96 W, 0 %, 23 MiB
2026/09/27 10:02:30.179, 7, 44, 1980 MHz, 99.67 W, 0 %, 23 MiB
2026/09/27 10:02:32.180, 0, 54, 1980 MHz, 138.86 W, 0 %, 559 MiB
2026/09/27 10:02:32.180, 1, 44, 1980 MHz, 126.02 W, 0 %, 539 MiB
2026/09/27 10:02:32.181, 2, 42, 1980 MHz, 121.77 W, 0 %, 539 MiB
2026/09/27 10:02:32.181, 3, 53, 1980 MHz, 140.70 W, 0 %, 539 MiB
2026/09/27 10:02:32.181, 4, 54, 1980 MHz, 141.49 W, 0 %, 539 MiB
2026/09/27 10:02:32.181, 5, 44, 1980 MHz, 127.13 W, 0 %, 539 MiB
2026/09/27 10:02:32.181, 6, 53, 1980 MHz, 145.90 W, 0 %, 539 MiB
2026/09/27 10:02:32.181, 7, 43, 1980 MHz, 132.99 W, 0 %, 539 MiB
2026/09/27 10:02:34.181, 0, 53, 1980 MHz, 138.00 W, 0 %, 559 MiB
2026/09/27 10:02:34.181, 1, 44, 1980 MHz, 125.94 W, 0 %, 539 MiB
2026/09/27 10:02:34.181, 2, 41, 1980 MHz, 121.21 W, 0 %, 539 MiB
2026/09/27 10:02:34.181, 3, 52, 1980 MHz, 139.80 W, 0 %, 539 MiB
2026/09/27 10:02:34.181, 4, 53, 1980 MHz, 140.58 W, 0 %, 539 MiB
2026/09/27 10:02:34.182, 5, 44, 1980 MHz, 126.46 W, 0 %, 539 MiB
2026/09/27 10:02:34.182, 6, 52, 1980 MHz, 144.83 W, 0 %, 539 MiB
2026/09/27 10:02:34.182, 7, 42, 1980 MHz, 132.43 W, 0 %, 539 MiB
2026/09/27 10:02:36.182, 0, 52, 1980 MHz, 137.19 W, 0 %, 559 MiB
2026/09/27 10:02:36.182, 1, 43, 1980 MHz, 125.38 W, 0 %, 539 MiB
2026/09/27 10:02:36.182, 2, 40, 1980 MHz, 120.73 W, 0 %, 539 MiB
2026/09/27 10:02:36.182, 3, 51, 1980 MHz, 138.95 W, 0 %, 539 MiB
2026/09/27 10:02:36.182, 4, 52, 1980 MHz, 139.69 W, 0 %, 539 MiB
2026/09/27 10:02:36.182, 5, 43, 1980 MHz, 125.87 W, 0 %, 539 MiB
2026/09/27 10:02:36.183, 6, 51, 1980 MHz, 143.88 W, 0 %, 539 MiB
2026/09/27 10:02:36.183, 7, 41, 1980 MHz, 131.97 W, 0 %, 539 MiB
2026/09/27 10:02:38.183, 0, 52, 1980 MHz, 136.49 W, 0 %, 559 MiB
2026/09/27 10:02:38.183, 1, 42, 1980 MHz, 124.55 W, 0 %, 539 MiB
2026/09/27 10:02:38.183, 2, 40, 1980 MHz, 120.26 W, 0 %, 539 MiB
2026/09/27 10:02:38.183, 3, 51, 1980 MHz, 138.21 W, 0 %, 539 MiB
2026/09/27 10:02:38.183, 4, 52, 1980 MHz, 138.88 W, 0 %, 539 MiB
2026/09/27 10:02:38.183, 5, 42, 1980 MHz, 125.39 W, 0 %, 539 MiB
2026/09/27 10:02:38.183, 6, 50, 1980 MHz, 143.00 W, 0 %, 539 MiB
2026/09/27 10:02:38.183, 7, 41, 1980 MHz, 131.48 W, 0 %, 539 MiB
2026/09/27 10:02:40.184, 0, 51, 1980 MHz, 135.80 W, 0 %, 559 MiB
2026/09/27 10:02:40.184, 1, 41, 1980 MHz, 124.17 W, 0 %, 539 MiB
2026/09/27 10:02:40.184, 2, 39, 1980 MHz, 119.90 W, 0 %, 539 MiB
2026/09/27 10:02:40.184, 3, 50, 1980 MHz, 137.47 W, 0 %, 539 MiB
2026/09/27 10:02:40.184, 4, 51, 1980 MHz, 138.14 W, 0 %, 539 MiB
2026/09/27 10:02:40.184, 5, 41, 1980 MHz, 124.75 W, 0 %, 539 MiB
2026/09/27 10:02:40.184, 6, 50, 1980 MHz, 142.23 W, 0 %, 539 MiB
2026/09/27 10:02:40.184, 7, 40, 1980 MHz, 131.10 W, 0 %, 539 MiB
2026/09/27 10:02:42.184, 0, 50, 1980 MHz, 135.08 W, 0 %, 73539 MiB
2026/09/27 10:02:42.185, 1, 41, 1980 MHz, 123.72 W, 0 %, 73515 MiB
2026/09/27 10:02:42.185, 2, 39, 1980 MHz, 119.45 W, 0 %, 73515 MiB
2026/09/27 10:02:42.185, 3, 49, 1980 MHz, 136.71 W, 0 %, 73519 MiB
2026/09/27 10:02:42.185, 4, 50, 1980 MHz, 137.46 W, 0 %, 73515 MiB
2026/09/27 10:02:42.185, 5, 41, 1980 MHz, 123.76 W, 0 %, 73515 MiB
2026/09/27 10:02:42.185, 6, 49, 1980 MHz, 141.31 W, 0 %, 73515 MiB
2026/09/27 10:02:42.185, 7, 40, 1980 MHz, 130.65 W, 0 %, 73515 MiB
2026/09/27 10:02:44.185, 0, 50, 1980 MHz, 134.69 W, 0 %, 73539 MiB
2026/09/27 10:02:44.185, 1, 40, 1980 MHz, 123.69 W, 0 %, 73519 MiB
2026/09/27 10:02:44.185, 2, 38, 1980 MHz, 119.58 W, 8 %, 73713 MiB
2026/09/27 10:02:44.185, 3, 49, 1980 MHz, 136.55 W, 4 %, 73713 MiB
2026/09/27 10:02:44.185, 4, 50, 1980 MHz, 136.98 W, 0 %, 73519 MiB
2026/09/27 10:02:44.185, 5, 40, 1980 MHz, 123.59 W, 0 %, 73519 MiB
2026/09/27 10:02:44.185, 6, 49, 1980 MHz, 141.04 W, 0 %, 73713 MiB
2026/09/27 10:02:44.185, 7, 39, 1980 MHz, 131.07 W, 0 %, 73547 MiB
2026/09/27 10:02:46.186, 0, 49, 1980 MHz, 137.26 W, 0 %, 74459 MiB
2026/09/27 10:02:46.186, 1, 40, 1980 MHz, 126.43 W, 0 %, 74439 MiB
2026/09/27 10:02:46.186, 2, 38, 1980 MHz, 122.10 W, 0 %, 74439 MiB
2026/09/27 10:02:46.186, 3, 48, 1980 MHz, 138.71 W, 1 %, 74439 MiB
2026/09/27 10:02:46.186, 4, 49, 1980 MHz, 139.45 W, 0 %, 74439 MiB
2026/09/27 10:02:46.186, 5, 40, 1980 MHz, 126.17 W, 0 %, 74439 MiB
2026/09/27 10:02:46.186, 6, 48, 1980 MHz, 142.67 W, 0 %, 74439 MiB
2026/09/27 10:02:46.186, 7, 39, 1980 MHz, 131.63 W, 0 %, 74439 MiB
2026/09/27 10:02:48.186, 0, 48, 1980 MHz, 133.57 W, 0 %, 74459 MiB
2026/09/27 10:02:48.186, 1, 40, 1980 MHz, 123.14 W, 0 %, 74439 MiB
2026/09/27 10:02:48.186, 2, 38, 1980 MHz, 118.96 W, 0 %, 74439 MiB
2026/09/27 10:02:48.187, 3, 48, 1980 MHz, 135.30 W, 0 %, 74439 MiB
2026/09/27 10:02:48.187, 4, 49, 1980 MHz, 135.92 W, 0 %, 74439 MiB
2026/09/27 10:02:48.187, 5, 40, 1980 MHz, 123.08 W, 0 %, 74439 MiB
2026/09/27 10:02:48.187, 6, 48, 1980 MHz, 139.01 W, 0 %, 74439 MiB
2026/09/27 10:02:48.187, 7, 38, 1980 MHz, 127.99 W, 0 %, 74439 MiB
2026/09/27 10:02:50.187, 0, 48, 1980 MHz, 133.21 W, 0 %, 74459 MiB
2026/09/27 10:02:50.187, 1, 39, 1980 MHz, 123.01 W, 0 %, 74439 MiB
2026/09/27 10:02:50.187, 2, 37, 1980 MHz, 118.83 W, 0 %, 74439 MiB
2026/09/27 10:02:50.187, 3, 47, 1980 MHz, 134.90 W, 0 %, 74439 MiB
2026/09/27 10:02:50.187, 4, 48, 1980 MHz, 135.57 W, 0 %, 74439 MiB
2026/09/27 10:02:50.187, 5, 39, 1980 MHz, 122.89 W, 0 %, 74439 MiB
2026/09/27 10:02:50.187, 6, 47, 1980 MHz, 138.51 W, 0 %, 74439 MiB
2026/09/27 10:02:50.188, 7, 38, 1980 MHz, 127.86 W, 0 %, 74439 MiB
2026/09/27 10:02:52.188, 0, 48, 1980 MHz, 132.26 W, 0 %, 74459 MiB
2026/09/27 10:02:52.188, 1, 39, 1980 MHz, 122.93 W, 0 %, 74439 MiB
2026/09/27 10:02:52.188, 2, 37, 1980 MHz, 118.69 W, 0 %, 74439 MiB
2026/09/27 10:02:52.188, 3, 47, 1980 MHz, 134.49 W, 0 %, 74439 MiB
2026/09/27 10:02:52.188, 4, 48, 1980 MHz, 135.15 W, 0 %, 74439 MiB
2026/09/27 10:02:52.188, 5, 39, 1980 MHz, 122.73 W, 0 %, 74439 MiB
2026/09/27 10:02:52.188, 6, 47, 1980 MHz, 138.04 W, 0 %, 74439 MiB
2026/09/27 10:02:52.188, 7, 38, 1980 MHz, 127.67 W, 0 %, 74439 MiB
2026/09/27 10:02:54.188, 0, 47, 1980 MHz, 131.93 W, 0 %, 74459 MiB
2026/09/27 10:02:54.189, 1, 39, 1980 MHz, 122.74 W, 0 %, 74439 MiB
2026/09/27 10:02:54.189, 2, 37, 1980 MHz, 118.53 W, 0 %, 74439 MiB
2026/09/27 10:02:54.189, 3, 47, 1980 MHz, 134.13 W, 0 %, 74439 MiB
2026/09/27 10:02:54.189, 4, 48, 1980 MHz, 134.79 W, 0 %, 74439 MiB
2026/09/27 10:02:54.189, 5, 39, 1980 MHz, 122.55 W, 0 %, 74439 MiB
2026/09/27 10:02:54.189, 6, 46, 1980 MHz, 137.66 W, 0 %, 74439 MiB
2026/09/27 10:02:54.189, 7, 38, 1980 MHz, 127.50 W, 0 %, 74439 MiB
2026/09/27 10:02:56.189, 0, 47, 1980 MHz, 131.58 W, 0 %, 74459 MiB
2026/09/27 10:02:56.189, 1, 39, 1980 MHz, 122.64 W, 0 %, 74439 MiB
2026/09/27 10:02:56.190, 2, 37, 1980 MHz, 118.41 W, 0 %, 74439 MiB
2026/09/27 10:02:56.190, 3, 46, 1980 MHz, 133.83 W, 0 %, 74439 MiB
2026/09/27 10:02:56.190, 4, 47, 1980 MHz, 134.46 W, 0 %, 74439 MiB
2026/09/27 10:02:56.190, 5, 39, 1980 MHz, 122.41 W, 0 %, 74439 MiB
2026/09/27 10:02:56.190, 6, 46, 1980 MHz, 137.33 W, 0 %, 74439 MiB
2026/09/27 10:02:56.190, 7, 37, 1980 MHz, 127.40 W, 0 %, 74439 MiB
2026/09/27 10:02:58.190, 0, 47, 1980 MHz, 131.72 W, 0 %, 1485 MiB
2026/09/27 10:02:58.190, 1, 38, 1980 MHz, 122.99 W, 0 %, 1465 MiB
2026/09/27 10:02:58.190, 2, 37, 1980 MHz, 118.73 W, 1 %, 1465 MiB
2026/09/27 10:02:58.190, 3, 46, 1980 MHz, 136.93 W, 0 %, 1465 MiB
2026/09/27 10:02:58.205, 4, 47, 1980 MHz, 139.07 W, 1 %, 1465 MiB
2026/09/27 10:02:58.221, 5, 39, 1980 MHz, 128.28 W, 0 %, 1465 MiB
2026/09/27 10:02:58.221, 6, 46, 1980 MHz, 142.72 W, 0 %, 1467 MiB
2026/09/27 10:02:58.221, 7, 37, 1980 MHz, 133.28 W, 0 %, 1465 MiB
2026/09/27 10:03:00.221, 0, 46, 1980 MHz, 135.79 W, 0 %, 1 MiB
2026/09/27 10:03:00.254, 1, 38, 1980 MHz, 126.86 W, 0 %, 1 MiB
2026/09/27 10:03:00.254, 2, 36, 450 MHz, 119.33 W, 0 %, 1 MiB
2026/09/27 10:03:00.254, 3, 46, 1980 MHz, 137.66 W, 0 %, 1 MiB
2026/09/27 10:03:00.254, 4, 47, 1980 MHz, 138.32 W, 0 %, 1 MiB
2026/09/27 10:03:00.254, 5, 38, 1980 MHz, 126.47 W, 0 %, 1 MiB
2026/09/27 10:03:00.254, 6, 46, 1980 MHz, 141.13 W, 0 %, 1 MiB
2026/09/27 10:03:00.254, 7, 37, 1980 MHz, 131.79 W, 0 %, 1 MiB
2026/09/27 10:03:02.255, 0, 44, 345 MHz, 75.59 W, 0 %, 4 MiB
2026/09/27 10:03:02.255, 1, 37, 345 MHz, 71.03 W, 0 %, 4 MiB
2026/09/27 10:03:02.255, 2, 35, 345 MHz, 70.70 W, 0 %, 4 MiB
2026/09/27 10:03:02.255, 3, 44, 345 MHz, 80.72 W, 0 %, 4 MiB
2026/09/27 10:03:02.255, 4, 45, 345 MHz, 77.82 W, 0 %, 4 MiB
2026/09/27 10:03:02.255, 5, 37, 345 MHz, 72.90 W, 0 %, 4 MiB
2026/09/27 10:03:02.255, 6, 44, 345 MHz, 79.43 W, 0 %, 4 MiB
2026/09/27 10:03:02.255, 7, 35, 345 MHz, 74.17 W, 0 %, 4 MiB
2026/09/27 10:03:04.255, 0, 45, 1980 MHz, 131.42 W, 0 %, 559 MiB
2026/09/27 10:03:04.255, 1, 38, 1980 MHz, 121.90 W, 0 %, 539 MiB
2026/09/27 10:03:04.256, 2, 36, 1980 MHz, 118.30 W, 0 %, 539 MiB
2026/09/27 10:03:04.256, 3, 45, 1980 MHz, 132.93 W, 0 %, 539 MiB
2026/09/27 10:03:04.256, 4, 46, 1980 MHz, 133.13 W, 0 %, 539 MiB
2026/09/27 10:03:04.256, 5, 38, 1980 MHz, 122.57 W, 0 %, 539 MiB
2026/09/27 10:03:04.256, 6, 45, 1980 MHz, 135.90 W, 0 %, 539 MiB
2026/09/27 10:03:04.256, 7, 37, 1980 MHz, 128.12 W, 0 %, 539 MiB
2026/09/27 10:03:06.256, 0, 45, 1980 MHz, 130.20 W, 0 %, 559 MiB
2026/09/27 10:03:06.256, 1, 38, 1980 MHz, 121.42 W, 0 %, 539 MiB
2026/09/27 10:03:06.256, 2, 36, 1980 MHz, 117.79 W, 0 %, 539 MiB
2026/09/27 10:03:06.257, 3, 45, 1980 MHz, 132.35 W, 0 %, 539 MiB
2026/09/27 10:03:06.257, 4, 46, 1980 MHz, 132.15 W, 0 %, 539 MiB
2026/09/27 10:03:06.257, 5, 38, 1980 MHz, 121.76 W, 0 %, 539 MiB
2026/09/27 10:03:06.257, 6, 44, 1980 MHz, 135.54 W, 0 %, 539 MiB
2026/09/27 10:03:06.257, 7, 36, 1980 MHz, 127.36 W, 0 %, 539 MiB
2026/09/27 10:03:08.257, 0, 45, 1980 MHz, 129.97 W, 0 %, 559 MiB
2026/09/27 10:03:08.257, 1, 37, 1980 MHz, 121.37 W, 0 %, 539 MiB
2026/09/27 10:03:08.257, 2, 36, 1980 MHz, 117.77 W, 0 %, 539 MiB
2026/09/27 10:03:08.257, 3, 45, 1980 MHz, 132.18 W, 0 %, 539 MiB
2026/09/27 10:03:08.258, 4, 45, 1980 MHz, 131.96 W, 0 %, 539 MiB
2026/09/27 10:03:08.258, 5, 38, 1980 MHz, 121.72 W, 0 %, 539 MiB
2026/09/27 10:03:08.258, 6, 44, 1980 MHz, 135.37 W, 0 %, 539 MiB
2026/09/27 10:03:08.258, 7, 36, 1980 MHz, 127.27 W, 0 %, 539 MiB
2026/09/27 10:03:10.258, 0, 45, 1980 MHz, 129.77 W, 0 %, 559 MiB
2026/09/27 10:03:10.258, 1, 37, 1980 MHz, 121.30 W, 0 %, 539 MiB
2026/09/27 10:03:10.258, 2, 36, 1980 MHz, 117.68 W, 0 %, 539 MiB
2026/09/27 10:03:10.258, 3, 44, 1980 MHz, 131.90 W, 0 %, 539 MiB
2026/09/27 10:03:10.258, 4, 45, 1980 MHz, 131.76 W, 0 %, 539 MiB
2026/09/27 10:03:10.258, 5, 37, 1980 MHz, 121.60 W, 0 %, 539 MiB
2026/09/27 10:03:10.258, 6, 44, 1980 MHz, 135.13 W, 0 %, 539 MiB
2026/09/27 10:03:10.259, 7, 36, 1980 MHz, 127.23 W, 0 %, 539 MiB
2026/09/27 10:03:12.259, 0, 44, 1980 MHz, 129.59 W, 0 %, 559 MiB
2026/09/27 10:03:12.259, 1, 37, 1980 MHz, 121.25 W, 0 %, 539 MiB
2026/09/27 10:03:12.259, 2, 35, 1980 MHz, 117.61 W, 0 %, 539 MiB
2026/09/27 10:03:12.259, 3, 44, 1980 MHz, 131.71 W, 0 %, 539 MiB
2026/09/27 10:03:12.259, 4, 45, 1980 MHz, 131.55 W, 0 %, 539 MiB
2026/09/27 10:03:12.259, 5, 37, 1980 MHz, 121.56 W, 0 %, 539 MiB
2026/09/27 10:03:12.259, 6, 44, 1980 MHz, 134.81 W, 0 %, 539 MiB
2026/09/27 10:03:12.259, 7, 36, 1980 MHz, 127.15 W, 0 %, 539 MiB
2026/09/27 10:03:14.259, 0, 44, 1980 MHz, 129.32 W, 0 %, 73535 MiB
2026/09/27 10:03:14.260, 1, 37, 1980 MHz, 121.09 W, 0 %, 73515 MiB
2026/09/27 10:03:14.260, 2, 35, 1980 MHz, 117.51 W, 0 %, 73515 MiB
2026/09/27 10:03:14.260, 3, 44, 1980 MHz, 131.44 W, 0 %, 73515 MiB
2026/09/27 10:03:14.260, 4, 45, 1980 MHz, 131.21 W, 0 %, 73515 MiB
2026/09/27 10:03:14.260, 5, 37, 1980 MHz, 121.49 W, 0 %, 73515 MiB
2026/09/27 10:03:14.260, 6, 43, 1980 MHz, 134.47 W, 0 %, 73515 MiB
2026/09/27 10:03:14.260, 7, 36, 1980 MHz, 127.66 W, 0 %, 73515 MiB
2026/09/27 10:03:16.260, 0, 44, 1980 MHz, 130.55 W, 0 %, 73539 MiB
2026/09/27 10:03:16.260, 1, 37, 1980 MHz, 122.83 W, 0 %, 73519 MiB
2026/09/27 10:03:16.261, 2, 35, 1980 MHz, 118.59 W, 0 %, 73519 MiB
2026/09/27 10:03:16.261, 3, 44, 1980 MHz, 132.71 W, 0 %, 73519 MiB
2026/09/27 10:03:16.261, 4, 44, 1980 MHz, 132.49 W, 0 %, 73519 MiB
2026/09/27 10:03:16.261, 5, 37, 1980 MHz, 123.54 W, 0 %, 73519 MiB
2026/09/27 10:03:16.261, 6, 43, 1980 MHz, 135.30 W, 0 %, 73519 MiB
2026/09/27 10:03:16.261, 7, 36, 1980 MHz, 129.42 W, 0 %, 73519 MiB
2026/09/27 10:03:18.261, 0, 44, 1980 MHz, 129.23 W, 0 %, 73979 MiB
2026/09/27 10:03:18.263, 1, 37, 1980 MHz, 121.12 W, 0 %, 73957 MiB
2026/09/27 10:03:18.272, 2, 35, 1980 MHz, 117.57 W, 0 %, 73959 MiB
2026/09/27 10:03:18.272, 3, 43, 1980 MHz, 131.37 W, 0 %, 73959 MiB
2026/09/27 10:03:18.272, 4, 44, 1980 MHz, 131.17 W, 0 %, 73957 MiB
2026/09/27 10:03:18.273, 5, 37, 1980 MHz, 121.96 W, 0 %, 73959 MiB
2026/09/27 10:03:18.273, 6, 43, 1980 MHz, 134.34 W, 0 %, 73959 MiB
2026/09/27 10:03:18.281, 7, 36, 1980 MHz, 127.06 W, 0 %, 73959 MiB
2026/09/27 10:03:20.282, 0, 43, 1980 MHz, 128.95 W, 0 %, 74459 MiB
2026/09/27 10:03:20.282, 1, 37, 1980 MHz, 121.03 W, 0 %, 74439 MiB
2026/09/27 10:03:20.282, 2, 35, 1980 MHz, 117.42 W, 0 %, 74439 MiB
2026/09/27 10:03:20.282, 3, 43, 1980 MHz, 131.01 W, 0 %, 74439 MiB
2026/09/27 10:03:20.282, 4, 44, 1980 MHz, 130.84 W, 0 %, 74439 MiB
2026/09/27 10:03:20.282, 5, 37, 1980 MHz, 121.74 W, 0 %, 74439 MiB
2026/09/27 10:03:20.282, 6, 43, 1980 MHz, 134.08 W, 0 %, 74439 MiB
2026/09/27 10:03:20.282, 7, 36, 1980 MHz, 126.94 W, 0 %, 74439 MiB
2026/09/27 10:03:22.282, 0, 43, 1980 MHz, 128.85 W, 0 %, 74459 MiB
2026/09/27 10:03:22.282, 1, 37, 1980 MHz, 121.03 W, 0 %, 74439 MiB
2026/09/27 10:03:22.282, 2, 35, 1980 MHz, 117.47 W, 0 %, 74439 MiB
2026/09/27 10:03:22.282, 3, 43, 1980 MHz, 130.88 W, 0 %, 74439 MiB
2026/09/27 10:03:22.282, 4, 44, 1980 MHz, 130.69 W, 0 %, 74439 MiB
2026/09/27 10:03:22.282, 5, 37, 1980 MHz, 121.77 W, 0 %, 74439 MiB
2026/09/27 10:03:22.282, 6, 43, 1980 MHz, 133.94 W, 0 %, 74439 MiB
2026/09/27 10:03:22.282, 7, 36, 1980 MHz, 126.99 W, 0 %, 74439 MiB
2026/09/27 10:03:24.283, 0, 43, 1980 MHz, 128.67 W, 0 %, 74459 MiB
2026/09/27 10:03:24.283, 1, 37, 1980 MHz, 120.98 W, 0 %, 74439 MiB
2026/09/27 10:03:24.283, 2, 35, 1980 MHz, 117.40 W, 0 %, 74439 MiB
2026/09/27 10:03:24.283, 3, 43, 1980 MHz, 130.78 W, 0 %, 74439 MiB
2026/09/27 10:03:24.283, 4, 44, 1980 MHz, 130.53 W, 0 %, 74439 MiB
2026/09/27 10:03:24.283, 5, 37, 1980 MHz, 121.73 W, 0 %, 74439 MiB
2026/09/27 10:03:24.283, 6, 42, 1980 MHz, 133.70 W, 0 %, 74439 MiB
2026/09/27 10:03:24.283, 7, 36, 1980 MHz, 126.99 W, 0 %, 74439 MiB
2026/09/27 10:03:26.283, 0, 43, 1980 MHz, 128.55 W, 0 %, 74459 MiB
2026/09/27 10:03:26.284, 1, 36, 1980 MHz, 120.96 W, 0 %, 74439 MiB
2026/09/27 10:03:26.284, 2, 35, 1980 MHz, 117.35 W, 0 %, 74439 MiB
2026/09/27 10:03:26.284, 3, 43, 1980 MHz, 130.61 W, 0 %, 74439 MiB
2026/09/27 10:03:26.284, 4, 43, 1980 MHz, 130.40 W, 0 %, 74439 MiB
2026/09/27 10:03:26.284, 5, 37, 1980 MHz, 121.67 W, 0 %, 74439 MiB
2026/09/27 10:03:26.284, 6, 42, 1980 MHz, 133.54 W, 0 %, 74439 MiB
2026/09/27 10:03:26.284, 7, 35, 1980 MHz, 126.89 W, 0 %, 74439 MiB
2026/09/27 10:03:28.284, 0, 43, 1980 MHz, 128.43 W, 0 %, 74459 MiB
2026/09/27 10:03:28.284, 1, 36, 1980 MHz, 120.93 W, 0 %, 74439 MiB
2026/09/27 10:03:28.284, 2, 35, 1980 MHz, 117.33 W, 0 %, 74439 MiB
2026/09/27 10:03:28.285, 3, 42, 1980 MHz, 130.48 W, 0 %, 74439 MiB
2026/09/27 10:03:28.285, 4, 43, 1980 MHz, 130.23 W, 0 %, 74439 MiB
2026/09/27 10:03:28.285, 5, 37, 1980 MHz, 121.60 W, 0 %, 74439 MiB
2026/09/27 10:03:28.285, 6, 42, 1980 MHz, 133.36 W, 0 %, 74439 MiB
2026/09/27 10:03:28.285, 7, 35, 1980 MHz, 126.85 W, 0 %, 74439 MiB
2026/09/27 10:03:30.285, 0, 43, 1980 MHz, 131.04 W, 0 %, 1487 MiB
2026/09/27 10:03:30.285, 1, 36, 1980 MHz, 126.30 W, 0 %, 1467 MiB
2026/09/27 10:03:30.285, 2, 35, 1980 MHz, 122.79 W, 0 %, 1467 MiB
2026/09/27 10:03:30.285, 3, 42, 1980 MHz, 135.80 W, 0 %, 1467 MiB
2026/09/27 10:03:30.286, 4, 43, 1980 MHz, 135.59 W, 0 %, 1465 MiB
2026/09/27 10:03:30.286, 5, 37, 1980 MHz, 127.17 W, 5 %, 1467 MiB
2026/09/27 10:03:30.286, 6, 42, 1980 MHz, 138.79 W, 100 %, 1465 MiB
2026/09/27 10:03:30.286, 7, 35, 1980 MHz, 128.86 W, 42 %, 1467 MiB
2026/09/27 10:03:32.286, 0, 43, 1980 MHz, 132.91 W, 0 %, 0 MiB
2026/09/27 10:03:32.286, 1, 36, 1980 MHz, 125.19 W, 0 %, 0 MiB
2026/09/27 10:03:32.286, 2, 35, 1980 MHz, 121.61 W, 0 %, 0 MiB
2026/09/27 10:03:32.286, 3, 42, 1980 MHz, 134.70 W, 0 %, 0 MiB
2026/09/27 10:03:32.286, 4, 43, 1980 MHz, 134.46 W, 0 %, 0 MiB
2026/09/27 10:03:32.286, 5, 37, 1980 MHz, 125.83 W, 0 %, 0 MiB
2026/09/27 10:03:32.287, 6, 42, 1980 MHz, 137.73 W, 0 %, 0 MiB
2026/09/27 10:03:32.287, 7, 35, 1980 MHz, 131.45 W, 0 %, 0 MiB
2026/09/27 10:03:34.287, 0, 41, 345 MHz, 74.30 W, 0 %, 0 MiB
2026/09/27 10:03:34.287, 1, 35, 345 MHz, 70.74 W, 0 %, 0 MiB
2026/09/27 10:03:34.287, 2, 33, 345 MHz, 70.69 W, 0 %, 0 MiB
2026/09/27 10:03:34.287, 3, 41, 345 MHz, 79.18 W, 0 %, 0 MiB
2026/09/27 10:03:34.287, 4, 41, 345 MHz, 76.49 W, 0 %, 0 MiB
2026/09/27 10:03:34.287, 5, 35, 345 MHz, 74.36 W, 0 %, 0 MiB
2026/09/27 10:03:34.287, 6, 40, 345 MHz, 82.49 W, 0 %, 0 MiB
2026/09/27 10:03:34.288, 7, 34, 345 MHz, 83.54 W, 0 %, 0 MiB
2026/09/27 10:03:36.288, 0, 40, 345 MHz, 74.08 W, 0 %, 0 MiB
2026/09/27 10:03:36.288, 1, 35, 345 MHz, 70.58 W, 0 %, 0 MiB
2026/09/27 10:03:36.288, 2, 33, 345 MHz, 70.43 W, 0 %, 0 MiB
2026/09/27 10:03:36.288, 3, 40, 345 MHz, 78.96 W, 0 %, 0 MiB
2026/09/27 10:03:36.288, 4, 41, 345 MHz, 76.12 W, 0 %, 0 MiB
2026/09/27 10:03:36.288, 5, 35, 345 MHz, 72.44 W, 0 %, 0 MiB
2026/09/27 10:03:36.288, 6, 40, 345 MHz, 77.32 W, 0 %, 0 MiB
2026/09/27 10:03:36.289, 7, 34, 345 MHz, 73.84 W, 0 %, 0 MiB
2026/09/27 10:03:38.289, 0, 40, 345 MHz, 73.98 W, 0 %, 0 MiB
2026/09/27 10:03:38.289, 1, 34, 345 MHz, 70.53 W, 0 %, 0 MiB
2026/09/27 10:03:38.289, 2, 33, 345 MHz, 70.35 W, 0 %, 0 MiB
2026/09/27 10:03:38.289, 3, 40, 345 MHz, 78.82 W, 0 %, 0 MiB
2026/09/27 10:03:38.289, 4, 41, 345 MHz, 75.98 W, 0 %, 0 MiB
2026/09/27 10:03:38.289, 5, 35, 345 MHz, 72.31 W, 0 %, 0 MiB
2026/09/27 10:03:38.289, 6, 40, 345 MHz, 77.09 W, 0 %, 0 MiB
2026/09/27 10:03:38.290, 7, 33, 345 MHz, 73.81 W, 0 %, 0 MiB
2026/09/27 10:03:40.290, 0, 40, 345 MHz, 73.95 W, 0 %, 0 MiB
2026/09/27 10:03:40.290, 1, 34, 345 MHz, 70.48 W, 0 %, 0 MiB
2026/09/27 10:03:40.290, 2, 33, 345 MHz, 70.32 W, 0 %, 0 MiB
2026/09/27 10:03:40.290, 3, 40, 345 MHz, 78.70 W, 0 %, 0 MiB
2026/09/27 10:03:40.290, 4, 41, 345 MHz, 75.99 W, 0 %, 0 MiB
2026/09/27 10:03:40.290, 5, 35, 345 MHz, 72.27 W, 0 %, 0 MiB
2026/09/27 10:03:40.291, 6, 39, 345 MHz, 76.84 W, 0 %, 0 MiB
2026/09/27 10:03:40.291, 7, 33, 345 MHz, 73.69 W, 0 %, 0 MiB
2026/09/27 10:03:42.291, 0, 40, 345 MHz, 73.85 W, 0 %, 0 MiB
2026/09/27 10:03:42.291, 1, 34, 345 MHz, 70.42 W, 0 %, 0 MiB
2026/09/27 10:03:42.291, 2, 33, 345 MHz, 70.30 W, 0 %, 0 MiB
2026/09/27 10:03:42.291, 3, 40, 345 MHz, 78.61 W, 0 %, 0 MiB
2026/09/27 10:03:42.291, 4, 40, 345 MHz, 75.91 W, 0 %, 0 MiB
2026/09/27 10:03:42.291, 5, 34, 345 MHz, 72.27 W, 0 %, 0 MiB
2026/09/27 10:03:42.291, 6, 39, 345 MHz, 76.71 W, 0 %, 0 MiB
2026/09/27 10:03:42.292, 7, 33, 345 MHz, 73.65 W, 0 %, 0 MiB
2026/09/27 10:03:44.292, 0, 39, 345 MHz, 73.76 W, 0 %, 0 MiB
2026/09/27 10:03:44.292, 1, 34, 345 MHz, 70.38 W, 0 %, 0 MiB
2026/09/27 10:03:44.292, 2, 33, 345 MHz, 70.29 W, 0 %, 0 MiB
2026/09/27 10:03:44.292, 3, 39, 345 MHz, 78.52 W, 0 %, 0 MiB
2026/09/27 10:03:44.292, 4, 40, 345 MHz, 75.93 W, 0 %, 0 MiB
2026/09/27 10:03:44.292, 5, 34, 345 MHz, 72.18 W, 0 %, 0 MiB
2026/09/27 10:03:44.292, 6, 39, 345 MHz, 76.60 W, 0 %, 0 MiB
2026/09/27 10:03:44.292, 7, 33, 345 MHz, 73.60 W, 0 %, 0 MiB
2026/09/27 10:03:46.293, 0, 39, 345 MHz, 73.65 W, 0 %, 0 MiB
2026/09/27 10:03:46.293, 1, 34, 345 MHz, 70.37 W, 0 %, 0 MiB
2026/09/27 10:03:46.293, 2, 32, 345 MHz, 70.18 W, 0 %, 0 MiB
2026/09/27 10:03:46.293, 3, 39, 345 MHz, 78.42 W, 0 %, 0 MiB
2026/09/27 10:03:46.293, 4, 40, 345 MHz, 75.82 W, 0 %, 0 MiB
2026/09/27 10:03:46.293, 5, 34, 345 MHz, 72.14 W, 0 %, 0 MiB
2026/09/27 10:03:46.293, 6, 39, 345 MHz, 76.52 W, 0 %, 0 MiB
2026/09/27 10:03:46.293, 7, 33, 345 MHz, 73.58 W, 0 %, 0 MiB
2026/09/27 10:03:48.293, 0, 39, 345 MHz, 73.72 W, 0 %, 0 MiB
2026/09/27 10:03:48.293, 1, 34, 345 MHz, 70.33 W, 0 %, 0 MiB
2026/09/27 10:03:48.294, 2, 32, 345 MHz, 70.19 W, 0 %, 0 MiB
2026/09/27 10:03:48.294, 3, 39, 345 MHz, 78.33 W, 0 %, 0 MiB
2026/09/27 10:03:48.294, 4, 40, 345 MHz, 75.69 W, 0 %, 0 MiB
2026/09/27 10:03:48.294, 5, 34, 345 MHz, 72.11 W, 0 %, 0 MiB
2026/09/27 10:03:48.294, 6, 38, 345 MHz, 76.44 W, 0 %, 0 MiB
2026/09/27 10:03:48.294, 7, 33, 345 MHz, 73.51 W, 0 %, 0 MiB
2026/09/27 10:03:50.294, 0, 39, 345 MHz, 73.48 W, 0 %, 0 MiB
2026/09/27 10:03:50.294, 1, 34, 345 MHz, 70.29 W, 0 %, 0 MiB
2026/09/27 10:03:50.294, 2, 32, 345 MHz, 70.12 W, 0 %, 0 MiB
2026/09/27 10:03:50.294, 3, 39, 345 MHz, 78.24 W, 0 %, 0 MiB
2026/09/27 10:03:50.295, 4, 40, 345 MHz, 75.62 W, 0 %, 0 MiB
2026/09/27 10:03:50.295, 5, 34, 345 MHz, 72.05 W, 0 %, 0 MiB
2026/09/27 10:03:50.295, 6, 38, 345 MHz, 76.92 W, 0 %, 0 MiB
2026/09/27 10:03:50.295, 7, 33, 345 MHz, 73.53 W, 0 %, 0 MiB
2026/09/27 10:03:52.295, 0, 39, 345 MHz, 73.77 W, 0 %, 0 MiB
2026/09/27 10:03:52.295, 1, 33, 345 MHz, 70.29 W, 0 %, 0 MiB
2026/09/27 10:03:52.295, 2, 32, 345 MHz, 70.08 W, 0 %, 0 MiB
2026/09/27 10:03:52.295, 3, 39, 345 MHz, 78.17 W, 0 %, 0 MiB
2026/09/27 10:03:52.295, 4, 39, 345 MHz, 75.59 W, 0 %, 0 MiB
2026/09/27 10:03:52.296, 5, 34, 345 MHz, 72.05 W, 0 %, 0 MiB
2026/09/27 10:03:52.296, 6, 38, 345 MHz, 76.92 W, 0 %, 0 MiB
2026/09/27 10:03:52.296, 7, 33, 345 MHz, 73.49 W, 0 %, 0 MiB
2026/09/27 10:03:54.296, 0, 38, 345 MHz, 73.69 W, 0 %, 0 MiB
2026/09/27 10:03:54.296, 1, 33, 345 MHz, 70.27 W, 0 %, 0 MiB
2026/09/27 10:03:54.296, 2, 32, 345 MHz, 70.08 W, 0 %, 0 MiB
2026/09/27 10:03:54.296, 3, 38, 345 MHz, 78.08 W, 0 %, 0 MiB
2026/09/27 10:03:54.296, 4, 39, 345 MHz, 75.48 W, 0 %, 0 MiB
2026/09/27 10:03:54.296, 5, 34, 345 MHz, 71.97 W, 0 %, 0 MiB
2026/09/27 10:03:54.296, 6, 38, 345 MHz, 76.92 W, 0 %, 0 MiB
2026/09/27 10:03:54.297, 7, 32, 345 MHz, 73.44 W, 0 %, 0 MiB
2026/09/27 10:03:56.297, 0, 38, 345 MHz, 73.58 W, 0 %, 0 MiB
2026/09/27 10:03:56.297, 1, 33, 345 MHz, 70.24 W, 0 %, 0 MiB
2026/09/27 10:03:56.297, 2, 32, 345 MHz, 70.05 W, 0 %, 0 MiB
2026/09/27 10:03:56.297, 3, 38, 345 MHz, 78.00 W, 0 %, 0 MiB
2026/09/27 10:03:56.297, 4, 39, 345 MHz, 75.37 W, 0 %, 0 MiB
2026/09/27 10:03:56.297, 5, 34, 345 MHz, 71.97 W, 0 %, 0 MiB
2026/09/27 10:03:56.297, 6, 38, 345 MHz, 76.80 W, 0 %, 0 MiB
2026/09/27 10:03:56.297, 7, 32, 345 MHz, 73.43 W, 0 %, 0 MiB
2026/09/27 10:03:58.297, 0, 38, 345 MHz, 73.57 W, 0 %, 0 MiB
2026/09/27 10:03:58.298, 1, 33, 345 MHz, 70.21 W, 0 %, 0 MiB
2026/09/27 10:03:58.298, 2, 32, 345 MHz, 70.03 W, 0 %, 0 MiB
2026/09/27 10:03:58.298, 3, 38, 345 MHz, 77.96 W, 0 %, 0 MiB
2026/09/27 10:03:58.298, 4, 39, 345 MHz, 75.30 W, 0 %, 0 MiB
2026/09/27 10:03:58.298, 5, 34, 345 MHz, 71.92 W, 0 %, 0 MiB
2026/09/27 10:03:58.298, 6, 38, 345 MHz, 76.77 W, 0 %, 0 MiB
2026/09/27 10:03:58.298, 7, 32, 345 MHz, 73.42 W, 0 %, 0 MiB
2026/09/27 10:04:00.298, 0, 38, 345 MHz, 73.58 W, 0 %, 0 MiB
2026/09/27 10:04:00.298, 1, 33, 345 MHz, 70.19 W, 0 %, 0 MiB
2026/09/27 10:04:00.298, 2, 32, 345 MHz, 70.02 W, 0 %, 0 MiB
2026/09/27 10:04:00.298, 3, 38, 345 MHz, 77.89 W, 0 %, 0 MiB
2026/09/27 10:04:00.298, 4, 39, 345 MHz, 75.24 W, 0 %, 0 MiB
2026/09/27 10:04:00.299, 5, 33, 345 MHz, 71.94 W, 0 %, 0 MiB
2026/09/27 10:04:00.299, 6, 37, 345 MHz, 76.63 W, 0 %, 0 MiB
2026/09/27 10:04:00.299, 7, 32, 345 MHz, 73.37 W, 0 %, 0 MiB
2026/09/27 10:04:02.299, 0, 38, 345 MHz, 73.49 W, 0 %, 0 MiB
2026/09/27 10:04:02.299, 1, 33, 345 MHz, 70.15 W, 0 %, 0 MiB
2026/09/27 10:04:02.299, 2, 32, 345 MHz, 69.99 W, 0 %, 0 MiB
2026/09/27 10:04:02.299, 3, 38, 345 MHz, 77.83 W, 0 %, 0 MiB
2026/09/27 10:04:02.299, 4, 39, 345 MHz, 75.11 W, 0 %, 0 MiB
2026/09/27 10:04:02.299, 5, 33, 345 MHz, 71.86 W, 0 %, 0 MiB
2026/09/27 10:04:02.299, 6, 37, 345 MHz, 76.59 W, 0 %, 0 MiB
2026/09/27 10:04:02.300, 7, 32, 345 MHz, 73.34 W, 0 %, 0 MiB
2026/09/27 10:04:04.300, 0, 38, 345 MHz, 73.46 W, 0 %, 0 MiB
2026/09/27 10:04:04.300, 1, 33, 345 MHz, 70.16 W, 0 %, 0 MiB
2026/09/27 10:04:04.300, 2, 32, 345 MHz, 69.98 W, 0 %, 0 MiB
2026/09/27 10:04:04.300, 3, 38, 345 MHz, 77.77 W, 0 %, 0 MiB
2026/09/27 10:04:04.300, 4, 38, 345 MHz, 75.07 W, 0 %, 0 MiB
2026/09/27 10:04:04.300, 5, 33, 345 MHz, 71.83 W, 0 %, 0 MiB
2026/09/27 10:04:04.300, 6, 37, 345 MHz, 76.52 W, 0 %, 0 MiB
2026/09/27 10:04:04.300, 7, 32, 345 MHz, 73.33 W, 0 %, 0 MiB
2026/09/27 10:04:06.300, 0, 37, 345 MHz, 73.41 W, 0 %, 0 MiB
2026/09/27 10:04:06.301, 1, 33, 345 MHz, 70.14 W, 0 %, 0 MiB
2026/09/27 10:04:06.301, 2, 32, 345 MHz, 69.96 W, 0 %, 0 MiB
2026/09/27 10:04:06.301, 3, 37, 345 MHz, 78.14 W, 0 %, 0 MiB
2026/09/27 10:04:06.301, 4, 38, 345 MHz, 75.08 W, 0 %, 0 MiB
2026/09/27 10:04:06.301, 5, 33, 345 MHz, 71.84 W, 0 %, 0 MiB
2026/09/27 10:04:06.301, 6, 37, 345 MHz, 76.49 W, 0 %, 0 MiB
2026/09/27 10:04:06.301, 7, 32, 345 MHz, 73.30 W, 0 %, 0 MiB
2026/09/27 10:04:08.301, 0, 37, 345 MHz, 73.39 W, 0 %, 0 MiB
2026/09/27 10:04:08.302, 1, 33, 345 MHz, 70.08 W, 0 %, 0 MiB
2026/09/27 10:04:08.302, 2, 32, 345 MHz, 69.95 W, 0 %, 0 MiB
2026/09/27 10:04:08.302, 3, 37, 345 MHz, 78.13 W, 0 %, 0 MiB
2026/09/27 10:04:08.302, 4, 38, 345 MHz, 74.99 W, 0 %, 0 MiB
2026/09/27 10:04:08.302, 5, 33, 345 MHz, 71.78 W, 0 %, 0 MiB
2026/09/27 10:04:08.302, 6, 37, 345 MHz, 76.39 W, 0 %, 0 MiB
2026/09/27 10:04:08.302, 7, 32, 345 MHz, 73.32 W, 0 %, 0 MiB
2026/09/27 10:04:10.302, 0, 37, 345 MHz, 73.30 W, 0 %, 0 MiB
2026/09/27 10:04:10.302, 1, 33, 345 MHz, 70.07 W, 0 %, 0 MiB
2026/09/27 10:04:10.302, 2, 32, 345 MHz, 69.89 W, 0 %, 0 MiB
2026/09/27 10:04:10.302, 3, 37, 345 MHz, 78.07 W, 0 %, 0 MiB
2026/09/27 10:04:10.303, 4, 38, 345 MHz, 74.87 W, 0 %, 0 MiB
2026/09/27 10:04:10.303, 5, 33, 345 MHz, 71.79 W, 0 %, 0 MiB
2026/09/27 10:04:10.303, 6, 37, 345 MHz, 76.37 W, 0 %, 0 MiB
2026/09/27 10:04:10.303, 7, 32, 345 MHz, 73.28 W, 0 %, 0 MiB
2026/09/27 10:04:12.303, 0, 37, 345 MHz, 73.29 W, 0 %, 0 MiB
2026/09/27 10:04:12.303, 1, 33, 345 MHz, 70.05 W, 0 %, 0 MiB
2026/09/27 10:04:12.303, 2, 32, 345 MHz, 69.89 W, 0 %, 0 MiB
2026/09/27 10:04:12.303, 3, 37, 345 MHz, 77.98 W, 0 %, 0 MiB
2026/09/27 10:04:12.303, 4, 38, 345 MHz, 74.91 W, 0 %, 0 MiB
2026/09/27 10:04:12.303, 5, 33, 345 MHz, 71.78 W, 0 %, 0 MiB
2026/09/27 10:04:12.303, 6, 37, 345 MHz, 76.30 W, 0 %, 0 MiB
2026/09/27 10:04:12.304, 7, 32, 345 MHz, 73.27 W, 0 %, 0 MiB
2026/09/27 10:04:14.304, 0, 37, 345 MHz, 73.25 W, 0 %, 0 MiB
2026/09/27 10:04:14.304, 1, 33, 345 MHz, 70.05 W, 0 %, 0 MiB
2026/09/27 10:04:14.304, 2, 31, 345 MHz, 69.90 W, 0 %, 0 MiB
2026/09/27 10:04:14.304, 3, 37, 345 MHz, 77.98 W, 0 %, 0 MiB
2026/09/27 10:04:14.304, 4, 38, 345 MHz, 74.87 W, 0 %, 0 MiB
2026/09/27 10:04:14.305, 5, 33, 345 MHz, 71.72 W, 0 %, 0 MiB
2026/09/27 10:04:14.305, 6, 36, 345 MHz, 76.26 W, 0 %, 0 MiB
2026/09/27 10:04:14.305, 7, 32, 345 MHz, 73.25 W, 0 %, 0 MiB
2026/09/27 10:04:16.305, 0, 37, 345 MHz, 73.18 W, 0 %, 0 MiB
2026/09/27 10:04:16.305, 1, 33, 345 MHz, 70.02 W, 0 %, 0 MiB
2026/09/27 10:04:16.306, 2, 31, 345 MHz, 69.90 W, 0 %, 0 MiB
2026/09/27 10:04:16.306, 3, 37, 345 MHz, 77.89 W, 0 %, 0 MiB
2026/09/27 10:04:16.306, 4, 38, 345 MHz, 74.76 W, 0 %, 0 MiB
2026/09/27 10:04:16.306, 5, 33, 345 MHz, 71.72 W, 0 %, 0 MiB
2026/09/27 10:04:16.306, 6, 36, 345 MHz, 76.17 W, 0 %, 0 MiB
2026/09/27 10:04:16.306, 7, 32, 345 MHz, 73.26 W, 0 %, 0 MiB
2026/09/27 10:04:18.306, 0, 37, 345 MHz, 73.17 W, 0 %, 0 MiB
2026/09/27 10:04:18.307, 1, 33, 345 MHz, 70.04 W, 0 %, 0 MiB
2026/09/27 10:04:18.307, 2, 31, 345 MHz, 69.88 W, 0 %, 0 MiB
2026/09/27 10:04:18.307, 3, 37, 345 MHz, 77.88 W, 0 %, 0 MiB
2026/09/27 10:04:18.307, 4, 38, 345 MHz, 74.75 W, 0 %, 0 MiB
2026/09/27 10:04:18.307, 5, 33, 345 MHz, 71.74 W, 0 %, 0 MiB
2026/09/27 10:04:18.307, 6, 36, 345 MHz, 76.15 W, 0 %, 0 MiB
2026/09/27 10:04:18.307, 7, 32, 345 MHz, 73.22 W, 0 %, 0 MiB
2026/09/27 10:04:20.307, 0, 37, 345 MHz, 73.11 W, 0 %, 0 MiB
2026/09/27 10:04:20.307, 1, 32, 345 MHz, 69.98 W, 0 %, 0 MiB
2026/09/27 10:04:20.307, 2, 31, 345 MHz, 69.86 W, 0 %, 0 MiB
2026/09/27 10:04:20.308, 3, 37, 345 MHz, 77.84 W, 0 %, 0 MiB
2026/09/27 10:04:20.308, 4, 37, 345 MHz, 74.73 W, 0 %, 0 MiB
2026/09/27 10:04:20.308, 5, 33, 345 MHz, 71.70 W, 0 %, 0 MiB
2026/09/27 10:04:20.308, 6, 36, 345 MHz, 76.08 W, 0 %, 0 MiB
2026/09/27 10:04:20.308, 7, 32, 345 MHz, 73.25 W, 0 %, 0 MiB
2026/09/27 10:04:22.308, 0, 36, 345 MHz, 73.04 W, 0 %, 0 MiB
2026/09/27 10:04:22.308, 1, 32, 345 MHz, 69.97 W, 0 %, 0 MiB
2026/09/27 10:04:22.308, 2, 31, 345 MHz, 69.87 W, 0 %, 0 MiB
2026/09/27 10:04:22.308, 3, 36, 345 MHz, 77.81 W, 0 %, 0 MiB
2026/09/27 10:04:22.308, 4, 37, 345 MHz, 74.75 W, 0 %, 0 MiB
2026/09/27 10:04:22.308, 5, 33, 345 MHz, 71.66 W, 0 %, 0 MiB
2026/09/27 10:04:22.309, 6, 36, 345 MHz, 76.05 W, 0 %, 0 MiB
2026/09/27 10:04:22.309, 7, 32, 345 MHz, 73.20 W, 0 %, 0 MiB
2026/09/27 10:04:24.309, 0, 36, 345 MHz, 73.04 W, 0 %, 0 MiB
2026/09/27 10:04:24.309, 1, 32, 345 MHz, 70.44 W, 0 %, 0 MiB
2026/09/27 10:04:24.309, 2, 31, 345 MHz, 69.83 W, 0 %, 0 MiB
2026/09/27 10:04:24.309, 3, 36, 345 MHz, 77.76 W, 0 %, 0 MiB
2026/09/27 10:04:24.309, 4, 37, 345 MHz, 74.75 W, 0 %, 0 MiB
2026/09/27 10:04:24.309, 5, 33, 345 MHz, 71.69 W, 0 %, 0 MiB
2026/09/27 10:04:24.310, 6, 36, 345 MHz, 76.03 W, 0 %, 0 MiB
2026/09/27 10:04:24.310, 7, 31, 345 MHz, 73.22 W, 0 %, 0 MiB
2026/09/27 10:04:26.310, 0, 36, 345 MHz, 73.01 W, 0 %, 0 MiB
2026/09/27 10:04:26.310, 1, 32, 345 MHz, 70.45 W, 0 %, 0 MiB
2026/09/27 10:04:26.310, 2, 31, 345 MHz, 69.83 W, 0 %, 0 MiB
2026/09/27 10:04:26.310, 3, 36, 345 MHz, 77.71 W, 0 %, 0 MiB
2026/09/27 10:04:26.310, 4, 37, 345 MHz, 74.65 W, 0 %, 0 MiB
2026/09/27 10:04:26.310, 5, 33, 345 MHz, 71.70 W, 0 %, 0 MiB
2026/09/27 10:04:26.311, 6, 36, 345 MHz, 75.96 W, 0 %, 0 MiB
2026/09/27 10:04:26.311, 7, 31, 345 MHz, 73.17 W, 0 %, 0 MiB
2026/09/27 10:04:28.311, 0, 36, 345 MHz, 73.00 W, 0 %, 0 MiB
2026/09/27 10:04:28.311, 1, 32, 345 MHz, 70.38 W, 0 %, 0 MiB
2026/09/27 10:04:28.311, 2, 31, 345 MHz, 69.80 W, 0 %, 0 MiB
2026/09/27 10:04:28.311, 3, 36, 345 MHz, 77.70 W, 0 %, 0 MiB
2026/09/27 10:04:28.311, 4, 37, 345 MHz, 74.59 W, 0 %, 0 MiB
2026/09/27 10:04:28.311, 5, 33, 345 MHz, 71.63 W, 0 %, 0 MiB
2026/09/27 10:04:28.311, 6, 36, 345 MHz, 75.93 W, 0 %, 0 MiB
2026/09/27 10:04:28.311, 7, 31, 345 MHz, 73.19 W, 0 %, 0 MiB
2026/09/27 10:04:30.312, 0, 36, 345 MHz, 72.94 W, 0 %, 0 MiB
2026/09/27 10:04:30.312, 1, 32, 345 MHz, 70.44 W, 0 %, 0 MiB
2026/09/27 10:04:30.312, 2, 31, 345 MHz, 69.81 W, 0 %, 0 MiB
2026/09/27 10:04:30.312, 3, 36, 345 MHz, 77.66 W, 0 %, 0 MiB
2026/09/27 10:04:30.312, 4, 37, 345 MHz, 74.63 W, 0 %, 0 MiB
2026/09/27 10:04:30.312, 5, 33, 345 MHz, 71.58 W, 0 %, 0 MiB
2026/09/27 10:04:30.312, 6, 36, 345 MHz, 75.94 W, 0 %, 0 MiB
2026/09/27 10:04:30.312, 7, 31, 345 MHz, 73.18 W, 0 %, 0 MiB
2026/09/27 10:04:32.312, 0, 36, 345 MHz, 72.91 W, 0 %, 0 MiB
2026/09/27 10:04:32.313, 1, 32, 345 MHz, 70.43 W, 0 %, 0 MiB
2026/09/27 10:04:32.313, 2, 31, 345 MHz, 69.80 W, 0 %, 0 MiB
2026/09/27 10:04:32.313, 3, 36, 345 MHz, 77.61 W, 0 %, 0 MiB
2026/09/27 10:04:32.313, 4, 37, 345 MHz, 74.58 W, 0 %, 0 MiB
2026/09/27 10:04:32.313, 5, 33, 345 MHz, 71.62 W, 0 %, 0 MiB
2026/09/27 10:04:32.313, 6, 35, 345 MHz, 75.82 W, 0 %, 0 MiB
2026/09/27 10:04:32.313, 7, 31, 345 MHz, 73.17 W, 0 %, 0 MiB
2026/09/27 10:04:34.313, 0, 36, 345 MHz, 72.89 W, 0 %, 0 MiB
2026/09/27 10:04:34.313, 1, 32, 345 MHz, 70.46 W, 0 %, 0 MiB
2026/09/27 10:04:34.314, 2, 31, 345 MHz, 69.79 W, 0 %, 0 MiB
2026/09/27 10:04:34.314, 3, 36, 345 MHz, 77.58 W, 0 %, 0 MiB
2026/09/27 10:04:34.314, 4, 37, 345 MHz, 74.47 W, 0 %, 0 MiB
2026/09/27 10:04:34.314, 5, 33, 345 MHz, 71.62 W, 0 %, 0 MiB
2026/09/27 10:04:34.314, 6, 35, 345 MHz, 75.86 W, 0 %, 0 MiB
2026/09/27 10:04:34.314, 7, 31, 345 MHz, 73.17 W, 0 %, 0 MiB
2026/09/27 10:04:36.314, 0, 36, 345 MHz, 72.88 W, 0 %, 0 MiB
2026/09/27 10:04:36.314, 1, 32, 345 MHz, 70.37 W, 0 %, 0 MiB
2026/09/27 10:04:36.315, 2, 31, 345 MHz, 69.79 W, 0 %, 0 MiB
2026/09/27 10:04:36.315, 3, 36, 345 MHz, 77.55 W, 0 %, 0 MiB
2026/09/27 10:04:36.315, 4, 37, 345 MHz, 74.54 W, 0 %, 0 MiB
2026/09/27 10:04:36.315, 5, 33, 345 MHz, 71.61 W, 0 %, 0 MiB
2026/09/27 10:04:36.315, 6, 35, 345 MHz, 75.77 W, 0 %, 0 MiB
2026/09/27 10:04:36.315, 7, 31, 345 MHz, 73.16 W, 0 %, 0 MiB
2026/09/27 10:04:38.315, 0, 36, 345 MHz, 72.83 W, 0 %, 1 MiB
2026/09/27 10:04:38.317, 1, 32, 345 MHz, 70.38 W, 0 %, 1 MiB
2026/09/27 10:04:38.317, 2, 31, 345 MHz, 69.78 W, 0 %, 1 MiB
2026/09/27 10:04:38.317, 3, 36, 345 MHz, 77.54 W, 0 %, 1 MiB
2026/09/27 10:04:38.317, 4, 37, 345 MHz, 74.49 W, 0 %, 1 MiB
2026/09/27 10:04:38.317, 5, 33, 345 MHz, 71.57 W, 0 %, 1 MiB
2026/09/27 10:04:38.317, 6, 35, 345 MHz, 75.72 W, 0 %, 1 MiB
2026/09/27 10:04:38.418, 7, 31, 345 MHz, 73.16 W, 0 %, 1 MiB
2026/09/27 10:04:40.419, 0, 36, 345 MHz, 72.83 W, 0 %, 4 MiB
2026/09/27 10:04:40.507, 1, 32, 810 MHz, 73.50 W, 0 %, 4 MiB
2026/09/27 10:04:40.507, 2, 31, 345 MHz, 69.77 W, 0 %, 4 MiB
2026/09/27 10:04:40.507, 3, 36, 345 MHz, 77.53 W, 0 %, 4 MiB
2026/09/27 10:04:40.507, 4, 37, 780 MHz, 77.28 W, 0 %, 4 MiB
2026/09/27 10:04:40.507, 5, 33, 345 MHz, 71.59 W, 0 %, 4 MiB
2026/09/27 10:04:40.507, 6, 35, 345 MHz, 75.73 W, 0 %, 4 MiB
2026/09/27 10:04:40.508, 7, 31, 345 MHz, 73.14 W, 0 %, 1 MiB
2026/09/27 10:04:42.508, 0, 37, 1980 MHz, 125.49 W, 0 %, 547 MiB
2026/09/27 10:04:42.508, 1, 33, 1980 MHz, 122.55 W, 0 %, 539 MiB
2026/09/27 10:04:42.508, 2, 32, 1980 MHz, 117.30 W, 0 %, 539 MiB
2026/09/27 10:04:42.508, 3, 37, 1980 MHz, 128.23 W, 1 %, 539 MiB
2026/09/27 10:04:42.508, 4, 38, 1980 MHz, 128.58 W, 0 %, 539 MiB
2026/09/27 10:04:42.508, 5, 34, 1980 MHz, 121.61 W, 0 %, 539 MiB
2026/09/27 10:04:42.508, 6, 36, 1980 MHz, 130.83 W, 0 %, 539 MiB
2026/09/27 10:04:42.508, 7, 33, 1980 MHz, 128.14 W, 1 %, 539 MiB
2026/09/27 10:04:44.509, 0, 37, 1980 MHz, 123.28 W, 0 %, 559 MiB
2026/09/27 10:04:44.509, 1, 34, 1980 MHz, 120.28 W, 0 %, 539 MiB
2026/09/27 10:04:44.509, 2, 32, 1980 MHz, 115.29 W, 0 %, 539 MiB
2026/09/27 10:04:44.509, 3, 37, 1980 MHz, 125.68 W, 0 %, 539 MiB
2026/09/27 10:04:44.509, 4, 38, 1980 MHz, 126.44 W, 0 %, 539 MiB
2026/09/27 10:04:44.509, 5, 34, 1980 MHz, 119.89 W, 0 %, 539 MiB
2026/09/27 10:04:44.509, 6, 36, 1980 MHz, 128.41 W, 0 %, 539 MiB
2026/09/27 10:04:44.509, 7, 33, 1980 MHz, 125.40 W, 0 %, 539 MiB
2026/09/27 10:04:46.510, 0, 37, 1980 MHz, 123.32 W, 0 %, 559 MiB
2026/09/27 10:04:46.510, 1, 34, 1980 MHz, 120.25 W, 0 %, 539 MiB
2026/09/27 10:04:46.510, 2, 32, 1980 MHz, 115.35 W, 0 %, 539 MiB
2026/09/27 10:04:46.510, 3, 37, 1980 MHz, 125.71 W, 0 %, 539 MiB
2026/09/27 10:04:46.510, 4, 38, 1980 MHz, 126.48 W, 0 %, 539 MiB
2026/09/27 10:04:46.510, 5, 34, 1980 MHz, 119.97 W, 0 %, 539 MiB
2026/09/27 10:04:46.510, 6, 37, 1980 MHz, 128.49 W, 0 %, 539 MiB
2026/09/27 10:04:46.510, 7, 33, 1980 MHz, 125.44 W, 0 %, 539 MiB
2026/09/27 10:04:48.510, 0, 37, 1980 MHz, 123.35 W, 0 %, 559 MiB
2026/09/27 10:04:48.510, 1, 34, 1980 MHz, 119.72 W, 0 %, 539 MiB
2026/09/27 10:04:48.511, 2, 32, 1980 MHz, 115.38 W, 0 %, 539 MiB
2026/09/27 10:04:48.511, 3, 37, 1980 MHz, 125.76 W, 0 %, 539 MiB
2026/09/27 10:04:48.511, 4, 38, 1980 MHz, 126.49 W, 0 %, 539 MiB
2026/09/27 10:04:48.511, 5, 34, 1980 MHz, 120.02 W, 0 %, 539 MiB
2026/09/27 10:04:48.511, 6, 37, 1980 MHz, 128.48 W, 0 %, 539 MiB
2026/09/27 10:04:48.511, 7, 33, 1980 MHz, 125.47 W, 0 %, 539 MiB
2026/09/27 10:04:50.511, 0, 37, 1980 MHz, 123.40 W, 0 %, 559 MiB
2026/09/27 10:04:50.511, 1, 34, 1980 MHz, 119.70 W, 0 %, 539 MiB
2026/09/27 10:04:50.511, 2, 32, 1980 MHz, 115.42 W, 0 %, 539 MiB
2026/09/27 10:04:50.511, 3, 37, 1980 MHz, 125.76 W, 0 %, 539 MiB
2026/09/27 10:04:50.511, 4, 38, 1980 MHz, 126.03 W, 0 %, 539 MiB
2026/09/27 10:04:50.512, 5, 34, 1980 MHz, 120.06 W, 0 %, 539 MiB
2026/09/27 10:04:50.512, 6, 37, 1980 MHz, 128.51 W, 0 %, 539 MiB
2026/09/27 10:04:50.512, 7, 33, 1980 MHz, 125.51 W, 0 %, 539 MiB
2026/09/27 10:04:52.512, 0, 37, 1980 MHz, 123.47 W, 0 %, 73533 MiB
2026/09/27 10:04:52.512, 1, 34, 1980 MHz, 119.74 W, 0 %, 73513 MiB
2026/09/27 10:04:52.512, 2, 33, 1980 MHz, 115.44 W, 1 %, 73513 MiB
2026/09/27 10:04:52.512, 3, 37, 1980 MHz, 125.79 W, 4 %, 73513 MiB
2026/09/27 10:04:52.512, 4, 38, 1980 MHz, 126.06 W, 0 %, 73513 MiB
2026/09/27 10:04:52.512, 5, 34, 1980 MHz, 120.09 W, 2 %, 73513 MiB
2026/09/27 10:04:52.513, 6, 37, 1980 MHz, 128.56 W, 1 %, 73513 MiB
2026/09/27 10:04:52.513, 7, 33, 1980 MHz, 125.52 W, 4 %, 73513 MiB
2026/09/27 10:04:54.513, 0, 37, 1980 MHz, 127.75 W, 0 %, 73539 MiB
2026/09/27 10:04:54.513, 1, 34, 1980 MHz, 122.88 W, 0 %, 73519 MiB
2026/09/27 10:04:54.513, 2, 33, 1980 MHz, 119.40 W, 0 %, 73519 MiB
2026/09/27 10:04:54.513, 3, 37, 1980 MHz, 131.42 W, 0 %, 73519 MiB
2026/09/27 10:04:54.513, 4, 38, 1980 MHz, 130.06 W, 0 %, 73519 MiB
2026/09/27 10:04:54.513, 5, 34, 1980 MHz, 123.63 W, 0 %, 73519 MiB
2026/09/27 10:04:54.513, 6, 37, 1980 MHz, 133.08 W, 0 %, 73519 MiB
2026/09/27 10:04:54.513, 7, 33, 1980 MHz, 130.91 W, 0 %, 73519 MiB
2026/09/27 10:04:56.514, 0, 37, 1980 MHz, 123.61 W, 10 %, 73753 MiB
2026/09/27 10:04:56.515, 1, 34, 1980 MHz, 119.92 W, 0 %, 73733 MiB
2026/09/27 10:04:56.515, 2, 33, 1980 MHz, 115.60 W, 2 %, 73733 MiB
2026/09/27 10:04:56.516, 3, 37, 1980 MHz, 125.39 W, 2 %, 73733 MiB
2026/09/27 10:04:56.517, 4, 38, 1980 MHz, 126.34 W, 1 %, 73733 MiB
2026/09/27 10:04:56.517, 5, 34, 1980 MHz, 120.16 W, 1 %, 73733 MiB
2026/09/27 10:04:56.517, 6, 37, 1980 MHz, 128.81 W, 1 %, 73733 MiB
2026/09/27 10:04:56.517, 7, 33, 1980 MHz, 125.68 W, 2 %, 73733 MiB
2026/09/27 10:04:58.518, 0, 37, 1980 MHz, 123.56 W, 0 %, 74459 MiB
2026/09/27 10:04:58.518, 1, 34, 1980 MHz, 119.83 W, 0 %, 74439 MiB
2026/09/27 10:04:58.518, 2, 33, 1980 MHz, 115.59 W, 0 %, 74439 MiB
2026/09/27 10:04:58.518, 3, 37, 1980 MHz, 125.31 W, 0 %, 74439 MiB
2026/09/27 10:04:58.518, 4, 38, 1980 MHz, 126.27 W, 0 %, 74439 MiB
2026/09/27 10:04:58.518, 5, 34, 1980 MHz, 120.15 W, 0 %, 74439 MiB
2026/09/27 10:04:58.519, 6, 37, 1980 MHz, 128.72 W, 0 %, 74439 MiB
2026/09/27 10:04:58.519, 7, 33, 1980 MHz, 125.65 W, 0 %, 74439 MiB
2026/09/27 10:05:00.519, 0, 37, 1980 MHz, 123.62 W, 0 %, 74459 MiB
2026/09/27 10:05:00.519, 1, 34, 1980 MHz, 119.88 W, 0 %, 74439 MiB
2026/09/27 10:05:00.519, 2, 33, 1980 MHz, 115.61 W, 0 %, 74439 MiB
2026/09/27 10:05:00.519, 3, 37, 1980 MHz, 125.35 W, 0 %, 74439 MiB
2026/09/27 10:05:00.519, 4, 38, 1980 MHz, 126.31 W, 0 %, 74439 MiB
2026/09/27 10:05:00.519, 5, 34, 1980 MHz, 120.24 W, 0 %, 74439 MiB
2026/09/27 10:05:00.519, 6, 37, 1980 MHz, 128.76 W, 0 %, 74439 MiB
2026/09/27 10:05:00.519, 7, 33, 1980 MHz, 125.68 W, 0 %, 74439 MiB
2026/09/27 10:05:02.519, 0, 38, 1980 MHz, 123.64 W, 0 %, 74459 MiB
2026/09/27 10:05:02.519, 1, 34, 1980 MHz, 119.92 W, 0 %, 74439 MiB
2026/09/27 10:05:02.519, 2, 33, 1980 MHz, 115.60 W, 0 %, 74439 MiB
2026/09/27 10:05:02.520, 3, 37, 1980 MHz, 125.40 W, 0 %, 74439 MiB
2026/09/27 10:05:02.520, 4, 38, 1980 MHz, 126.31 W, 0 %, 74439 MiB
2026/09/27 10:05:02.520, 5, 34, 1980 MHz, 120.28 W, 0 %, 74439 MiB
2026/09/27 10:05:02.520, 6, 37, 1980 MHz, 128.79 W, 0 %, 74439 MiB
2026/09/27 10:05:02.520, 7, 33, 1980 MHz, 125.72 W, 0 %, 74439 MiB
2026/09/27 10:05:04.520, 0, 38, 1980 MHz, 123.65 W, 0 %, 74459 MiB
2026/09/27 10:05:04.520, 1, 34, 1980 MHz, 119.95 W, 0 %, 74439 MiB
2026/09/27 10:05:04.520, 2, 33, 1980 MHz, 115.64 W, 0 %, 74439 MiB
2026/09/27 10:05:04.520, 3, 37, 1980 MHz, 125.37 W, 0 %, 74439 MiB
2026/09/27 10:05:04.520, 4, 38, 1980 MHz, 126.33 W, 0 %, 74439 MiB
2026/09/27 10:05:04.520, 5, 35, 1980 MHz, 120.29 W, 0 %, 74439 MiB
2026/09/27 10:05:04.520, 6, 37, 1980 MHz, 128.82 W, 0 %, 74439 MiB
2026/09/27 10:05:04.521, 7, 33, 1980 MHz, 125.78 W, 0 %, 74439 MiB
2026/09/27 10:05:06.521, 0, 38, 1980 MHz, 123.68 W, 0 %, 74459 MiB
2026/09/27 10:05:06.521, 1, 34, 1980 MHz, 119.94 W, 0 %, 74439 MiB
2026/09/27 10:05:06.521, 2, 33, 1980 MHz, 115.64 W, 0 %, 74439 MiB
2026/09/27 10:05:06.521, 3, 37, 1980 MHz, 125.44 W, 0 %, 74439 MiB
2026/09/27 10:05:06.521, 4, 38, 1980 MHz, 126.36 W, 0 %, 74439 MiB
2026/09/27 10:05:06.521, 5, 35, 1980 MHz, 120.35 W, 0 %, 74439 MiB
2026/09/27 10:05:06.521, 6, 37, 1980 MHz, 128.86 W, 0 %, 74439 MiB
2026/09/27 10:05:06.521, 7, 33, 1980 MHz, 125.75 W, 0 %, 74439 MiB
2026/09/27 10:05:08.521, 0, 38, 1980 MHz, 129.24 W, 0 %, 1487 MiB
2026/09/27 10:05:08.521, 1, 34, 1980 MHz, 125.47 W, 100 %, 1467 MiB
2026/09/27 10:05:08.522, 2, 33, 1980 MHz, 121.06 W, 82 %, 1467 MiB
2026/09/27 10:05:08.522, 3, 37, 1980 MHz, 128.07 W, 24 %, 1467 MiB
2026/09/27 10:05:08.522, 4, 38, 1980 MHz, 126.32 W, 0 %, 74439 MiB
2026/09/27 10:05:08.522, 5, 35, 1980 MHz, 120.32 W, 0 %, 74439 MiB
2026/09/27 10:05:08.522, 6, 37, 1980 MHz, 128.87 W, 0 %, 74439 MiB
2026/09/27 10:05:08.522, 7, 33, 1980 MHz, 125.72 W, 0 %, 74439 MiB
2026/09/27 10:05:10.522, 0, 38, 1980 MHz, 127.71 W, 0 %, 0 MiB
2026/09/27 10:05:10.768, 1, 34, 1980 MHz, 124.50 W, 4 %, 0 MiB
2026/09/27 10:05:10.774, 2, 33, 1980 MHz, 119.97 W, 0 %, 0 MiB
2026/09/27 10:05:10.774, 3, 37, 1980 MHz, 129.84 W, 4 %, 0 MiB
2026/09/27 10:05:10.774, 4, 39, 1980 MHz, 130.69 W, 4 %, 0 MiB
2026/09/27 10:05:10.774, 5, 35, 1980 MHz, 124.64 W, 0 %, 0 MiB
2026/09/27 10:05:10.774, 6, 37, 1980 MHz, 133.50 W, 4 %, 0 MiB
2026/09/27 10:05:10.775, 7, 33, 1980 MHz, 130.49 W, 0 %, 0 MiB
2026/09/27 10:05:12.775, 0, 36, 345 MHz, 87.85 W, 0 %, 4 MiB
2026/09/27 10:05:12.838, 1, 33, 345 MHz, 86.19 W, 0 %, 4 MiB
2026/09/27 10:05:12.838, 2, 32, 345 MHz, 87.36 W, 0 %, 4 MiB
2026/09/27 10:05:12.838, 3, 36, 345 MHz, 78.09 W, 0 %, 4 MiB
2026/09/27 10:05:12.838, 4, 37, 345 MHz, 95.88 W, 0 %, 4 MiB
2026/09/27 10:05:12.838, 5, 34, 360 MHz, 102.32 W, 0 %, 1 MiB
2026/09/27 10:05:12.838, 6, 36, 375 MHz, 105.19 W, 0 %, 1 MiB
2026/09/27 10:05:12.838, 7, 32, 390 MHz, 104.60 W, 0 %, 1 MiB
2026/09/27 10:05:14.839, 0, 38, 1980 MHz, 119.79 W, 0 %, 23 MiB
2026/09/27 10:05:14.844, 1, 34, 1980 MHz, 109.98 W, 0 %, 23 MiB
2026/09/27 10:05:14.850, 2, 33, 1980 MHz, 107.46 W, 0 %, 23 MiB
2026/09/27 10:05:14.857, 3, 37, 1980 MHz, 123.71 W, 0 %, 23 MiB
2026/09/27 10:05:14.858, 4, 38, 1980 MHz, 121.44 W, 0 %, 23 MiB
2026/09/27 10:05:14.864, 5, 35, 1980 MHz, 114.68 W, 0 %, 23 MiB
2026/09/27 10:05:14.866, 6, 37, 1980 MHz, 120.91 W, 0 %, 23 MiB
2026/09/27 10:05:14.868, 7, 33, 1980 MHz, 123.46 W, 0 %, 23 MiB
2026/09/27 10:05:16.870, 0, 38, 1980 MHz, 124.31 W, 0 %, 559 MiB
2026/09/27 10:05:16.870, 1, 34, 1980 MHz, 119.92 W, 0 %, 539 MiB
2026/09/27 10:05:16.870, 2, 33, 1980 MHz, 115.54 W, 0 %, 539 MiB
2026/09/27 10:05:16.871, 3, 37, 1980 MHz, 125.28 W, 0 %, 539 MiB
2026/09/27 10:05:16.871, 4, 38, 1980 MHz, 126.32 W, 0 %, 539 MiB
2026/09/27 10:05:16.871, 5, 35, 1980 MHz, 120.24 W, 0 %, 539 MiB
2026/09/27 10:05:16.871, 6, 37, 1980 MHz, 128.82 W, 0 %, 539 MiB
2026/09/27 10:05:16.871, 7, 33, 1980 MHz, 125.71 W, 0 %, 539 MiB
2026/09/27 10:05:18.871, 0, 38, 1980 MHz, 124.37 W, 0 %, 559 MiB
2026/09/27 10:05:18.871, 1, 34, 1980 MHz, 119.97 W, 0 %, 539 MiB
2026/09/27 10:05:18.871, 2, 33, 1980 MHz, 115.58 W, 0 %, 539 MiB
2026/09/27 10:05:18.871, 3, 37, 1980 MHz, 125.38 W, 0 %, 539 MiB
2026/09/27 10:05:18.871, 4, 38, 1980 MHz, 126.31 W, 0 %, 539 MiB
2026/09/27 10:05:18.871, 5, 35, 1980 MHz, 120.28 W, 0 %, 539 MiB
2026/09/27 10:05:18.871, 6, 37, 1980 MHz, 128.87 W, 0 %, 539 MiB
2026/09/27 10:05:18.872, 7, 33, 1980 MHz, 125.72 W, 0 %, 539 MiB
2026/09/27 10:05:20.872, 0, 38, 1980 MHz, 124.37 W, 0 %, 559 MiB
2026/09/27 10:05:20.872, 1, 34, 1980 MHz, 119.96 W, 0 %, 539 MiB
2026/09/27 10:05:20.872, 2, 33, 1980 MHz, 115.61 W, 0 %, 539 MiB
2026/09/27 10:05:20.872, 3, 37, 1980 MHz, 125.37 W, 0 %, 539 MiB
2026/09/27 10:05:20.872, 4, 38, 1980 MHz, 126.31 W, 0 %, 539 MiB
2026/09/27 10:05:20.872, 5, 35, 1980 MHz, 120.28 W, 0 %, 539 MiB
2026/09/27 10:05:20.872, 6, 37, 1980 MHz, 128.87 W, 0 %, 539 MiB
2026/09/27 10:05:20.872, 7, 33, 1980 MHz, 125.73 W, 0 %, 539 MiB
2026/09/27 10:05:22.873, 0, 38, 1980 MHz, 124.38 W, 0 %, 559 MiB
2026/09/27 10:05:22.873, 1, 34, 1980 MHz, 119.93 W, 0 %, 539 MiB
2026/09/27 10:05:22.873, 2, 33, 1980 MHz, 115.57 W, 0 %, 539 MiB
2026/09/27 10:05:22.873, 3, 37, 1980 MHz, 125.39 W, 0 %, 539 MiB
2026/09/27 10:05:22.873, 4, 38, 1980 MHz, 126.37 W, 0 %, 539 MiB
2026/09/27 10:05:22.873, 5, 35, 1980 MHz, 120.32 W, 0 %, 539 MiB
2026/09/27 10:05:22.873, 6, 37, 1980 MHz, 128.90 W, 0 %, 539 MiB
2026/09/27 10:05:22.873, 7, 33, 1980 MHz, 125.79 W, 0 %, 539 MiB
2026/09/27 10:05:24.873, 0, 38, 1980 MHz, 124.41 W, 3 %, 73533 MiB
2026/09/27 10:05:24.873, 1, 34, 1980 MHz, 119.96 W, 3 %, 73515 MiB
2026/09/27 10:05:24.873, 2, 33, 1980 MHz, 115.65 W, 2 %, 73513 MiB
2026/09/27 10:05:24.873, 3, 37, 1980 MHz, 125.39 W, 3 %, 73515 MiB
2026/09/27 10:05:24.874, 4, 38, 1980 MHz, 126.37 W, 3 %, 73515 MiB
2026/09/27 10:05:24.874, 5, 35, 1980 MHz, 120.31 W, 3 %, 73515 MiB
2026/09/27 10:05:24.874, 6, 37, 1980 MHz, 128.91 W, 1 %, 73515 MiB
2026/09/27 10:05:24.874, 7, 33, 1980 MHz, 125.72 W, 3 %, 73515 MiB
2026/09/27 10:05:26.874, 0, 38, 1980 MHz, 128.61 W, 0 %, 73539 MiB
2026/09/27 10:05:26.874, 1, 34, 1980 MHz, 125.19 W, 0 %, 73519 MiB
2026/09/27 10:05:26.874, 2, 33, 1980 MHz, 119.18 W, 0 %, 73519 MiB
2026/09/27 10:05:26.874, 3, 37, 1980 MHz, 129.51 W, 0 %, 73519 MiB
2026/09/27 10:05:26.874, 4, 39, 1980 MHz, 131.24 W, 0 %, 73519 MiB
2026/09/27 10:05:26.874, 5, 35, 1980 MHz, 125.28 W, 0 %, 73519 MiB
2026/09/27 10:05:26.874, 6, 37, 1980 MHz, 133.22 W, 0 %, 73519 MiB
2026/09/27 10:05:26.874, 7, 33, 1980 MHz, 129.28 W, 0 %, 73519 MiB
2026/09/27 10:05:28.875, 0, 38, 1980 MHz, 124.57 W, 0 %, 73757 MiB
2026/09/27 10:05:28.875, 1, 34, 1980 MHz, 120.10 W, 0 %, 73739 MiB
2026/09/27 10:05:28.875, 2, 33, 1980 MHz, 115.72 W, 0 %, 73737 MiB
2026/09/27 10:05:28.875, 3, 37, 1980 MHz, 126.19 W, 0 %, 73743 MiB
2026/09/27 10:05:28.875, 4, 39, 1980 MHz, 126.46 W, 0 %, 73743 MiB
2026/09/27 10:05:28.875, 5, 35, 1980 MHz, 120.49 W, 0 %, 73737 MiB
2026/09/27 10:05:28.875, 6, 37, 1980 MHz, 129.13 W, 0 %, 73739 MiB
2026/09/27 10:05:28.875, 7, 34, 1980 MHz, 126.65 W, 0 %, 73747 MiB
2026/09/27 10:05:30.876, 0, 38, 1980 MHz, 124.51 W, 0 %, 74459 MiB
2026/09/27 10:05:30.876, 1, 34, 1980 MHz, 119.96 W, 0 %, 74439 MiB
2026/09/27 10:05:30.876, 2, 33, 1980 MHz, 115.71 W, 0 %, 74439 MiB
2026/09/27 10:05:30.876, 3, 37, 1980 MHz, 126.12 W, 0 %, 74439 MiB
2026/09/27 10:05:30.876, 4, 39, 1980 MHz, 126.47 W, 0 %, 74439 MiB
2026/09/27 10:05:30.876, 5, 35, 1980 MHz, 120.42 W, 0 %, 74439 MiB
2026/09/27 10:05:30.876, 6, 37, 1980 MHz, 129.01 W, 0 %, 74439 MiB
2026/09/27 10:05:30.876, 7, 34, 1980 MHz, 126.55 W, 0 %, 74439 MiB
2026/09/27 10:05:32.876, 0, 38, 1980 MHz, 124.54 W, 0 %, 74459 MiB
2026/09/27 10:05:32.876, 1, 34, 1980 MHz, 120.06 W, 0 %, 74439 MiB
2026/09/27 10:05:32.876, 2, 33, 1980 MHz, 115.76 W, 0 %, 74439 MiB
2026/09/27 10:05:32.876, 3, 37, 1980 MHz, 126.19 W, 0 %, 74439 MiB
2026/09/27 10:05:32.876, 4, 39, 1980 MHz, 126.55 W, 0 %, 74439 MiB
2026/09/27 10:05:32.876, 5, 35, 1980 MHz, 120.44 W, 0 %, 74439 MiB
2026/09/27 10:05:32.876, 6, 37, 1980 MHz, 129.05 W, 0 %, 74439 MiB
2026/09/27 10:05:32.876, 7, 34, 1980 MHz, 126.57 W, 0 %, 74439 MiB
2026/09/27 10:05:34.876, 0, 38, 1980 MHz, 124.53 W, 0 %, 74459 MiB
2026/09/27 10:05:34.876, 1, 34, 1980 MHz, 120.02 W, 0 %, 74439 MiB
2026/09/27 10:05:34.876, 2, 33, 1980 MHz, 115.74 W, 0 %, 74439 MiB
2026/09/27 10:05:34.877, 3, 37, 1980 MHz, 126.22 W, 0 %, 74439 MiB
2026/09/27 10:05:34.877, 4, 39, 1980 MHz, 126.52 W, 0 %, 74439 MiB
2026/09/27 10:05:34.877, 5, 35, 1980 MHz, 120.44 W, 0 %, 74439 MiB
2026/09/27 10:05:34.877, 6, 37, 1980 MHz, 129.08 W, 0 %, 74439 MiB
2026/09/27 10:05:34.877, 7, 34, 1980 MHz, 126.63 W, 0 %, 74439 MiB
2026/09/27 10:05:36.877, 0, 38, 1980 MHz, 124.55 W, 0 %, 74459 MiB
2026/09/27 10:05:36.877, 1, 34, 1980 MHz, 120.10 W, 0 %, 74439 MiB
2026/09/27 10:05:36.877, 2, 33, 1980 MHz, 115.74 W, 0 %, 74439 MiB
2026/09/27 10:05:36.877, 3, 38, 1980 MHz, 126.23 W, 0 %, 74439 MiB
2026/09/27 10:05:36.877, 4, 39, 1980 MHz, 126.53 W, 0 %, 74439 MiB
2026/09/27 10:05:36.877, 5, 35, 1980 MHz, 120.42 W, 0 %, 74439 MiB
2026/09/27 10:05:36.877, 6, 37, 1980 MHz, 129.07 W, 0 %, 74439 MiB
2026/09/27 10:05:36.877, 7, 34, 1980 MHz, 126.62 W, 0 %, 74439 MiB
2026/09/27 10:05:38.878, 0, 38, 1980 MHz, 124.58 W, 0 %, 74459 MiB
2026/09/27 10:05:38.878, 1, 34, 1980 MHz, 120.07 W, 0 %, 74439 MiB
2026/09/27 10:05:38.878, 2, 33, 1980 MHz, 115.75 W, 0 %, 74439 MiB
2026/09/27 10:05:38.878, 3, 38, 1980 MHz, 126.22 W, 0 %, 74439 MiB
2026/09/27 10:05:38.878, 4, 39, 1980 MHz, 126.55 W, 0 %, 74439 MiB
2026/09/27 10:05:38.878, 5, 35, 1980 MHz, 120.42 W, 0 %, 74439 MiB
2026/09/27 10:05:38.878, 6, 37, 1980 MHz, 129.16 W, 0 %, 74439 MiB
2026/09/27 10:05:38.878, 7, 34, 1980 MHz, 126.55 W, 0 %, 74439 MiB
2026/09/27 10:05:40.878, 0, 38, 1980 MHz, 130.13 W, 0 %, 1487 MiB
2026/09/27 10:05:40.879, 1, 35, 1980 MHz, 125.64 W, 0 %, 1467 MiB
2026/09/27 10:05:40.879, 2, 33, 1980 MHz, 121.21 W, 0 %, 1467 MiB
2026/09/27 10:05:40.879, 3, 38, 1980 MHz, 131.83 W, 20 %, 1467 MiB
2026/09/27 10:05:40.879, 4, 39, 1980 MHz, 131.99 W, 100 %, 1467 MiB
2026/09/27 10:05:40.879, 5, 35, 1980 MHz, 123.50 W, 0 %, 1467 MiB
2026/09/27 10:05:40.879, 6, 37, 1980 MHz, 129.09 W, 0 %, 1467 MiB
2026/09/27 10:05:40.879, 7, 34, 1980 MHz, 126.57 W, 0 %, 74439 MiB
2026/09/27 10:05:42.879, 0, 38, 1980 MHz, 129.12 W, 0 %, 0 MiB
2026/09/27 10:05:42.880, 1, 35, 1980 MHz, 124.50 W, 0 %, 0 MiB
2026/09/27 10:05:42.880, 2, 33, 1980 MHz, 120.05 W, 0 %, 0 MiB
2026/09/27 10:05:42.880, 3, 38, 1980 MHz, 130.60 W, 0 %, 0 MiB
2026/09/27 10:05:42.880, 4, 39, 1980 MHz, 130.96 W, 0 %, 0 MiB
2026/09/27 10:05:42.880, 5, 35, 1980 MHz, 124.84 W, 0 %, 0 MiB
2026/09/27 10:05:42.880, 6, 37, 1980 MHz, 133.62 W, 0 %, 0 MiB
2026/09/27 10:05:42.880, 7, 34, 1980 MHz, 131.29 W, 0 %, 0 MiB
2026/09/27 10:05:44.880, 0, 37, 345 MHz, 80.57 W, 0 %, 0 MiB
2026/09/27 10:05:44.881, 1, 33, 345 MHz, 79.67 W, 0 %, 0 MiB
2026/09/27 10:05:44.881, 2, 32, 345 MHz, 82.46 W, 0 %, 0 MiB
2026/09/27 10:05:44.881, 3, 36, 345 MHz, 78.09 W, 0 %, 0 MiB
2026/09/27 10:05:44.881, 4, 37, 360 MHz, 95.98 W, 0 %, 0 MiB
2026/09/27 10:05:44.881, 5, 34, 360 MHz, 95.04 W, 0 %, 0 MiB
2026/09/27 10:05:44.881, 6, 36, 375 MHz, 106.60 W, 0 %, 0 MiB
2026/09/27 10:05:44.881, 7, 32, 375 MHz, 102.67 W, 0 %, 0 MiB
2026/09/27 10:05:46.881, 0, 36, 345 MHz, 73.09 W, 0 %, 0 MiB
2026/09/27 10:05:46.881, 1, 33, 345 MHz, 70.65 W, 0 %, 0 MiB
2026/09/27 10:05:46.882, 2, 32, 345 MHz, 69.99 W, 0 %, 0 MiB
2026/09/27 10:05:46.882, 3, 36, 345 MHz, 77.79 W, 0 %, 0 MiB
2026/09/27 10:05:46.882, 4, 37, 345 MHz, 74.69 W, 0 %, 0 MiB
2026/09/27 10:05:46.882, 5, 33, 345 MHz, 71.87 W, 0 %, 0 MiB
2026/09/27 10:05:46.882, 6, 36, 345 MHz, 76.02 W, 0 %, 0 MiB
2026/09/27 10:05:46.882, 7, 32, 345 MHz, 73.43 W, 0 %, 0 MiB
2026/09/27 10:05:48.882, 0, 36, 345 MHz, 73.01 W, 0 %, 0 MiB
2026/09/27 10:05:48.882, 1, 33, 345 MHz, 70.65 W, 0 %, 0 MiB
2026/09/27 10:05:48.882, 2, 32, 345 MHz, 69.96 W, 0 %, 0 MiB
2026/09/27 10:05:48.883, 3, 36, 345 MHz, 77.74 W, 0 %, 0 MiB
2026/09/27 10:05:48.883, 4, 37, 345 MHz, 74.68 W, 0 %, 0 MiB
2026/09/27 10:05:48.883, 5, 33, 345 MHz, 71.79 W, 0 %, 0 MiB
2026/09/27 10:05:48.883, 6, 36, 345 MHz, 75.99 W, 0 %, 0 MiB
2026/09/27 10:05:48.883, 7, 32, 345 MHz, 73.41 W, 0 %, 0 MiB
2026/09/27 10:05:50.883, 0, 36, 345 MHz, 73.03 W, 0 %, 0 MiB
2026/09/27 10:05:50.883, 1, 33, 345 MHz, 70.57 W, 0 %, 0 MiB
2026/09/27 10:05:50.883, 2, 32, 345 MHz, 69.93 W, 0 %, 0 MiB
2026/09/27 10:05:50.883, 3, 36, 345 MHz, 77.66 W, 0 %, 0 MiB
2026/09/27 10:05:50.884, 4, 37, 345 MHz, 74.66 W, 0 %, 0 MiB
2026/09/27 10:05:50.884, 5, 33, 345 MHz, 71.74 W, 0 %, 0 MiB
2026/09/27 10:05:50.884, 6, 36, 345 MHz, 75.96 W, 0 %, 0 MiB
2026/09/27 10:05:50.884, 7, 32, 345 MHz, 73.32 W, 0 %, 0 MiB
2026/09/27 10:05:52.884, 0, 36, 345 MHz, 73.00 W, 0 %, 0 MiB
2026/09/27 10:05:52.884, 1, 33, 345 MHz, 70.54 W, 0 %, 0 MiB
2026/09/27 10:05:52.884, 2, 31, 345 MHz, 69.89 W, 0 %, 0 MiB
2026/09/27 10:05:52.884, 3, 36, 345 MHz, 77.66 W, 0 %, 0 MiB
2026/09/27 10:05:52.884, 4, 37, 345 MHz, 74.57 W, 0 %, 0 MiB
2026/09/27 10:05:52.884, 5, 33, 345 MHz, 71.77 W, 0 %, 0 MiB
2026/09/27 10:05:52.884, 6, 35, 345 MHz, 75.91 W, 0 %, 0 MiB
2026/09/27 10:05:52.885, 7, 32, 345 MHz, 73.31 W, 0 %, 0 MiB
2026/09/27 10:05:54.885, 0, 36, 345 MHz, 72.95 W, 0 %, 0 MiB
2026/09/27 10:05:54.885, 1, 33, 345 MHz, 70.52 W, 0 %, 0 MiB
2026/09/27 10:05:54.885, 2, 31, 345 MHz, 69.90 W, 0 %, 0 MiB
2026/09/27 10:05:54.885, 3, 36, 345 MHz, 77.63 W, 0 %, 0 MiB
2026/09/27 10:05:54.885, 4, 37, 345 MHz, 74.58 W, 0 %, 0 MiB
2026/09/27 10:05:54.885, 5, 33, 345 MHz, 71.71 W, 0 %, 0 MiB
2026/09/27 10:05:54.885, 6, 35, 345 MHz, 75.87 W, 0 %, 0 MiB
2026/09/27 10:05:54.885, 7, 32, 345 MHz, 73.27 W, 0 %, 0 MiB
2026/09/27 10:05:56.885, 0, 36, 345 MHz, 72.90 W, 0 %, 0 MiB
2026/09/27 10:05:56.886, 1, 33, 345 MHz, 70.52 W, 0 %, 0 MiB
2026/09/27 10:05:56.886, 2, 31, 345 MHz, 69.86 W, 0 %, 0 MiB
2026/09/27 10:05:56.886, 3, 36, 345 MHz, 77.55 W, 0 %, 0 MiB
2026/09/27 10:05:56.886, 4, 37, 345 MHz, 74.51 W, 0 %, 0 MiB
2026/09/27 10:05:56.886, 5, 33, 345 MHz, 71.71 W, 0 %, 0 MiB
2026/09/27 10:05:56.886, 6, 35, 345 MHz, 75.83 W, 0 %, 0 MiB
2026/09/27 10:05:56.886, 7, 32, 345 MHz, 73.29 W, 0 %, 0 MiB
2026/09/27 10:05:58.886, 0, 36, 345 MHz, 72.85 W, 0 %, 0 MiB
2026/09/27 10:05:58.886, 1, 32, 345 MHz, 70.49 W, 0 %, 0 MiB
2026/09/27 10:05:58.887, 2, 31, 345 MHz, 69.84 W, 0 %, 0 MiB
2026/09/27 10:05:58.887, 3, 36, 345 MHz, 77.50 W, 0 %, 0 MiB
2026/09/27 10:05:58.887, 4, 37, 345 MHz, 74.52 W, 0 %, 0 MiB
2026/09/27 10:05:58.887, 5, 33, 345 MHz, 71.68 W, 0 %, 0 MiB
2026/09/27 10:05:58.887, 6, 35, 345 MHz, 75.84 W, 0 %, 0 MiB
2026/09/27 10:05:58.887, 7, 32, 345 MHz, 73.25 W, 0 %, 0 MiB
2026/09/27 10:06:00.887, 0, 36, 345 MHz, 72.86 W, 0 %, 0 MiB
2026/09/27 10:06:00.887, 1, 32, 345 MHz, 70.42 W, 0 %, 0 MiB
2026/09/27 10:06:00.887, 2, 31, 345 MHz, 69.84 W, 0 %, 0 MiB
2026/09/27 10:06:00.887, 3, 36, 345 MHz, 77.51 W, 0 %, 0 MiB
2026/09/27 10:06:00.888, 4, 37, 345 MHz, 74.46 W, 0 %, 0 MiB
2026/09/27 10:06:00.888, 5, 33, 345 MHz, 71.68 W, 0 %, 0 MiB
2026/09/27 10:06:00.888, 6, 35, 345 MHz, 75.71 W, 0 %, 0 MiB
2026/09/27 10:06:00.888, 7, 32, 345 MHz, 73.23 W, 0 %, 0 MiB
2026/09/27 10:06:02.888, 0, 36, 345 MHz, 72.80 W, 0 %, 0 MiB
2026/09/27 10:06:02.888, 1, 32, 345 MHz, 70.40 W, 0 %, 0 MiB
2026/09/27 10:06:02.888, 2, 31, 345 MHz, 69.81 W, 0 %, 0 MiB
2026/09/27 10:06:02.888, 3, 35, 345 MHz, 77.46 W, 0 %, 0 MiB
2026/09/27 10:06:02.888, 4, 36, 345 MHz, 74.39 W, 0 %, 0 MiB
2026/09/27 10:06:02.888, 5, 33, 345 MHz, 71.62 W, 0 %, 0 MiB
2026/09/27 10:06:02.889, 6, 35, 345 MHz, 75.68 W, 0 %, 0 MiB
2026/09/27 10:06:02.889, 7, 31, 345 MHz, 73.26 W, 0 %, 0 MiB
2026/09/27 10:06:04.889, 0, 36, 345 MHz, 72.78 W, 0 %, 0 MiB
2026/09/27 10:06:04.889, 1, 32, 345 MHz, 70.43 W, 0 %, 0 MiB
2026/09/27 10:06:04.889, 2, 31, 345 MHz, 69.79 W, 0 %, 0 MiB
2026/09/27 10:06:04.889, 3, 35, 345 MHz, 77.44 W, 0 %, 0 MiB
2026/09/27 10:06:04.889, 4, 36, 345 MHz, 74.39 W, 0 %, 0 MiB
2026/09/27 10:06:04.889, 5, 33, 345 MHz, 71.62 W, 0 %, 0 MiB
2026/09/27 10:06:04.889, 6, 35, 345 MHz, 75.68 W, 0 %, 0 MiB
2026/09/27 10:06:04.889, 7, 31, 345 MHz, 73.25 W, 0 %, 0 MiB
2026/09/27 10:06:06.890, 0, 35, 345 MHz, 72.71 W, 0 %, 0 MiB
2026/09/27 10:06:06.890, 1, 32, 345 MHz, 70.36 W, 0 %, 0 MiB
2026/09/27 10:06:06.890, 2, 31, 345 MHz, 69.77 W, 0 %, 0 MiB
2026/09/27 10:06:06.890, 3, 35, 345 MHz, 77.42 W, 0 %, 0 MiB
2026/09/27 10:06:06.890, 4, 36, 345 MHz, 74.38 W, 0 %, 0 MiB
2026/09/27 10:06:06.890, 5, 33, 345 MHz, 71.65 W, 0 %, 0 MiB
2026/09/27 10:06:06.890, 6, 35, 345 MHz, 75.68 W, 0 %, 0 MiB
2026/09/27 10:06:06.890, 7, 31, 345 MHz, 73.19 W, 0 %, 0 MiB
2026/09/27 10:06:08.890, 0, 35, 345 MHz, 72.75 W, 0 %, 0 MiB
2026/09/27 10:06:08.890, 1, 32, 345 MHz, 70.38 W, 0 %, 0 MiB
2026/09/27 10:06:08.890, 2, 31, 345 MHz, 69.75 W, 0 %, 0 MiB
2026/09/27 10:06:08.890, 3, 35, 345 MHz, 77.37 W, 0 %, 0 MiB
2026/09/27 10:06:08.891, 4, 36, 345 MHz, 74.29 W, 0 %, 0 MiB
2026/09/27 10:06:08.891, 5, 33, 345 MHz, 71.62 W, 0 %, 0 MiB
2026/09/27 10:06:08.891, 6, 35, 345 MHz, 75.60 W, 0 %, 0 MiB
2026/09/27 10:06:08.891, 7, 31, 345 MHz, 73.20 W, 0 %, 0 MiB
2026/09/27 10:06:10.891, 0, 35, 345 MHz, 72.73 W, 0 %, 0 MiB
2026/09/27 10:06:10.891, 1, 32, 345 MHz, 70.42 W, 0 %, 0 MiB
2026/09/27 10:06:10.891, 2, 31, 345 MHz, 69.75 W, 0 %, 0 MiB
2026/09/27 10:06:10.891, 3, 35, 345 MHz, 77.37 W, 0 %, 0 MiB
2026/09/27 10:06:10.891, 4, 36, 345 MHz, 74.30 W, 0 %, 0 MiB
2026/09/27 10:06:10.891, 5, 33, 345 MHz, 71.59 W, 0 %, 0 MiB
2026/09/27 10:06:10.891, 6, 35, 345 MHz, 75.57 W, 0 %, 0 MiB
2026/09/27 10:06:10.892, 7, 31, 345 MHz, 73.18 W, 0 %, 0 MiB
2026/09/27 10:06:12.892, 0, 35, 345 MHz, 72.66 W, 0 %, 0 MiB
2026/09/27 10:06:12.892, 1, 32, 345 MHz, 70.43 W, 0 %, 0 MiB
2026/09/27 10:06:12.892, 2, 31, 345 MHz, 69.74 W, 0 %, 0 MiB
2026/09/27 10:06:12.892, 3, 35, 345 MHz, 77.33 W, 0 %, 0 MiB
2026/09/27 10:06:12.892, 4, 36, 345 MHz, 74.28 W, 0 %, 0 MiB
2026/09/27 10:06:12.892, 5, 32, 345 MHz, 71.57 W, 0 %, 0 MiB
2026/09/27 10:06:12.892, 6, 35, 345 MHz, 75.49 W, 0 %, 0 MiB
2026/09/27 10:06:12.892, 7, 31, 345 MHz, 73.19 W, 0 %, 0 MiB
2026/09/27 10:06:14.893, 0, 35, 345 MHz, 72.71 W, 0 %, 0 MiB
2026/09/27 10:06:14.893, 1, 32, 345 MHz, 70.35 W, 0 %, 0 MiB
2026/09/27 10:06:14.893, 2, 31, 345 MHz, 69.72 W, 0 %, 0 MiB
2026/09/27 10:06:14.893, 3, 35, 345 MHz, 77.30 W, 0 %, 0 MiB
2026/09/27 10:06:14.893, 4, 36, 345 MHz, 74.29 W, 0 %, 0 MiB
2026/09/27 10:06:14.893, 5, 32, 345 MHz, 71.56 W, 0 %, 0 MiB
2026/09/27 10:06:14.893, 6, 35, 345 MHz, 75.52 W, 0 %, 0 MiB
2026/09/27 10:06:14.893, 7, 31, 345 MHz, 73.16 W, 0 %, 0 MiB
2026/09/27 10:06:16.893, 0, 35, 345 MHz, 72.64 W, 0 %, 0 MiB
2026/09/27 10:06:16.894, 1, 32, 345 MHz, 70.34 W, 0 %, 0 MiB
2026/09/27 10:06:16.894, 2, 31, 345 MHz, 69.72 W, 0 %, 0 MiB
2026/09/27 10:06:16.894, 3, 35, 345 MHz, 77.27 W, 0 %, 0 MiB
2026/09/27 10:06:16.894, 4, 36, 345 MHz, 74.22 W, 0 %, 0 MiB
2026/09/27 10:06:16.894, 5, 32, 345 MHz, 71.57 W, 0 %, 0 MiB
2026/09/27 10:06:16.894, 6, 35, 345 MHz, 75.45 W, 0 %, 0 MiB
2026/09/27 10:06:16.894, 7, 31, 345 MHz, 73.16 W, 0 %, 0 MiB
2026/09/27 10:06:18.894, 0, 35, 345 MHz, 72.63 W, 0 %, 0 MiB
2026/09/27 10:06:18.894, 1, 32, 345 MHz, 70.37 W, 0 %, 0 MiB
2026/09/27 10:06:18.895, 2, 31, 345 MHz, 69.71 W, 0 %, 0 MiB
2026/09/27 10:06:18.895, 3, 35, 345 MHz, 77.26 W, 0 %, 0 MiB
2026/09/27 10:06:18.895, 4, 36, 345 MHz, 74.22 W, 0 %, 0 MiB
2026/09/27 10:06:18.895, 5, 32, 345 MHz, 71.55 W, 0 %, 0 MiB
2026/09/27 10:06:18.895, 6, 34, 345 MHz, 75.43 W, 0 %, 0 MiB
2026/09/27 10:06:18.895, 7, 31, 345 MHz, 73.15 W, 0 %, 0 MiB
2026/09/27 10:06:20.895, 0, 35, 345 MHz, 72.65 W, 0 %, 0 MiB
2026/09/27 10:06:20.895, 1, 32, 345 MHz, 70.35 W, 0 %, 0 MiB
2026/09/27 10:06:20.895, 2, 31, 345 MHz, 69.71 W, 0 %, 0 MiB
2026/09/27 10:06:20.895, 3, 35, 345 MHz, 77.24 W, 0 %, 0 MiB
2026/09/27 10:06:20.895, 4, 36, 345 MHz, 74.23 W, 0 %, 0 MiB
2026/09/27 10:06:20.895, 5, 32, 345 MHz, 71.55 W, 0 %, 0 MiB
2026/09/27 10:06:20.896, 6, 34, 345 MHz, 75.42 W, 0 %, 0 MiB
2026/09/27 10:06:20.896, 7, 31, 345 MHz, 73.13 W, 0 %, 0 MiB
2026/09/27 10:06:22.896, 0, 35, 345 MHz, 72.59 W, 0 %, 0 MiB
2026/09/27 10:06:22.896, 1, 32, 345 MHz, 70.35 W, 0 %, 0 MiB
2026/09/27 10:06:22.896, 2, 31, 345 MHz, 69.71 W, 0 %, 0 MiB
2026/09/27 10:06:22.896, 3, 35, 345 MHz, 77.22 W, 0 %, 0 MiB
2026/09/27 10:06:22.896, 4, 36, 345 MHz, 74.19 W, 0 %, 0 MiB
2026/09/27 10:06:22.896, 5, 32, 345 MHz, 71.52 W, 0 %, 0 MiB
2026/09/27 10:06:22.896, 6, 34, 345 MHz, 75.39 W, 0 %, 0 MiB
2026/09/27 10:06:22.896, 7, 31, 345 MHz, 73.12 W, 0 %, 0 MiB
2026/09/27 10:06:24.896, 0, 35, 345 MHz, 72.57 W, 0 %, 0 MiB
2026/09/27 10:06:24.897, 1, 32, 345 MHz, 70.36 W, 0 %, 0 MiB
2026/09/27 10:06:24.897, 2, 31, 345 MHz, 69.70 W, 0 %, 0 MiB
2026/09/27 10:06:24.897, 3, 35, 345 MHz, 77.21 W, 0 %, 0 MiB
2026/09/27 10:06:24.897, 4, 36, 345 MHz, 74.17 W, 0 %, 0 MiB
2026/09/27 10:06:24.897, 5, 32, 345 MHz, 71.52 W, 0 %, 0 MiB
2026/09/27 10:06:24.897, 6, 34, 345 MHz, 75.33 W, 0 %, 0 MiB
2026/09/27 10:06:24.897, 7, 31, 345 MHz, 73.11 W, 0 %, 0 MiB
2026/09/27 10:06:26.897, 0, 35, 345 MHz, 72.52 W, 0 %, 0 MiB
2026/09/27 10:06:26.897, 1, 32, 345 MHz, 70.33 W, 0 %, 0 MiB
2026/09/27 10:06:26.897, 2, 31, 345 MHz, 69.69 W, 0 %, 0 MiB
2026/09/27 10:06:26.898, 3, 35, 345 MHz, 77.16 W, 0 %, 0 MiB
2026/09/27 10:06:26.898, 4, 36, 345 MHz, 74.35 W, 0 %, 0 MiB
2026/09/27 10:06:26.898, 5, 32, 345 MHz, 71.51 W, 0 %, 0 MiB
2026/09/27 10:06:26.898, 6, 34, 345 MHz, 75.31 W, 0 %, 0 MiB
2026/09/27 10:06:26.898, 7, 31, 345 MHz, 73.13 W, 0 %, 0 MiB
2026/09/27 10:06:28.898, 0, 35, 345 MHz, 72.54 W, 0 %, 0 MiB
2026/09/27 10:06:28.898, 1, 32, 345 MHz, 70.31 W, 0 %, 0 MiB
2026/09/27 10:06:28.898, 2, 31, 345 MHz, 69.68 W, 0 %, 0 MiB
2026/09/27 10:06:28.898, 3, 35, 345 MHz, 77.11 W, 0 %, 0 MiB
2026/09/27 10:06:28.898, 4, 36, 345 MHz, 74.30 W, 0 %, 0 MiB
2026/09/27 10:06:28.898, 5, 32, 345 MHz, 71.50 W, 0 %, 0 MiB
2026/09/27 10:06:28.898, 6, 34, 345 MHz, 75.33 W, 0 %, 0 MiB
2026/09/27 10:06:28.898, 7, 31, 345 MHz, 73.11 W, 0 %, 0 MiB
2026/09/27 10:06:30.898, 0, 35, 345 MHz, 72.49 W, 0 %, 0 MiB
2026/09/27 10:06:30.899, 1, 32, 345 MHz, 70.29 W, 0 %, 0 MiB
2026/09/27 10:06:30.899, 2, 31, 345 MHz, 69.66 W, 0 %, 0 MiB
2026/09/27 10:06:30.899, 3, 35, 345 MHz, 77.10 W, 0 %, 0 MiB
2026/09/27 10:06:30.899, 4, 36, 345 MHz, 74.21 W, 0 %, 0 MiB
2026/09/27 10:06:30.899, 5, 32, 345 MHz, 71.49 W, 0 %, 0 MiB
2026/09/27 10:06:30.899, 6, 34, 345 MHz, 75.36 W, 0 %, 0 MiB
2026/09/27 10:06:30.899, 7, 31, 345 MHz, 73.08 W, 0 %, 0 MiB
2026/09/27 10:06:32.899, 0, 35, 345 MHz, 72.52 W, 0 %, 0 MiB
2026/09/27 10:06:32.899, 1, 32, 345 MHz, 70.33 W, 0 %, 0 MiB
2026/09/27 10:06:32.899, 2, 31, 345 MHz, 69.65 W, 0 %, 0 MiB
2026/09/27 10:06:32.899, 3, 35, 345 MHz, 77.07 W, 0 %, 0 MiB
2026/09/27 10:06:32.899, 4, 36, 345 MHz, 74.28 W, 0 %, 0 MiB
2026/09/27 10:06:32.899, 5, 32, 345 MHz, 71.51 W, 0 %, 0 MiB
2026/09/27 10:06:32.899, 6, 34, 345 MHz, 75.29 W, 0 %, 0 MiB
2026/09/27 10:06:32.899, 7, 31, 345 MHz, 73.10 W, 0 %, 0 MiB
2026/09/27 10:06:34.899, 0, 35, 345 MHz, 72.47 W, 0 %, 0 MiB
2026/09/27 10:06:34.900, 1, 32, 345 MHz, 70.29 W, 0 %, 0 MiB
2026/09/27 10:06:34.900, 2, 31, 345 MHz, 69.66 W, 0 %, 0 MiB
2026/09/27 10:06:34.900, 3, 34, 345 MHz, 77.04 W, 0 %, 0 MiB
2026/09/27 10:06:34.900, 4, 35, 345 MHz, 74.26 W, 0 %, 0 MiB
2026/09/27 10:06:34.900, 5, 32, 345 MHz, 71.46 W, 0 %, 0 MiB
2026/09/27 10:06:34.900, 6, 34, 345 MHz, 75.26 W, 0 %, 0 MiB
2026/09/27 10:06:34.900, 7, 31, 345 MHz, 73.09 W, 0 %, 0 MiB
2026/09/27 10:06:36.900, 0, 35, 345 MHz, 72.45 W, 0 %, 0 MiB
2026/09/27 10:06:36.900, 1, 32, 345 MHz, 70.28 W, 0 %, 0 MiB
2026/09/27 10:06:36.900, 2, 31, 345 MHz, 69.67 W, 0 %, 0 MiB
2026/09/27 10:06:36.900, 3, 34, 345 MHz, 77.04 W, 0 %, 0 MiB
2026/09/27 10:06:36.901, 4, 35, 345 MHz, 74.21 W, 0 %, 0 MiB
2026/09/27 10:06:36.901, 5, 32, 345 MHz, 71.45 W, 0 %, 0 MiB
2026/09/27 10:06:36.901, 6, 34, 345 MHz, 75.20 W, 0 %, 0 MiB
2026/09/27 10:06:36.901, 7, 31, 345 MHz, 73.08 W, 0 %, 0 MiB
2026/09/27 10:06:38.901, 0, 35, 345 MHz, 72.47 W, 0 %, 0 MiB
2026/09/27 10:06:38.901, 1, 32, 345 MHz, 70.30 W, 0 %, 0 MiB
2026/09/27 10:06:38.901, 2, 31, 345 MHz, 69.64 W, 0 %, 0 MiB
2026/09/27 10:06:38.901, 3, 34, 345 MHz, 77.06 W, 0 %, 0 MiB
2026/09/27 10:06:38.901, 4, 35, 345 MHz, 74.23 W, 0 %, 0 MiB
2026/09/27 10:06:38.901, 5, 32, 345 MHz, 71.47 W, 0 %, 0 MiB
2026/09/27 10:06:38.901, 6, 34, 345 MHz, 75.19 W, 0 %, 0 MiB
2026/09/27 10:06:38.901, 7, 31, 345 MHz, 73.07 W, 0 %, 0 MiB
2026/09/27 10:06:40.901, 0, 34, 345 MHz, 72.44 W, 0 %, 0 MiB
2026/09/27 10:06:40.901, 1, 32, 345 MHz, 70.26 W, 0 %, 0 MiB
2026/09/27 10:06:40.901, 2, 31, 345 MHz, 69.68 W, 0 %, 0 MiB
2026/09/27 10:06:40.902, 3, 34, 345 MHz, 77.08 W, 0 %, 0 MiB
2026/09/27 10:06:40.902, 4, 35, 345 MHz, 74.18 W, 0 %, 0 MiB
2026/09/27 10:06:40.902, 5, 32, 345 MHz, 71.42 W, 0 %, 0 MiB
2026/09/27 10:06:40.902, 6, 34, 345 MHz, 75.19 W, 0 %, 0 MiB
2026/09/27 10:06:40.902, 7, 31, 345 MHz, 73.07 W, 0 %, 0 MiB
2026/09/27 10:06:42.902, 0, 34, 345 MHz, 72.41 W, 0 %, 0 MiB
2026/09/27 10:06:42.902, 1, 32, 345 MHz, 70.27 W, 0 %, 0 MiB
2026/09/27 10:06:42.902, 2, 31, 345 MHz, 69.64 W, 0 %, 0 MiB
2026/09/27 10:06:42.902, 3, 34, 345 MHz, 77.00 W, 0 %, 0 MiB
2026/09/27 10:06:42.902, 4, 35, 345 MHz, 74.19 W, 0 %, 0 MiB
2026/09/27 10:06:42.902, 5, 32, 345 MHz, 71.43 W, 0 %, 0 MiB
2026/09/27 10:06:42.902, 6, 34, 345 MHz, 75.20 W, 0 %, 0 MiB
2026/09/27 10:06:42.902, 7, 31, 345 MHz, 73.07 W, 0 %, 0 MiB
2026/09/27 10:06:44.902, 0, 34, 345 MHz, 72.40 W, 0 %, 0 MiB
2026/09/27 10:06:44.902, 1, 32, 345 MHz, 70.26 W, 0 %, 0 MiB
2026/09/27 10:06:44.902, 2, 31, 345 MHz, 69.66 W, 0 %, 0 MiB
2026/09/27 10:06:44.902, 3, 34, 345 MHz, 77.05 W, 0 %, 0 MiB
2026/09/27 10:06:44.902, 4, 35, 345 MHz, 74.15 W, 0 %, 0 MiB
2026/09/27 10:06:44.903, 5, 32, 345 MHz, 71.44 W, 0 %, 0 MiB
2026/09/27 10:06:44.903, 6, 34, 345 MHz, 75.21 W, 0 %, 0 MiB
2026/09/27 10:06:44.903, 7, 31, 345 MHz, 73.05 W, 0 %, 0 MiB
2026/09/27 10:06:46.903, 0, 34, 345 MHz, 72.44 W, 0 %, 0 MiB
2026/09/27 10:06:46.903, 1, 32, 345 MHz, 70.28 W, 0 %, 0 MiB
2026/09/27 10:06:46.903, 2, 31, 345 MHz, 69.65 W, 0 %, 0 MiB
2026/09/27 10:06:46.903, 3, 34, 345 MHz, 77.00 W, 0 %, 0 MiB
2026/09/27 10:06:46.903, 4, 35, 345 MHz, 74.16 W, 0 %, 0 MiB
2026/09/27 10:06:46.903, 5, 32, 345 MHz, 71.43 W, 0 %, 0 MiB
2026/09/27 10:06:46.903, 6, 34, 345 MHz, 75.18 W, 0 %, 0 MiB
2026/09/27 10:06:46.903, 7, 31, 345 MHz, 73.01 W, 0 %, 0 MiB
2026/09/27 10:06:48.903, 0, 34, 345 MHz, 72.40 W, 0 %, 0 MiB
2026/09/27 10:06:48.903, 1, 32, 345 MHz, 70.28 W, 0 %, 0 MiB
2026/09/27 10:06:48.903, 2, 31, 345 MHz, 69.65 W, 0 %, 0 MiB
2026/09/27 10:06:48.904, 3, 34, 345 MHz, 76.98 W, 0 %, 0 MiB
2026/09/27 10:06:48.904, 4, 35, 345 MHz, 74.16 W, 0 %, 0 MiB
2026/09/27 10:06:48.904, 5, 32, 345 MHz, 71.46 W, 0 %, 0 MiB
2026/09/27 10:06:48.904, 6, 34, 345 MHz, 75.14 W, 0 %, 0 MiB
2026/09/27 10:06:48.904, 7, 31, 345 MHz, 73.04 W, 0 %, 0 MiB
2026/09/27 10:06:50.904, 0, 34, 345 MHz, 72.39 W, 0 %, 0 MiB
2026/09/27 10:06:50.904, 1, 32, 345 MHz, 70.24 W, 0 %, 0 MiB
2026/09/27 10:06:50.904, 2, 31, 345 MHz, 69.63 W, 0 %, 0 MiB
2026/09/27 10:06:50.904, 3, 34, 345 MHz, 77.00 W, 0 %, 0 MiB
2026/09/27 10:06:50.904, 4, 35, 345 MHz, 74.14 W, 0 %, 0 MiB
2026/09/27 10:06:50.904, 5, 32, 345 MHz, 71.44 W, 0 %, 0 MiB
2026/09/27 10:06:50.904, 6, 34, 345 MHz, 75.15 W, 0 %, 0 MiB
2026/09/27 10:06:50.904, 7, 31, 345 MHz, 73.02 W, 0 %, 0 MiB
2026/09/27 10:06:52.904, 0, 34, 345 MHz, 72.37 W, 0 %, 1 MiB
2026/09/27 10:06:53.002, 1, 32, 345 MHz, 70.24 W, 0 %, 1 MiB
2026/09/27 10:06:53.002, 2, 31, 345 MHz, 69.66 W, 0 %, 1 MiB
2026/09/27 10:06:53.002, 3, 34, 345 MHz, 76.96 W, 0 %, 1 MiB
2026/09/27 10:06:53.002, 4, 35, 345 MHz, 74.13 W, 0 %, 1 MiB
2026/09/27 10:06:53.002, 5, 32, 345 MHz, 71.43 W, 0 %, 1 MiB
2026/09/27 10:06:53.002, 6, 34, 345 MHz, 75.14 W, 0 %, 1 MiB
2026/09/27 10:06:53.002, 7, 31, 345 MHz, 73.03 W, 0 %, 1 MiB
2026/09/27 10:06:55.003, 0, 34, 345 MHz, 72.38 W, 0 %, 4 MiB
2026/09/27 10:06:55.011, 1, 32, 345 MHz, 70.26 W, 0 %, 4 MiB
2026/09/27 10:06:55.012, 2, 31, 795 MHz, 72.67 W, 0 %, 4 MiB
2026/09/27 10:06:55.014, 3, 34, 345 MHz, 76.95 W, 0 %, 4 MiB
2026/09/27 10:06:55.016, 4, 35, 345 MHz, 74.14 W, 0 %, 4 MiB
2026/09/27 10:06:55.017, 5, 32, 795 MHz, 73.31 W, 0 %, 4 MiB
2026/09/27 10:06:55.018, 6, 34, 780 MHz, 76.02 W, 0 %, 4 MiB
2026/09/27 10:06:55.020, 7, 31, 345 MHz, 73.04 W, 0 %, 4 MiB
2026/09/27 10:06:57.022, 0, 36, 1980 MHz, 124.67 W, 0 %, 559 MiB
2026/09/27 10:06:57.022, 1, 33, 1980 MHz, 120.94 W, 0 %, 539 MiB
2026/09/27 10:06:57.022, 2, 32, 1980 MHz, 116.47 W, 0 %, 539 MiB
2026/09/27 10:06:57.022, 3, 35, 1980 MHz, 125.61 W, 0 %, 539 MiB
2026/09/27 10:06:57.022, 4, 36, 1980 MHz, 126.39 W, 0 %, 539 MiB
2026/09/27 10:06:57.023, 5, 33, 1980 MHz, 121.57 W, 0 %, 539 MiB
2026/09/27 10:06:57.023, 6, 35, 1980 MHz, 128.60 W, 0 %, 539 MiB
2026/09/27 10:06:57.023, 7, 32, 1980 MHz, 127.29 W, 0 %, 539 MiB
2026/09/27 10:06:59.023, 0, 36, 1980 MHz, 123.05 W, 0 %, 559 MiB
2026/09/27 10:06:59.023, 1, 33, 1980 MHz, 119.30 W, 0 %, 539 MiB
2026/09/27 10:06:59.023, 2, 32, 1980 MHz, 114.99 W, 0 %, 539 MiB
2026/09/27 10:06:59.023, 3, 35, 1980 MHz, 124.16 W, 0 %, 539 MiB
2026/09/27 10:06:59.024, 4, 37, 1980 MHz, 124.55 W, 0 %, 539 MiB
2026/09/27 10:06:59.024, 5, 33, 1980 MHz, 119.63 W, 0 %, 539 MiB
2026/09/27 10:06:59.024, 6, 35, 1980 MHz, 127.27 W, 0 %, 539 MiB
2026/09/27 10:06:59.024, 7, 32, 1980 MHz, 125.19 W, 0 %, 539 MiB
2026/09/27 10:07:01.024, 0, 36, 1980 MHz, 123.14 W, 0 %, 559 MiB
2026/09/27 10:07:01.024, 1, 33, 1980 MHz, 119.05 W, 0 %, 539 MiB
2026/09/27 10:07:01.024, 2, 32, 1980 MHz, 115.05 W, 0 %, 539 MiB
2026/09/27 10:07:01.024, 3, 36, 1980 MHz, 124.21 W, 0 %, 539 MiB
2026/09/27 10:07:01.025, 4, 37, 1980 MHz, 124.63 W, 0 %, 539 MiB
2026/09/27 10:07:01.025, 5, 34, 1980 MHz, 119.65 W, 0 %, 539 MiB
2026/09/27 10:07:01.025, 6, 35, 1980 MHz, 127.39 W, 0 %, 539 MiB
2026/09/27 10:07:01.025, 7, 32, 1980 MHz, 125.23 W, 0 %, 539 MiB
2026/09/27 10:07:03.025, 0, 36, 1980 MHz, 123.17 W, 0 %, 559 MiB
2026/09/27 10:07:03.025, 1, 33, 1980 MHz, 118.63 W, 0 %, 539 MiB
2026/09/27 10:07:03.025, 2, 32, 1980 MHz, 115.11 W, 0 %, 539 MiB
2026/09/27 10:07:03.025, 3, 36, 1980 MHz, 124.24 W, 0 %, 539 MiB
2026/09/27 10:07:03.025, 4, 37, 1980 MHz, 124.67 W, 0 %, 539 MiB
2026/09/27 10:07:03.026, 5, 34, 1980 MHz, 119.72 W, 0 %, 539 MiB
2026/09/27 10:07:03.026, 6, 35, 1980 MHz, 127.38 W, 0 %, 539 MiB
2026/09/27 10:07:03.026, 7, 32, 1980 MHz, 125.21 W, 0 %, 539 MiB
2026/09/27 10:07:05.026, 0, 36, 1980 MHz, 123.22 W, 0 %, 559 MiB
2026/09/27 10:07:05.026, 1, 33, 1980 MHz, 118.68 W, 0 %, 539 MiB
2026/09/27 10:07:05.026, 2, 32, 1980 MHz, 115.13 W, 0 %, 539 MiB
2026/09/27 10:07:05.026, 3, 36, 1980 MHz, 124.29 W, 0 %, 539 MiB
2026/09/27 10:07:05.027, 4, 37, 1980 MHz, 124.69 W, 0 %, 539 MiB
2026/09/27 10:07:05.027, 5, 34, 1980 MHz, 119.81 W, 0 %, 539 MiB
2026/09/27 10:07:05.027, 6, 35, 1980 MHz, 127.43 W, 0 %, 539 MiB
2026/09/27 10:07:05.027, 7, 32, 1980 MHz, 125.28 W, 0 %, 539 MiB
2026/09/27 10:07:07.027, 0, 36, 1980 MHz, 123.21 W, 0 %, 73535 MiB
2026/09/27 10:07:07.027, 1, 33, 1980 MHz, 118.44 W, 0 %, 73515 MiB
2026/09/27 10:07:07.027, 2, 32, 1980 MHz, 115.03 W, 0 %, 73515 MiB
2026/09/27 10:07:07.027, 3, 36, 1980 MHz, 124.29 W, 0 %, 73515 MiB
2026/09/27 10:07:07.027, 4, 37, 1980 MHz, 124.65 W, 0 %, 73515 MiB
2026/09/27 10:07:07.027, 5, 34, 1980 MHz, 119.74 W, 0 %, 73515 MiB
2026/09/27 10:07:07.027, 6, 35, 1980 MHz, 127.38 W, 0 %, 73515 MiB
2026/09/27 10:07:07.027, 7, 33, 1980 MHz, 125.21 W, 0 %, 73515 MiB
2026/09/27 10:07:09.028, 0, 36, 1980 MHz, 123.39 W, 0 %, 73539 MiB
2026/09/27 10:07:09.028, 1, 33, 1980 MHz, 118.17 W, 0 %, 73519 MiB
2026/09/27 10:07:09.028, 2, 32, 1980 MHz, 115.47 W, 0 %, 73519 MiB
2026/09/27 10:07:09.028, 3, 36, 1980 MHz, 125.18 W, 0 %, 73519 MiB
2026/09/27 10:07:09.028, 4, 37, 1980 MHz, 125.04 W, 9 %, 73713 MiB
2026/09/27 10:07:09.028, 5, 34, 1980 MHz, 119.93 W, 0 %, 73519 MiB
2026/09/27 10:07:09.028, 6, 35, 1980 MHz, 127.78 W, 7 %, 73713 MiB
2026/09/27 10:07:09.028, 7, 33, 1980 MHz, 126.14 W, 0 %, 73587 MiB
2026/09/27 10:07:11.028, 0, 36, 1980 MHz, 127.07 W, 1 %, 74459 MiB
2026/09/27 10:07:11.029, 1, 34, 1980 MHz, 121.94 W, 4 %, 74441 MiB
2026/09/27 10:07:11.029, 2, 32, 1980 MHz, 118.88 W, 2 %, 74441 MiB
2026/09/27 10:07:11.029, 3, 36, 1980 MHz, 128.02 W, 0 %, 74441 MiB
2026/09/27 10:07:11.029, 4, 37, 1980 MHz, 129.23 W, 6 %, 74441 MiB
2026/09/27 10:07:11.029, 5, 34, 1980 MHz, 122.85 W, 5 %, 74441 MiB
2026/09/27 10:07:11.029, 6, 36, 1980 MHz, 130.59 W, 0 %, 74441 MiB
2026/09/27 10:07:11.029, 7, 33, 1980 MHz, 129.96 W, 6 %, 74441 MiB
2026/09/27 10:07:13.029, 0, 44, 1980 MHz, 302.48 W, 100 %, 75163 MiB
2026/09/27 10:07:13.029, 1, 41, 1980 MHz, 280.88 W, 100 %, 75529 MiB
2026/09/27 10:07:13.029, 2, 40, 1980 MHz, 286.97 W, 100 %, 75529 MiB
2026/09/27 10:07:13.029, 3, 43, 1980 MHz, 277.99 W, 100 %, 75529 MiB
2026/09/27 10:07:13.029, 4, 44, 1980 MHz, 303.61 W, 100 %, 75529 MiB
2026/09/27 10:07:13.029, 5, 42, 1980 MHz, 261.83 W, 100 %, 75529 MiB
2026/09/27 10:07:13.029, 6, 43, 1980 MHz, 283.52 W, 100 %, 75529 MiB
2026/09/27 10:07:13.029, 7, 41, 1980 MHz, 302.44 W, 100 %, 75145 MiB
2026/09/27 10:07:15.029, 0, 48, 1980 MHz, 532.88 W, 100 %, 75163 MiB
2026/09/27 10:07:15.029, 1, 44, 1980 MHz, 513.46 W, 100 %, 75529 MiB
2026/09/27 10:07:15.029, 2, 42, 1980 MHz, 510.14 W, 100 %, 75529 MiB
2026/09/27 10:07:15.029, 3, 46, 1980 MHz, 523.00 W, 100 %, 75529 MiB
2026/09/27 10:07:15.029, 4, 47, 1980 MHz, 520.53 W, 100 %, 75529 MiB
2026/09/27 10:07:15.029, 5, 44, 1980 MHz, 511.08 W, 100 %, 75529 MiB
2026/09/27 10:07:15.030, 6, 46, 1980 MHz, 526.71 W, 100 %, 75529 MiB
2026/09/27 10:07:15.030, 7, 44, 1980 MHz, 544.56 W, 100 %, 75145 MiB
2026/09/27 10:07:17.030, 0, 49, 1980 MHz, 533.84 W, 100 %, 75163 MiB
2026/09/27 10:07:17.030, 1, 45, 1980 MHz, 515.88 W, 100 %, 75529 MiB
2026/09/27 10:07:17.030, 2, 43, 1980 MHz, 510.89 W, 100 %, 75529 MiB
2026/09/27 10:07:17.030, 3, 47, 1980 MHz, 524.91 W, 100 %, 75529 MiB
2026/09/27 10:07:17.030, 4, 48, 1980 MHz, 526.23 W, 100 %, 75529 MiB
2026/09/27 10:07:17.030, 5, 46, 1980 MHz, 514.84 W, 100 %, 75529 MiB
2026/09/27 10:07:17.030, 6, 47, 1980 MHz, 527.05 W, 100 %, 75529 MiB
2026/09/27 10:07:17.030, 7, 45, 1980 MHz, 542.83 W, 100 %, 75145 MiB
2026/09/27 10:07:19.030, 0, 50, 1980 MHz, 533.38 W, 100 %, 75163 MiB
2026/09/27 10:07:19.030, 1, 46, 1980 MHz, 514.22 W, 94 %, 75529 MiB
2026/09/27 10:07:19.030, 2, 45, 1980 MHz, 511.06 W, 94 %, 75529 MiB
2026/09/27 10:07:19.030, 3, 48, 1980 MHz, 524.81 W, 100 %, 75529 MiB
2026/09/27 10:07:19.030, 4, 49, 1980 MHz, 523.01 W, 94 %, 75529 MiB
2026/09/27 10:07:19.030, 5, 47, 1980 MHz, 513.23 W, 94 %, 75529 MiB
2026/09/27 10:07:19.030, 6, 48, 1980 MHz, 526.84 W, 100 %, 75529 MiB
2026/09/27 10:07:19.030, 7, 46, 1980 MHz, 542.11 W, 94 %, 75145 MiB
2026/09/27 10:07:21.030, 0, 51, 1980 MHz, 536.71 W, 100 %, 75163 MiB
2026/09/27 10:07:21.031, 1, 47, 1980 MHz, 517.81 W, 100 %, 75529 MiB
2026/09/27 10:07:21.031, 2, 45, 1980 MHz, 513.33 W, 100 %, 75529 MiB
2026/09/27 10:07:21.031, 3, 49, 1980 MHz, 526.72 W, 100 %, 75529 MiB
2026/09/27 10:07:21.031, 4, 50, 1980 MHz, 527.32 W, 100 %, 75529 MiB
2026/09/27 10:07:21.031, 5, 48, 1980 MHz, 522.10 W, 100 %, 75529 MiB
2026/09/27 10:07:21.031, 6, 49, 1980 MHz, 531.73 W, 100 %, 75529 MiB
2026/09/27 10:07:21.031, 7, 47, 1980 MHz, 544.73 W, 100 %, 75145 MiB
2026/09/27 10:07:23.031, 0, 42, 1980 MHz, 131.44 W, 0 %, 75165 MiB
2026/09/27 10:07:23.031, 1, 39, 1980 MHz, 123.96 W, 4 %, 75547 MiB
2026/09/27 10:07:23.031, 2, 37, 1980 MHz, 119.13 W, 0 %, 75529 MiB
2026/09/27 10:07:23.031, 3, 41, 1980 MHz, 130.61 W, 0 %, 75529 MiB
2026/09/27 10:07:23.031, 4, 42, 1980 MHz, 134.74 W, 0 %, 75529 MiB
2026/09/27 10:07:23.031, 5, 39, 1980 MHz, 128.01 W, 0 %, 75529 MiB
2026/09/27 10:07:23.031, 6, 41, 1980 MHz, 133.52 W, 0 %, 75529 MiB
2026/09/27 10:07:23.031, 7, 38, 1980 MHz, 128.82 W, 0 %, 75145 MiB
2026/09/27 10:07:25.031, 0, 41, 1980 MHz, 128.25 W, 0 %, 75167 MiB
2026/09/27 10:07:25.031, 1, 38, 1980 MHz, 120.21 W, 0 %, 75549 MiB
2026/09/27 10:07:25.031, 2, 36, 1980 MHz, 117.92 W, 0 %, 75549 MiB
2026/09/27 10:07:25.031, 3, 41, 1980 MHz, 130.70 W, 0 %, 75549 MiB
2026/09/27 10:07:25.031, 4, 42, 1980 MHz, 130.57 W, 0 %, 75549 MiB
2026/09/27 10:07:25.031, 5, 38, 1980 MHz, 122.51 W, 0 %, 75547 MiB
2026/09/27 10:07:25.031, 6, 40, 1980 MHz, 131.68 W, 0 %, 75531 MiB
2026/09/27 10:07:25.031, 7, 37, 1980 MHz, 127.65 W, 0 %, 75147 MiB
2026/09/27 10:07:27.032, 0, 41, 1980 MHz, 128.24 W, 0 %, 75167 MiB
2026/09/27 10:07:27.032, 1, 37, 1980 MHz, 119.99 W, 0 %, 75549 MiB
2026/09/27 10:07:27.032, 2, 36, 1980 MHz, 117.69 W, 0 %, 75549 MiB
2026/09/27 10:07:27.032, 3, 40, 1980 MHz, 128.76 W, 0 %, 75549 MiB
2026/09/27 10:07:27.032, 4, 41, 1980 MHz, 128.59 W, 0 %, 75549 MiB
2026/09/27 10:07:27.032, 5, 38, 1980 MHz, 122.13 W, 0 %, 75549 MiB
2026/09/27 10:07:27.032, 6, 40, 1980 MHz, 131.47 W, 0 %, 75549 MiB
2026/09/27 10:07:27.032, 7, 36, 1980 MHz, 129.40 W, 0 %, 75165 MiB
2026/09/27 10:07:29.032, 0, 41, 1980 MHz, 127.87 W, 0 %, 75167 MiB
2026/09/27 10:07:29.032, 1, 37, 1980 MHz, 119.84 W, 0 %, 75549 MiB
2026/09/27 10:07:29.032, 2, 35, 1980 MHz, 118.91 W, 0 %, 75549 MiB
2026/09/27 10:07:29.032, 3, 40, 1980 MHz, 130.72 W, 0 %, 75549 MiB
2026/09/27 10:07:29.032, 4, 41, 1980 MHz, 129.62 W, 0 %, 75549 MiB
2026/09/27 10:07:29.033, 5, 37, 1980 MHz, 121.93 W, 0 %, 75549 MiB
2026/09/27 10:07:29.033, 6, 40, 1980 MHz, 131.25 W, 0 %, 75549 MiB
2026/09/27 10:07:29.033, 7, 36, 1980 MHz, 127.23 W, 0 %, 75165 MiB
2026/09/27 10:07:31.033, 0, 41, 1980 MHz, 128.61 W, 0 %, 75167 MiB
2026/09/27 10:07:31.033, 1, 37, 1980 MHz, 119.75 W, 0 %, 75549 MiB
2026/09/27 10:07:31.033, 2, 35, 1980 MHz, 117.43 W, 0 %, 75549 MiB
2026/09/27 10:07:31.033, 3, 40, 1980 MHz, 128.61 W, 0 %, 75549 MiB
2026/09/27 10:07:31.033, 4, 41, 1980 MHz, 128.36 W, 0 %, 75549 MiB
2026/09/27 10:07:31.033, 5, 37, 1980 MHz, 121.84 W, 0 %, 75549 MiB
2026/09/27 10:07:31.033, 6, 40, 1980 MHz, 132.53 W, 0 %, 75549 MiB
2026/09/27 10:07:31.033, 7, 36, 1980 MHz, 129.32 W, 0 %, 75165 MiB
2026/09/27 10:07:33.033, 0, 41, 1980 MHz, 127.76 W, 0 %, 75167 MiB
2026/09/27 10:07:33.033, 1, 37, 1980 MHz, 119.63 W, 0 %, 75549 MiB
2026/09/27 10:07:33.033, 2, 35, 1980 MHz, 118.58 W, 0 %, 75549 MiB
2026/09/27 10:07:33.033, 3, 40, 1980 MHz, 130.95 W, 0 %, 75549 MiB
2026/09/27 10:07:33.033, 4, 41, 1980 MHz, 130.44 W, 0 %, 75549 MiB
2026/09/27 10:07:33.033, 5, 37, 1980 MHz, 121.73 W, 0 %, 75549 MiB
2026/09/27 10:07:33.033, 6, 40, 1980 MHz, 131.15 W, 0 %, 75549 MiB
2026/09/27 10:07:33.033, 7, 36, 1980 MHz, 127.06 W, 0 %, 75165 MiB
2026/09/27 10:07:35.034, 0, 41, 1980 MHz, 129.93 W, 0 %, 75167 MiB
2026/09/27 10:07:35.034, 1, 36, 1980 MHz, 121.84 W, 3 %, 75549 MiB
2026/09/27 10:07:35.034, 2, 35, 1980 MHz, 118.94 W, 12 %, 75549 MiB
2026/09/27 10:07:35.034, 3, 40, 1980 MHz, 129.50 W, 7 %, 75549 MiB
2026/09/27 10:07:35.034, 4, 41, 1980 MHz, 128.24 W, 0 %, 75549 MiB
2026/09/27 10:07:35.034, 5, 37, 1980 MHz, 121.54 W, 0 %, 75549 MiB
2026/09/27 10:07:35.034, 6, 40, 1980 MHz, 131.06 W, 0 %, 75549 MiB
2026/09/27 10:07:35.034, 7, 36, 1980 MHz, 129.04 W, 0 %, 75165 MiB
2026/09/27 10:07:37.034, 0, 40, 1980 MHz, 128.30 W, 0 %, 75167 MiB
2026/09/27 10:07:37.034, 1, 36, 1980 MHz, 119.49 W, 0 %, 75549 MiB
2026/09/27 10:07:37.034, 2, 35, 1980 MHz, 117.19 W, 0 %, 75549 MiB
2026/09/27 10:07:37.034, 3, 40, 1980 MHz, 130.28 W, 0 %, 75549 MiB
2026/09/27 10:07:37.034, 4, 41, 1980 MHz, 130.03 W, 0 %, 75549 MiB
2026/09/27 10:07:37.035, 5, 37, 1980 MHz, 123.16 W, 0 %, 75549 MiB
2026/09/27 10:07:37.035, 6, 40, 1980 MHz, 132.90 W, 0 %, 75549 MiB
2026/09/27 10:07:37.035, 7, 35, 1980 MHz, 128.93 W, 2 %, 75165 MiB
2026/09/27 10:07:39.035, 0, 40, 1980 MHz, 127.52 W, 0 %, 75167 MiB
2026/09/27 10:07:39.035, 1, 36, 1980 MHz, 119.39 W, 0 %, 75549 MiB
2026/09/27 10:07:39.035, 2, 35, 1980 MHz, 117.11 W, 0 %, 75549 MiB
2026/09/27 10:07:39.035, 3, 40, 1980 MHz, 130.26 W, 0 %, 75549 MiB
2026/09/27 10:07:39.035, 4, 41, 1980 MHz, 129.97 W, 12 %, 75549 MiB
2026/09/27 10:07:39.035, 5, 37, 1980 MHz, 121.46 W, 0 %, 75549 MiB
2026/09/27 10:07:39.035, 6, 39, 1980 MHz, 130.95 W, 0 %, 75549 MiB
2026/09/27 10:07:39.035, 7, 35, 1980 MHz, 126.86 W, 0 %, 75165 MiB
2026/09/27 10:07:41.035, 0, 40, 1980 MHz, 127.58 W, 0 %, 75167 MiB
2026/09/27 10:07:41.035, 1, 36, 1980 MHz, 119.39 W, 0 %, 75549 MiB
2026/09/27 10:07:41.035, 2, 34, 1980 MHz, 117.04 W, 0 %, 75549 MiB
2026/09/27 10:07:41.035, 3, 40, 1980 MHz, 128.34 W, 0 %, 75549 MiB
2026/09/27 10:07:41.035, 4, 41, 1980 MHz, 128.06 W, 0 %, 75549 MiB
2026/09/27 10:07:41.035, 5, 36, 1980 MHz, 121.38 W, 0 %, 75549 MiB
2026/09/27 10:07:41.035, 6, 39, 1980 MHz, 130.87 W, 0 %, 75549 MiB
2026/09/27 10:07:41.035, 7, 35, 1980 MHz, 128.50 W, 0 %, 75165 MiB
2026/09/27 10:07:43.036, 0, 40, 1980 MHz, 127.43 W, 0 %, 75167 MiB
2026/09/27 10:07:43.036, 1, 36, 1980 MHz, 119.32 W, 0 %, 75549 MiB
2026/09/27 10:07:43.036, 2, 34, 1980 MHz, 116.94 W, 0 %, 75549 MiB
2026/09/27 10:07:43.036, 3, 40, 1980 MHz, 128.26 W, 0 %, 75549 MiB
2026/09/27 10:07:43.036, 4, 41, 1980 MHz, 128.10 W, 0 %, 75549 MiB
2026/09/27 10:07:43.036, 5, 36, 1980 MHz, 121.37 W, 4 %, 75549 MiB
2026/09/27 10:07:43.036, 6, 39, 1980 MHz, 130.78 W, 0 %, 75549 MiB
2026/09/27 10:07:43.036, 7, 35, 1980 MHz, 126.66 W, 0 %, 75165 MiB
2026/09/27 10:07:45.036, 0, 40, 1980 MHz, 127.50 W, 5 %, 75167 MiB
2026/09/27 10:07:45.036, 1, 36, 1980 MHz, 119.32 W, 0 %, 75549 MiB
2026/09/27 10:07:45.036, 2, 34, 1980 MHz, 116.88 W, 0 %, 75549 MiB
2026/09/27 10:07:45.036, 3, 40, 1980 MHz, 128.30 W, 0 %, 75549 MiB
2026/09/27 10:07:45.036, 4, 41, 1980 MHz, 128.01 W, 0 %, 75549 MiB
2026/09/27 10:07:45.036, 5, 36, 1980 MHz, 121.26 W, 0 %, 75549 MiB
2026/09/27 10:07:45.036, 6, 39, 1980 MHz, 130.87 W, 0 %, 75549 MiB
2026/09/27 10:07:45.036, 7, 35, 1980 MHz, 126.68 W, 0 %, 75165 MiB
2026/09/27 10:07:47.036, 0, 40, 1980 MHz, 127.30 W, 0 %, 75167 MiB
2026/09/27 10:07:47.036, 1, 36, 1980 MHz, 119.20 W, 0 %, 75549 MiB
2026/09/27 10:07:47.037, 2, 34, 1980 MHz, 116.83 W, 0 %, 75549 MiB
2026/09/27 10:07:47.037, 3, 40, 1980 MHz, 128.23 W, 0 %, 75549 MiB
2026/09/27 10:07:47.037, 4, 41, 1980 MHz, 127.97 W, 0 %, 75549 MiB
2026/09/27 10:07:47.037, 5, 36, 1980 MHz, 121.25 W, 5 %, 75549 MiB
2026/09/27 10:07:47.037, 6, 39, 1980 MHz, 130.71 W, 0 %, 75549 MiB
2026/09/27 10:07:47.037, 7, 35, 1980 MHz, 126.56 W, 0 %, 75165 MiB
2026/09/27 10:07:49.037, 0, 40, 1980 MHz, 127.28 W, 0 %, 75167 MiB
2026/09/27 10:07:49.037, 1, 36, 1980 MHz, 119.24 W, 0 %, 75549 MiB
2026/09/27 10:07:49.037, 2, 34, 1980 MHz, 116.88 W, 7 %, 75549 MiB
2026/09/27 10:07:49.037, 3, 39, 1980 MHz, 128.08 W, 0 %, 75549 MiB
2026/09/27 10:07:49.037, 4, 40, 1980 MHz, 127.85 W, 0 %, 75549 MiB
2026/09/27 10:07:49.037, 5, 36, 1980 MHz, 121.11 W, 0 %, 75549 MiB
2026/09/27 10:07:49.037, 6, 39, 1980 MHz, 130.59 W, 0 %, 75549 MiB
2026/09/27 10:07:49.037, 7, 35, 1980 MHz, 126.53 W, 0 %, 75165 MiB
2026/09/27 10:07:51.037, 0, 40, 1980 MHz, 127.14 W, 0 %, 75167 MiB
2026/09/27 10:07:51.038, 1, 36, 1980 MHz, 119.04 W, 0 %, 75549 MiB
2026/09/27 10:07:51.038, 2, 34, 1980 MHz, 116.73 W, 0 %, 75549 MiB
2026/09/27 10:07:51.038, 3, 39, 1980 MHz, 127.99 W, 0 %, 75549 MiB
2026/09/27 10:07:51.038, 4, 40, 1980 MHz, 127.74 W, 0 %, 75549 MiB
2026/09/27 10:07:51.038, 5, 36, 1980 MHz, 121.04 W, 0 %, 75549 MiB
2026/09/27 10:07:51.038, 6, 39, 1980 MHz, 130.64 W, 0 %, 75549 MiB
2026/09/27 10:07:51.038, 7, 35, 1980 MHz, 126.50 W, 4 %, 75165 MiB
2026/09/27 10:07:53.038, 0, 40, 1980 MHz, 127.10 W, 0 %, 75167 MiB
2026/09/27 10:07:53.038, 1, 35, 1980 MHz, 119.04 W, 0 %, 75549 MiB
2026/09/27 10:07:53.038, 2, 34, 1980 MHz, 116.14 W, 0 %, 75549 MiB
2026/09/27 10:07:53.038, 3, 39, 1980 MHz, 128.02 W, 0 %, 75549 MiB
2026/09/27 10:07:53.038, 4, 40, 1980 MHz, 127.75 W, 0 %, 75549 MiB
2026/09/27 10:07:53.038, 5, 36, 1980 MHz, 120.93 W, 0 %, 75549 MiB
2026/09/27 10:07:53.038, 6, 39, 1980 MHz, 130.46 W, 0 %, 75549 MiB
2026/09/27 10:07:53.038, 7, 35, 1980 MHz, 126.39 W, 0 %, 75165 MiB
2026/09/27 10:07:55.039, 0, 40, 1980 MHz, 127.18 W, 0 %, 75167 MiB
2026/09/27 10:07:55.039, 1, 35, 1980 MHz, 119.11 W, 0 %, 75549 MiB
2026/09/27 10:07:55.039, 2, 34, 1980 MHz, 116.15 W, 0 %, 75549 MiB
2026/09/27 10:07:55.039, 3, 39, 1980 MHz, 127.98 W, 0 %, 75549 MiB
2026/09/27 10:07:55.039, 4, 40, 1980 MHz, 127.72 W, 0 %, 75549 MiB
2026/09/27 10:07:55.039, 5, 36, 1980 MHz, 120.99 W, 7 %, 75549 MiB
2026/09/27 10:07:55.039, 6, 39, 1980 MHz, 130.55 W, 7 %, 75549 MiB
2026/09/27 10:07:55.039, 7, 35, 1980 MHz, 126.41 W, 0 %, 75165 MiB
2026/09/27 10:07:57.039, 0, 40, 1980 MHz, 127.14 W, 0 %, 75167 MiB
2026/09/27 10:07:57.039, 1, 35, 1980 MHz, 119.07 W, 0 %, 75549 MiB
2026/09/27 10:07:57.039, 2, 34, 1980 MHz, 116.13 W, 0 %, 75549 MiB
2026/09/27 10:07:57.039, 3, 39, 1980 MHz, 127.97 W, 0 %, 75549 MiB
2026/09/27 10:07:57.039, 4, 40, 1980 MHz, 127.69 W, 2 %, 75549 MiB
2026/09/27 10:07:57.039, 5, 36, 1980 MHz, 120.94 W, 0 %, 75549 MiB
2026/09/27 10:07:57.039, 6, 39, 1980 MHz, 130.42 W, 0 %, 75549 MiB
2026/09/27 10:07:57.040, 7, 35, 1980 MHz, 126.45 W, 0 %, 75165 MiB
2026/09/27 10:07:59.040, 0, 40, 1980 MHz, 127.00 W, 0 %, 2197 MiB
2026/09/27 10:07:59.040, 1, 35, 1980 MHz, 118.97 W, 0 %, 75549 MiB
2026/09/27 10:07:59.040, 2, 34, 1980 MHz, 116.00 W, 0 %, 75549 MiB
2026/09/27 10:07:59.040, 3, 39, 1980 MHz, 127.84 W, 0 %, 75549 MiB
2026/09/27 10:07:59.040, 4, 40, 1980 MHz, 127.57 W, 0 %, 75549 MiB
2026/09/27 10:07:59.040, 5, 36, 1980 MHz, 120.94 W, 0 %, 75549 MiB
2026/09/27 10:07:59.040, 6, 39, 1980 MHz, 130.42 W, 0 %, 75549 MiB
2026/09/27 10:07:59.040, 7, 34, 1980 MHz, 126.43 W, 0 %, 75165 MiB
2026/09/27 10:08:01.040, 0, 40, 1980 MHz, 129.16 W, 0 %, 2188 MiB
2026/09/27 10:08:01.040, 1, 35, 1980 MHz, 120.97 W, 2 %, 2571 MiB
2026/09/27 10:08:01.041, 2, 34, 1980 MHz, 117.90 W, 1 %, 2571 MiB
2026/09/27 10:08:01.041, 3, 39, 1980 MHz, 129.57 W, 0 %, 2571 MiB
2026/09/27 10:08:01.042, 4, 40, 1980 MHz, 129.46 W, 0 %, 2571 MiB
2026/09/27 10:08:01.042, 5, 36, 1980 MHz, 122.33 W, 2 %, 2571 MiB
2026/09/27 10:08:01.042, 6, 39, 1980 MHz, 133.96 W, 0 %, 2571 MiB
2026/09/27 10:08:01.042, 7, 35, 1980 MHz, 133.53 W, 1 %, 2187 MiB
2026/09/27 10:08:03.042, 0, 40, 1980 MHz, 131.59 W, 0 %, 4 MiB
2026/09/27 10:08:03.054, 1, 35, 1980 MHz, 123.33 W, 0 %, 1 MiB
2026/09/27 10:08:03.160, 2, 34, 1980 MHz, 120.26 W, 0 %, 1 MiB
2026/09/27 10:08:03.160, 3, 38, 405 MHz, 113.39 W, 0 %, 1 MiB
2026/09/27 10:08:03.160, 4, 40, 1980 MHz, 131.92 W, 0 %, 1 MiB
2026/09/27 10:08:03.160, 5, 36, 1980 MHz, 125.15 W, 0 %, 1 MiB
2026/09/27 10:08:03.160, 6, 39, 1980 MHz, 134.79 W, 0 %, 1 MiB
2026/09/27 10:08:03.160, 7, 35, 1980 MHz, 130.92 W, 0 %, 1 MiB
2026/09/27 10:08:05.160, 0, 38, 345 MHz, 73.50 W, 0 %, 4 MiB
2026/09/27 10:08:05.174, 1, 34, 345 MHz, 72.88 W, 0 %, 4 MiB
2026/09/27 10:08:05.175, 2, 32, 780 MHz, 73.07 W, 0 %, 4 MiB
2026/09/27 10:08:05.177, 3, 38, 345 MHz, 77.77 W, 0 %, 4 MiB
2026/09/27 10:08:05.179, 4, 39, 345 MHz, 74.99 W, 0 %, 4 MiB
2026/09/27 10:08:05.179, 5, 34, 345 MHz, 72.18 W, 0 %, 4 MiB
2026/09/27 10:08:05.179, 6, 37, 345 MHz, 76.66 W, 0 %, 4 MiB
2026/09/27 10:08:05.179, 7, 33, 345 MHz, 73.69 W, 0 %, 4 MiB
2026/09/27 10:08:07.179, 0, 39, 1980 MHz, 125.74 W, 0 %, 559 MiB
2026/09/27 10:08:07.179, 1, 35, 1980 MHz, 121.23 W, 0 %, 539 MiB
2026/09/27 10:08:07.179, 2, 33, 1980 MHz, 117.20 W, 0 %, 539 MiB
2026/09/27 10:08:07.180, 3, 39, 1980 MHz, 127.96 W, 0 %, 539 MiB
2026/09/27 10:08:07.180, 4, 40, 1980 MHz, 128.17 W, 0 %, 539 MiB
2026/09/27 10:08:07.180, 5, 35, 1980 MHz, 121.35 W, 0 %, 539 MiB
2026/09/27 10:08:07.180, 6, 38, 1980 MHz, 128.51 W, 0 %, 539 MiB
2026/09/27 10:08:07.180, 7, 34, 1980 MHz, 127.00 W, 0 %, 539 MiB
2026/09/27 10:08:09.180, 0, 39, 1980 MHz, 125.25 W, 0 %, 559 MiB
2026/09/27 10:08:09.180, 1, 35, 1980 MHz, 120.92 W, 0 %, 539 MiB
2026/09/27 10:08:09.180, 2, 33, 1980 MHz, 116.72 W, 0 %, 539 MiB
2026/09/27 10:08:09.180, 3, 39, 1980 MHz, 127.55 W, 0 %, 539 MiB
2026/09/27 10:08:09.181, 4, 40, 1980 MHz, 127.31 W, 0 %, 539 MiB
2026/09/27 10:08:09.181, 5, 35, 1980 MHz, 120.72 W, 0 %, 539 MiB
2026/09/27 10:08:09.181, 6, 38, 1980 MHz, 127.75 W, 0 %, 539 MiB
2026/09/27 10:08:09.181, 7, 34, 1980 MHz, 126.21 W, 0 %, 539 MiB
2026/09/27 10:08:11.181, 0, 39, 1980 MHz, 125.23 W, 0 %, 559 MiB
2026/09/27 10:08:11.181, 1, 35, 1980 MHz, 120.94 W, 0 %, 539 MiB
2026/09/27 10:08:11.181, 2, 33, 1980 MHz, 116.65 W, 0 %, 539 MiB
2026/09/27 10:08:11.181, 3, 39, 1980 MHz, 127.51 W, 0 %, 539 MiB
2026/09/27 10:08:11.181, 4, 40, 1980 MHz, 127.30 W, 0 %, 539 MiB
2026/09/27 10:08:11.181, 5, 35, 1980 MHz, 120.65 W, 0 %, 539 MiB
2026/09/27 10:08:11.182, 6, 38, 1980 MHz, 127.70 W, 0 %, 539 MiB
2026/09/27 10:08:11.182, 7, 34, 1980 MHz, 126.16 W, 0 %, 539 MiB
2026/09/27 10:08:13.182, 0, 39, 1980 MHz, 125.18 W, 0 %, 559 MiB
2026/09/27 10:08:13.182, 1, 35, 1980 MHz, 120.90 W, 0 %, 539 MiB
2026/09/27 10:08:13.182, 2, 33, 1980 MHz, 116.66 W, 0 %, 539 MiB
2026/09/27 10:08:13.182, 3, 39, 1980 MHz, 127.49 W, 0 %, 539 MiB
2026/09/27 10:08:13.182, 4, 40, 1980 MHz, 127.22 W, 0 %, 539 MiB
2026/09/27 10:08:13.182, 5, 35, 1980 MHz, 120.64 W, 0 %, 539 MiB
2026/09/27 10:08:13.183, 6, 38, 1980 MHz, 127.68 W, 0 %, 539 MiB
2026/09/27 10:08:13.183, 7, 34, 1980 MHz, 126.15 W, 0 %, 539 MiB
2026/09/27 10:08:15.183, 0, 39, 1980 MHz, 125.16 W, 0 %, 559 MiB
2026/09/27 10:08:15.183, 1, 35, 1980 MHz, 120.89 W, 0 %, 539 MiB
2026/09/27 10:08:15.183, 2, 33, 1980 MHz, 116.68 W, 0 %, 539 MiB
2026/09/27 10:08:15.183, 3, 39, 1980 MHz, 127.45 W, 0 %, 539 MiB
2026/09/27 10:08:15.183, 4, 40, 1980 MHz, 127.20 W, 0 %, 539 MiB
2026/09/27 10:08:15.183, 5, 35, 1980 MHz, 120.66 W, 0 %, 539 MiB
2026/09/27 10:08:15.183, 6, 38, 1980 MHz, 127.60 W, 0 %, 539 MiB
2026/09/27 10:08:15.184, 7, 34, 1980 MHz, 126.08 W, 0 %, 539 MiB
2026/09/27 10:08:17.184, 0, 39, 1980 MHz, 125.11 W, 0 %, 73535 MiB
2026/09/27 10:08:17.184, 1, 35, 1980 MHz, 120.78 W, 0 %, 73515 MiB
2026/09/27 10:08:17.184, 2, 33, 1980 MHz, 116.58 W, 0 %, 73515 MiB
2026/09/27 10:08:17.184, 3, 39, 1980 MHz, 127.36 W, 2 %, 73515 MiB
2026/09/27 10:08:17.184, 4, 40, 1980 MHz, 127.14 W, 2 %, 73515 MiB
2026/09/27 10:08:17.184, 5, 35, 1980 MHz, 120.57 W, 0 %, 73515 MiB
2026/09/27 10:08:17.185, 6, 38, 1980 MHz, 127.54 W, 0 %, 73515 MiB
2026/09/27 10:08:17.185, 7, 34, 1980 MHz, 126.00 W, 0 %, 73515 MiB
2026/09/27 10:08:19.185, 0, 39, 1980 MHz, 128.23 W, 0 %, 73539 MiB
2026/09/27 10:08:19.185, 1, 35, 1980 MHz, 122.59 W, 0 %, 73519 MiB
2026/09/27 10:08:19.185, 2, 33, 1980 MHz, 119.29 W, 0 %, 73519 MiB
2026/09/27 10:08:19.185, 3, 39, 1980 MHz, 129.88 W, 0 %, 73519 MiB
2026/09/27 10:08:19.185, 4, 40, 1980 MHz, 130.55 W, 0 %, 73519 MiB
2026/09/27 10:08:19.185, 5, 35, 1980 MHz, 123.89 W, 0 %, 73519 MiB
2026/09/27 10:08:19.185, 6, 38, 1980 MHz, 131.11 W, 0 %, 73519 MiB
2026/09/27 10:08:19.186, 7, 34, 1980 MHz, 130.21 W, 0 %, 73519 MiB
2026/09/27 10:08:21.186, 0, 39, 1980 MHz, 125.19 W, 0 %, 73985 MiB
2026/09/27 10:08:21.186, 1, 35, 1980 MHz, 120.98 W, 0 %, 73965 MiB
2026/09/27 10:08:21.186, 2, 33, 1980 MHz, 116.87 W, 0 %, 73965 MiB
2026/09/27 10:08:21.186, 3, 39, 1980 MHz, 127.81 W, 0 %, 73965 MiB
2026/09/27 10:08:21.186, 4, 40, 1980 MHz, 127.15 W, 1 %, 73965 MiB
2026/09/27 10:08:21.186, 5, 35, 1980 MHz, 120.67 W, 0 %, 73965 MiB
2026/09/27 10:08:21.186, 6, 38, 1980 MHz, 127.63 W, 0 %, 73975 MiB
2026/09/27 10:08:21.187, 7, 34, 1980 MHz, 126.83 W, 1 %, 73975 MiB
2026/09/27 10:08:23.188, 0, 41, 1980 MHz, 142.71 W, 45 %, 75163 MiB
2026/09/27 10:08:23.188, 1, 36, 1980 MHz, 139.37 W, 45 %, 75529 MiB
2026/09/27 10:08:23.188, 2, 35, 1980 MHz, 135.12 W, 2 %, 75529 MiB
2026/09/27 10:08:23.188, 3, 40, 1980 MHz, 145.06 W, 27 %, 75529 MiB
2026/09/27 10:08:23.188, 4, 42, 1980 MHz, 144.73 W, 4 %, 75529 MiB
2026/09/27 10:08:23.188, 5, 37, 1980 MHz, 137.98 W, 45 %, 75529 MiB
2026/09/27 10:08:23.188, 6, 41, 1980 MHz, 144.99 W, 13 %, 75529 MiB
2026/09/27 10:08:23.188, 7, 36, 1980 MHz, 143.74 W, 3 %, 75145 MiB
2026/09/27 10:08:25.188, 0, 50, 1980 MHz, 535.41 W, 100 %, 75163 MiB
2026/09/27 10:08:25.188, 1, 45, 1980 MHz, 522.65 W, 100 %, 75529 MiB
2026/09/27 10:08:25.189, 2, 43, 1980 MHz, 516.20 W, 100 %, 75529 MiB
2026/09/27 10:08:25.189, 3, 47, 1980 MHz, 525.68 W, 100 %, 75529 MiB
2026/09/27 10:08:25.189, 4, 49, 1980 MHz, 524.62 W, 100 %, 75529 MiB
2026/09/27 10:08:25.189, 5, 45, 1980 MHz, 511.97 W, 100 %, 75529 MiB
2026/09/27 10:08:25.189, 6, 48, 1980 MHz, 529.70 W, 100 %, 75529 MiB
2026/09/27 10:08:25.189, 7, 45, 1980 MHz, 543.70 W, 100 %, 75145 MiB
2026/09/27 10:08:27.189, 0, 51, 1980 MHz, 533.61 W, 100 %, 75163 MiB
2026/09/27 10:08:27.190, 1, 46, 1980 MHz, 517.87 W, 100 %, 75529 MiB
2026/09/27 10:08:27.190, 2, 44, 1980 MHz, 513.14 W, 100 %, 75529 MiB
2026/09/27 10:08:27.190, 3, 49, 1980 MHz, 523.88 W, 100 %, 75529 MiB
2026/09/27 10:08:27.190, 4, 50, 1980 MHz, 523.82 W, 100 %, 75529 MiB
2026/09/27 10:08:27.190, 5, 47, 1980 MHz, 511.81 W, 100 %, 75529 MiB
2026/09/27 10:08:27.190, 6, 49, 1980 MHz, 528.31 W, 100 %, 75529 MiB
2026/09/27 10:08:27.190, 7, 46, 1980 MHz, 541.86 W, 100 %, 75145 MiB
2026/09/27 10:08:29.190, 0, 52, 1980 MHz, 537.27 W, 100 %, 75163 MiB
2026/09/27 10:08:29.191, 1, 48, 1980 MHz, 524.39 W, 100 %, 75529 MiB
2026/09/27 10:08:29.191, 2, 45, 1980 MHz, 516.18 W, 100 %, 75529 MiB
2026/09/27 10:08:29.191, 3, 50, 1980 MHz, 528.50 W, 100 %, 75529 MiB
2026/09/27 10:08:29.191, 4, 52, 1980 MHz, 526.10 W, 100 %, 75529 MiB
2026/09/27 10:08:29.191, 5, 48, 1980 MHz, 519.38 W, 100 %, 75529 MiB
2026/09/27 10:08:29.191, 6, 50, 1980 MHz, 534.23 W, 100 %, 75529 MiB
2026/09/27 10:08:29.191, 7, 47, 1980 MHz, 542.44 W, 100 %, 75145 MiB
2026/09/27 10:08:31.192, 0, 53, 1980 MHz, 538.58 W, 100 %, 75163 MiB
2026/09/27 10:08:31.192, 1, 48, 1980 MHz, 522.41 W, 100 %, 75529 MiB
2026/09/27 10:08:31.192, 2, 46, 1980 MHz, 517.94 W, 100 %, 75529 MiB
2026/09/27 10:08:31.192, 3, 51, 1980 MHz, 529.21 W, 100 %, 75529 MiB
2026/09/27 10:08:31.192, 4, 53, 1980 MHz, 530.35 W, 100 %, 75529 MiB
2026/09/27 10:08:31.192, 5, 48, 1980 MHz, 522.16 W, 100 %, 75529 MiB
2026/09/27 10:08:31.192, 6, 51, 1980 MHz, 535.33 W, 100 %, 75529 MiB
2026/09/27 10:08:31.192, 7, 48, 1980 MHz, 546.11 W, 100 %, 75145 MiB
2026/09/27 10:08:33.193, 0, 45, 1980 MHz, 277.80 W, 0 %, 75165 MiB
2026/09/27 10:08:33.193, 1, 40, 1980 MHz, 251.05 W, 0 %, 75545 MiB
2026/09/27 10:08:33.193, 2, 38, 1980 MHz, 242.49 W, 0 %, 75529 MiB
2026/09/27 10:08:33.193, 3, 44, 1980 MHz, 270.08 W, 0 %, 75529 MiB
2026/09/27 10:08:33.193, 4, 45, 1980 MHz, 286.60 W, 0 %, 75529 MiB
2026/09/27 10:08:33.193, 5, 41, 1980 MHz, 278.29 W, 0 %, 75529 MiB
2026/09/27 10:08:33.193, 6, 44, 1980 MHz, 279.47 W, 0 %, 75529 MiB
2026/09/27 10:08:33.193, 7, 39, 1980 MHz, 286.95 W, 0 %, 75145 MiB
2026/09/27 10:08:35.194, 0, 43, 1980 MHz, 129.89 W, 0 %, 75167 MiB
2026/09/27 10:08:35.194, 1, 39, 1980 MHz, 123.23 W, 0 %, 75549 MiB
2026/09/27 10:08:35.194, 2, 37, 1980 MHz, 119.34 W, 0 %, 75549 MiB
2026/09/27 10:08:35.194, 3, 43, 1980 MHz, 132.44 W, 0 %, 75549 MiB
2026/09/27 10:08:35.194, 4, 44, 1980 MHz, 130.60 W, 0 %, 75549 MiB
2026/09/27 10:08:35.194, 5, 39, 1980 MHz, 123.19 W, 0 %, 75531 MiB
2026/09/27 10:08:35.194, 6, 42, 1980 MHz, 133.65 W, 0 %, 75531 MiB
2026/09/27 10:08:35.194, 7, 38, 1980 MHz, 129.00 W, 0 %, 75147 MiB
2026/09/27 10:08:37.195, 0, 43, 1980 MHz, 129.49 W, 0 %, 75167 MiB
2026/09/27 10:08:37.195, 1, 38, 1980 MHz, 122.96 W, 0 %, 75549 MiB
2026/09/27 10:08:37.195, 2, 37, 1980 MHz, 119.02 W, 0 %, 75549 MiB
2026/09/27 10:08:37.195, 3, 42, 1980 MHz, 130.26 W, 0 %, 75549 MiB
2026/09/27 10:08:37.195, 4, 43, 1980 MHz, 130.15 W, 0 %, 75549 MiB
2026/09/27 10:08:37.195, 5, 39, 1980 MHz, 122.71 W, 0 %, 75549 MiB
2026/09/27 10:08:37.195, 6, 42, 1980 MHz, 135.15 W, 0 %, 75549 MiB
2026/09/27 10:08:37.195, 7, 38, 1980 MHz, 130.26 W, 11 %, 75165 MiB
2026/09/27 10:08:39.195, 0, 43, 1980 MHz, 129.30 W, 0 %, 75167 MiB
2026/09/27 10:08:39.195, 1, 38, 1980 MHz, 122.75 W, 0 %, 75549 MiB
2026/09/27 10:08:39.196, 2, 36, 1980 MHz, 121.04 W, 0 %, 75549 MiB
2026/09/27 10:08:39.196, 3, 42, 1980 MHz, 132.35 W, 5 %, 75549 MiB
2026/09/27 10:08:39.196, 4, 43, 1980 MHz, 129.99 W, 0 %, 75549 MiB
2026/09/27 10:08:39.196, 5, 38, 1980 MHz, 122.47 W, 0 %, 75549 MiB
2026/09/27 10:08:39.196, 6, 42, 1980 MHz, 133.10 W, 0 %, 75549 MiB
2026/09/27 10:08:39.196, 7, 37, 1980 MHz, 128.46 W, 0 %, 75165 MiB
2026/09/27 10:08:41.196, 0, 43, 1980 MHz, 129.16 W, 0 %, 75167 MiB
2026/09/27 10:08:41.196, 1, 38, 1980 MHz, 122.62 W, 0 %, 75549 MiB
2026/09/27 10:08:41.196, 2, 36, 1980 MHz, 118.68 W, 0 %, 75549 MiB
2026/09/27 10:08:41.196, 3, 42, 1980 MHz, 129.96 W, 0 %, 75549 MiB
2026/09/27 10:08:41.196, 4, 43, 1980 MHz, 129.82 W, 0 %, 75549 MiB
2026/09/27 10:08:41.197, 5, 38, 1980 MHz, 122.56 W, 0 %, 75549 MiB
2026/09/27 10:08:41.197, 6, 42, 1980 MHz, 135.02 W, 0 %, 75549 MiB
2026/09/27 10:08:41.197, 7, 37, 1980 MHz, 130.68 W, 0 %, 75165 MiB
2026/09/27 10:08:43.197, 0, 42, 1980 MHz, 129.04 W, 0 %, 75167 MiB
2026/09/27 10:08:43.197, 1, 38, 1980 MHz, 122.97 W, 0 %, 75549 MiB
2026/09/27 10:08:43.197, 2, 36, 1980 MHz, 120.54 W, 0 %, 75549 MiB
2026/09/27 10:08:43.197, 3, 42, 1980 MHz, 132.01 W, 5 %, 75549 MiB
2026/09/27 10:08:43.197, 4, 43, 1980 MHz, 129.74 W, 0 %, 75549 MiB
2026/09/27 10:08:43.197, 5, 38, 1980 MHz, 122.19 W, 0 %, 75549 MiB
2026/09/27 10:08:43.197, 6, 42, 1980 MHz, 132.82 W, 0 %, 75549 MiB
2026/09/27 10:08:43.198, 7, 37, 1980 MHz, 128.15 W, 0 %, 75165 MiB
2026/09/27 10:08:45.198, 0, 42, 1980 MHz, 128.93 W, 0 %, 75167 MiB
2026/09/27 10:08:45.198, 1, 37, 1980 MHz, 122.40 W, 0 %, 75549 MiB
2026/09/27 10:08:45.198, 2, 36, 1980 MHz, 118.71 W, 0 %, 75549 MiB
2026/09/27 10:08:45.198, 3, 42, 1980 MHz, 129.76 W, 0 %, 75549 MiB
2026/09/27 10:08:45.198, 4, 43, 1980 MHz, 129.58 W, 0 %, 75549 MiB
2026/09/27 10:08:45.198, 5, 38, 1980 MHz, 123.04 W, 0 %, 75549 MiB
2026/09/27 10:08:45.198, 6, 41, 1980 MHz, 134.97 W, 0 %, 75549 MiB
2026/09/27 10:08:45.199, 7, 37, 1980 MHz, 130.28 W, 0 %, 75165 MiB
2026/09/27 10:08:47.199, 0, 42, 1980 MHz, 130.74 W, 0 %, 75167 MiB
2026/09/27 10:08:47.199, 1, 37, 1980 MHz, 124.02 W, 0 %, 75549 MiB
2026/09/27 10:08:47.199, 2, 35, 1980 MHz, 120.75 W, 0 %, 75549 MiB
2026/09/27 10:08:47.199, 3, 42, 1980 MHz, 131.48 W, 11 %, 75549 MiB
2026/09/27 10:08:47.199, 4, 43, 1980 MHz, 130.48 W, 0 %, 75549 MiB
2026/09/27 10:08:47.199, 5, 37, 1980 MHz, 123.76 W, 0 %, 75549 MiB
2026/09/27 10:08:47.199, 6, 41, 1980 MHz, 134.69 W, 0 %, 75549 MiB
2026/09/27 10:08:47.199, 7, 36, 1980 MHz, 130.29 W, 0 %, 75165 MiB
2026/09/27 10:08:49.200, 0, 42, 1980 MHz, 128.22 W, 0 %, 75167 MiB
2026/09/27 10:08:49.200, 1, 37, 1980 MHz, 124.13 W, 0 %, 75549 MiB
2026/09/27 10:08:49.200, 2, 35, 1980 MHz, 121.13 W, 0 %, 75549 MiB
2026/09/27 10:08:49.200, 3, 41, 1980 MHz, 129.71 W, 0 %, 75549 MiB
2026/09/27 10:08:49.200, 4, 42, 1980 MHz, 129.41 W, 0 %, 75549 MiB
2026/09/27 10:08:49.200, 5, 37, 1980 MHz, 121.87 W, 0 %, 75549 MiB
2026/09/27 10:08:49.200, 6, 41, 1980 MHz, 132.43 W, 0 %, 75549 MiB
2026/09/27 10:08:49.200, 7, 36, 1980 MHz, 127.84 W, 0 %, 75165 MiB
2026/09/27 10:08:51.200, 0, 42, 1980 MHz, 128.15 W, 0 %, 75167 MiB
2026/09/27 10:08:51.201, 1, 37, 1980 MHz, 122.17 W, 0 %, 75549 MiB
2026/09/27 10:08:51.201, 2, 35, 1980 MHz, 118.86 W, 0 %, 75549 MiB
2026/09/27 10:08:51.201, 3, 41, 1980 MHz, 129.47 W, 0 %, 75549 MiB
2026/09/27 10:08:51.201, 4, 42, 1980 MHz, 129.22 W, 0 %, 75549 MiB
2026/09/27 10:08:51.201, 5, 37, 1980 MHz, 122.09 W, 0 %, 75549 MiB
2026/09/27 10:08:51.201, 6, 41, 1980 MHz, 133.95 W, 0 %, 75549 MiB
2026/09/27 10:08:51.201, 7, 36, 1980 MHz, 129.73 W, 8 %, 75165 MiB
2026/09/27 10:08:53.201, 0, 42, 1980 MHz, 128.00 W, 0 %, 75167 MiB
2026/09/27 10:08:53.201, 1, 37, 1980 MHz, 122.06 W, 0 %, 75549 MiB
2026/09/27 10:08:53.202, 2, 35, 1980 MHz, 118.85 W, 0 %, 75549 MiB
2026/09/27 10:08:53.202, 3, 41, 1980 MHz, 129.45 W, 0 %, 75549 MiB
2026/09/27 10:08:53.202, 4, 42, 1980 MHz, 129.19 W, 0 %, 75549 MiB
2026/09/27 10:08:53.202, 5, 37, 1980 MHz, 121.72 W, 0 %, 75549 MiB
2026/09/27 10:08:53.202, 6, 41, 1980 MHz, 132.23 W, 0 %, 75549 MiB
2026/09/27 10:08:53.202, 7, 36, 1980 MHz, 127.67 W, 0 %, 75165 MiB
2026/09/27 10:08:55.202, 0, 42, 1980 MHz, 127.92 W, 0 %, 75167 MiB
2026/09/27 10:08:55.202, 1, 37, 1980 MHz, 122.04 W, 0 %, 75549 MiB
2026/09/27 10:08:55.202, 2, 35, 1980 MHz, 118.75 W, 0 %, 75549 MiB
2026/09/27 10:08:55.202, 3, 41, 1980 MHz, 129.28 W, 0 %, 75549 MiB
2026/09/27 10:08:55.202, 4, 42, 1980 MHz, 129.10 W, 0 %, 75549 MiB
2026/09/27 10:08:55.202, 5, 37, 1980 MHz, 121.66 W, 0 %, 75549 MiB
2026/09/27 10:08:55.203, 6, 41, 1980 MHz, 132.13 W, 0 %, 75549 MiB
2026/09/27 10:08:55.203, 7, 36, 1980 MHz, 127.74 W, 0 %, 75165 MiB
2026/09/27 10:08:57.203, 0, 41, 1980 MHz, 127.83 W, 0 %, 75167 MiB
2026/09/27 10:08:57.203, 1, 36, 1980 MHz, 121.99 W, 0 %, 75549 MiB
2026/09/27 10:08:57.203, 2, 35, 1980 MHz, 118.74 W, 0 %, 75549 MiB
2026/09/27 10:08:57.203, 3, 41, 1980 MHz, 129.29 W, 5 %, 75549 MiB
2026/09/27 10:08:57.203, 4, 42, 1980 MHz, 128.95 W, 0 %, 75549 MiB
2026/09/27 10:08:57.203, 5, 37, 1980 MHz, 121.51 W, 0 %, 75549 MiB
2026/09/27 10:08:57.203, 6, 41, 1980 MHz, 132.00 W, 0 %, 75549 MiB
2026/09/27 10:08:57.203, 7, 36, 1980 MHz, 127.55 W, 0 %, 75165 MiB
2026/09/27 10:08:59.204, 0, 41, 1980 MHz, 127.81 W, 3 %, 75167 MiB
2026/09/27 10:08:59.204, 1, 36, 1980 MHz, 121.90 W, 0 %, 75549 MiB
2026/09/27 10:08:59.204, 2, 35, 1980 MHz, 118.58 W, 0 %, 75549 MiB
2026/09/27 10:08:59.204, 3, 41, 1980 MHz, 129.07 W, 0 %, 75549 MiB
2026/09/27 10:08:59.204, 4, 42, 1980 MHz, 128.89 W, 0 %, 75549 MiB
2026/09/27 10:08:59.204, 5, 37, 1980 MHz, 121.53 W, 0 %, 75549 MiB
2026/09/27 10:08:59.204, 6, 41, 1980 MHz, 131.98 W, 0 %, 75549 MiB
2026/09/27 10:08:59.204, 7, 35, 1980 MHz, 127.55 W, 0 %, 75165 MiB
2026/09/27 10:09:01.204, 0, 41, 1980 MHz, 127.62 W, 0 %, 75167 MiB
2026/09/27 10:09:01.205, 1, 36, 1980 MHz, 121.79 W, 0 %, 75549 MiB
2026/09/27 10:09:01.205, 2, 35, 1980 MHz, 118.46 W, 0 %, 75549 MiB
2026/09/27 10:09:01.205, 3, 41, 1980 MHz, 128.99 W, 0 %, 75549 MiB
2026/09/27 10:09:01.205, 4, 42, 1980 MHz, 128.81 W, 0 %, 75549 MiB
2026/09/27 10:09:01.205, 5, 37, 1980 MHz, 121.41 W, 2 %, 75549 MiB
2026/09/27 10:09:01.205, 6, 40, 1980 MHz, 131.75 W, 0 %, 75549 MiB
2026/09/27 10:09:01.205, 7, 35, 1980 MHz, 127.39 W, 0 %, 75165 MiB
2026/09/27 10:09:03.205, 0, 41, 1980 MHz, 127.63 W, 0 %, 75167 MiB
2026/09/27 10:09:03.206, 1, 36, 1980 MHz, 121.85 W, 0 %, 75549 MiB
2026/09/27 10:09:03.206, 2, 35, 1980 MHz, 118.50 W, 6 %, 75549 MiB
2026/09/27 10:09:03.206, 3, 41, 1980 MHz, 128.80 W, 0 %, 75549 MiB
2026/09/27 10:09:03.206, 4, 42, 1980 MHz, 128.62 W, 0 %, 75549 MiB
2026/09/27 10:09:03.206, 5, 36, 1980 MHz, 121.32 W, 0 %, 75549 MiB
2026/09/27 10:09:03.206, 6, 40, 1980 MHz, 131.62 W, 0 %, 75549 MiB
2026/09/27 10:09:03.206, 7, 35, 1980 MHz, 127.30 W, 0 %, 75165 MiB
2026/09/27 10:09:05.206, 0, 41, 1980 MHz, 127.46 W, 0 %, 75167 MiB
2026/09/27 10:09:05.206, 1, 36, 1980 MHz, 121.71 W, 0 %, 75549 MiB
2026/09/27 10:09:05.206, 2, 34, 1980 MHz, 116.40 W, 0 %, 75549 MiB
2026/09/27 10:09:05.206, 3, 40, 1980 MHz, 128.78 W, 0 %, 75549 MiB
2026/09/27 10:09:05.207, 4, 42, 1980 MHz, 128.57 W, 0 %, 75549 MiB
2026/09/27 10:09:05.207, 5, 36, 1980 MHz, 121.38 W, 0 %, 75549 MiB
2026/09/27 10:09:05.207, 6, 40, 1980 MHz, 131.69 W, 0 %, 75549 MiB
2026/09/27 10:09:05.207, 7, 35, 1980 MHz, 127.38 W, 0 %, 75165 MiB
2026/09/27 10:09:07.207, 0, 41, 1980 MHz, 127.54 W, 0 %, 75167 MiB
2026/09/27 10:09:07.207, 1, 36, 1980 MHz, 121.83 W, 0 %, 75549 MiB
2026/09/27 10:09:07.207, 2, 34, 1980 MHz, 116.47 W, 0 %, 75549 MiB
2026/09/27 10:09:07.207, 3, 40, 1980 MHz, 128.82 W, 0 %, 75549 MiB
2026/09/27 10:09:07.207, 4, 41, 1980 MHz, 128.64 W, 3 %, 75549 MiB
2026/09/27 10:09:07.207, 5, 36, 1980 MHz, 121.27 W, 3 %, 75549 MiB
2026/09/27 10:09:07.208, 6, 40, 1980 MHz, 131.54 W, 0 %, 75549 MiB
2026/09/27 10:09:07.208, 7, 35, 1980 MHz, 127.53 W, 0 %, 75165 MiB
2026/09/27 10:09:09.208, 0, 41, 1980 MHz, 127.36 W, 0 %, 75167 MiB
2026/09/27 10:09:09.208, 1, 36, 1980 MHz, 121.76 W, 0 %, 75549 MiB
2026/09/27 10:09:09.208, 2, 34, 1980 MHz, 116.34 W, 0 %, 75549 MiB
2026/09/27 10:09:09.208, 3, 40, 1980 MHz, 128.74 W, 4 %, 75549 MiB
2026/09/27 10:09:09.208, 4, 41, 1980 MHz, 128.48 W, 0 %, 75549 MiB
2026/09/27 10:09:09.208, 5, 36, 1980 MHz, 121.29 W, 0 %, 75549 MiB
2026/09/27 10:09:09.208, 6, 40, 1980 MHz, 131.45 W, 0 %, 75549 MiB
2026/09/27 10:09:09.208, 7, 35, 1980 MHz, 127.32 W, 0 %, 75165 MiB
2026/09/27 10:09:11.209, 0, 41, 1980 MHz, 132.74 W, 0 %, 2197 MiB
2026/09/27 10:09:11.209, 1, 36, 1980 MHz, 127.12 W, 0 %, 2577 MiB
2026/09/27 10:09:11.209, 2, 34, 1980 MHz, 121.86 W, 0 %, 2577 MiB
2026/09/27 10:09:11.209, 3, 40, 1980 MHz, 134.10 W, 11 %, 2577 MiB
2026/09/27 10:09:11.209, 4, 41, 1980 MHz, 133.87 W, 37 %, 2577 MiB
2026/09/27 10:09:11.209, 5, 36, 1980 MHz, 123.41 W, 74 %, 2577 MiB
2026/09/27 10:09:11.209, 6, 40, 1980 MHz, 131.50 W, 0 %, 2577 MiB
2026/09/27 10:09:11.209, 7, 35, 1980 MHz, 127.22 W, 0 %, 75165 MiB
2026/09/27 10:09:13.209, 0, 41, 1980 MHz, 131.90 W, 6 %, 0 MiB
2026/09/27 10:09:13.225, 1, 36, 1980 MHz, 126.15 W, 0 %, 0 MiB
2026/09/27 10:09:13.231, 2, 34, 1980 MHz, 120.72 W, 0 %, 0 MiB
2026/09/27 10:09:13.231, 3, 40, 1980 MHz, 133.08 W, 0 %, 0 MiB
2026/09/27 10:09:13.231, 4, 41, 1980 MHz, 132.82 W, 0 %, 0 MiB
2026/09/27 10:09:13.231, 5, 36, 1980 MHz, 125.49 W, 0 %, 0 MiB
2026/09/27 10:09:13.232, 6, 40, 1980 MHz, 135.90 W, 0 %, 0 MiB
2026/09/27 10:09:13.232, 7, 35, 1980 MHz, 131.98 W, 0 %, 0 MiB
2026/09/27 10:09:15.232, 0, 40, 435 MHz, 124.37 W, 0 %, 4 MiB
2026/09/27 10:09:15.279, 1, 35, 405 MHz, 113.60 W, 0 %, 4 MiB
2026/09/27 10:09:15.279, 2, 33, 345 MHz, 70.67 W, 0 %, 4 MiB
2026/09/27 10:09:15.280, 3, 39, 390 MHz, 107.36 W, 0 %, 4 MiB
2026/09/27 10:09:15.280, 4, 40, 345 MHz, 75.85 W, 0 %, 4 MiB
2026/09/27 10:09:15.280, 5, 35, 345 MHz, 83.20 W, 0 %, 1 MiB
2026/09/27 10:09:15.280, 6, 38, 345 MHz, 81.30 W, 0 %, 1 MiB
2026/09/27 10:09:15.280, 7, 34, 345 MHz, 82.17 W, 0 %, 1 MiB
2026/09/27 10:09:17.280, 0, 40, 1980 MHz, 118.04 W, 0 %, 23 MiB
2026/09/27 10:09:17.283, 1, 36, 1980 MHz, 114.96 W, 0 %, 23 MiB
2026/09/27 10:09:17.289, 2, 34, 1980 MHz, 110.96 W, 0 %, 23 MiB
2026/09/27 10:09:17.292, 3, 40, 1980 MHz, 120.43 W, 0 %, 23 MiB
2026/09/27 10:09:17.293, 4, 41, 1980 MHz, 121.92 W, 0 %, 23 MiB
2026/09/27 10:09:17.294, 5, 36, 1980 MHz, 116.77 W, 0 %, 23 MiB
2026/09/27 10:09:17.294, 6, 40, 1980 MHz, 119.47 W, 0 %, 23 MiB
2026/09/27 10:09:17.296, 7, 35, 1980 MHz, 125.22 W, 0 %, 23 MiB
2026/09/27 10:09:19.297, 0, 40, 1980 MHz, 126.54 W, 0 %, 559 MiB
2026/09/27 10:09:19.297, 1, 36, 1980 MHz, 121.18 W, 0 %, 539 MiB
2026/09/27 10:09:19.298, 2, 34, 1980 MHz, 116.10 W, 0 %, 539 MiB
2026/09/27 10:09:19.298, 3, 40, 1980 MHz, 129.85 W, 0 %, 539 MiB
2026/09/27 10:09:19.298, 4, 41, 1980 MHz, 128.07 W, 0 %, 539 MiB
2026/09/27 10:09:19.299, 5, 36, 1980 MHz, 121.80 W, 0 %, 539 MiB
2026/09/27 10:09:19.299, 6, 39, 1980 MHz, 130.91 W, 0 %, 539 MiB
2026/09/27 10:09:19.299, 7, 35, 1980 MHz, 127.03 W, 0 %, 539 MiB
2026/09/27 10:09:21.299, 0, 40, 1980 MHz, 126.48 W, 0 %, 559 MiB
2026/09/27 10:09:21.299, 1, 36, 1980 MHz, 121.14 W, 0 %, 539 MiB
2026/09/27 10:09:21.299, 2, 34, 1980 MHz, 116.08 W, 0 %, 539 MiB
2026/09/27 10:09:21.299, 3, 40, 1980 MHz, 129.79 W, 0 %, 539 MiB
2026/09/27 10:09:21.299, 4, 41, 1980 MHz, 127.96 W, 0 %, 539 MiB
2026/09/27 10:09:21.299, 5, 36, 1980 MHz, 121.77 W, 0 %, 539 MiB
2026/09/27 10:09:21.300, 6, 39, 1980 MHz, 130.85 W, 0 %, 539 MiB
2026/09/27 10:09:21.300, 7, 35, 1980 MHz, 127.02 W, 0 %, 539 MiB
2026/09/27 10:09:23.300, 0, 40, 1980 MHz, 126.42 W, 0 %, 559 MiB
2026/09/27 10:09:23.300, 1, 35, 1980 MHz, 121.07 W, 0 %, 539 MiB
2026/09/27 10:09:23.300, 2, 34, 1980 MHz, 116.09 W, 0 %, 539 MiB
2026/09/27 10:09:23.300, 3, 40, 1980 MHz, 129.73 W, 0 %, 539 MiB
2026/09/27 10:09:23.300, 4, 41, 1980 MHz, 127.95 W, 0 %, 539 MiB
2026/09/27 10:09:23.300, 5, 36, 1980 MHz, 121.75 W, 0 %, 539 MiB
2026/09/27 10:09:23.300, 6, 39, 1980 MHz, 130.76 W, 0 %, 539 MiB
2026/09/27 10:09:23.300, 7, 35, 1980 MHz, 127.00 W, 0 %, 539 MiB
2026/09/27 10:09:25.301, 0, 40, 1980 MHz, 126.34 W, 0 %, 559 MiB
2026/09/27 10:09:25.301, 1, 35, 1980 MHz, 121.10 W, 0 %, 539 MiB
2026/09/27 10:09:25.301, 2, 34, 1980 MHz, 116.09 W, 0 %, 539 MiB
2026/09/27 10:09:25.301, 3, 40, 1980 MHz, 129.64 W, 0 %, 539 MiB
2026/09/27 10:09:25.301, 4, 41, 1980 MHz, 127.86 W, 0 %, 539 MiB
2026/09/27 10:09:25.301, 5, 36, 1980 MHz, 121.75 W, 0 %, 539 MiB
2026/09/27 10:09:25.301, 6, 39, 1980 MHz, 130.74 W, 0 %, 539 MiB
2026/09/27 10:09:25.301, 7, 35, 1980 MHz, 126.99 W, 0 %, 539 MiB
2026/09/27 10:09:27.302, 0, 40, 1980 MHz, 126.30 W, 0 %, 559 MiB
2026/09/27 10:09:27.302, 1, 35, 1980 MHz, 121.10 W, 0 %, 539 MiB
2026/09/27 10:09:27.302, 2, 34, 1980 MHz, 116.05 W, 0 %, 539 MiB
2026/09/27 10:09:27.302, 3, 40, 1980 MHz, 129.62 W, 0 %, 539 MiB
2026/09/27 10:09:27.302, 4, 40, 1980 MHz, 127.82 W, 0 %, 539 MiB
2026/09/27 10:09:27.302, 5, 36, 1980 MHz, 121.70 W, 0 %, 539 MiB
2026/09/27 10:09:27.302, 6, 39, 1980 MHz, 130.65 W, 0 %, 539 MiB
2026/09/27 10:09:27.302, 7, 34, 1980 MHz, 126.97 W, 0 %, 539 MiB
2026/09/27 10:09:29.303, 0, 40, 1980 MHz, 126.29 W, 0 %, 559 MiB
2026/09/27 10:09:29.303, 1, 35, 1980 MHz, 121.09 W, 0 %, 539 MiB
2026/09/27 10:09:29.303, 2, 34, 1980 MHz, 116.03 W, 0 %, 539 MiB
2026/09/27 10:09:29.303, 3, 39, 1980 MHz, 129.60 W, 0 %, 539 MiB
2026/09/27 10:09:29.303, 4, 40, 1980 MHz, 127.75 W, 0 %, 539 MiB
2026/09/27 10:09:29.303, 5, 36, 1980 MHz, 121.71 W, 0 %, 539 MiB
2026/09/27 10:09:29.303, 6, 39, 1980 MHz, 130.63 W, 0 %, 539 MiB
2026/09/27 10:09:29.303, 7, 34, 1980 MHz, 126.96 W, 0 %, 539 MiB
2026/09/27 10:09:31.304, 0, 40, 1980 MHz, 126.25 W, 0 %, 559 MiB
2026/09/27 10:09:31.304, 1, 35, 1980 MHz, 121.01 W, 0 %, 539 MiB
2026/09/27 10:09:31.304, 2, 34, 1980 MHz, 116.03 W, 0 %, 539 MiB
2026/09/27 10:09:31.304, 3, 39, 1980 MHz, 129.51 W, 0 %, 539 MiB
2026/09/27 10:09:31.304, 4, 40, 1980 MHz, 127.73 W, 0 %, 539 MiB
2026/09/27 10:09:31.304, 5, 36, 1980 MHz, 121.68 W, 0 %, 539 MiB
2026/09/27 10:09:31.304, 6, 39, 1980 MHz, 130.57 W, 0 %, 539 MiB
2026/09/27 10:09:31.304, 7, 34, 1980 MHz, 126.95 W, 0 %, 539 MiB
2026/09/27 10:09:33.304, 0, 40, 1980 MHz, 126.21 W, 0 %, 559 MiB
2026/09/27 10:09:33.305, 1, 35, 1980 MHz, 121.05 W, 0 %, 539 MiB
2026/09/27 10:09:33.305, 2, 34, 1980 MHz, 116.01 W, 0 %, 539 MiB
2026/09/27 10:09:33.305, 3, 39, 1980 MHz, 129.49 W, 0 %, 539 MiB
2026/09/27 10:09:33.305, 4, 40, 1980 MHz, 127.66 W, 0 %, 539 MiB
2026/09/27 10:09:33.305, 5, 36, 1980 MHz, 121.68 W, 0 %, 539 MiB
2026/09/27 10:09:33.305, 6, 39, 1980 MHz, 130.51 W, 0 %, 539 MiB
2026/09/27 10:09:33.305, 7, 34, 1980 MHz, 126.91 W, 0 %, 539 MiB
2026/09/27 10:09:35.305, 0, 40, 1980 MHz, 126.17 W, 0 %, 559 MiB
2026/09/27 10:09:35.305, 1, 35, 1980 MHz, 121.03 W, 0 %, 539 MiB
2026/09/27 10:09:35.305, 2, 34, 1980 MHz, 115.99 W, 0 %, 539 MiB
2026/09/27 10:09:35.306, 3, 39, 1980 MHz, 129.09 W, 0 %, 539 MiB
2026/09/27 10:09:35.306, 4, 40, 1980 MHz, 127.62 W, 0 %, 539 MiB
2026/09/27 10:09:35.306, 5, 36, 1980 MHz, 121.60 W, 0 %, 539 MiB
2026/09/27 10:09:35.306, 6, 39, 1980 MHz, 130.48 W, 0 %, 539 MiB
2026/09/27 10:09:35.306, 7, 34, 1980 MHz, 126.95 W, 0 %, 539 MiB
2026/09/27 10:09:37.306, 0, 40, 1980 MHz, 126.13 W, 0 %, 559 MiB
2026/09/27 10:09:37.306, 1, 35, 1980 MHz, 121.03 W, 0 %, 539 MiB
2026/09/27 10:09:37.306, 2, 34, 1980 MHz, 115.97 W, 0 %, 539 MiB
2026/09/27 10:09:37.306, 3, 39, 1980 MHz, 128.55 W, 0 %, 539 MiB
2026/09/27 10:09:37.306, 4, 40, 1980 MHz, 127.58 W, 0 %, 539 MiB
2026/09/27 10:09:37.307, 5, 36, 1980 MHz, 121.65 W, 0 %, 539 MiB
2026/09/27 10:09:37.307, 6, 39, 1980 MHz, 130.45 W, 0 %, 539 MiB
2026/09/27 10:09:37.307, 7, 34, 1980 MHz, 126.89 W, 0 %, 539 MiB
2026/09/27 10:09:39.307, 0, 40, 1980 MHz, 126.10 W, 0 %, 559 MiB
2026/09/27 10:09:39.307, 1, 35, 1980 MHz, 121.01 W, 0 %, 539 MiB
2026/09/27 10:09:39.307, 2, 34, 1980 MHz, 115.97 W, 0 %, 539 MiB
2026/09/27 10:09:39.307, 3, 39, 1980 MHz, 128.46 W, 0 %, 539 MiB
2026/09/27 10:09:39.307, 4, 40, 1980 MHz, 127.51 W, 0 %, 539 MiB
2026/09/27 10:09:39.307, 5, 36, 1980 MHz, 121.64 W, 0 %, 539 MiB
2026/09/27 10:09:39.307, 6, 39, 1980 MHz, 130.36 W, 0 %, 539 MiB
2026/09/27 10:09:39.307, 7, 34, 1980 MHz, 126.91 W, 0 %, 539 MiB
2026/09/27 10:09:41.308, 0, 39, 1980 MHz, 126.00 W, 0 %, 559 MiB
2026/09/27 10:09:41.308, 1, 35, 1980 MHz, 120.99 W, 0 %, 539 MiB
2026/09/27 10:09:41.308, 2, 34, 1980 MHz, 115.93 W, 0 %, 539 MiB
2026/09/27 10:09:41.308, 3, 39, 1980 MHz, 128.44 W, 0 %, 539 MiB
2026/09/27 10:09:41.308, 4, 40, 1980 MHz, 127.52 W, 0 %, 539 MiB
2026/09/27 10:09:41.308, 5, 36, 1980 MHz, 121.58 W, 0 %, 539 MiB
2026/09/27 10:09:41.308, 6, 39, 1980 MHz, 130.33 W, 0 %, 539 MiB
2026/09/27 10:09:41.308, 7, 34, 1980 MHz, 126.88 W, 0 %, 539 MiB
2026/09/27 10:09:43.308, 0, 39, 1980 MHz, 126.05 W, 0 %, 559 MiB
2026/09/27 10:09:43.309, 1, 35, 1980 MHz, 120.98 W, 0 %, 539 MiB
2026/09/27 10:09:43.309, 2, 34, 1980 MHz, 115.92 W, 0 %, 539 MiB
2026/09/27 10:09:43.309, 3, 39, 1980 MHz, 128.41 W, 0 %, 539 MiB
2026/09/27 10:09:43.309, 4, 40, 1980 MHz, 127.48 W, 0 %, 539 MiB
2026/09/27 10:09:43.309, 5, 36, 1980 MHz, 121.58 W, 0 %, 539 MiB
2026/09/27 10:09:43.309, 6, 39, 1980 MHz, 130.27 W, 0 %, 539 MiB
2026/09/27 10:09:43.309, 7, 34, 1980 MHz, 126.85 W, 0 %, 539 MiB
2026/09/27 10:09:45.309, 0, 39, 1980 MHz, 125.99 W, 0 %, 559 MiB
2026/09/27 10:09:45.309, 1, 35, 1980 MHz, 121.00 W, 0 %, 539 MiB
2026/09/27 10:09:45.309, 2, 34, 1980 MHz, 115.92 W, 0 %, 539 MiB
2026/09/27 10:09:45.310, 3, 39, 1980 MHz, 128.38 W, 0 %, 539 MiB
2026/09/27 10:09:45.310, 4, 40, 1980 MHz, 127.45 W, 0 %, 539 MiB
2026/09/27 10:09:45.310, 5, 35, 1980 MHz, 121.59 W, 0 %, 539 MiB
2026/09/27 10:09:45.310, 6, 39, 1980 MHz, 130.24 W, 0 %, 539 MiB
2026/09/27 10:09:45.310, 7, 34, 1980 MHz, 126.86 W, 0 %, 539 MiB
2026/09/27 10:09:47.310, 0, 39, 1980 MHz, 125.92 W, 0 %, 559 MiB
2026/09/27 10:09:47.310, 1, 35, 1980 MHz, 120.95 W, 0 %, 539 MiB
2026/09/27 10:09:47.310, 2, 34, 1980 MHz, 115.93 W, 0 %, 539 MiB
2026/09/27 10:09:47.310, 3, 39, 1980 MHz, 128.35 W, 0 %, 539 MiB
2026/09/27 10:09:47.310, 4, 40, 1980 MHz, 127.43 W, 0 %, 539 MiB
2026/09/27 10:09:47.310, 5, 35, 1980 MHz, 121.59 W, 0 %, 539 MiB
2026/09/27 10:09:47.311, 6, 39, 1980 MHz, 130.24 W, 0 %, 539 MiB
2026/09/27 10:09:47.311, 7, 34, 1980 MHz, 126.85 W, 0 %, 539 MiB
2026/09/27 10:09:49.311, 0, 39, 1980 MHz, 125.90 W, 0 %, 559 MiB
2026/09/27 10:09:49.311, 1, 35, 1980 MHz, 120.96 W, 0 %, 539 MiB
2026/09/27 10:09:49.311, 2, 33, 1980 MHz, 115.90 W, 0 %, 539 MiB
2026/09/27 10:09:49.311, 3, 39, 1980 MHz, 128.32 W, 0 %, 539 MiB
2026/09/27 10:09:49.311, 4, 40, 1980 MHz, 127.37 W, 0 %, 539 MiB
2026/09/27 10:09:49.311, 5, 35, 1980 MHz, 121.53 W, 0 %, 539 MiB
2026/09/27 10:09:49.311, 6, 39, 1980 MHz, 130.14 W, 0 %, 539 MiB
2026/09/27 10:09:49.311, 7, 34, 1980 MHz, 126.17 W, 0 %, 539 MiB
2026/09/27 10:09:51.312, 0, 39, 1980 MHz, 125.88 W, 0 %, 559 MiB
2026/09/27 10:09:51.312, 1, 35, 1980 MHz, 120.96 W, 0 %, 539 MiB
2026/09/27 10:09:51.312, 2, 33, 1980 MHz, 115.89 W, 0 %, 539 MiB
2026/09/27 10:09:51.312, 3, 39, 1980 MHz, 128.30 W, 0 %, 539 MiB
2026/09/27 10:09:51.312, 4, 40, 1980 MHz, 127.36 W, 0 %, 539 MiB
2026/09/27 10:09:51.312, 5, 35, 1980 MHz, 121.54 W, 0 %, 539 MiB
2026/09/27 10:09:51.312, 6, 39, 1980 MHz, 130.13 W, 0 %, 539 MiB
2026/09/27 10:09:51.312, 7, 34, 1980 MHz, 126.13 W, 0 %, 539 MiB
2026/09/27 10:09:53.312, 0, 39, 1980 MHz, 125.87 W, 0 %, 559 MiB
2026/09/27 10:09:53.312, 1, 35, 1980 MHz, 120.93 W, 0 %, 539 MiB
2026/09/27 10:09:53.312, 2, 33, 1980 MHz, 115.88 W, 0 %, 539 MiB
2026/09/27 10:09:53.312, 3, 39, 1980 MHz, 128.25 W, 0 %, 539 MiB
2026/09/27 10:09:53.313, 4, 40, 1980 MHz, 127.29 W, 0 %, 539 MiB
2026/09/27 10:09:53.313, 5, 35, 1980 MHz, 121.55 W, 0 %, 539 MiB
2026/09/27 10:09:53.313, 6, 39, 1980 MHz, 130.10 W, 0 %, 539 MiB
2026/09/27 10:09:53.313, 7, 34, 1980 MHz, 126.15 W, 0 %, 539 MiB
2026/09/27 10:09:55.313, 0, 39, 1980 MHz, 125.82 W, 0 %, 559 MiB
2026/09/27 10:09:55.313, 1, 35, 1980 MHz, 120.92 W, 0 %, 539 MiB
2026/09/27 10:09:55.313, 2, 33, 1980 MHz, 115.89 W, 0 %, 539 MiB
2026/09/27 10:09:55.313, 3, 39, 1980 MHz, 128.24 W, 0 %, 539 MiB
2026/09/27 10:09:55.313, 4, 40, 1980 MHz, 127.28 W, 0 %, 539 MiB
2026/09/27 10:09:55.314, 5, 35, 1980 MHz, 121.52 W, 0 %, 539 MiB
2026/09/27 10:09:55.314, 6, 39, 1980 MHz, 130.07 W, 0 %, 539 MiB
2026/09/27 10:09:55.314, 7, 34, 1980 MHz, 126.13 W, 0 %, 539 MiB
2026/09/27 10:09:57.314, 0, 39, 1980 MHz, 125.83 W, 0 %, 559 MiB
2026/09/27 10:09:57.314, 1, 35, 1980 MHz, 120.92 W, 0 %, 539 MiB
2026/09/27 10:09:57.314, 2, 33, 1980 MHz, 115.88 W, 0 %, 539 MiB
2026/09/27 10:09:57.314, 3, 39, 1980 MHz, 128.21 W, 0 %, 539 MiB
2026/09/27 10:09:57.314, 4, 40, 1980 MHz, 127.29 W, 0 %, 539 MiB
2026/09/27 10:09:57.314, 5, 35, 1980 MHz, 121.51 W, 0 %, 539 MiB
2026/09/27 10:09:57.314, 6, 38, 1980 MHz, 130.04 W, 0 %, 539 MiB
2026/09/27 10:09:57.314, 7, 34, 1980 MHz, 126.11 W, 0 %, 539 MiB
2026/09/27 10:09:59.315, 0, 39, 1980 MHz, 125.79 W, 0 %, 559 MiB
2026/09/27 10:09:59.315, 1, 35, 1980 MHz, 120.92 W, 0 %, 539 MiB
2026/09/27 10:09:59.315, 2, 33, 1980 MHz, 115.86 W, 0 %, 539 MiB
2026/09/27 10:09:59.315, 3, 39, 1980 MHz, 128.15 W, 0 %, 539 MiB
2026/09/27 10:09:59.315, 4, 40, 1980 MHz, 127.26 W, 0 %, 539 MiB
2026/09/27 10:09:59.315, 5, 35, 1980 MHz, 121.55 W, 0 %, 539 MiB
2026/09/27 10:09:59.315, 6, 38, 1980 MHz, 130.05 W, 0 %, 539 MiB
2026/09/27 10:09:59.315, 7, 34, 1980 MHz, 126.09 W, 0 %, 539 MiB
2026/09/27 10:10:01.315, 0, 39, 1980 MHz, 125.76 W, 0 %, 559 MiB
2026/09/27 10:10:01.315, 1, 35, 1980 MHz, 120.91 W, 0 %, 539 MiB
2026/09/27 10:10:01.315, 2, 33, 1980 MHz, 115.86 W, 0 %, 539 MiB
2026/09/27 10:10:01.316, 3, 39, 1980 MHz, 128.18 W, 0 %, 539 MiB
2026/09/27 10:10:01.316, 4, 40, 1980 MHz, 127.22 W, 0 %, 539 MiB
2026/09/27 10:10:01.316, 5, 35, 1980 MHz, 121.50 W, 0 %, 539 MiB
2026/09/27 10:10:01.316, 6, 38, 1980 MHz, 129.97 W, 0 %, 539 MiB
2026/09/27 10:10:01.316, 7, 34, 1980 MHz, 126.09 W, 0 %, 539 MiB
2026/09/27 10:10:03.316, 0, 39, 1980 MHz, 125.75 W, 0 %, 559 MiB
2026/09/27 10:10:03.316, 1, 35, 1980 MHz, 120.93 W, 0 %, 539 MiB
2026/09/27 10:10:03.316, 2, 33, 1980 MHz, 115.84 W, 0 %, 539 MiB
2026/09/27 10:10:03.316, 3, 39, 1980 MHz, 128.16 W, 0 %, 539 MiB
2026/09/27 10:10:03.316, 4, 40, 1980 MHz, 127.23 W, 0 %, 539 MiB
2026/09/27 10:10:03.317, 5, 35, 1980 MHz, 121.48 W, 0 %, 539 MiB
2026/09/27 10:10:03.317, 6, 38, 1980 MHz, 129.99 W, 0 %, 539 MiB
2026/09/27 10:10:03.317, 7, 34, 1980 MHz, 126.10 W, 0 %, 539 MiB
2026/09/27 10:10:05.317, 0, 39, 1980 MHz, 125.67 W, 0 %, 559 MiB
2026/09/27 10:10:05.317, 1, 35, 1980 MHz, 120.89 W, 0 %, 539 MiB
2026/09/27 10:10:05.317, 2, 33, 1980 MHz, 115.83 W, 0 %, 539 MiB
2026/09/27 10:10:05.317, 3, 39, 1980 MHz, 128.12 W, 0 %, 539 MiB
2026/09/27 10:10:05.317, 4, 40, 1980 MHz, 127.21 W, 0 %, 539 MiB
2026/09/27 10:10:05.317, 5, 35, 1980 MHz, 121.53 W, 0 %, 539 MiB
2026/09/27 10:10:05.317, 6, 38, 1980 MHz, 129.92 W, 0 %, 539 MiB
2026/09/27 10:10:05.318, 7, 34, 1980 MHz, 126.05 W, 0 %, 539 MiB
2026/09/27 10:10:07.318, 0, 39, 1980 MHz, 125.69 W, 0 %, 559 MiB
2026/09/27 10:10:07.318, 1, 35, 1980 MHz, 120.88 W, 0 %, 539 MiB
2026/09/27 10:10:07.318, 2, 33, 1980 MHz, 115.84 W, 0 %, 539 MiB
2026/09/27 10:10:07.318, 3, 39, 1980 MHz, 128.10 W, 0 %, 539 MiB
2026/09/27 10:10:07.318, 4, 40, 1980 MHz, 127.18 W, 0 %, 539 MiB
2026/09/27 10:10:07.318, 5, 35, 1980 MHz, 121.52 W, 0 %, 539 MiB
2026/09/27 10:10:07.318, 6, 38, 1980 MHz, 129.88 W, 0 %, 539 MiB
2026/09/27 10:10:07.318, 7, 34, 1980 MHz, 126.05 W, 0 %, 539 MiB
2026/09/27 10:10:09.319, 0, 39, 1980 MHz, 125.66 W, 0 %, 559 MiB
2026/09/27 10:10:09.319, 1, 35, 1980 MHz, 120.89 W, 0 %, 539 MiB
2026/09/27 10:10:09.319, 2, 33, 1980 MHz, 115.85 W, 0 %, 539 MiB
2026/09/27 10:10:09.319, 3, 39, 1980 MHz, 128.09 W, 0 %, 539 MiB
2026/09/27 10:10:09.319, 4, 40, 1980 MHz, 127.12 W, 0 %, 539 MiB
2026/09/27 10:10:09.319, 5, 35, 1980 MHz, 121.50 W, 0 %, 539 MiB
2026/09/27 10:10:09.319, 6, 38, 1980 MHz, 129.87 W, 0 %, 539 MiB
2026/09/27 10:10:09.319, 7, 34, 1980 MHz, 126.05 W, 0 %, 539 MiB
2026/09/27 10:10:11.319, 0, 39, 1980 MHz, 125.60 W, 0 %, 559 MiB
2026/09/27 10:10:11.320, 1, 35, 1980 MHz, 120.86 W, 0 %, 539 MiB
2026/09/27 10:10:11.320, 2, 33, 1980 MHz, 115.84 W, 0 %, 539 MiB
2026/09/27 10:10:11.320, 3, 39, 1980 MHz, 128.03 W, 0 %, 539 MiB
2026/09/27 10:10:11.320, 4, 40, 1980 MHz, 127.12 W, 0 %, 539 MiB
2026/09/27 10:10:11.320, 5, 35, 1980 MHz, 121.46 W, 0 %, 539 MiB
2026/09/27 10:10:11.320, 6, 38, 1980 MHz, 129.87 W, 0 %, 539 MiB
2026/09/27 10:10:11.320, 7, 34, 1980 MHz, 126.05 W, 0 %, 539 MiB
2026/09/27 10:10:13.320, 0, 39, 1980 MHz, 125.63 W, 0 %, 559 MiB
2026/09/27 10:10:13.320, 1, 35, 1980 MHz, 120.31 W, 0 %, 539 MiB
2026/09/27 10:10:13.320, 2, 33, 1980 MHz, 115.82 W, 0 %, 539 MiB
2026/09/27 10:10:13.320, 3, 39, 1980 MHz, 128.02 W, 0 %, 539 MiB
2026/09/27 10:10:13.320, 4, 40, 1980 MHz, 127.09 W, 0 %, 539 MiB
2026/09/27 10:10:13.321, 5, 35, 1980 MHz, 121.46 W, 0 %, 539 MiB
2026/09/27 10:10:13.321, 6, 38, 1980 MHz, 129.83 W, 0 %, 539 MiB
2026/09/27 10:10:13.321, 7, 34, 1980 MHz, 126.03 W, 0 %, 539 MiB
2026/09/27 10:10:15.321, 0, 39, 1980 MHz, 125.60 W, 0 %, 559 MiB
2026/09/27 10:10:15.321, 1, 35, 1980 MHz, 120.04 W, 0 %, 539 MiB
2026/09/27 10:10:15.321, 2, 33, 1980 MHz, 115.84 W, 0 %, 539 MiB
2026/09/27 10:10:15.321, 3, 39, 1980 MHz, 128.01 W, 0 %, 539 MiB
2026/09/27 10:10:15.321, 4, 40, 1980 MHz, 127.07 W, 0 %, 539 MiB
2026/09/27 10:10:15.321, 5, 35, 1980 MHz, 121.52 W, 0 %, 539 MiB
2026/09/27 10:10:15.321, 6, 38, 1980 MHz, 129.81 W, 0 %, 539 MiB
2026/09/27 10:10:15.321, 7, 34, 1980 MHz, 126.07 W, 0 %, 539 MiB
2026/09/27 10:10:17.322, 0, 39, 1980 MHz, 125.62 W, 0 %, 559 MiB
2026/09/27 10:10:17.322, 1, 35, 1980 MHz, 120.02 W, 0 %, 539 MiB
2026/09/27 10:10:17.322, 2, 33, 1980 MHz, 115.82 W, 0 %, 539 MiB
2026/09/27 10:10:17.322, 3, 39, 1980 MHz, 127.99 W, 0 %, 539 MiB
2026/09/27 10:10:17.322, 4, 40, 1980 MHz, 127.08 W, 0 %, 539 MiB
2026/09/27 10:10:17.322, 5, 35, 1980 MHz, 121.47 W, 0 %, 539 MiB
2026/09/27 10:10:17.322, 6, 38, 1980 MHz, 129.81 W, 0 %, 539 MiB
2026/09/27 10:10:17.322, 7, 34, 1980 MHz, 126.01 W, 0 %, 539 MiB
2026/09/27 10:10:19.322, 0, 39, 1980 MHz, 125.60 W, 0 %, 559 MiB
2026/09/27 10:10:19.322, 1, 35, 1980 MHz, 120.02 W, 0 %, 539 MiB
2026/09/27 10:10:19.322, 2, 33, 1980 MHz, 115.83 W, 0 %, 539 MiB
2026/09/27 10:10:19.322, 3, 39, 1980 MHz, 128.02 W, 0 %, 539 MiB
2026/09/27 10:10:19.323, 4, 40, 1980 MHz, 127.07 W, 0 %, 539 MiB
2026/09/27 10:10:19.323, 5, 35, 1980 MHz, 121.41 W, 0 %, 539 MiB
2026/09/27 10:10:19.323, 6, 38, 1980 MHz, 129.81 W, 0 %, 539 MiB
2026/09/27 10:10:19.323, 7, 34, 1980 MHz, 126.03 W, 0 %, 539 MiB
2026/09/27 10:10:21.323, 0, 39, 1980 MHz, 125.57 W, 0 %, 559 MiB
2026/09/27 10:10:21.323, 1, 35, 1980 MHz, 119.99 W, 0 %, 539 MiB
2026/09/27 10:10:21.323, 2, 33, 1980 MHz, 115.81 W, 0 %, 539 MiB
2026/09/27 10:10:21.323, 3, 38, 1980 MHz, 127.97 W, 0 %, 539 MiB
2026/09/27 10:10:21.323, 4, 40, 1980 MHz, 127.05 W, 0 %, 539 MiB
2026/09/27 10:10:21.323, 5, 35, 1980 MHz, 121.45 W, 0 %, 539 MiB
2026/09/27 10:10:21.324, 6, 38, 1980 MHz, 129.79 W, 0 %, 539 MiB
2026/09/27 10:10:21.324, 7, 34, 1980 MHz, 126.01 W, 0 %, 539 MiB
2026/09/27 10:10:23.324, 0, 39, 1980 MHz, 125.55 W, 0 %, 559 MiB
2026/09/27 10:10:23.324, 1, 35, 1980 MHz, 120.05 W, 0 %, 539 MiB
2026/09/27 10:10:23.324, 2, 33, 1980 MHz, 115.82 W, 0 %, 539 MiB
2026/09/27 10:10:23.324, 3, 38, 1980 MHz, 127.94 W, 0 %, 539 MiB
2026/09/27 10:10:23.324, 4, 39, 1980 MHz, 127.05 W, 0 %, 539 MiB
2026/09/27 10:10:23.324, 5, 35, 1980 MHz, 121.49 W, 0 %, 539 MiB
2026/09/27 10:10:23.324, 6, 38, 1980 MHz, 129.75 W, 0 %, 539 MiB
2026/09/27 10:10:23.324, 7, 34, 1980 MHz, 126.03 W, 0 %, 539 MiB
2026/09/27 10:10:25.325, 0, 39, 1980 MHz, 125.54 W, 0 %, 559 MiB
2026/09/27 10:10:25.325, 1, 35, 1980 MHz, 120.00 W, 0 %, 539 MiB
2026/09/27 10:10:25.325, 2, 33, 1980 MHz, 115.82 W, 0 %, 539 MiB
2026/09/27 10:10:25.325, 3, 38, 1980 MHz, 127.93 W, 0 %, 539 MiB
2026/09/27 10:10:25.325, 4, 39, 1980 MHz, 127.02 W, 0 %, 539 MiB
2026/09/27 10:10:25.325, 5, 35, 1980 MHz, 121.46 W, 0 %, 539 MiB
2026/09/27 10:10:25.325, 6, 38, 1980 MHz, 129.71 W, 0 %, 539 MiB
2026/09/27 10:10:25.325, 7, 34, 1980 MHz, 126.04 W, 0 %, 539 MiB
2026/09/27 10:10:27.325, 0, 39, 1980 MHz, 125.54 W, 0 %, 559 MiB
2026/09/27 10:10:27.326, 1, 35, 1980 MHz, 120.01 W, 0 %, 539 MiB
2026/09/27 10:10:27.326, 2, 33, 1980 MHz, 115.80 W, 0 %, 539 MiB
2026/09/27 10:10:27.326, 3, 38, 1980 MHz, 127.90 W, 0 %, 539 MiB
2026/09/27 10:10:27.326, 4, 39, 1980 MHz, 127.05 W, 0 %, 539 MiB
2026/09/27 10:10:27.326, 5, 35, 1980 MHz, 121.41 W, 0 %, 539 MiB
2026/09/27 10:10:27.326, 6, 38, 1980 MHz, 129.71 W, 0 %, 539 MiB
2026/09/27 10:10:27.326, 7, 34, 1980 MHz, 125.98 W, 0 %, 539 MiB
2026/09/27 10:10:29.326, 0, 39, 1980 MHz, 125.51 W, 0 %, 559 MiB
2026/09/27 10:10:29.326, 1, 35, 1980 MHz, 120.01 W, 0 %, 539 MiB
2026/09/27 10:10:29.326, 2, 33, 1980 MHz, 115.79 W, 0 %, 539 MiB
2026/09/27 10:10:29.326, 3, 38, 1980 MHz, 127.91 W, 0 %, 539 MiB
2026/09/27 10:10:29.327, 4, 39, 1980 MHz, 127.02 W, 0 %, 539 MiB
2026/09/27 10:10:29.327, 5, 35, 1980 MHz, 121.42 W, 0 %, 539 MiB
2026/09/27 10:10:29.327, 6, 38, 1980 MHz, 129.63 W, 0 %, 539 MiB
2026/09/27 10:10:29.327, 7, 34, 1980 MHz, 126.00 W, 0 %, 539 MiB
2026/09/27 10:10:31.327, 0, 39, 1980 MHz, 125.49 W, 0 %, 559 MiB
2026/09/27 10:10:31.327, 1, 35, 1980 MHz, 119.98 W, 0 %, 539 MiB
2026/09/27 10:10:31.327, 2, 33, 1980 MHz, 115.79 W, 0 %, 539 MiB
2026/09/27 10:10:31.327, 3, 38, 1980 MHz, 127.92 W, 0 %, 539 MiB
2026/09/27 10:10:31.327, 4, 39, 1980 MHz, 127.01 W, 0 %, 539 MiB
2026/09/27 10:10:31.327, 5, 35, 1980 MHz, 121.43 W, 0 %, 539 MiB
2026/09/27 10:10:31.327, 6, 38, 1980 MHz, 129.71 W, 0 %, 539 MiB
2026/09/27 10:10:31.327, 7, 34, 1980 MHz, 126.00 W, 0 %, 539 MiB
2026/09/27 10:10:33.328, 0, 39, 1980 MHz, 125.51 W, 0 %, 559 MiB
2026/09/27 10:10:33.328, 1, 35, 1980 MHz, 120.00 W, 0 %, 539 MiB
2026/09/27 10:10:33.328, 2, 33, 1980 MHz, 115.81 W, 0 %, 539 MiB
2026/09/27 10:10:33.328, 3, 38, 1980 MHz, 127.91 W, 0 %, 539 MiB
2026/09/27 10:10:33.328, 4, 39, 1980 MHz, 126.97 W, 0 %, 539 MiB
2026/09/27 10:10:33.328, 5, 35, 1980 MHz, 121.44 W, 0 %, 539 MiB
2026/09/27 10:10:33.328, 6, 38, 1980 MHz, 129.68 W, 0 %, 539 MiB
2026/09/27 10:10:33.328, 7, 34, 1980 MHz, 125.99 W, 0 %, 539 MiB
2026/09/27 10:10:35.328, 0, 39, 1980 MHz, 125.48 W, 0 %, 559 MiB
2026/09/27 10:10:35.328, 1, 35, 1980 MHz, 119.98 W, 0 %, 539 MiB
2026/09/27 10:10:35.329, 2, 33, 1980 MHz, 115.79 W, 0 %, 539 MiB
2026/09/27 10:10:35.329, 3, 38, 1980 MHz, 127.91 W, 0 %, 539 MiB
2026/09/27 10:10:35.329, 4, 39, 1980 MHz, 126.95 W, 0 %, 539 MiB
2026/09/27 10:10:35.329, 5, 35, 1980 MHz, 121.41 W, 0 %, 539 MiB
2026/09/27 10:10:35.329, 6, 38, 1980 MHz, 129.65 W, 0 %, 539 MiB
2026/09/27 10:10:35.329, 7, 34, 1980 MHz, 126.01 W, 0 %, 539 MiB
2026/09/27 10:10:37.329, 0, 39, 1980 MHz, 125.45 W, 0 %, 559 MiB
2026/09/27 10:10:37.329, 1, 35, 1980 MHz, 120.00 W, 0 %, 539 MiB
2026/09/27 10:10:37.329, 2, 33, 1980 MHz, 115.75 W, 0 %, 539 MiB
2026/09/27 10:10:37.329, 3, 38, 1980 MHz, 127.88 W, 0 %, 539 MiB
2026/09/27 10:10:37.329, 4, 39, 1980 MHz, 126.94 W, 0 %, 539 MiB
2026/09/27 10:10:37.329, 5, 35, 1980 MHz, 121.38 W, 0 %, 539 MiB
2026/09/27 10:10:37.330, 6, 38, 1980 MHz, 129.61 W, 0 %, 539 MiB
2026/09/27 10:10:37.330, 7, 34, 1980 MHz, 126.01 W, 0 %, 539 MiB
2026/09/27 10:10:39.330, 0, 39, 1980 MHz, 125.47 W, 0 %, 559 MiB
2026/09/27 10:10:39.330, 1, 35, 1980 MHz, 120.02 W, 0 %, 539 MiB
2026/09/27 10:10:39.330, 2, 33, 1980 MHz, 115.79 W, 0 %, 539 MiB
2026/09/27 10:10:39.330, 3, 38, 1980 MHz, 127.84 W, 0 %, 539 MiB
2026/09/27 10:10:39.330, 4, 39, 1980 MHz, 126.94 W, 0 %, 539 MiB
2026/09/27 10:10:39.330, 5, 35, 1980 MHz, 121.39 W, 0 %, 539 MiB
2026/09/27 10:10:39.330, 6, 38, 1980 MHz, 129.59 W, 0 %, 539 MiB
2026/09/27 10:10:39.330, 7, 34, 1980 MHz, 126.00 W, 0 %, 539 MiB
2026/09/27 10:10:41.331, 0, 39, 1980 MHz, 125.44 W, 0 %, 559 MiB
2026/09/27 10:10:41.331, 1, 35, 1980 MHz, 119.96 W, 0 %, 539 MiB
2026/09/27 10:10:41.331, 2, 33, 1980 MHz, 115.75 W, 0 %, 539 MiB
2026/09/27 10:10:41.331, 3, 38, 1980 MHz, 127.82 W, 0 %, 539 MiB
2026/09/27 10:10:41.331, 4, 39, 1980 MHz, 126.94 W, 0 %, 539 MiB
2026/09/27 10:10:41.331, 5, 35, 1980 MHz, 121.43 W, 0 %, 539 MiB
2026/09/27 10:10:41.331, 6, 38, 1980 MHz, 129.53 W, 0 %, 539 MiB
2026/09/27 10:10:41.331, 7, 34, 1980 MHz, 125.96 W, 0 %, 539 MiB
2026/09/27 10:10:43.331, 0, 39, 1980 MHz, 125.44 W, 0 %, 559 MiB
2026/09/27 10:10:43.331, 1, 35, 1980 MHz, 120.00 W, 0 %, 539 MiB
2026/09/27 10:10:43.331, 2, 33, 1980 MHz, 115.77 W, 0 %, 539 MiB
2026/09/27 10:10:43.331, 3, 38, 1980 MHz, 127.79 W, 0 %, 539 MiB
2026/09/27 10:10:43.332, 4, 39, 1980 MHz, 126.91 W, 0 %, 539 MiB
2026/09/27 10:10:43.332, 5, 35, 1980 MHz, 121.42 W, 0 %, 539 MiB
2026/09/27 10:10:43.332, 6, 38, 1980 MHz, 129.57 W, 0 %, 539 MiB
2026/09/27 10:10:43.332, 7, 34, 1980 MHz, 126.00 W, 0 %, 539 MiB
2026/09/27 10:10:45.332, 0, 39, 1980 MHz, 125.47 W, 0 %, 559 MiB
2026/09/27 10:10:45.332, 1, 35, 1980 MHz, 119.98 W, 0 %, 539 MiB
2026/09/27 10:10:45.332, 2, 33, 1980 MHz, 115.79 W, 0 %, 539 MiB
2026/09/27 10:10:45.332, 3, 38, 1980 MHz, 127.81 W, 0 %, 539 MiB
2026/09/27 10:10:45.332, 4, 39, 1980 MHz, 126.91 W, 0 %, 539 MiB
2026/09/27 10:10:45.332, 5, 35, 1980 MHz, 121.38 W, 0 %, 539 MiB
2026/09/27 10:10:45.332, 6, 38, 1980 MHz, 128.90 W, 0 %, 539 MiB
2026/09/27 10:10:45.333, 7, 34, 1980 MHz, 125.94 W, 0 %, 539 MiB
2026/09/27 10:10:47.333, 0, 39, 1980 MHz, 125.45 W, 0 %, 559 MiB
2026/09/27 10:10:47.333, 1, 35, 1980 MHz, 120.01 W, 0 %, 539 MiB
2026/09/27 10:10:47.333, 2, 33, 1980 MHz, 115.77 W, 0 %, 539 MiB
2026/09/27 10:10:47.333, 3, 38, 1980 MHz, 127.78 W, 0 %, 539 MiB
2026/09/27 10:10:47.333, 4, 39, 1980 MHz, 126.91 W, 0 %, 539 MiB
2026/09/27 10:10:47.333, 5, 35, 1980 MHz, 121.36 W, 0 %, 539 MiB
2026/09/27 10:10:47.333, 6, 38, 1980 MHz, 128.85 W, 0 %, 539 MiB
2026/09/27 10:10:47.333, 7, 34, 1980 MHz, 125.96 W, 0 %, 539 MiB
2026/09/27 10:10:49.333, 0, 39, 1980 MHz, 125.38 W, 0 %, 559 MiB
2026/09/27 10:10:49.333, 1, 35, 1980 MHz, 120.01 W, 0 %, 539 MiB
2026/09/27 10:10:49.334, 2, 33, 1980 MHz, 115.75 W, 0 %, 539 MiB
2026/09/27 10:10:49.334, 3, 38, 1980 MHz, 127.82 W, 0 %, 539 MiB
2026/09/27 10:10:49.334, 4, 39, 1980 MHz, 126.90 W, 0 %, 539 MiB
2026/09/27 10:10:49.334, 5, 35, 1980 MHz, 121.40 W, 0 %, 539 MiB
2026/09/27 10:10:49.334, 6, 38, 1980 MHz, 128.82 W, 0 %, 539 MiB
2026/09/27 10:10:49.334, 7, 34, 1980 MHz, 125.93 W, 0 %, 539 MiB
2026/09/27 10:10:51.334, 0, 39, 1980 MHz, 125.40 W, 0 %, 559 MiB
2026/09/27 10:10:51.334, 1, 35, 1980 MHz, 119.96 W, 0 %, 539 MiB
2026/09/27 10:10:51.334, 2, 33, 1980 MHz, 115.77 W, 0 %, 539 MiB
2026/09/27 10:10:51.334, 3, 38, 1980 MHz, 127.77 W, 0 %, 539 MiB
2026/09/27 10:10:51.334, 4, 39, 1980 MHz, 126.87 W, 0 %, 539 MiB
2026/09/27 10:10:51.334, 5, 35, 1980 MHz, 121.39 W, 0 %, 539 MiB
2026/09/27 10:10:51.334, 6, 38, 1980 MHz, 128.79 W, 0 %, 539 MiB
2026/09/27 10:10:51.335, 7, 34, 1980 MHz, 125.96 W, 0 %, 539 MiB
2026/09/27 10:10:53.335, 0, 39, 1980 MHz, 125.38 W, 0 %, 559 MiB
2026/09/27 10:10:53.335, 1, 35, 1980 MHz, 119.98 W, 0 %, 539 MiB
2026/09/27 10:10:53.335, 2, 33, 1980 MHz, 115.76 W, 0 %, 539 MiB
2026/09/27 10:10:53.335, 3, 38, 1980 MHz, 127.82 W, 0 %, 539 MiB
2026/09/27 10:10:53.335, 4, 39, 1980 MHz, 126.83 W, 0 %, 539 MiB
2026/09/27 10:10:53.335, 5, 35, 1980 MHz, 121.39 W, 0 %, 539 MiB
2026/09/27 10:10:53.335, 6, 38, 1980 MHz, 128.82 W, 0 %, 539 MiB
2026/09/27 10:10:53.335, 7, 34, 1980 MHz, 125.93 W, 0 %, 539 MiB
2026/09/27 10:10:55.335, 0, 39, 1980 MHz, 125.36 W, 0 %, 559 MiB
2026/09/27 10:10:55.336, 1, 35, 1980 MHz, 119.96 W, 0 %, 539 MiB
2026/09/27 10:10:55.336, 2, 33, 1980 MHz, 115.78 W, 0 %, 539 MiB
2026/09/27 10:10:55.336, 3, 38, 1980 MHz, 127.77 W, 0 %, 539 MiB
2026/09/27 10:10:55.336, 4, 39, 1980 MHz, 126.84 W, 0 %, 539 MiB
2026/09/27 10:10:55.336, 5, 35, 1980 MHz, 121.36 W, 0 %, 539 MiB
2026/09/27 10:10:55.336, 6, 38, 1980 MHz, 128.82 W, 0 %, 539 MiB
2026/09/27 10:10:55.336, 7, 34, 1980 MHz, 125.94 W, 0 %, 539 MiB
2026/09/27 10:10:57.336, 0, 39, 1980 MHz, 125.36 W, 0 %, 559 MiB
2026/09/27 10:10:57.336, 1, 35, 1980 MHz, 119.94 W, 0 %, 539 MiB
2026/09/27 10:10:57.336, 2, 33, 1980 MHz, 115.75 W, 0 %, 539 MiB
2026/09/27 10:10:57.337, 3, 38, 1980 MHz, 127.75 W, 0 %, 539 MiB
2026/09/27 10:10:57.337, 4, 39, 1980 MHz, 126.81 W, 0 %, 539 MiB
2026/09/27 10:10:57.337, 5, 35, 1980 MHz, 121.37 W, 0 %, 539 MiB
2026/09/27 10:10:57.337, 6, 38, 1980 MHz, 128.82 W, 0 %, 539 MiB
2026/09/27 10:10:57.337, 7, 34, 1980 MHz, 125.91 W, 0 %, 539 MiB
2026/09/27 10:10:59.337, 0, 39, 1980 MHz, 125.37 W, 0 %, 559 MiB
2026/09/27 10:10:59.337, 1, 35, 1980 MHz, 119.99 W, 0 %, 539 MiB
2026/09/27 10:10:59.337, 2, 33, 1980 MHz, 115.75 W, 0 %, 539 MiB
2026/09/27 10:10:59.337, 3, 38, 1980 MHz, 127.76 W, 0 %, 539 MiB
2026/09/27 10:10:59.337, 4, 39, 1980 MHz, 126.84 W, 0 %, 539 MiB
2026/09/27 10:10:59.337, 5, 35, 1980 MHz, 121.39 W, 0 %, 539 MiB
2026/09/27 10:10:59.337, 6, 38, 1980 MHz, 128.78 W, 0 %, 539 MiB
2026/09/27 10:10:59.338, 7, 34, 1980 MHz, 125.96 W, 0 %, 539 MiB
2026/09/27 10:11:01.338, 0, 39, 1980 MHz, 125.37 W, 0 %, 559 MiB
2026/09/27 10:11:01.338, 1, 35, 1980 MHz, 119.99 W, 0 %, 539 MiB
2026/09/27 10:11:01.338, 2, 33, 1980 MHz, 115.75 W, 0 %, 539 MiB
2026/09/27 10:11:01.338, 3, 38, 1980 MHz, 127.74 W, 0 %, 539 MiB
2026/09/27 10:11:01.338, 4, 39, 1980 MHz, 126.84 W, 0 %, 539 MiB
2026/09/27 10:11:01.338, 5, 35, 1980 MHz, 121.37 W, 0 %, 539 MiB
2026/09/27 10:11:01.338, 6, 38, 1980 MHz, 128.77 W, 0 %, 539 MiB
2026/09/27 10:11:01.338, 7, 34, 1980 MHz, 125.90 W, 0 %, 539 MiB
2026/09/27 10:11:03.338, 0, 39, 1980 MHz, 125.34 W, 0 %, 559 MiB
2026/09/27 10:11:03.339, 1, 35, 1980 MHz, 119.99 W, 0 %, 539 MiB
2026/09/27 10:11:03.339, 2, 33, 1980 MHz, 115.77 W, 0 %, 539 MiB
2026/09/27 10:11:03.339, 3, 38, 1980 MHz, 127.73 W, 0 %, 539 MiB
2026/09/27 10:11:03.339, 4, 39, 1980 MHz, 126.82 W, 0 %, 539 MiB
2026/09/27 10:11:03.339, 5, 35, 1980 MHz, 121.37 W, 0 %, 539 MiB
2026/09/27 10:11:03.339, 6, 38, 1980 MHz, 128.80 W, 0 %, 539 MiB
2026/09/27 10:11:03.339, 7, 34, 1980 MHz, 125.96 W, 0 %, 539 MiB
2026/09/27 10:11:05.339, 0, 39, 1980 MHz, 125.35 W, 0 %, 559 MiB
2026/09/27 10:11:05.339, 1, 35, 1980 MHz, 119.96 W, 0 %, 539 MiB
2026/09/27 10:11:05.339, 2, 33, 1980 MHz, 115.72 W, 0 %, 539 MiB
2026/09/27 10:11:05.339, 3, 38, 1980 MHz, 127.71 W, 0 %, 539 MiB
2026/09/27 10:11:05.339, 4, 39, 1980 MHz, 126.81 W, 0 %, 539 MiB
2026/09/27 10:11:05.340, 5, 35, 1980 MHz, 120.51 W, 0 %, 539 MiB
2026/09/27 10:11:05.340, 6, 38, 1980 MHz, 128.78 W, 0 %, 539 MiB
2026/09/27 10:11:05.340, 7, 34, 1980 MHz, 125.92 W, 0 %, 539 MiB
2026/09/27 10:11:07.340, 0, 38, 1980 MHz, 125.30 W, 0 %, 559 MiB
2026/09/27 10:11:07.340, 1, 35, 1980 MHz, 119.98 W, 0 %, 539 MiB
2026/09/27 10:11:07.340, 2, 33, 1980 MHz, 115.75 W, 0 %, 539 MiB
2026/09/27 10:11:07.340, 3, 38, 1980 MHz, 127.70 W, 0 %, 539 MiB
2026/09/27 10:11:07.340, 4, 39, 1980 MHz, 126.81 W, 0 %, 539 MiB
2026/09/27 10:11:07.340, 5, 35, 1980 MHz, 120.53 W, 0 %, 539 MiB
2026/09/27 10:11:07.340, 6, 38, 1980 MHz, 128.70 W, 0 %, 539 MiB
2026/09/27 10:11:07.340, 7, 34, 1980 MHz, 125.94 W, 0 %, 539 MiB
2026/09/27 10:11:09.341, 0, 38, 1980 MHz, 125.33 W, 0 %, 559 MiB
2026/09/27 10:11:09.341, 1, 35, 1980 MHz, 119.96 W, 0 %, 539 MiB
2026/09/27 10:11:09.341, 2, 33, 1980 MHz, 115.74 W, 0 %, 539 MiB
2026/09/27 10:11:09.341, 3, 38, 1980 MHz, 127.70 W, 0 %, 539 MiB
2026/09/27 10:11:09.341, 4, 39, 1980 MHz, 126.81 W, 0 %, 539 MiB
2026/09/27 10:11:09.341, 5, 35, 1980 MHz, 120.52 W, 0 %, 539 MiB
2026/09/27 10:11:09.341, 6, 38, 1980 MHz, 128.74 W, 0 %, 539 MiB
2026/09/27 10:11:09.341, 7, 34, 1980 MHz, 125.90 W, 0 %, 539 MiB
2026/09/27 10:11:11.341, 0, 38, 1980 MHz, 125.29 W, 0 %, 559 MiB
2026/09/27 10:11:11.341, 1, 35, 1980 MHz, 119.94 W, 0 %, 539 MiB
2026/09/27 10:11:11.341, 2, 33, 1980 MHz, 115.76 W, 0 %, 539 MiB
2026/09/27 10:11:11.341, 3, 38, 1980 MHz, 127.72 W, 0 %, 539 MiB
2026/09/27 10:11:11.342, 4, 39, 1980 MHz, 126.79 W, 0 %, 539 MiB
2026/09/27 10:11:11.342, 5, 35, 1980 MHz, 120.52 W, 0 %, 539 MiB
2026/09/27 10:11:11.342, 6, 38, 1980 MHz, 128.69 W, 0 %, 539 MiB
2026/09/27 10:11:11.342, 7, 34, 1980 MHz, 125.93 W, 0 %, 539 MiB
2026/09/27 10:11:13.342, 0, 38, 1980 MHz, 125.32 W, 0 %, 559 MiB
2026/09/27 10:11:13.342, 1, 35, 1980 MHz, 119.95 W, 0 %, 539 MiB
2026/09/27 10:11:13.342, 2, 33, 1980 MHz, 115.72 W, 0 %, 539 MiB
2026/09/27 10:11:13.342, 3, 38, 1980 MHz, 127.70 W, 0 %, 539 MiB
2026/09/27 10:11:13.342, 4, 39, 1980 MHz, 126.83 W, 0 %, 539 MiB
2026/09/27 10:11:13.342, 5, 35, 1980 MHz, 120.46 W, 0 %, 539 MiB
2026/09/27 10:11:13.342, 6, 38, 1980 MHz, 128.74 W, 0 %, 539 MiB
2026/09/27 10:11:13.342, 7, 34, 1980 MHz, 125.90 W, 0 %, 539 MiB
2026/09/27 10:11:15.343, 0, 38, 1980 MHz, 125.32 W, 0 %, 559 MiB
2026/09/27 10:11:15.343, 1, 35, 1980 MHz, 119.95 W, 0 %, 539 MiB
2026/09/27 10:11:15.343, 2, 33, 1980 MHz, 115.72 W, 0 %, 539 MiB
2026/09/27 10:11:15.343, 3, 38, 1980 MHz, 127.68 W, 0 %, 539 MiB
2026/09/27 10:11:15.343, 4, 39, 1980 MHz, 126.80 W, 0 %, 539 MiB
2026/09/27 10:11:15.343, 5, 35, 1980 MHz, 120.48 W, 0 %, 539 MiB
2026/09/27 10:11:15.343, 6, 38, 1980 MHz, 128.68 W, 0 %, 539 MiB
2026/09/27 10:11:15.343, 7, 34, 1980 MHz, 125.97 W, 0 %, 539 MiB
2026/09/27 10:11:17.343, 0, 38, 1980 MHz, 125.27 W, 0 %, 559 MiB
2026/09/27 10:11:17.343, 1, 35, 1980 MHz, 119.97 W, 0 %, 539 MiB
2026/09/27 10:11:17.343, 2, 33, 1980 MHz, 115.75 W, 0 %, 539 MiB
2026/09/27 10:11:17.343, 3, 38, 1980 MHz, 127.68 W, 0 %, 539 MiB
2026/09/27 10:11:17.344, 4, 39, 1980 MHz, 126.80 W, 0 %, 539 MiB
2026/09/27 10:11:17.344, 5, 35, 1980 MHz, 120.48 W, 0 %, 539 MiB
2026/09/27 10:11:17.344, 6, 38, 1980 MHz, 128.73 W, 0 %, 539 MiB
2026/09/27 10:11:17.344, 7, 34, 1980 MHz, 125.96 W, 0 %, 539 MiB
2026/09/27 10:11:19.344, 0, 38, 1980 MHz, 125.31 W, 0 %, 559 MiB
2026/09/27 10:11:19.344, 1, 35, 1980 MHz, 119.90 W, 0 %, 539 MiB
2026/09/27 10:11:19.344, 2, 33, 1980 MHz, 115.72 W, 0 %, 539 MiB
2026/09/27 10:11:19.344, 3, 38, 1980 MHz, 127.67 W, 0 %, 539 MiB
2026/09/27 10:11:19.344, 4, 39, 1980 MHz, 126.77 W, 0 %, 539 MiB
2026/09/27 10:11:19.344, 5, 35, 1980 MHz, 120.50 W, 0 %, 539 MiB
2026/09/27 10:11:19.344, 6, 38, 1980 MHz, 128.67 W, 0 %, 539 MiB
2026/09/27 10:11:19.344, 7, 34, 1980 MHz, 125.92 W, 0 %, 539 MiB
2026/09/27 10:11:21.345, 0, 38, 1980 MHz, 125.28 W, 0 %, 559 MiB
2026/09/27 10:11:21.345, 1, 35, 1980 MHz, 119.94 W, 0 %, 539 MiB
2026/09/27 10:11:21.345, 2, 33, 1980 MHz, 115.69 W, 0 %, 539 MiB
2026/09/27 10:11:21.345, 3, 38, 1980 MHz, 127.66 W, 0 %, 539 MiB
2026/09/27 10:11:21.345, 4, 39, 1980 MHz, 126.80 W, 0 %, 539 MiB
2026/09/27 10:11:21.345, 5, 35, 1980 MHz, 120.52 W, 0 %, 539 MiB
2026/09/27 10:11:21.345, 6, 38, 1980 MHz, 128.67 W, 0 %, 539 MiB
2026/09/27 10:11:21.345, 7, 34, 1980 MHz, 125.92 W, 0 %, 539 MiB
2026/09/27 10:11:23.345, 0, 38, 1980 MHz, 125.27 W, 0 %, 559 MiB
2026/09/27 10:11:23.345, 1, 35, 1980 MHz, 119.92 W, 0 %, 539 MiB
2026/09/27 10:11:23.345, 2, 33, 1980 MHz, 115.72 W, 0 %, 539 MiB
2026/09/27 10:11:23.345, 3, 38, 1980 MHz, 127.63 W, 0 %, 539 MiB
2026/09/27 10:11:23.346, 4, 39, 1980 MHz, 126.78 W, 0 %, 539 MiB
2026/09/27 10:11:23.346, 5, 35, 1980 MHz, 120.47 W, 0 %, 539 MiB
2026/09/27 10:11:23.346, 6, 38, 1980 MHz, 128.66 W, 0 %, 539 MiB
2026/09/27 10:11:23.346, 7, 34, 1980 MHz, 125.89 W, 0 %, 539 MiB
2026/09/27 10:11:25.346, 0, 38, 1980 MHz, 125.25 W, 0 %, 559 MiB
2026/09/27 10:11:25.346, 1, 35, 1980 MHz, 119.93 W, 0 %, 539 MiB
2026/09/27 10:11:25.346, 2, 33, 1980 MHz, 115.70 W, 0 %, 539 MiB
2026/09/27 10:11:25.346, 3, 38, 1980 MHz, 127.65 W, 0 %, 539 MiB
2026/09/27 10:11:25.346, 4, 39, 1980 MHz, 126.79 W, 0 %, 539 MiB
2026/09/27 10:11:25.346, 5, 35, 1980 MHz, 120.45 W, 0 %, 539 MiB
2026/09/27 10:11:25.346, 6, 38, 1980 MHz, 128.68 W, 0 %, 539 MiB
2026/09/27 10:11:25.346, 7, 34, 1980 MHz, 125.89 W, 0 %, 539 MiB
2026/09/27 10:11:27.347, 0, 38, 1980 MHz, 125.26 W, 0 %, 559 MiB
2026/09/27 10:11:27.347, 1, 35, 1980 MHz, 119.93 W, 0 %, 539 MiB
2026/09/27 10:11:27.347, 2, 33, 1980 MHz, 115.70 W, 0 %, 539 MiB
2026/09/27 10:11:27.347, 3, 38, 1980 MHz, 127.63 W, 0 %, 539 MiB
2026/09/27 10:11:27.347, 4, 39, 1980 MHz, 126.75 W, 0 %, 539 MiB
2026/09/27 10:11:27.347, 5, 35, 1980 MHz, 120.46 W, 0 %, 539 MiB
2026/09/27 10:11:27.347, 6, 38, 1980 MHz, 128.68 W, 0 %, 539 MiB
2026/09/27 10:11:27.347, 7, 34, 1980 MHz, 125.89 W, 0 %, 539 MiB
2026/09/27 10:11:29.348, 0, 38, 1980 MHz, 125.28 W, 0 %, 559 MiB
2026/09/27 10:11:29.348, 1, 35, 1980 MHz, 119.89 W, 0 %, 539 MiB
2026/09/27 10:11:29.348, 2, 33, 1980 MHz, 115.70 W, 0 %, 539 MiB
2026/09/27 10:11:29.348, 3, 38, 1980 MHz, 127.63 W, 0 %, 539 MiB
2026/09/27 10:11:29.348, 4, 39, 1980 MHz, 126.76 W, 0 %, 539 MiB
2026/09/27 10:11:29.348, 5, 35, 1980 MHz, 120.49 W, 0 %, 539 MiB
2026/09/27 10:11:29.348, 6, 38, 1980 MHz, 128.70 W, 0 %, 539 MiB
2026/09/27 10:11:29.348, 7, 34, 1980 MHz, 125.90 W, 0 %, 539 MiB
2026/09/27 10:11:31.348, 0, 38, 1980 MHz, 125.25 W, 0 %, 559 MiB
2026/09/27 10:11:31.348, 1, 35, 1980 MHz, 119.89 W, 0 %, 539 MiB
2026/09/27 10:11:31.348, 2, 33, 1980 MHz, 115.67 W, 0 %, 539 MiB
2026/09/27 10:11:31.348, 3, 38, 1980 MHz, 127.61 W, 0 %, 539 MiB
2026/09/27 10:11:31.349, 4, 39, 1980 MHz, 126.75 W, 0 %, 539 MiB
2026/09/27 10:11:31.349, 5, 35, 1980 MHz, 120.52 W, 0 %, 539 MiB
2026/09/27 10:11:31.349, 6, 38, 1980 MHz, 128.65 W, 0 %, 539 MiB
2026/09/27 10:11:31.349, 7, 34, 1980 MHz, 125.87 W, 0 %, 539 MiB
2026/09/27 10:11:33.349, 0, 38, 1980 MHz, 125.24 W, 0 %, 559 MiB
2026/09/27 10:11:33.349, 1, 35, 1980 MHz, 119.91 W, 0 %, 539 MiB
2026/09/27 10:11:33.349, 2, 33, 1980 MHz, 115.71 W, 0 %, 539 MiB
2026/09/27 10:11:33.349, 3, 38, 1980 MHz, 127.62 W, 0 %, 539 MiB
2026/09/27 10:11:33.349, 4, 39, 1980 MHz, 126.70 W, 0 %, 539 MiB
2026/09/27 10:11:33.349, 5, 35, 1980 MHz, 120.47 W, 0 %, 539 MiB
2026/09/27 10:11:33.349, 6, 38, 1980 MHz, 128.62 W, 0 %, 539 MiB
2026/09/27 10:11:33.349, 7, 34, 1980 MHz, 125.88 W, 0 %, 539 MiB
2026/09/27 10:11:35.350, 0, 38, 1980 MHz, 125.26 W, 0 %, 559 MiB
2026/09/27 10:11:35.350, 1, 35, 1980 MHz, 119.87 W, 0 %, 539 MiB
2026/09/27 10:11:35.350, 2, 33, 1980 MHz, 115.72 W, 0 %, 539 MiB
2026/09/27 10:11:35.350, 3, 38, 1980 MHz, 127.63 W, 0 %, 539 MiB
2026/09/27 10:11:35.350, 4, 39, 1980 MHz, 126.75 W, 0 %, 539 MiB
2026/09/27 10:11:35.350, 5, 35, 1980 MHz, 120.43 W, 0 %, 539 MiB
2026/09/27 10:11:35.350, 6, 38, 1980 MHz, 128.59 W, 0 %, 539 MiB
2026/09/27 10:11:35.350, 7, 34, 1980 MHz, 125.87 W, 0 %, 539 MiB
2026/09/27 10:11:37.351, 0, 38, 1980 MHz, 125.25 W, 0 %, 559 MiB
2026/09/27 10:11:37.351, 1, 35, 1980 MHz, 119.90 W, 0 %, 539 MiB
2026/09/27 10:11:37.351, 2, 33, 1980 MHz, 115.68 W, 0 %, 539 MiB
2026/09/27 10:11:37.351, 3, 38, 1980 MHz, 127.57 W, 0 %, 539 MiB
2026/09/27 10:11:37.351, 4, 39, 1980 MHz, 126.72 W, 0 %, 539 MiB
2026/09/27 10:11:37.351, 5, 35, 1980 MHz, 120.47 W, 0 %, 539 MiB
2026/09/27 10:11:37.351, 6, 38, 1980 MHz, 128.60 W, 0 %, 539 MiB
2026/09/27 10:11:37.351, 7, 34, 1980 MHz, 125.92 W, 0 %, 539 MiB
2026/09/27 10:11:39.351, 0, 38, 1980 MHz, 125.22 W, 0 %, 559 MiB
2026/09/27 10:11:39.351, 1, 35, 1980 MHz, 119.93 W, 0 %, 539 MiB
2026/09/27 10:11:39.351, 2, 33, 1980 MHz, 115.68 W, 0 %, 539 MiB
2026/09/27 10:11:39.351, 3, 38, 1980 MHz, 127.55 W, 0 %, 539 MiB
2026/09/27 10:11:39.351, 4, 39, 1980 MHz, 126.69 W, 0 %, 539 MiB
2026/09/27 10:11:39.352, 5, 35, 1980 MHz, 120.46 W, 0 %, 539 MiB
2026/09/27 10:11:39.352, 6, 38, 1980 MHz, 128.63 W, 0 %, 539 MiB
2026/09/27 10:11:39.352, 7, 34, 1980 MHz, 125.87 W, 0 %, 539 MiB
2026/09/27 10:11:41.352, 0, 38, 1980 MHz, 125.21 W, 0 %, 559 MiB
2026/09/27 10:11:41.352, 1, 35, 1980 MHz, 119.89 W, 0 %, 539 MiB
2026/09/27 10:11:41.352, 2, 33, 1980 MHz, 115.68 W, 0 %, 539 MiB
2026/09/27 10:11:41.352, 3, 38, 1980 MHz, 127.57 W, 0 %, 539 MiB
2026/09/27 10:11:41.352, 4, 39, 1980 MHz, 126.69 W, 0 %, 539 MiB
2026/09/27 10:11:41.352, 5, 35, 1980 MHz, 120.43 W, 0 %, 539 MiB
2026/09/27 10:11:41.352, 6, 38, 1980 MHz, 128.60 W, 0 %, 539 MiB
2026/09/27 10:11:41.352, 7, 34, 1980 MHz, 125.89 W, 0 %, 539 MiB
2026/09/27 10:11:43.353, 0, 38, 1980 MHz, 125.21 W, 0 %, 559 MiB
2026/09/27 10:11:43.353, 1, 35, 1980 MHz, 119.89 W, 0 %, 539 MiB
2026/09/27 10:11:43.353, 2, 33, 1980 MHz, 115.68 W, 0 %, 539 MiB
2026/09/27 10:11:43.353, 3, 38, 1980 MHz, 127.56 W, 0 %, 539 MiB
2026/09/27 10:11:43.353, 4, 39, 1980 MHz, 126.70 W, 0 %, 539 MiB
2026/09/27 10:11:43.353, 5, 35, 1980 MHz, 120.47 W, 0 %, 539 MiB
2026/09/27 10:11:43.353, 6, 38, 1980 MHz, 128.62 W, 0 %, 539 MiB
2026/09/27 10:11:43.353, 7, 34, 1980 MHz, 125.91 W, 0 %, 539 MiB
2026/09/27 10:11:45.353, 0, 38, 1980 MHz, 125.20 W, 0 %, 559 MiB
2026/09/27 10:11:45.353, 1, 35, 1980 MHz, 119.90 W, 0 %, 539 MiB
2026/09/27 10:11:45.353, 2, 33, 1980 MHz, 115.67 W, 0 %, 539 MiB
2026/09/27 10:11:45.354, 3, 38, 1980 MHz, 127.54 W, 0 %, 539 MiB
2026/09/27 10:11:45.354, 4, 39, 1980 MHz, 126.67 W, 0 %, 539 MiB
2026/09/27 10:11:45.354, 5, 35, 1980 MHz, 120.46 W, 0 %, 539 MiB
2026/09/27 10:11:45.354, 6, 38, 1980 MHz, 128.58 W, 0 %, 539 MiB
2026/09/27 10:11:45.354, 7, 34, 1980 MHz, 125.90 W, 0 %, 539 MiB
2026/09/27 10:11:47.354, 0, 38, 1980 MHz, 125.19 W, 0 %, 559 MiB
2026/09/27 10:11:47.354, 1, 35, 1980 MHz, 119.89 W, 0 %, 539 MiB
2026/09/27 10:11:47.354, 2, 33, 1980 MHz, 115.68 W, 0 %, 539 MiB
2026/09/27 10:11:47.354, 3, 38, 1980 MHz, 127.56 W, 0 %, 539 MiB
2026/09/27 10:11:47.354, 4, 39, 1980 MHz, 126.69 W, 0 %, 539 MiB
2026/09/27 10:11:47.354, 5, 35, 1980 MHz, 120.46 W, 0 %, 539 MiB
2026/09/27 10:11:47.354, 6, 38, 1980 MHz, 128.58 W, 0 %, 539 MiB
2026/09/27 10:11:47.354, 7, 34, 1980 MHz, 125.87 W, 0 %, 539 MiB
2026/09/27 10:11:49.355, 0, 38, 1980 MHz, 125.21 W, 0 %, 559 MiB
2026/09/27 10:11:49.355, 1, 35, 1980 MHz, 119.92 W, 0 %, 539 MiB
2026/09/27 10:11:49.355, 2, 33, 1980 MHz, 115.68 W, 0 %, 539 MiB
2026/09/27 10:11:49.355, 3, 38, 1980 MHz, 127.55 W, 0 %, 539 MiB
2026/09/27 10:11:49.355, 4, 39, 1980 MHz, 126.69 W, 0 %, 539 MiB
2026/09/27 10:11:49.355, 5, 35, 1980 MHz, 120.42 W, 0 %, 539 MiB
2026/09/27 10:11:49.355, 6, 38, 1980 MHz, 128.63 W, 0 %, 539 MiB
2026/09/27 10:11:49.355, 7, 34, 1980 MHz, 125.91 W, 0 %, 539 MiB
2026/09/27 10:11:51.355, 0, 38, 1980 MHz, 125.18 W, 0 %, 559 MiB
2026/09/27 10:11:51.356, 1, 35, 1980 MHz, 119.80 W, 0 %, 539 MiB
2026/09/27 10:11:51.356, 2, 33, 1980 MHz, 115.64 W, 0 %, 539 MiB
2026/09/27 10:11:51.356, 3, 38, 1980 MHz, 127.57 W, 0 %, 539 MiB
2026/09/27 10:11:51.356, 4, 39, 1980 MHz, 126.68 W, 0 %, 539 MiB
2026/09/27 10:11:51.356, 5, 35, 1980 MHz, 120.42 W, 0 %, 539 MiB
2026/09/27 10:11:51.356, 6, 38, 1980 MHz, 128.56 W, 0 %, 539 MiB
2026/09/27 10:11:51.356, 7, 34, 1980 MHz, 125.85 W, 0 %, 539 MiB
2026/09/27 10:11:53.356, 0, 38, 1980 MHz, 125.19 W, 0 %, 559 MiB
2026/09/27 10:11:53.356, 1, 35, 1980 MHz, 119.90 W, 0 %, 539 MiB
2026/09/27 10:11:53.357, 2, 33, 1980 MHz, 115.67 W, 0 %, 539 MiB
2026/09/27 10:11:53.357, 3, 38, 1980 MHz, 127.58 W, 0 %, 539 MiB
2026/09/27 10:11:53.357, 4, 39, 1980 MHz, 126.66 W, 0 %, 539 MiB
2026/09/27 10:11:53.357, 5, 35, 1980 MHz, 120.43 W, 0 %, 539 MiB
2026/09/27 10:11:53.357, 6, 38, 1980 MHz, 128.56 W, 0 %, 539 MiB
2026/09/27 10:11:53.357, 7, 34, 1980 MHz, 125.84 W, 0 %, 539 MiB
2026/09/27 10:11:55.357, 0, 38, 1980 MHz, 125.21 W, 0 %, 559 MiB
2026/09/27 10:11:55.357, 1, 35, 1980 MHz, 119.88 W, 0 %, 539 MiB
2026/09/27 10:11:55.357, 2, 33, 1980 MHz, 115.71 W, 0 %, 539 MiB
2026/09/27 10:11:55.357, 3, 38, 1980 MHz, 127.53 W, 0 %, 539 MiB
2026/09/27 10:11:55.358, 4, 39, 1980 MHz, 126.67 W, 0 %, 539 MiB
2026/09/27 10:11:55.358, 5, 35, 1980 MHz, 120.48 W, 0 %, 539 MiB
2026/09/27 10:11:55.358, 6, 38, 1980 MHz, 128.60 W, 0 %, 539 MiB
2026/09/27 10:11:55.358, 7, 34, 1980 MHz, 125.85 W, 0 %, 539 MiB
2026/09/27 10:11:57.358, 0, 38, 1980 MHz, 125.19 W, 0 %, 559 MiB
2026/09/27 10:11:57.358, 1, 35, 1980 MHz, 119.87 W, 0 %, 539 MiB
2026/09/27 10:11:57.358, 2, 33, 1980 MHz, 115.69 W, 0 %, 539 MiB
2026/09/27 10:11:57.358, 3, 38, 1980 MHz, 127.53 W, 0 %, 539 MiB
2026/09/27 10:11:57.358, 4, 39, 1980 MHz, 126.68 W, 0 %, 539 MiB
2026/09/27 10:11:57.358, 5, 35, 1980 MHz, 120.46 W, 0 %, 539 MiB
2026/09/27 10:11:57.358, 6, 38, 1980 MHz, 128.53 W, 0 %, 539 MiB
2026/09/27 10:11:57.359, 7, 34, 1980 MHz, 126.61 W, 0 %, 539 MiB
2026/09/27 10:11:59.359, 0, 38, 1980 MHz, 125.19 W, 0 %, 559 MiB
2026/09/27 10:11:59.359, 1, 35, 1980 MHz, 119.89 W, 0 %, 539 MiB
2026/09/27 10:11:59.359, 2, 33, 1980 MHz, 115.68 W, 0 %, 539 MiB
2026/09/27 10:11:59.359, 3, 38, 1980 MHz, 127.55 W, 0 %, 539 MiB
2026/09/27 10:11:59.359, 4, 39, 1980 MHz, 126.67 W, 0 %, 539 MiB
2026/09/27 10:11:59.359, 5, 35, 1980 MHz, 120.43 W, 0 %, 539 MiB
2026/09/27 10:11:59.359, 6, 38, 1980 MHz, 128.56 W, 0 %, 539 MiB
2026/09/27 10:11:59.359, 7, 34, 1980 MHz, 126.54 W, 0 %, 539 MiB
2026/09/27 10:12:01.359, 0, 38, 1980 MHz, 125.15 W, 0 %, 559 MiB
2026/09/27 10:12:01.359, 1, 35, 1980 MHz, 119.88 W, 0 %, 539 MiB
2026/09/27 10:12:01.360, 2, 33, 1980 MHz, 115.68 W, 0 %, 539 MiB
2026/09/27 10:12:01.360, 3, 38, 1980 MHz, 127.53 W, 0 %, 539 MiB
2026/09/27 10:12:01.360, 4, 39, 1980 MHz, 126.65 W, 0 %, 539 MiB
2026/09/27 10:12:01.360, 5, 35, 1980 MHz, 120.42 W, 0 %, 539 MiB
2026/09/27 10:12:01.360, 6, 38, 1980 MHz, 128.51 W, 0 %, 539 MiB
2026/09/27 10:12:01.360, 7, 34, 1980 MHz, 126.57 W, 0 %, 539 MiB
2026/09/27 10:12:03.360, 0, 38, 1980 MHz, 125.17 W, 0 %, 559 MiB
2026/09/27 10:12:03.360, 1, 35, 1980 MHz, 119.91 W, 0 %, 539 MiB
2026/09/27 10:12:03.360, 2, 33, 1980 MHz, 115.65 W, 0 %, 539 MiB
2026/09/27 10:12:03.360, 3, 38, 1980 MHz, 127.53 W, 0 %, 539 MiB
2026/09/27 10:12:03.360, 4, 39, 1980 MHz, 126.64 W, 0 %, 539 MiB
2026/09/27 10:12:03.360, 5, 35, 1980 MHz, 120.45 W, 0 %, 539 MiB
2026/09/27 10:12:03.360, 6, 38, 1980 MHz, 128.53 W, 0 %, 539 MiB
2026/09/27 10:12:03.361, 7, 34, 1980 MHz, 126.58 W, 0 %, 539 MiB
2026/09/27 10:12:05.361, 0, 38, 1980 MHz, 125.15 W, 0 %, 559 MiB
2026/09/27 10:12:05.361, 1, 35, 1980 MHz, 119.86 W, 0 %, 539 MiB
2026/09/27 10:12:05.361, 2, 33, 1980 MHz, 115.66 W, 0 %, 539 MiB
2026/09/27 10:12:05.361, 3, 38, 1980 MHz, 127.50 W, 0 %, 539 MiB
2026/09/27 10:12:05.361, 4, 39, 1980 MHz, 126.66 W, 0 %, 539 MiB
2026/09/27 10:12:05.361, 5, 35, 1980 MHz, 120.43 W, 0 %, 539 MiB
2026/09/27 10:12:05.361, 6, 38, 1980 MHz, 128.51 W, 0 %, 539 MiB
2026/09/27 10:12:05.361, 7, 34, 1980 MHz, 126.57 W, 0 %, 539 MiB
2026/09/27 10:12:07.361, 0, 38, 1980 MHz, 125.17 W, 0 %, 559 MiB
2026/09/27 10:12:07.362, 1, 35, 1980 MHz, 119.86 W, 0 %, 539 MiB
2026/09/27 10:12:07.362, 2, 33, 1980 MHz, 115.66 W, 0 %, 539 MiB
2026/09/27 10:12:07.362, 3, 38, 1980 MHz, 127.49 W, 0 %, 539 MiB
2026/09/27 10:12:07.362, 4, 39, 1980 MHz, 126.63 W, 0 %, 539 MiB
2026/09/27 10:12:07.362, 5, 35, 1980 MHz, 120.48 W, 0 %, 539 MiB
2026/09/27 10:12:07.362, 6, 38, 1980 MHz, 128.53 W, 0 %, 539 MiB
2026/09/27 10:12:07.362, 7, 34, 1980 MHz, 126.57 W, 0 %, 539 MiB
2026/09/27 10:12:09.362, 0, 38, 1980 MHz, 125.18 W, 0 %, 559 MiB
2026/09/27 10:12:09.362, 1, 35, 1980 MHz, 119.88 W, 0 %, 539 MiB
2026/09/27 10:12:09.362, 2, 33, 1980 MHz, 115.69 W, 0 %, 539 MiB
2026/09/27 10:12:09.362, 3, 38, 1980 MHz, 127.53 W, 0 %, 539 MiB
2026/09/27 10:12:09.362, 4, 39, 1980 MHz, 126.63 W, 0 %, 539 MiB
2026/09/27 10:12:09.363, 5, 35, 1980 MHz, 120.47 W, 0 %, 539 MiB
2026/09/27 10:12:09.363, 6, 38, 1980 MHz, 128.50 W, 0 %, 539 MiB
2026/09/27 10:12:09.363, 7, 34, 1980 MHz, 126.55 W, 0 %, 539 MiB
2026/09/27 10:12:11.363, 0, 38, 1980 MHz, 125.14 W, 0 %, 559 MiB
2026/09/27 10:12:11.363, 1, 35, 1980 MHz, 119.86 W, 0 %, 539 MiB
2026/09/27 10:12:11.363, 2, 33, 1980 MHz, 115.66 W, 0 %, 539 MiB
2026/09/27 10:12:11.363, 3, 38, 1980 MHz, 127.55 W, 0 %, 539 MiB
2026/09/27 10:12:11.363, 4, 39, 1980 MHz, 126.66 W, 0 %, 539 MiB
2026/09/27 10:12:11.363, 5, 35, 1980 MHz, 120.45 W, 0 %, 539 MiB
2026/09/27 10:12:11.363, 6, 38, 1980 MHz, 128.49 W, 0 %, 539 MiB
2026/09/27 10:12:11.363, 7, 34, 1980 MHz, 126.55 W, 0 %, 539 MiB
2026/09/27 10:12:13.364, 0, 38, 1980 MHz, 125.11 W, 0 %, 559 MiB
2026/09/27 10:12:13.364, 1, 35, 1980 MHz, 119.88 W, 0 %, 539 MiB
2026/09/27 10:12:13.364, 2, 33, 1980 MHz, 115.66 W, 0 %, 539 MiB
2026/09/27 10:12:13.364, 3, 38, 1980 MHz, 127.51 W, 0 %, 539 MiB
2026/09/27 10:12:13.364, 4, 39, 1980 MHz, 126.67 W, 0 %, 539 MiB
2026/09/27 10:12:13.364, 5, 35, 1980 MHz, 120.45 W, 0 %, 539 MiB
2026/09/27 10:12:13.364, 6, 38, 1980 MHz, 128.51 W, 0 %, 539 MiB
2026/09/27 10:12:13.364, 7, 34, 1980 MHz, 126.60 W, 0 %, 539 MiB
2026/09/27 10:12:15.364, 0, 38, 1980 MHz, 125.15 W, 0 %, 559 MiB
2026/09/27 10:12:15.364, 1, 35, 1980 MHz, 119.87 W, 0 %, 539 MiB
2026/09/27 10:12:15.364, 2, 33, 1980 MHz, 115.67 W, 0 %, 539 MiB
2026/09/27 10:12:15.365, 3, 38, 1980 MHz, 127.49 W, 0 %, 539 MiB
2026/09/27 10:12:15.365, 4, 39, 1980 MHz, 126.60 W, 0 %, 539 MiB
2026/09/27 10:12:15.365, 5, 35, 1980 MHz, 120.46 W, 0 %, 539 MiB
2026/09/27 10:12:15.365, 6, 38, 1980 MHz, 128.45 W, 0 %, 539 MiB
2026/09/27 10:12:15.365, 7, 34, 1980 MHz, 126.56 W, 0 %, 539 MiB
2026/09/27 10:12:17.365, 0, 38, 1980 MHz, 125.15 W, 0 %, 559 MiB
2026/09/27 10:12:17.365, 1, 35, 1980 MHz, 119.89 W, 0 %, 539 MiB
2026/09/27 10:12:17.365, 2, 33, 1980 MHz, 115.67 W, 0 %, 539 MiB
2026/09/27 10:12:17.365, 3, 38, 1980 MHz, 127.48 W, 0 %, 539 MiB
2026/09/27 10:12:17.365, 4, 39, 1980 MHz, 126.60 W, 0 %, 539 MiB
2026/09/27 10:12:17.365, 5, 35, 1980 MHz, 120.43 W, 0 %, 539 MiB
2026/09/27 10:12:17.365, 6, 38, 1980 MHz, 128.48 W, 0 %, 539 MiB
2026/09/27 10:12:17.365, 7, 34, 1980 MHz, 126.58 W, 0 %, 539 MiB
2026/09/27 10:12:19.366, 0, 38, 1980 MHz, 125.12 W, 0 %, 559 MiB
2026/09/27 10:12:19.366, 1, 35, 1980 MHz, 119.85 W, 0 %, 539 MiB
2026/09/27 10:12:19.366, 2, 33, 1980 MHz, 115.66 W, 0 %, 539 MiB
2026/09/27 10:12:19.366, 3, 38, 1980 MHz, 127.48 W, 0 %, 539 MiB
2026/09/27 10:12:19.366, 4, 39, 1980 MHz, 126.62 W, 0 %, 539 MiB
2026/09/27 10:12:19.366, 5, 35, 1980 MHz, 120.49 W, 0 %, 539 MiB
2026/09/27 10:12:19.366, 6, 37, 1980 MHz, 128.47 W, 0 %, 539 MiB
2026/09/27 10:12:19.366, 7, 34, 1980 MHz, 126.56 W, 0 %, 539 MiB
2026/09/27 10:12:21.366, 0, 38, 1980 MHz, 125.12 W, 0 %, 559 MiB
2026/09/27 10:12:21.366, 1, 35, 1980 MHz, 119.92 W, 0 %, 539 MiB
2026/09/27 10:12:21.366, 2, 33, 1980 MHz, 115.67 W, 0 %, 539 MiB
2026/09/27 10:12:21.367, 3, 38, 1980 MHz, 127.51 W, 0 %, 539 MiB
2026/09/27 10:12:21.367, 4, 39, 1980 MHz, 126.64 W, 0 %, 539 MiB
2026/09/27 10:12:21.367, 5, 35, 1980 MHz, 120.45 W, 0 %, 539 MiB
2026/09/27 10:12:21.367, 6, 37, 1980 MHz, 128.47 W, 0 %, 539 MiB
2026/09/27 10:12:21.367, 7, 34, 1980 MHz, 126.57 W, 0 %, 539 MiB
2026/09/27 10:12:23.367, 0, 38, 1980 MHz, 125.15 W, 0 %, 559 MiB
2026/09/27 10:12:23.367, 1, 35, 1980 MHz, 119.85 W, 0 %, 539 MiB
2026/09/27 10:12:23.367, 2, 33, 1980 MHz, 115.68 W, 0 %, 539 MiB
2026/09/27 10:12:23.367, 3, 38, 1980 MHz, 127.50 W, 0 %, 539 MiB
2026/09/27 10:12:23.367, 4, 39, 1980 MHz, 126.62 W, 0 %, 539 MiB
2026/09/27 10:12:23.367, 5, 35, 1980 MHz, 120.44 W, 0 %, 539 MiB
2026/09/27 10:12:23.367, 6, 37, 1980 MHz, 128.46 W, 0 %, 539 MiB
2026/09/27 10:12:23.368, 7, 34, 1980 MHz, 126.55 W, 0 %, 539 MiB
2026/09/27 10:12:25.368, 0, 38, 1980 MHz, 125.11 W, 0 %, 559 MiB
2026/09/27 10:12:25.368, 1, 35, 1980 MHz, 119.86 W, 0 %, 539 MiB
2026/09/27 10:12:25.368, 2, 33, 1980 MHz, 115.66 W, 0 %, 539 MiB
2026/09/27 10:12:25.368, 3, 38, 1980 MHz, 127.44 W, 0 %, 539 MiB
2026/09/27 10:12:25.368, 4, 39, 1980 MHz, 126.66 W, 0 %, 539 MiB
2026/09/27 10:12:25.368, 5, 35, 1980 MHz, 120.42 W, 0 %, 539 MiB
2026/09/27 10:12:25.368, 6, 37, 1980 MHz, 128.43 W, 0 %, 539 MiB
2026/09/27 10:12:25.368, 7, 34, 1980 MHz, 126.53 W, 0 %, 539 MiB
2026/09/27 10:12:27.368, 0, 38, 1980 MHz, 125.10 W, 0 %, 559 MiB
2026/09/27 10:12:27.368, 1, 35, 1980 MHz, 119.88 W, 0 %, 539 MiB
2026/09/27 10:12:27.368, 2, 33, 1980 MHz, 115.70 W, 0 %, 539 MiB
2026/09/27 10:12:27.369, 3, 38, 1980 MHz, 127.45 W, 0 %, 539 MiB
2026/09/27 10:12:27.369, 4, 39, 1980 MHz, 126.62 W, 0 %, 539 MiB
2026/09/27 10:12:27.369, 5, 35, 1980 MHz, 120.44 W, 0 %, 539 MiB
2026/09/27 10:12:27.369, 6, 37, 1980 MHz, 128.47 W, 0 %, 539 MiB
2026/09/27 10:12:27.369, 7, 34, 1980 MHz, 126.54 W, 0 %, 539 MiB
2026/09/27 10:12:29.369, 0, 38, 1980 MHz, 125.10 W, 0 %, 559 MiB
2026/09/27 10:12:29.369, 1, 35, 1980 MHz, 119.86 W, 0 %, 539 MiB
2026/09/27 10:12:29.369, 2, 33, 1980 MHz, 115.68 W, 0 %, 539 MiB
2026/09/27 10:12:29.369, 3, 38, 1980 MHz, 127.47 W, 0 %, 539 MiB
2026/09/27 10:12:29.369, 4, 39, 1980 MHz, 126.61 W, 0 %, 539 MiB
2026/09/27 10:12:29.370, 5, 35, 1980 MHz, 120.43 W, 0 %, 539 MiB
2026/09/27 10:12:29.370, 6, 37, 1980 MHz, 128.45 W, 0 %, 539 MiB
2026/09/27 10:12:29.370, 7, 34, 1980 MHz, 126.58 W, 0 %, 539 MiB
2026/09/27 10:12:31.370, 0, 38, 1980 MHz, 125.15 W, 0 %, 559 MiB
2026/09/27 10:12:31.370, 1, 35, 1980 MHz, 119.85 W, 0 %, 539 MiB
2026/09/27 10:12:31.370, 2, 33, 1980 MHz, 115.68 W, 0 %, 539 MiB
2026/09/27 10:12:31.370, 3, 38, 1980 MHz, 127.47 W, 0 %, 539 MiB
2026/09/27 10:12:31.370, 4, 39, 1980 MHz, 126.62 W, 0 %, 539 MiB
2026/09/27 10:12:31.370, 5, 35, 1980 MHz, 120.45 W, 0 %, 539 MiB
2026/09/27 10:12:31.370, 6, 37, 1980 MHz, 128.47 W, 0 %, 539 MiB
2026/09/27 10:12:31.371, 7, 34, 1980 MHz, 126.55 W, 0 %, 539 MiB
2026/09/27 10:12:33.371, 0, 38, 1980 MHz, 125.11 W, 0 %, 559 MiB
2026/09/27 10:12:33.371, 1, 35, 1980 MHz, 119.84 W, 0 %, 539 MiB
2026/09/27 10:12:33.371, 2, 33, 1980 MHz, 115.66 W, 0 %, 539 MiB
2026/09/27 10:12:33.371, 3, 38, 1980 MHz, 127.47 W, 0 %, 539 MiB
2026/09/27 10:12:33.371, 4, 39, 1980 MHz, 126.62 W, 0 %, 539 MiB
2026/09/27 10:12:33.371, 5, 35, 1980 MHz, 120.45 W, 0 %, 539 MiB
2026/09/27 10:12:33.371, 6, 37, 1980 MHz, 128.45 W, 0 %, 539 MiB
2026/09/27 10:12:33.371, 7, 34, 1980 MHz, 126.54 W, 0 %, 539 MiB
2026/09/27 10:12:35.372, 0, 38, 1980 MHz, 125.11 W, 0 %, 559 MiB
2026/09/27 10:12:35.372, 1, 35, 1980 MHz, 119.90 W, 0 %, 539 MiB
2026/09/27 10:12:35.372, 2, 33, 1980 MHz, 115.68 W, 0 %, 539 MiB
2026/09/27 10:12:35.372, 3, 38, 1980 MHz, 127.47 W, 0 %, 539 MiB
2026/09/27 10:12:35.372, 4, 39, 1980 MHz, 126.60 W, 0 %, 539 MiB
2026/09/27 10:12:35.372, 5, 35, 1980 MHz, 120.43 W, 0 %, 539 MiB
2026/09/27 10:12:35.372, 6, 37, 1980 MHz, 128.48 W, 0 %, 539 MiB
2026/09/27 10:12:35.372, 7, 34, 1980 MHz, 126.56 W, 0 %, 539 MiB
2026/09/27 10:12:37.372, 0, 38, 1980 MHz, 125.12 W, 0 %, 559 MiB
2026/09/27 10:12:37.372, 1, 35, 1980 MHz, 119.85 W, 0 %, 539 MiB
2026/09/27 10:12:37.372, 2, 33, 1980 MHz, 115.67 W, 0 %, 539 MiB
2026/09/27 10:12:37.373, 3, 38, 1980 MHz, 127.45 W, 0 %, 539 MiB
2026/09/27 10:12:37.373, 4, 39, 1980 MHz, 126.60 W, 0 %, 539 MiB
2026/09/27 10:12:37.373, 5, 35, 1980 MHz, 120.42 W, 0 %, 539 MiB
2026/09/27 10:12:37.373, 6, 37, 1980 MHz, 128.46 W, 0 %, 539 MiB
2026/09/27 10:12:37.373, 7, 34, 1980 MHz, 126.57 W, 0 %, 539 MiB
2026/09/27 10:12:39.373, 0, 38, 1980 MHz, 125.12 W, 0 %, 559 MiB
2026/09/27 10:12:39.373, 1, 35, 1980 MHz, 119.87 W, 0 %, 539 MiB
2026/09/27 10:12:39.373, 2, 33, 1980 MHz, 115.66 W, 0 %, 539 MiB
2026/09/27 10:12:39.373, 3, 38, 1980 MHz, 127.48 W, 0 %, 539 MiB
2026/09/27 10:12:39.373, 4, 39, 1980 MHz, 126.61 W, 0 %, 539 MiB
2026/09/27 10:12:39.373, 5, 35, 1980 MHz, 120.44 W, 0 %, 539 MiB
2026/09/27 10:12:39.373, 6, 37, 1980 MHz, 128.53 W, 0 %, 539 MiB
2026/09/27 10:12:39.374, 7, 34, 1980 MHz, 126.54 W, 0 %, 539 MiB
2026/09/27 10:12:41.374, 0, 38, 1980 MHz, 125.11 W, 0 %, 559 MiB
2026/09/27 10:12:41.374, 1, 35, 1980 MHz, 119.82 W, 0 %, 539 MiB
2026/09/27 10:12:41.374, 2, 33, 1980 MHz, 115.65 W, 0 %, 539 MiB
2026/09/27 10:12:41.374, 3, 38, 1980 MHz, 127.48 W, 0 %, 539 MiB
2026/09/27 10:12:41.374, 4, 39, 1980 MHz, 126.58 W, 0 %, 539 MiB
2026/09/27 10:12:41.374, 5, 35, 1980 MHz, 120.43 W, 0 %, 539 MiB
2026/09/27 10:12:41.374, 6, 37, 1980 MHz, 128.46 W, 0 %, 539 MiB
2026/09/27 10:12:41.374, 7, 34, 1980 MHz, 126.54 W, 0 %, 539 MiB
2026/09/27 10:12:43.374, 0, 38, 1980 MHz, 125.09 W, 0 %, 559 MiB
2026/09/27 10:12:43.374, 1, 35, 1980 MHz, 119.88 W, 0 %, 539 MiB
2026/09/27 10:12:43.375, 2, 33, 1980 MHz, 115.65 W, 0 %, 539 MiB
2026/09/27 10:12:43.375, 3, 38, 1980 MHz, 127.44 W, 0 %, 539 MiB
2026/09/27 10:12:43.375, 4, 39, 1980 MHz, 126.57 W, 0 %, 539 MiB
2026/09/27 10:12:43.375, 5, 35, 1980 MHz, 120.43 W, 0 %, 539 MiB
2026/09/27 10:12:43.375, 6, 37, 1980 MHz, 128.44 W, 0 %, 539 MiB
2026/09/27 10:12:43.375, 7, 34, 1980 MHz, 126.56 W, 0 %, 539 MiB
2026/09/27 10:12:45.375, 0, 38, 1980 MHz, 125.10 W, 0 %, 559 MiB
2026/09/27 10:12:45.375, 1, 35, 1980 MHz, 119.86 W, 0 %, 539 MiB
2026/09/27 10:12:45.375, 2, 33, 1980 MHz, 115.66 W, 0 %, 539 MiB
2026/09/27 10:12:45.375, 3, 38, 1980 MHz, 127.48 W, 0 %, 539 MiB
2026/09/27 10:12:45.375, 4, 39, 1980 MHz, 126.55 W, 0 %, 539 MiB
2026/09/27 10:12:45.375, 5, 35, 1980 MHz, 120.45 W, 0 %, 539 MiB
2026/09/27 10:12:45.376, 6, 37, 1980 MHz, 128.41 W, 0 %, 539 MiB
2026/09/27 10:12:45.376, 7, 34, 1980 MHz, 126.54 W, 0 %, 539 MiB
2026/09/27 10:12:47.376, 0, 38, 1980 MHz, 125.10 W, 0 %, 559 MiB
2026/09/27 10:12:47.376, 1, 35, 1980 MHz, 119.85 W, 0 %, 539 MiB
2026/09/27 10:12:47.376, 2, 33, 1980 MHz, 115.64 W, 0 %, 539 MiB
2026/09/27 10:12:47.376, 3, 38, 1980 MHz, 127.47 W, 0 %, 539 MiB
2026/09/27 10:12:47.376, 4, 39, 1980 MHz, 126.60 W, 0 %, 539 MiB
2026/09/27 10:12:47.376, 5, 35, 1980 MHz, 120.43 W, 0 %, 539 MiB
2026/09/27 10:12:47.376, 6, 37, 1980 MHz, 128.47 W, 0 %, 539 MiB
2026/09/27 10:12:47.376, 7, 34, 1980 MHz, 126.57 W, 0 %, 539 MiB
2026/09/27 10:12:49.376, 0, 38, 1980 MHz, 125.08 W, 0 %, 559 MiB
2026/09/27 10:12:49.377, 1, 35, 1980 MHz, 119.84 W, 0 %, 539 MiB
2026/09/27 10:12:49.377, 2, 33, 1980 MHz, 115.66 W, 0 %, 539 MiB
2026/09/27 10:12:49.377, 3, 38, 1980 MHz, 127.46 W, 0 %, 539 MiB
2026/09/27 10:12:49.377, 4, 39, 1980 MHz, 126.59 W, 0 %, 539 MiB
2026/09/27 10:12:49.377, 5, 35, 1980 MHz, 120.44 W, 0 %, 539 MiB
2026/09/27 10:12:49.377, 6, 37, 1980 MHz, 128.46 W, 0 %, 539 MiB
2026/09/27 10:12:49.377, 7, 34, 1980 MHz, 126.55 W, 0 %, 539 MiB
2026/09/27 10:12:51.377, 0, 38, 1980 MHz, 125.12 W, 0 %, 559 MiB
2026/09/27 10:12:51.377, 1, 35, 1980 MHz, 119.84 W, 0 %, 539 MiB
2026/09/27 10:12:51.377, 2, 33, 1980 MHz, 115.66 W, 0 %, 539 MiB
2026/09/27 10:12:51.377, 3, 38, 1980 MHz, 127.47 W, 0 %, 539 MiB
2026/09/27 10:12:51.378, 4, 39, 1980 MHz, 126.57 W, 0 %, 539 MiB
2026/09/27 10:12:51.378, 5, 35, 1980 MHz, 120.43 W, 0 %, 539 MiB
2026/09/27 10:12:51.378, 6, 37, 1980 MHz, 128.45 W, 0 %, 539 MiB
2026/09/27 10:12:51.378, 7, 34, 1980 MHz, 126.55 W, 0 %, 539 MiB
2026/09/27 10:12:53.378, 0, 38, 1980 MHz, 125.10 W, 0 %, 559 MiB
2026/09/27 10:12:53.378, 1, 35, 1980 MHz, 119.83 W, 0 %, 539 MiB
2026/09/27 10:12:53.378, 2, 33, 1980 MHz, 115.65 W, 0 %, 539 MiB
2026/09/27 10:12:53.378, 3, 38, 1980 MHz, 127.46 W, 0 %, 539 MiB
2026/09/27 10:12:53.378, 4, 39, 1980 MHz, 126.56 W, 0 %, 539 MiB
2026/09/27 10:12:53.378, 5, 35, 1980 MHz, 120.41 W, 0 %, 539 MiB
2026/09/27 10:12:53.378, 6, 37, 1980 MHz, 128.46 W, 0 %, 539 MiB
2026/09/27 10:12:53.378, 7, 34, 1980 MHz, 126.55 W, 0 %, 539 MiB
2026/09/27 10:12:55.379, 0, 38, 1980 MHz, 125.09 W, 0 %, 559 MiB
2026/09/27 10:12:55.379, 1, 35, 1980 MHz, 119.88 W, 0 %, 539 MiB
2026/09/27 10:12:55.379, 2, 33, 1980 MHz, 115.67 W, 0 %, 539 MiB
2026/09/27 10:12:55.379, 3, 38, 1980 MHz, 127.45 W, 0 %, 539 MiB
2026/09/27 10:12:55.379, 4, 39, 1980 MHz, 126.55 W, 0 %, 539 MiB
2026/09/27 10:12:55.379, 5, 35, 1980 MHz, 120.39 W, 0 %, 539 MiB
2026/09/27 10:12:55.379, 6, 37, 1980 MHz, 128.48 W, 0 %, 539 MiB
2026/09/27 10:12:55.379, 7, 34, 1980 MHz, 126.57 W, 0 %, 539 MiB
2026/09/27 10:12:57.379, 0, 38, 1980 MHz, 125.08 W, 0 %, 559 MiB
2026/09/27 10:12:57.379, 1, 35, 1980 MHz, 119.88 W, 0 %, 539 MiB
2026/09/27 10:12:57.380, 2, 33, 1980 MHz, 115.66 W, 0 %, 539 MiB
2026/09/27 10:12:57.380, 3, 38, 1980 MHz, 127.43 W, 0 %, 539 MiB
2026/09/27 10:12:57.380, 4, 39, 1980 MHz, 126.55 W, 0 %, 539 MiB
2026/09/27 10:12:57.380, 5, 35, 1980 MHz, 120.41 W, 0 %, 539 MiB
2026/09/27 10:12:57.380, 6, 37, 1980 MHz, 128.48 W, 0 %, 539 MiB
2026/09/27 10:12:57.380, 7, 34, 1980 MHz, 126.53 W, 0 %, 539 MiB
2026/09/27 10:12:59.380, 0, 38, 1980 MHz, 125.11 W, 0 %, 559 MiB
2026/09/27 10:12:59.380, 1, 35, 1980 MHz, 119.90 W, 0 %, 539 MiB
2026/09/27 10:12:59.380, 2, 33, 1980 MHz, 115.67 W, 0 %, 539 MiB
2026/09/27 10:12:59.380, 3, 38, 1980 MHz, 127.43 W, 0 %, 539 MiB
2026/09/27 10:12:59.380, 4, 39, 1980 MHz, 126.57 W, 0 %, 539 MiB
2026/09/27 10:12:59.380, 5, 35, 1980 MHz, 120.42 W, 0 %, 539 MiB
2026/09/27 10:12:59.381, 6, 37, 1980 MHz, 128.48 W, 0 %, 539 MiB
2026/09/27 10:12:59.381, 7, 34, 1980 MHz, 126.55 W, 0 %, 539 MiB
2026/09/27 10:13:01.381, 0, 38, 1980 MHz, 125.08 W, 0 %, 559 MiB
2026/09/27 10:13:01.381, 1, 35, 1980 MHz, 119.85 W, 0 %, 539 MiB
2026/09/27 10:13:01.381, 2, 33, 1980 MHz, 115.67 W, 0 %, 539 MiB
2026/09/27 10:13:01.381, 3, 38, 1980 MHz, 127.46 W, 0 %, 539 MiB
2026/09/27 10:13:01.381, 4, 39, 1980 MHz, 126.57 W, 0 %, 539 MiB
2026/09/27 10:13:01.381, 5, 35, 1980 MHz, 120.43 W, 0 %, 539 MiB
2026/09/27 10:13:01.381, 6, 37, 1980 MHz, 128.43 W, 0 %, 539 MiB
2026/09/27 10:13:01.381, 7, 34, 1980 MHz, 126.53 W, 0 %, 539 MiB
2026/09/27 10:13:03.382, 0, 38, 1980 MHz, 125.11 W, 0 %, 559 MiB
2026/09/27 10:13:03.382, 1, 35, 1980 MHz, 119.87 W, 0 %, 539 MiB
2026/09/27 10:13:03.382, 2, 33, 1980 MHz, 115.66 W, 0 %, 539 MiB
2026/09/27 10:13:03.382, 3, 38, 1980 MHz, 127.44 W, 0 %, 539 MiB
2026/09/27 10:13:03.382, 4, 39, 1980 MHz, 126.55 W, 0 %, 539 MiB
2026/09/27 10:13:03.382, 5, 35, 1980 MHz, 120.42 W, 0 %, 539 MiB
2026/09/27 10:13:03.382, 6, 37, 1980 MHz, 128.43 W, 0 %, 539 MiB
2026/09/27 10:13:03.382, 7, 34, 1980 MHz, 126.55 W, 0 %, 539 MiB
2026/09/27 10:13:05.382, 0, 38, 1980 MHz, 125.10 W, 0 %, 559 MiB
2026/09/27 10:13:05.382, 1, 35, 1980 MHz, 119.87 W, 0 %, 539 MiB
2026/09/27 10:13:05.383, 2, 33, 1980 MHz, 115.67 W, 0 %, 539 MiB
2026/09/27 10:13:05.383, 3, 38, 1980 MHz, 127.46 W, 0 %, 539 MiB
2026/09/27 10:13:05.383, 4, 39, 1980 MHz, 126.55 W, 0 %, 539 MiB
2026/09/27 10:13:05.383, 5, 35, 1980 MHz, 120.41 W, 0 %, 539 MiB
2026/09/27 10:13:05.383, 6, 37, 1980 MHz, 128.40 W, 0 %, 539 MiB
2026/09/27 10:13:05.383, 7, 34, 1980 MHz, 126.56 W, 0 %, 539 MiB
2026/09/27 10:13:07.383, 0, 38, 1980 MHz, 125.09 W, 0 %, 559 MiB
2026/09/27 10:13:07.383, 1, 35, 1980 MHz, 119.89 W, 0 %, 539 MiB
2026/09/27 10:13:07.383, 2, 33, 1980 MHz, 115.63 W, 0 %, 539 MiB
2026/09/27 10:13:07.384, 3, 38, 1980 MHz, 127.47 W, 0 %, 539 MiB
2026/09/27 10:13:07.384, 4, 39, 1980 MHz, 126.59 W, 0 %, 539 MiB
2026/09/27 10:13:07.384, 5, 35, 1980 MHz, 120.39 W, 0 %, 539 MiB
2026/09/27 10:13:07.384, 6, 37, 1980 MHz, 128.44 W, 0 %, 539 MiB
2026/09/27 10:13:07.384, 7, 34, 1980 MHz, 126.55 W, 0 %, 539 MiB
2026/09/27 10:13:09.384, 0, 38, 1980 MHz, 125.08 W, 0 %, 559 MiB
2026/09/27 10:13:09.384, 1, 35, 1980 MHz, 119.83 W, 0 %, 539 MiB
2026/09/27 10:13:09.384, 2, 33, 1980 MHz, 115.67 W, 0 %, 539 MiB
2026/09/27 10:13:09.384, 3, 38, 1980 MHz, 127.45 W, 0 %, 539 MiB
2026/09/27 10:13:09.384, 4, 39, 1980 MHz, 126.55 W, 0 %, 539 MiB
2026/09/27 10:13:09.385, 5, 35, 1980 MHz, 120.42 W, 0 %, 539 MiB
2026/09/27 10:13:09.385, 6, 37, 1980 MHz, 128.40 W, 0 %, 539 MiB
2026/09/27 10:13:09.385, 7, 34, 1980 MHz, 126.53 W, 0 %, 539 MiB
2026/09/27 10:13:11.385, 0, 38, 1980 MHz, 125.13 W, 0 %, 559 MiB
2026/09/27 10:13:11.385, 1, 35, 1980 MHz, 119.85 W, 0 %, 539 MiB
2026/09/27 10:13:11.385, 2, 33, 1980 MHz, 115.71 W, 0 %, 539 MiB
2026/09/27 10:13:11.385, 3, 38, 1980 MHz, 127.47 W, 0 %, 539 MiB
2026/09/27 10:13:11.385, 4, 39, 1980 MHz, 126.55 W, 0 %, 539 MiB
2026/09/27 10:13:11.385, 5, 35, 1980 MHz, 120.42 W, 0 %, 539 MiB
2026/09/27 10:13:11.385, 6, 37, 1980 MHz, 128.43 W, 0 %, 539 MiB
2026/09/27 10:13:11.385, 7, 34, 1980 MHz, 126.53 W, 0 %, 539 MiB
2026/09/27 10:13:13.386, 0, 38, 1980 MHz, 125.09 W, 0 %, 559 MiB
2026/09/27 10:13:13.386, 1, 35, 1980 MHz, 119.83 W, 0 %, 539 MiB
2026/09/27 10:13:13.386, 2, 33, 1980 MHz, 115.65 W, 0 %, 539 MiB
2026/09/27 10:13:13.386, 3, 38, 1980 MHz, 127.47 W, 0 %, 539 MiB
2026/09/27 10:13:13.386, 4, 39, 1980 MHz, 126.55 W, 0 %, 539 MiB
2026/09/27 10:13:13.386, 5, 35, 1980 MHz, 120.43 W, 0 %, 539 MiB
2026/09/27 10:13:13.386, 6, 37, 1980 MHz, 128.45 W, 0 %, 539 MiB
2026/09/27 10:13:13.386, 7, 34, 1980 MHz, 126.54 W, 0 %, 539 MiB
2026/09/27 10:13:15.386, 0, 38, 1980 MHz, 125.06 W, 0 %, 559 MiB
2026/09/27 10:13:15.386, 1, 35, 1980 MHz, 119.88 W, 0 %, 539 MiB
2026/09/27 10:13:15.387, 2, 33, 1980 MHz, 115.62 W, 0 %, 539 MiB
2026/09/27 10:13:15.387, 3, 38, 1980 MHz, 127.42 W, 0 %, 539 MiB
2026/09/27 10:13:15.387, 4, 39, 1980 MHz, 126.56 W, 0 %, 539 MiB
2026/09/27 10:13:15.387, 5, 35, 1980 MHz, 120.42 W, 0 %, 539 MiB
2026/09/27 10:13:15.387, 6, 37, 1980 MHz, 128.41 W, 0 %, 539 MiB
2026/09/27 10:13:15.387, 7, 34, 1980 MHz, 126.53 W, 0 %, 539 MiB
2026/09/27 10:13:17.387, 0, 38, 1980 MHz, 125.10 W, 0 %, 559 MiB
2026/09/27 10:13:17.387, 1, 35, 1980 MHz, 119.84 W, 0 %, 539 MiB
2026/09/27 10:13:17.387, 2, 33, 1980 MHz, 115.66 W, 0 %, 539 MiB
2026/09/27 10:13:17.387, 3, 38, 1980 MHz, 127.44 W, 0 %, 539 MiB
2026/09/27 10:13:17.387, 4, 39, 1980 MHz, 126.55 W, 0 %, 539 MiB
2026/09/27 10:13:17.387, 5, 35, 1980 MHz, 120.39 W, 0 %, 539 MiB
2026/09/27 10:13:17.387, 6, 37, 1980 MHz, 128.46 W, 0 %, 539 MiB
2026/09/27 10:13:17.388, 7, 34, 1980 MHz, 126.57 W, 0 %, 539 MiB
2026/09/27 10:13:19.388, 0, 38, 1980 MHz, 125.07 W, 0 %, 559 MiB
2026/09/27 10:13:19.388, 1, 35, 1980 MHz, 119.86 W, 0 %, 539 MiB
2026/09/27 10:13:19.388, 2, 33, 1980 MHz, 115.67 W, 0 %, 539 MiB
2026/09/27 10:13:19.388, 3, 38, 1980 MHz, 127.42 W, 0 %, 539 MiB
2026/09/27 10:13:19.388, 4, 39, 1980 MHz, 126.60 W, 0 %, 539 MiB
2026/09/27 10:13:19.388, 5, 35, 1980 MHz, 120.39 W, 0 %, 539 MiB
2026/09/27 10:13:19.388, 6, 37, 1980 MHz, 128.38 W, 0 %, 539 MiB
2026/09/27 10:13:19.388, 7, 34, 1980 MHz, 126.54 W, 0 %, 539 MiB
2026/09/27 10:13:21.389, 0, 38, 1980 MHz, 125.08 W, 0 %, 559 MiB
2026/09/27 10:13:21.389, 1, 35, 1980 MHz, 119.83 W, 0 %, 539 MiB
2026/09/27 10:13:21.389, 2, 33, 1980 MHz, 115.68 W, 0 %, 539 MiB
2026/09/27 10:13:21.389, 3, 38, 1980 MHz, 127.41 W, 0 %, 539 MiB
2026/09/27 10:13:21.389, 4, 39, 1980 MHz, 126.54 W, 0 %, 539 MiB
2026/09/27 10:13:21.389, 5, 35, 1980 MHz, 120.40 W, 0 %, 539 MiB
2026/09/27 10:13:21.389, 6, 37, 1980 MHz, 128.41 W, 0 %, 539 MiB
2026/09/27 10:13:21.389, 7, 34, 1980 MHz, 126.54 W, 0 %, 539 MiB
2026/09/27 10:13:23.389, 0, 38, 1980 MHz, 125.05 W, 0 %, 559 MiB
2026/09/27 10:13:23.389, 1, 35, 1980 MHz, 119.82 W, 0 %, 539 MiB
2026/09/27 10:13:23.390, 2, 33, 1980 MHz, 115.64 W, 0 %, 539 MiB
2026/09/27 10:13:23.390, 3, 38, 1980 MHz, 127.46 W, 0 %, 539 MiB
2026/09/27 10:13:23.390, 4, 39, 1980 MHz, 126.55 W, 0 %, 539 MiB
2026/09/27 10:13:23.390, 5, 35, 1980 MHz, 120.38 W, 0 %, 539 MiB
2026/09/27 10:13:23.390, 6, 37, 1980 MHz, 128.40 W, 0 %, 539 MiB
2026/09/27 10:13:23.390, 7, 34, 1980 MHz, 126.53 W, 0 %, 539 MiB
2026/09/27 10:13:25.390, 0, 38, 1980 MHz, 125.09 W, 0 %, 559 MiB
2026/09/27 10:13:25.390, 1, 35, 1980 MHz, 119.86 W, 0 %, 539 MiB
2026/09/27 10:13:25.390, 2, 33, 1980 MHz, 115.65 W, 0 %, 539 MiB
2026/09/27 10:13:25.390, 3, 38, 1980 MHz, 127.42 W, 0 %, 539 MiB
2026/09/27 10:13:25.390, 4, 39, 1980 MHz, 126.54 W, 0 %, 539 MiB
2026/09/27 10:13:25.390, 5, 35, 1980 MHz, 120.40 W, 0 %, 539 MiB
2026/09/27 10:13:25.391, 6, 37, 1980 MHz, 128.37 W, 0 %, 539 MiB
2026/09/27 10:13:25.391, 7, 34, 1980 MHz, 126.52 W, 0 %, 539 MiB
2026/09/27 10:13:27.391, 0, 38, 1980 MHz, 125.07 W, 0 %, 559 MiB
2026/09/27 10:13:27.391, 1, 35, 1980 MHz, 119.83 W, 0 %, 539 MiB
2026/09/27 10:13:27.391, 2, 33, 1980 MHz, 115.64 W, 0 %, 539 MiB
2026/09/27 10:13:27.391, 3, 38, 1980 MHz, 127.45 W, 0 %, 539 MiB
2026/09/27 10:13:27.391, 4, 39, 1980 MHz, 126.56 W, 0 %, 539 MiB
2026/09/27 10:13:27.391, 5, 35, 1980 MHz, 120.42 W, 0 %, 539 MiB
2026/09/27 10:13:27.391, 6, 37, 1980 MHz, 128.38 W, 0 %, 539 MiB
2026/09/27 10:13:27.391, 7, 34, 1980 MHz, 126.55 W, 0 %, 539 MiB
2026/09/27 10:13:29.392, 0, 38, 1980 MHz, 125.03 W, 0 %, 559 MiB
2026/09/27 10:13:29.392, 1, 35, 1980 MHz, 119.80 W, 0 %, 539 MiB
2026/09/27 10:13:29.392, 2, 33, 1980 MHz, 115.64 W, 0 %, 539 MiB
2026/09/27 10:13:29.392, 3, 38, 1980 MHz, 127.38 W, 0 %, 539 MiB
2026/09/27 10:13:29.392, 4, 39, 1980 MHz, 126.53 W, 0 %, 539 MiB
2026/09/27 10:13:29.392, 5, 35, 1980 MHz, 120.40 W, 0 %, 539 MiB
2026/09/27 10:13:29.392, 6, 37, 1980 MHz, 128.38 W, 0 %, 539 MiB
2026/09/27 10:13:29.392, 7, 34, 1980 MHz, 126.53 W, 0 %, 539 MiB
2026/09/27 10:13:31.393, 0, 38, 1980 MHz, 125.05 W, 0 %, 559 MiB
2026/09/27 10:13:31.393, 1, 35, 1980 MHz, 119.84 W, 0 %, 539 MiB
2026/09/27 10:13:31.393, 2, 33, 1980 MHz, 115.65 W, 0 %, 539 MiB
2026/09/27 10:13:31.393, 3, 38, 1980 MHz, 127.42 W, 0 %, 539 MiB
2026/09/27 10:13:31.393, 4, 39, 1980 MHz, 126.51 W, 0 %, 539 MiB
2026/09/27 10:13:31.393, 5, 35, 1980 MHz, 120.39 W, 0 %, 539 MiB
2026/09/27 10:13:31.393, 6, 37, 1980 MHz, 128.40 W, 0 %, 539 MiB
2026/09/27 10:13:31.393, 7, 34, 1980 MHz, 126.53 W, 0 %, 539 MiB
2026/09/27 10:13:33.394, 0, 38, 1980 MHz, 125.02 W, 0 %, 559 MiB
2026/09/27 10:13:33.394, 1, 35, 1980 MHz, 119.85 W, 0 %, 539 MiB
2026/09/27 10:13:33.394, 2, 33, 1980 MHz, 115.65 W, 0 %, 539 MiB
2026/09/27 10:13:33.394, 3, 38, 1980 MHz, 127.41 W, 0 %, 539 MiB
2026/09/27 10:13:33.394, 4, 39, 1980 MHz, 126.48 W, 0 %, 539 MiB
2026/09/27 10:13:33.394, 5, 35, 1980 MHz, 120.37 W, 0 %, 539 MiB
2026/09/27 10:13:33.394, 6, 37, 1980 MHz, 128.43 W, 0 %, 539 MiB
2026/09/27 10:13:33.394, 7, 34, 1980 MHz, 126.54 W, 0 %, 539 MiB
2026/09/27 10:13:35.395, 0, 38, 1980 MHz, 125.02 W, 0 %, 559 MiB
2026/09/27 10:13:35.395, 1, 35, 1980 MHz, 119.87 W, 0 %, 539 MiB
2026/09/27 10:13:35.395, 2, 33, 1980 MHz, 115.65 W, 0 %, 539 MiB
2026/09/27 10:13:35.395, 3, 38, 1980 MHz, 127.43 W, 0 %, 539 MiB
2026/09/27 10:13:35.395, 4, 39, 1980 MHz, 126.51 W, 0 %, 539 MiB
2026/09/27 10:13:35.395, 5, 35, 1980 MHz, 120.39 W, 0 %, 539 MiB
2026/09/27 10:13:35.395, 6, 37, 1980 MHz, 128.38 W, 0 %, 539 MiB
2026/09/27 10:13:35.395, 7, 34, 1980 MHz, 126.54 W, 0 %, 539 MiB
2026/09/27 10:13:37.395, 0, 38, 1980 MHz, 125.03 W, 0 %, 559 MiB
2026/09/27 10:13:37.396, 1, 35, 1980 MHz, 119.88 W, 0 %, 539 MiB
2026/09/27 10:13:37.396, 2, 33, 1980 MHz, 115.64 W, 0 %, 539 MiB
2026/09/27 10:13:37.396, 3, 38, 1980 MHz, 127.42 W, 0 %, 539 MiB
2026/09/27 10:13:37.396, 4, 39, 1980 MHz, 126.52 W, 0 %, 539 MiB
2026/09/27 10:13:37.396, 5, 35, 1980 MHz, 120.37 W, 0 %, 539 MiB
2026/09/27 10:13:37.396, 6, 37, 1980 MHz, 128.38 W, 0 %, 539 MiB
2026/09/27 10:13:37.396, 7, 34, 1980 MHz, 126.53 W, 0 %, 539 MiB
2026/09/27 10:13:39.396, 0, 38, 1980 MHz, 125.05 W, 0 %, 559 MiB
2026/09/27 10:13:39.396, 1, 35, 1980 MHz, 119.82 W, 0 %, 539 MiB
2026/09/27 10:13:39.396, 2, 33, 1980 MHz, 115.66 W, 0 %, 539 MiB
2026/09/27 10:13:39.396, 3, 38, 1980 MHz, 127.45 W, 0 %, 539 MiB
2026/09/27 10:13:39.396, 4, 39, 1980 MHz, 126.55 W, 0 %, 539 MiB
2026/09/27 10:13:39.397, 5, 35, 1980 MHz, 120.40 W, 0 %, 539 MiB
2026/09/27 10:13:39.397, 6, 37, 1980 MHz, 128.38 W, 0 %, 539 MiB
2026/09/27 10:13:39.397, 7, 34, 1980 MHz, 126.54 W, 0 %, 539 MiB
2026/09/27 10:13:41.397, 0, 38, 1980 MHz, 125.01 W, 0 %, 559 MiB
2026/09/27 10:13:41.397, 1, 35, 1980 MHz, 119.87 W, 0 %, 539 MiB
2026/09/27 10:13:41.397, 2, 33, 1980 MHz, 115.62 W, 0 %, 539 MiB
2026/09/27 10:13:41.397, 3, 38, 1980 MHz, 127.46 W, 0 %, 539 MiB
2026/09/27 10:13:41.397, 4, 39, 1980 MHz, 126.54 W, 0 %, 539 MiB
2026/09/27 10:13:41.397, 5, 35, 1980 MHz, 120.36 W, 0 %, 539 MiB
2026/09/27 10:13:41.397, 6, 37, 1980 MHz, 128.42 W, 0 %, 539 MiB
2026/09/27 10:13:41.397, 7, 34, 1980 MHz, 126.54 W, 0 %, 539 MiB
2026/09/27 10:13:43.398, 0, 38, 1980 MHz, 125.05 W, 0 %, 559 MiB
2026/09/27 10:13:43.398, 1, 35, 1980 MHz, 119.81 W, 0 %, 539 MiB
2026/09/27 10:13:43.398, 2, 33, 1980 MHz, 115.67 W, 0 %, 539 MiB
2026/09/27 10:13:43.398, 3, 38, 1980 MHz, 127.45 W, 0 %, 539 MiB
2026/09/27 10:13:43.398, 4, 39, 1980 MHz, 126.51 W, 0 %, 539 MiB
2026/09/27 10:13:43.398, 5, 35, 1980 MHz, 120.39 W, 0 %, 539 MiB
2026/09/27 10:13:43.398, 6, 37, 1980 MHz, 128.43 W, 0 %, 539 MiB
2026/09/27 10:13:43.398, 7, 34, 1980 MHz, 126.52 W, 0 %, 539 MiB
2026/09/27 10:13:45.398, 0, 38, 1980 MHz, 125.00 W, 0 %, 559 MiB
2026/09/27 10:13:45.399, 1, 35, 1980 MHz, 119.83 W, 0 %, 539 MiB
2026/09/27 10:13:45.399, 2, 33, 1980 MHz, 115.63 W, 0 %, 539 MiB
2026/09/27 10:13:45.399, 3, 38, 1980 MHz, 127.44 W, 0 %, 539 MiB
2026/09/27 10:13:45.399, 4, 39, 1980 MHz, 126.52 W, 0 %, 539 MiB
2026/09/27 10:13:45.399, 5, 35, 1980 MHz, 120.37 W, 0 %, 539 MiB
2026/09/27 10:13:45.399, 6, 37, 1980 MHz, 128.43 W, 0 %, 539 MiB
2026/09/27 10:13:45.399, 7, 34, 1980 MHz, 126.55 W, 0 %, 539 MiB
2026/09/27 10:13:47.399, 0, 38, 1980 MHz, 125.05 W, 0 %, 559 MiB
2026/09/27 10:13:47.399, 1, 35, 1980 MHz, 119.84 W, 0 %, 539 MiB
2026/09/27 10:13:47.399, 2, 33, 1980 MHz, 115.62 W, 0 %, 539 MiB
2026/09/27 10:13:47.400, 3, 38, 1980 MHz, 127.42 W, 0 %, 539 MiB
2026/09/27 10:13:47.400, 4, 39, 1980 MHz, 126.51 W, 0 %, 539 MiB
2026/09/27 10:13:47.400, 5, 35, 1980 MHz, 120.37 W, 0 %, 539 MiB
2026/09/27 10:13:47.400, 6, 37, 1980 MHz, 127.50 W, 0 %, 539 MiB
2026/09/27 10:13:47.400, 7, 34, 1980 MHz, 126.53 W, 0 %, 539 MiB
2026/09/27 10:13:49.400, 0, 38, 1980 MHz, 125.03 W, 0 %, 559 MiB
2026/09/27 10:13:49.400, 1, 35, 1980 MHz, 119.82 W, 0 %, 539 MiB
2026/09/27 10:13:49.400, 2, 33, 1980 MHz, 115.64 W, 0 %, 539 MiB
2026/09/27 10:13:49.400, 3, 38, 1980 MHz, 127.41 W, 0 %, 539 MiB
2026/09/27 10:13:49.400, 4, 39, 1980 MHz, 126.51 W, 0 %, 539 MiB
2026/09/27 10:13:49.400, 5, 35, 1980 MHz, 120.36 W, 0 %, 539 MiB
2026/09/27 10:13:49.400, 6, 37, 1980 MHz, 127.52 W, 0 %, 539 MiB
2026/09/27 10:13:49.401, 7, 34, 1980 MHz, 126.56 W, 0 %, 539 MiB
2026/09/27 10:13:51.401, 0, 38, 1980 MHz, 125.00 W, 0 %, 559 MiB
2026/09/27 10:13:51.401, 1, 35, 1980 MHz, 119.83 W, 0 %, 539 MiB
2026/09/27 10:13:51.401, 2, 33, 1980 MHz, 115.63 W, 0 %, 539 MiB
2026/09/27 10:13:51.401, 3, 38, 1980 MHz, 127.45 W, 0 %, 539 MiB
2026/09/27 10:13:51.401, 4, 39, 1980 MHz, 126.50 W, 0 %, 539 MiB
2026/09/27 10:13:51.401, 5, 35, 1980 MHz, 120.39 W, 0 %, 539 MiB
2026/09/27 10:13:51.401, 6, 37, 1980 MHz, 127.47 W, 0 %, 539 MiB
2026/09/27 10:13:51.401, 7, 34, 1980 MHz, 126.55 W, 0 %, 539 MiB
2026/09/27 10:13:53.401, 0, 38, 1980 MHz, 125.04 W, 0 %, 559 MiB
2026/09/27 10:13:53.402, 1, 35, 1980 MHz, 119.79 W, 0 %, 539 MiB
2026/09/27 10:13:53.402, 2, 33, 1980 MHz, 115.61 W, 0 %, 539 MiB
2026/09/27 10:13:53.402, 3, 38, 1980 MHz, 127.38 W, 0 %, 539 MiB
2026/09/27 10:13:53.402, 4, 39, 1980 MHz, 126.55 W, 0 %, 539 MiB
2026/09/27 10:13:53.402, 5, 35, 1980 MHz, 120.40 W, 0 %, 539 MiB
2026/09/27 10:13:53.402, 6, 37, 1980 MHz, 127.49 W, 0 %, 539 MiB
2026/09/27 10:13:53.402, 7, 34, 1980 MHz, 126.51 W, 0 %, 539 MiB
2026/09/27 10:13:55.402, 0, 38, 1980 MHz, 125.00 W, 0 %, 559 MiB
2026/09/27 10:13:55.403, 1, 35, 1980 MHz, 119.83 W, 0 %, 539 MiB
2026/09/27 10:13:55.403, 2, 33, 1980 MHz, 115.62 W, 0 %, 539 MiB
2026/09/27 10:13:55.403, 3, 38, 1980 MHz, 127.43 W, 0 %, 539 MiB
2026/09/27 10:13:55.403, 4, 39, 1980 MHz, 126.55 W, 0 %, 539 MiB
2026/09/27 10:13:55.403, 5, 35, 1980 MHz, 120.40 W, 0 %, 539 MiB
2026/09/27 10:13:55.403, 6, 37, 1980 MHz, 127.47 W, 0 %, 539 MiB
2026/09/27 10:13:55.403, 7, 34, 1980 MHz, 126.54 W, 0 %, 539 MiB
2026/09/27 10:13:57.403, 0, 38, 1980 MHz, 125.04 W, 0 %, 559 MiB
2026/09/27 10:13:57.404, 1, 35, 1980 MHz, 119.81 W, 0 %, 539 MiB
2026/09/27 10:13:57.404, 2, 33, 1980 MHz, 115.61 W, 0 %, 539 MiB
2026/09/27 10:13:57.404, 3, 38, 1980 MHz, 127.41 W, 0 %, 539 MiB
2026/09/27 10:13:57.404, 4, 39, 1980 MHz, 126.53 W, 0 %, 539 MiB
2026/09/27 10:13:57.404, 5, 35, 1980 MHz, 120.39 W, 0 %, 539 MiB
2026/09/27 10:13:57.404, 6, 37, 1980 MHz, 127.46 W, 0 %, 539 MiB
2026/09/27 10:13:57.404, 7, 34, 1980 MHz, 126.49 W, 0 %, 539 MiB
2026/09/27 10:13:59.404, 0, 38, 1980 MHz, 125.02 W, 0 %, 559 MiB
2026/09/27 10:13:59.404, 1, 35, 1980 MHz, 119.87 W, 0 %, 539 MiB
2026/09/27 10:13:59.405, 2, 33, 1980 MHz, 115.60 W, 0 %, 539 MiB
2026/09/27 10:13:59.405, 3, 38, 1980 MHz, 127.43 W, 0 %, 539 MiB
2026/09/27 10:13:59.405, 4, 39, 1980 MHz, 126.53 W, 0 %, 539 MiB
2026/09/27 10:13:59.405, 5, 35, 1980 MHz, 120.35 W, 0 %, 539 MiB
2026/09/27 10:13:59.405, 6, 37, 1980 MHz, 127.48 W, 0 %, 539 MiB
2026/09/27 10:13:59.405, 7, 34, 1980 MHz, 126.25 W, 0 %, 539 MiB
2026/09/27 10:14:01.405, 0, 38, 1980 MHz, 125.01 W, 0 %, 559 MiB
2026/09/27 10:14:01.405, 1, 35, 1980 MHz, 119.85 W, 0 %, 539 MiB
2026/09/27 10:14:01.405, 2, 33, 1980 MHz, 115.61 W, 0 %, 539 MiB
2026/09/27 10:14:01.405, 3, 38, 1980 MHz, 127.42 W, 0 %, 539 MiB
2026/09/27 10:14:01.405, 4, 39, 1980 MHz, 126.50 W, 0 %, 539 MiB
2026/09/27 10:14:01.405, 5, 35, 1980 MHz, 120.36 W, 0 %, 539 MiB
2026/09/27 10:14:01.406, 6, 37, 1980 MHz, 127.48 W, 0 %, 539 MiB
2026/09/27 10:14:01.406, 7, 34, 1980 MHz, 125.82 W, 0 %, 539 MiB
2026/09/27 10:14:03.406, 0, 38, 1980 MHz, 125.02 W, 0 %, 559 MiB
2026/09/27 10:14:03.406, 1, 35, 1980 MHz, 119.79 W, 0 %, 539 MiB
2026/09/27 10:14:03.406, 2, 33, 1980 MHz, 115.63 W, 0 %, 539 MiB
2026/09/27 10:14:03.406, 3, 38, 1980 MHz, 127.42 W, 0 %, 539 MiB
2026/09/27 10:14:03.406, 4, 39, 1980 MHz, 126.47 W, 0 %, 539 MiB
2026/09/27 10:14:03.406, 5, 35, 1980 MHz, 120.30 W, 0 %, 539 MiB
2026/09/27 10:14:03.406, 6, 37, 1980 MHz, 127.43 W, 0 %, 539 MiB
2026/09/27 10:14:03.406, 7, 34, 1980 MHz, 125.78 W, 0 %, 539 MiB
2026/09/27 10:14:05.407, 0, 38, 1980 MHz, 124.97 W, 0 %, 559 MiB
2026/09/27 10:14:05.407, 1, 35, 1980 MHz, 119.82 W, 0 %, 539 MiB
2026/09/27 10:14:05.407, 2, 33, 1980 MHz, 115.63 W, 0 %, 539 MiB
2026/09/27 10:14:05.407, 3, 38, 1980 MHz, 127.38 W, 0 %, 539 MiB
2026/09/27 10:14:05.407, 4, 39, 1980 MHz, 126.47 W, 0 %, 539 MiB
2026/09/27 10:14:05.407, 5, 35, 1980 MHz, 120.35 W, 0 %, 539 MiB
2026/09/27 10:14:05.407, 6, 37, 1980 MHz, 127.52 W, 0 %, 539 MiB
2026/09/27 10:14:05.407, 7, 34, 1980 MHz, 125.79 W, 0 %, 539 MiB
2026/09/27 10:14:07.407, 0, 38, 1980 MHz, 124.95 W, 0 %, 559 MiB
2026/09/27 10:14:07.407, 1, 35, 1980 MHz, 119.86 W, 0 %, 539 MiB
2026/09/27 10:14:07.408, 2, 33, 1980 MHz, 115.59 W, 0 %, 539 MiB
2026/09/27 10:14:07.408, 3, 38, 1980 MHz, 127.37 W, 0 %, 539 MiB
2026/09/27 10:14:07.408, 4, 39, 1980 MHz, 126.49 W, 0 %, 539 MiB
2026/09/27 10:14:07.408, 5, 35, 1980 MHz, 120.39 W, 0 %, 539 MiB
2026/09/27 10:14:07.408, 6, 37, 1980 MHz, 127.47 W, 0 %, 539 MiB
2026/09/27 10:14:07.408, 7, 34, 1980 MHz, 125.78 W, 0 %, 539 MiB
2026/09/27 10:14:09.408, 0, 38, 1980 MHz, 125.00 W, 0 %, 559 MiB
2026/09/27 10:14:09.408, 1, 35, 1980 MHz, 119.85 W, 0 %, 539 MiB
2026/09/27 10:14:09.408, 2, 33, 1980 MHz, 115.62 W, 0 %, 539 MiB
2026/09/27 10:14:09.408, 3, 38, 1980 MHz, 127.38 W, 0 %, 539 MiB
2026/09/27 10:14:09.408, 4, 39, 1980 MHz, 126.51 W, 0 %, 539 MiB
2026/09/27 10:14:09.408, 5, 35, 1980 MHz, 120.38 W, 0 %, 539 MiB
2026/09/27 10:14:09.409, 6, 37, 1980 MHz, 127.50 W, 0 %, 539 MiB
2026/09/27 10:14:09.409, 7, 34, 1980 MHz, 125.77 W, 0 %, 539 MiB
2026/09/27 10:14:11.409, 0, 38, 1980 MHz, 125.04 W, 0 %, 559 MiB
2026/09/27 10:14:11.409, 1, 35, 1980 MHz, 119.81 W, 0 %, 539 MiB
2026/09/27 10:14:11.409, 2, 33, 1980 MHz, 115.62 W, 0 %, 539 MiB
2026/09/27 10:14:11.409, 3, 38, 1980 MHz, 127.35 W, 0 %, 539 MiB
2026/09/27 10:14:11.409, 4, 39, 1980 MHz, 126.47 W, 0 %, 539 MiB
2026/09/27 10:14:11.409, 5, 35, 1980 MHz, 120.37 W, 0 %, 539 MiB
2026/09/27 10:14:11.409, 6, 37, 1980 MHz, 127.50 W, 0 %, 539 MiB
2026/09/27 10:14:11.409, 7, 34, 1980 MHz, 125.78 W, 0 %, 539 MiB
2026/09/27 10:14:13.409, 0, 38, 1980 MHz, 124.99 W, 0 %, 559 MiB
2026/09/27 10:14:13.410, 1, 35, 1980 MHz, 119.81 W, 0 %, 539 MiB
2026/09/27 10:14:13.410, 2, 33, 1980 MHz, 115.59 W, 0 %, 539 MiB
2026/09/27 10:14:13.410, 3, 38, 1980 MHz, 127.35 W, 0 %, 539 MiB
2026/09/27 10:14:13.410, 4, 39, 1980 MHz, 126.49 W, 0 %, 539 MiB
2026/09/27 10:14:13.410, 5, 35, 1980 MHz, 120.35 W, 0 %, 539 MiB
2026/09/27 10:14:13.410, 6, 37, 1980 MHz, 127.43 W, 0 %, 539 MiB
2026/09/27 10:14:13.410, 7, 34, 1980 MHz, 125.81 W, 0 %, 539 MiB
2026/09/27 10:14:15.410, 0, 38, 1980 MHz, 125.03 W, 0 %, 559 MiB
2026/09/27 10:14:15.410, 1, 35, 1980 MHz, 119.80 W, 0 %, 539 MiB
2026/09/27 10:14:15.410, 2, 33, 1980 MHz, 115.63 W, 0 %, 539 MiB
2026/09/27 10:14:15.410, 3, 38, 1980 MHz, 127.38 W, 0 %, 539 MiB
2026/09/27 10:14:15.410, 4, 39, 1980 MHz, 126.52 W, 0 %, 539 MiB
2026/09/27 10:14:15.411, 5, 35, 1980 MHz, 120.36 W, 0 %, 539 MiB
2026/09/27 10:14:15.411, 6, 37, 1980 MHz, 127.43 W, 0 %, 539 MiB
2026/09/27 10:14:15.411, 7, 34, 1980 MHz, 125.83 W, 0 %, 539 MiB
2026/09/27 10:14:17.411, 0, 38, 1980 MHz, 125.01 W, 0 %, 559 MiB
2026/09/27 10:14:17.411, 1, 35, 1980 MHz, 119.86 W, 0 %, 539 MiB
2026/09/27 10:14:17.411, 2, 33, 1980 MHz, 115.62 W, 0 %, 539 MiB
2026/09/27 10:14:17.411, 3, 38, 1980 MHz, 127.39 W, 0 %, 539 MiB
2026/09/27 10:14:17.411, 4, 39, 1980 MHz, 126.50 W, 0 %, 539 MiB
2026/09/27 10:14:17.411, 5, 35, 1980 MHz, 120.36 W, 0 %, 539 MiB
2026/09/27 10:14:17.411, 6, 37, 1980 MHz, 127.47 W, 0 %, 539 MiB
2026/09/27 10:14:17.411, 7, 34, 1980 MHz, 125.84 W, 0 %, 539 MiB
2026/09/27 10:14:19.412, 0, 38, 1980 MHz, 125.00 W, 0 %, 559 MiB
2026/09/27 10:14:19.412, 1, 35, 1980 MHz, 119.81 W, 0 %, 539 MiB
2026/09/27 10:14:19.412, 2, 33, 1980 MHz, 115.62 W, 0 %, 539 MiB
2026/09/27 10:14:19.412, 3, 38, 1980 MHz, 127.39 W, 0 %, 539 MiB
2026/09/27 10:14:19.412, 4, 39, 1980 MHz, 126.51 W, 0 %, 539 MiB
2026/09/27 10:14:19.412, 5, 35, 1980 MHz, 120.29 W, 0 %, 539 MiB
2026/09/27 10:14:19.412, 6, 37, 1980 MHz, 127.38 W, 0 %, 539 MiB
2026/09/27 10:14:19.412, 7, 34, 1980 MHz, 125.78 W, 0 %, 539 MiB
2026/09/27 10:14:21.412, 0, 38, 1980 MHz, 125.01 W, 0 %, 559 MiB
2026/09/27 10:14:21.412, 1, 35, 1980 MHz, 119.81 W, 0 %, 539 MiB
2026/09/27 10:14:21.413, 2, 33, 1980 MHz, 115.61 W, 0 %, 539 MiB
2026/09/27 10:14:21.413, 3, 38, 1980 MHz, 127.38 W, 0 %, 539 MiB
2026/09/27 10:14:21.413, 4, 39, 1980 MHz, 126.49 W, 0 %, 539 MiB
2026/09/27 10:14:21.413, 5, 35, 1980 MHz, 120.37 W, 0 %, 539 MiB
2026/09/27 10:14:21.413, 6, 37, 1980 MHz, 127.46 W, 0 %, 539 MiB
2026/09/27 10:14:21.413, 7, 34, 1980 MHz, 125.79 W, 0 %, 539 MiB
2026/09/27 10:14:23.413, 0, 38, 1980 MHz, 124.99 W, 0 %, 559 MiB
2026/09/27 10:14:23.413, 1, 34, 1980 MHz, 119.76 W, 0 %, 539 MiB
2026/09/27 10:14:23.413, 2, 33, 1980 MHz, 115.56 W, 0 %, 539 MiB
2026/09/27 10:14:23.413, 3, 38, 1980 MHz, 127.39 W, 0 %, 539 MiB
2026/09/27 10:14:23.413, 4, 39, 1980 MHz, 126.46 W, 0 %, 539 MiB
2026/09/27 10:14:23.413, 5, 35, 1980 MHz, 120.37 W, 0 %, 539 MiB
2026/09/27 10:14:23.414, 6, 37, 1980 MHz, 127.39 W, 0 %, 539 MiB
2026/09/27 10:14:23.414, 7, 34, 1980 MHz, 125.77 W, 0 %, 539 MiB
2026/09/27 10:14:25.414, 0, 38, 1980 MHz, 125.02 W, 0 %, 559 MiB
2026/09/27 10:14:25.414, 1, 35, 1980 MHz, 119.83 W, 0 %, 539 MiB
2026/09/27 10:14:25.414, 2, 33, 1980 MHz, 115.58 W, 0 %, 539 MiB
2026/09/27 10:14:25.414, 3, 38, 1980 MHz, 127.41 W, 0 %, 539 MiB
2026/09/27 10:14:25.414, 4, 39, 1980 MHz, 126.50 W, 0 %, 539 MiB
2026/09/27 10:14:25.414, 5, 35, 1980 MHz, 120.41 W, 0 %, 539 MiB
2026/09/27 10:14:25.414, 6, 37, 1980 MHz, 127.47 W, 0 %, 539 MiB
2026/09/27 10:14:25.414, 7, 34, 1980 MHz, 125.81 W, 0 %, 539 MiB
2026/09/27 10:14:27.415, 0, 38, 1980 MHz, 124.99 W, 0 %, 559 MiB
2026/09/27 10:14:27.415, 1, 35, 1980 MHz, 119.83 W, 0 %, 539 MiB
2026/09/27 10:14:27.415, 2, 33, 1980 MHz, 115.64 W, 0 %, 539 MiB
2026/09/27 10:14:27.415, 3, 38, 1980 MHz, 127.36 W, 0 %, 539 MiB
2026/09/27 10:14:27.415, 4, 39, 1980 MHz, 126.50 W, 0 %, 539 MiB
2026/09/27 10:14:27.415, 5, 35, 1980 MHz, 120.40 W, 0 %, 539 MiB
2026/09/27 10:14:27.415, 6, 37, 1980 MHz, 127.40 W, 0 %, 539 MiB
2026/09/27 10:14:27.415, 7, 34, 1980 MHz, 125.78 W, 0 %, 539 MiB
2026/09/27 10:14:29.415, 0, 38, 1980 MHz, 125.02 W, 0 %, 559 MiB
2026/09/27 10:14:29.416, 1, 35, 1980 MHz, 119.82 W, 0 %, 539 MiB
2026/09/27 10:14:29.416, 2, 33, 1980 MHz, 115.61 W, 0 %, 539 MiB
2026/09/27 10:14:29.416, 3, 38, 1980 MHz, 127.36 W, 0 %, 539 MiB
2026/09/27 10:14:29.416, 4, 39, 1980 MHz, 126.50 W, 0 %, 539 MiB
2026/09/27 10:14:29.416, 5, 35, 1980 MHz, 120.35 W, 0 %, 539 MiB
2026/09/27 10:14:29.416, 6, 37, 1980 MHz, 127.41 W, 0 %, 539 MiB
2026/09/27 10:14:29.416, 7, 34, 1980 MHz, 125.81 W, 0 %, 539 MiB
2026/09/27 10:14:31.416, 0, 38, 1980 MHz, 124.96 W, 0 %, 559 MiB
2026/09/27 10:14:31.416, 1, 35, 1980 MHz, 119.85 W, 0 %, 539 MiB
2026/09/27 10:14:31.416, 2, 33, 1980 MHz, 115.62 W, 0 %, 539 MiB
2026/09/27 10:14:31.417, 3, 38, 1980 MHz, 127.36 W, 0 %, 539 MiB
2026/09/27 10:14:31.417, 4, 39, 1980 MHz, 126.50 W, 0 %, 539 MiB
2026/09/27 10:14:31.417, 5, 35, 1980 MHz, 120.37 W, 0 %, 539 MiB
2026/09/27 10:14:31.417, 6, 37, 1980 MHz, 127.44 W, 0 %, 539 MiB
2026/09/27 10:14:31.417, 7, 34, 1980 MHz, 125.78 W, 0 %, 539 MiB
2026/09/27 10:14:33.417, 0, 38, 1980 MHz, 125.00 W, 0 %, 559 MiB
2026/09/27 10:14:33.417, 1, 34, 1980 MHz, 119.83 W, 0 %, 539 MiB
2026/09/27 10:14:33.417, 2, 33, 1980 MHz, 115.62 W, 0 %, 539 MiB
2026/09/27 10:14:33.417, 3, 38, 1980 MHz, 127.38 W, 0 %, 539 MiB
2026/09/27 10:14:33.417, 4, 39, 1980 MHz, 126.48 W, 0 %, 539 MiB
2026/09/27 10:14:33.417, 5, 35, 1980 MHz, 120.39 W, 0 %, 539 MiB
2026/09/27 10:14:33.418, 6, 37, 1980 MHz, 127.47 W, 0 %, 539 MiB
2026/09/27 10:14:33.418, 7, 34, 1980 MHz, 125.79 W, 0 %, 539 MiB
2026/09/27 10:14:35.418, 0, 38, 1980 MHz, 125.01 W, 0 %, 559 MiB
2026/09/27 10:14:35.418, 1, 34, 1980 MHz, 119.81 W, 0 %, 539 MiB
2026/09/27 10:14:35.418, 2, 33, 1980 MHz, 115.62 W, 0 %, 539 MiB
2026/09/27 10:14:35.418, 3, 38, 1980 MHz, 127.35 W, 0 %, 539 MiB
2026/09/27 10:14:35.418, 4, 39, 1980 MHz, 126.48 W, 0 %, 539 MiB
2026/09/27 10:14:35.418, 5, 35, 1980 MHz, 120.39 W, 0 %, 539 MiB
2026/09/27 10:14:35.418, 6, 37, 1980 MHz, 127.48 W, 0 %, 539 MiB
2026/09/27 10:14:35.418, 7, 34, 1980 MHz, 125.79 W, 0 %, 539 MiB
2026/09/27 10:14:37.419, 0, 38, 1980 MHz, 125.00 W, 0 %, 559 MiB
2026/09/27 10:14:37.419, 1, 34, 1980 MHz, 119.81 W, 0 %, 539 MiB
2026/09/27 10:14:37.419, 2, 33, 1980 MHz, 115.59 W, 0 %, 539 MiB
2026/09/27 10:14:37.419, 3, 38, 1980 MHz, 127.34 W, 0 %, 539 MiB
2026/09/27 10:14:37.419, 4, 39, 1980 MHz, 126.46 W, 0 %, 539 MiB
2026/09/27 10:14:37.419, 5, 35, 1980 MHz, 120.39 W, 0 %, 539 MiB
2026/09/27 10:14:37.419, 6, 37, 1980 MHz, 127.41 W, 0 %, 539 MiB
2026/09/27 10:14:37.419, 7, 34, 1980 MHz, 125.79 W, 0 %, 539 MiB
2026/09/27 10:14:39.419, 0, 38, 1980 MHz, 125.01 W, 0 %, 559 MiB
2026/09/27 10:14:39.419, 1, 35, 1980 MHz, 119.81 W, 0 %, 539 MiB
2026/09/27 10:14:39.419, 2, 33, 1980 MHz, 115.61 W, 0 %, 539 MiB
2026/09/27 10:14:39.420, 3, 38, 1980 MHz, 127.35 W, 0 %, 539 MiB
2026/09/27 10:14:39.420, 4, 39, 1980 MHz, 126.44 W, 0 %, 539 MiB
2026/09/27 10:14:39.420, 5, 35, 1980 MHz, 120.39 W, 0 %, 539 MiB
2026/09/27 10:14:39.420, 6, 37, 1980 MHz, 127.43 W, 0 %, 539 MiB
2026/09/27 10:14:39.420, 7, 34, 1980 MHz, 125.79 W, 0 %, 539 MiB
2026/09/27 10:14:41.420, 0, 38, 1980 MHz, 124.98 W, 0 %, 559 MiB
2026/09/27 10:14:41.420, 1, 35, 1980 MHz, 119.81 W, 0 %, 539 MiB
2026/09/27 10:14:41.420, 2, 33, 1980 MHz, 115.65 W, 0 %, 539 MiB
2026/09/27 10:14:41.420, 3, 38, 1980 MHz, 127.36 W, 0 %, 539 MiB
2026/09/27 10:14:41.420, 4, 39, 1980 MHz, 126.45 W, 0 %, 539 MiB
2026/09/27 10:14:41.420, 5, 35, 1980 MHz, 120.37 W, 0 %, 539 MiB
2026/09/27 10:14:41.420, 6, 37, 1980 MHz, 127.41 W, 0 %, 539 MiB
2026/09/27 10:14:41.421, 7, 34, 1980 MHz, 125.80 W, 0 %, 539 MiB
2026/09/27 10:14:43.421, 0, 38, 1980 MHz, 124.99 W, 0 %, 559 MiB
2026/09/27 10:14:43.421, 1, 35, 1980 MHz, 119.78 W, 0 %, 539 MiB
2026/09/27 10:14:43.421, 2, 33, 1980 MHz, 115.63 W, 0 %, 539 MiB
2026/09/27 10:14:43.421, 3, 38, 1980 MHz, 127.38 W, 0 %, 539 MiB
2026/09/27 10:14:43.421, 4, 39, 1980 MHz, 126.45 W, 0 %, 539 MiB
2026/09/27 10:14:43.421, 5, 35, 1980 MHz, 120.38 W, 0 %, 539 MiB
2026/09/27 10:14:43.421, 6, 37, 1980 MHz, 127.44 W, 0 %, 539 MiB
2026/09/27 10:14:43.421, 7, 34, 1980 MHz, 125.80 W, 0 %, 539 MiB
2026/09/27 10:14:45.422, 0, 38, 1980 MHz, 125.01 W, 0 %, 559 MiB
2026/09/27 10:14:45.422, 1, 34, 1980 MHz, 119.85 W, 0 %, 539 MiB
2026/09/27 10:14:45.422, 2, 33, 1980 MHz, 115.59 W, 0 %, 539 MiB
2026/09/27 10:14:45.422, 3, 38, 1980 MHz, 127.36 W, 0 %, 539 MiB
2026/09/27 10:14:45.422, 4, 39, 1980 MHz, 126.47 W, 0 %, 539 MiB
2026/09/27 10:14:45.422, 5, 35, 1980 MHz, 120.39 W, 0 %, 539 MiB
2026/09/27 10:14:45.422, 6, 37, 1980 MHz, 127.46 W, 0 %, 539 MiB
2026/09/27 10:14:45.423, 7, 34, 1980 MHz, 125.81 W, 0 %, 539 MiB
2026/09/27 10:14:47.423, 0, 38, 1980 MHz, 124.99 W, 0 %, 559 MiB
2026/09/27 10:14:47.423, 1, 34, 1980 MHz, 119.82 W, 0 %, 539 MiB
2026/09/27 10:14:47.423, 2, 33, 1980 MHz, 115.59 W, 0 %, 539 MiB
2026/09/27 10:14:47.423, 3, 38, 1980 MHz, 127.36 W, 0 %, 539 MiB
2026/09/27 10:14:47.423, 4, 39, 1980 MHz, 126.44 W, 0 %, 539 MiB
2026/09/27 10:14:47.423, 5, 35, 1980 MHz, 120.36 W, 0 %, 539 MiB
2026/09/27 10:14:47.423, 6, 37, 1980 MHz, 127.39 W, 0 %, 539 MiB
2026/09/27 10:14:47.423, 7, 34, 1980 MHz, 125.77 W, 0 %, 539 MiB
2026/09/27 10:14:49.423, 0, 38, 1980 MHz, 125.01 W, 0 %, 559 MiB
2026/09/27 10:14:49.424, 1, 35, 1980 MHz, 119.81 W, 0 %, 539 MiB
2026/09/27 10:14:49.424, 2, 33, 1980 MHz, 115.62 W, 0 %, 539 MiB
2026/09/27 10:14:49.424, 3, 38, 1980 MHz, 127.38 W, 0 %, 539 MiB
2026/09/27 10:14:49.424, 4, 39, 1980 MHz, 126.46 W, 0 %, 539 MiB
2026/09/27 10:14:49.424, 5, 35, 1980 MHz, 120.39 W, 0 %, 539 MiB
2026/09/27 10:14:49.424, 6, 37, 1980 MHz, 127.38 W, 0 %, 539 MiB
2026/09/27 10:14:49.424, 7, 34, 1980 MHz, 125.80 W, 0 %, 539 MiB
2026/09/27 10:14:51.424, 0, 38, 1980 MHz, 124.95 W, 0 %, 559 MiB
2026/09/27 10:14:51.424, 1, 35, 1980 MHz, 119.81 W, 0 %, 539 MiB
2026/09/27 10:14:51.424, 2, 33, 1980 MHz, 115.60 W, 0 %, 539 MiB
2026/09/27 10:14:51.424, 3, 38, 1980 MHz, 127.36 W, 0 %, 539 MiB
2026/09/27 10:14:51.425, 4, 39, 1980 MHz, 126.46 W, 0 %, 539 MiB
2026/09/27 10:14:51.425, 5, 35, 1980 MHz, 120.36 W, 0 %, 539 MiB
2026/09/27 10:14:51.425, 6, 37, 1980 MHz, 127.45 W, 0 %, 539 MiB
2026/09/27 10:14:51.425, 7, 34, 1980 MHz, 125.77 W, 0 %, 539 MiB
2026/09/27 10:14:53.425, 0, 38, 1980 MHz, 124.97 W, 0 %, 559 MiB
2026/09/27 10:14:53.425, 1, 34, 1980 MHz, 119.81 W, 0 %, 539 MiB
2026/09/27 10:14:53.425, 2, 33, 1980 MHz, 115.61 W, 0 %, 539 MiB
2026/09/27 10:14:53.425, 3, 38, 1980 MHz, 127.36 W, 0 %, 539 MiB
2026/09/27 10:14:53.425, 4, 39, 1980 MHz, 126.46 W, 0 %, 539 MiB
2026/09/27 10:14:53.425, 5, 35, 1980 MHz, 120.38 W, 0 %, 539 MiB
2026/09/27 10:14:53.425, 6, 37, 1980 MHz, 127.38 W, 0 %, 539 MiB
2026/09/27 10:14:53.425, 7, 34, 1980 MHz, 125.80 W, 0 %, 539 MiB
2026/09/27 10:14:55.426, 0, 38, 1980 MHz, 124.98 W, 0 %, 559 MiB
2026/09/27 10:14:55.426, 1, 34, 1980 MHz, 119.80 W, 0 %, 539 MiB
2026/09/27 10:14:55.426, 2, 33, 1980 MHz, 115.60 W, 0 %, 539 MiB
2026/09/27 10:14:55.426, 3, 38, 1980 MHz, 127.37 W, 0 %, 539 MiB
2026/09/27 10:14:55.426, 4, 39, 1980 MHz, 126.45 W, 0 %, 539 MiB
2026/09/27 10:14:55.426, 5, 35, 1980 MHz, 120.36 W, 0 %, 539 MiB
2026/09/27 10:14:55.426, 6, 37, 1980 MHz, 127.39 W, 0 %, 539 MiB
2026/09/27 10:14:55.426, 7, 34, 1980 MHz, 125.79 W, 0 %, 539 MiB
2026/09/27 10:14:57.426, 0, 38, 1980 MHz, 124.99 W, 0 %, 559 MiB
2026/09/27 10:14:57.426, 1, 34, 1980 MHz, 119.81 W, 0 %, 539 MiB
2026/09/27 10:14:57.426, 2, 33, 1980 MHz, 115.57 W, 0 %, 539 MiB
2026/09/27 10:14:57.427, 3, 38, 1980 MHz, 127.37 W, 0 %, 539 MiB
2026/09/27 10:14:57.427, 4, 39, 1980 MHz, 126.46 W, 0 %, 539 MiB
2026/09/27 10:14:57.427, 5, 35, 1980 MHz, 120.35 W, 0 %, 539 MiB
2026/09/27 10:14:57.427, 6, 37, 1980 MHz, 127.46 W, 0 %, 539 MiB
2026/09/27 10:14:57.427, 7, 34, 1980 MHz, 125.81 W, 0 %, 539 MiB
2026/09/27 10:14:59.427, 0, 38, 1980 MHz, 124.96 W, 0 %, 559 MiB
2026/09/27 10:14:59.427, 1, 35, 1980 MHz, 119.82 W, 0 %, 539 MiB
2026/09/27 10:14:59.427, 2, 33, 1980 MHz, 115.58 W, 0 %, 539 MiB
2026/09/27 10:14:59.427, 3, 38, 1980 MHz, 127.39 W, 0 %, 539 MiB
2026/09/27 10:14:59.427, 4, 39, 1980 MHz, 126.46 W, 0 %, 539 MiB
2026/09/27 10:14:59.427, 5, 35, 1980 MHz, 120.35 W, 0 %, 539 MiB
2026/09/27 10:14:59.427, 6, 37, 1980 MHz, 127.38 W, 0 %, 539 MiB
2026/09/27 10:14:59.428, 7, 34, 1980 MHz, 125.79 W, 0 %, 539 MiB
2026/09/27 10:15:01.428, 0, 38, 1980 MHz, 124.99 W, 0 %, 559 MiB
2026/09/27 10:15:01.428, 1, 34, 1980 MHz, 119.79 W, 0 %, 539 MiB
2026/09/27 10:15:01.428, 2, 33, 1980 MHz, 115.62 W, 0 %, 539 MiB
2026/09/27 10:15:01.428, 3, 38, 1980 MHz, 127.37 W, 0 %, 539 MiB
2026/09/27 10:15:01.428, 4, 39, 1980 MHz, 126.45 W, 0 %, 539 MiB
2026/09/27 10:15:01.428, 5, 35, 1980 MHz, 120.36 W, 0 %, 539 MiB
2026/09/27 10:15:01.428, 6, 37, 1980 MHz, 127.36 W, 0 %, 539 MiB
2026/09/27 10:15:01.428, 7, 34, 1980 MHz, 125.80 W, 0 %, 539 MiB
2026/09/27 10:15:03.429, 0, 38, 1980 MHz, 124.96 W, 0 %, 559 MiB
2026/09/27 10:15:03.429, 1, 34, 1980 MHz, 119.77 W, 0 %, 539 MiB
2026/09/27 10:15:03.429, 2, 33, 1980 MHz, 115.64 W, 0 %, 539 MiB
2026/09/27 10:15:03.429, 3, 38, 1980 MHz, 127.35 W, 0 %, 539 MiB
2026/09/27 10:15:03.429, 4, 39, 1980 MHz, 126.48 W, 0 %, 539 MiB
2026/09/27 10:15:03.429, 5, 35, 1980 MHz, 120.39 W, 0 %, 539 MiB
2026/09/27 10:15:03.429, 6, 37, 1980 MHz, 127.40 W, 0 %, 539 MiB
2026/09/27 10:15:03.429, 7, 34, 1980 MHz, 125.76 W, 0 %, 539 MiB
2026/09/27 10:15:05.429, 0, 38, 1980 MHz, 124.99 W, 0 %, 1087 MiB
2026/09/27 10:15:05.435, 1, 34, 1980 MHz, 119.88 W, 0 %, 1067 MiB
2026/09/27 10:15:05.435, 2, 33, 1980 MHz, 115.64 W, 0 %, 1067 MiB
2026/09/27 10:15:05.435, 3, 38, 1980 MHz, 127.43 W, 0 %, 1067 MiB
2026/09/27 10:15:05.435, 4, 39, 1980 MHz, 126.48 W, 0 %, 1067 MiB
2026/09/27 10:15:05.435, 5, 35, 1980 MHz, 120.40 W, 0 %, 558 MiB
2026/09/27 10:15:05.435, 6, 37, 1980 MHz, 127.42 W, 0 %, 539 MiB
2026/09/27 10:15:05.435, 7, 34, 1980 MHz, 125.77 W, 0 %, 539 MiB
2026/09/27 10:15:07.436, 0, 38, 1980 MHz, 129.65 W, 0 %, 559 MiB
2026/09/27 10:15:07.436, 1, 35, 1980 MHz, 124.20 W, 0 %, 539 MiB
2026/09/27 10:15:07.436, 2, 33, 1980 MHz, 119.87 W, 0 %, 539 MiB
2026/09/27 10:15:07.436, 3, 38, 1980 MHz, 131.90 W, 0 %, 539 MiB
2026/09/27 10:15:07.436, 4, 39, 1980 MHz, 130.83 W, 0 %, 539 MiB
2026/09/27 10:15:07.436, 5, 35, 1980 MHz, 124.68 W, 0 %, 539 MiB
2026/09/27 10:15:07.436, 6, 37, 1980 MHz, 131.91 W, 0 %, 539 MiB
2026/09/27 10:15:07.436, 7, 34, 1980 MHz, 130.51 W, 0 %, 539 MiB
2026/09/27 10:15:09.437, 0, 38, 1980 MHz, 129.60 W, 0 %, 559 MiB
2026/09/27 10:15:09.437, 1, 35, 1980 MHz, 124.21 W, 0 %, 539 MiB
2026/09/27 10:15:09.437, 2, 33, 1980 MHz, 119.89 W, 0 %, 539 MiB
2026/09/27 10:15:09.437, 3, 38, 1980 MHz, 131.90 W, 0 %, 539 MiB
2026/09/27 10:15:09.437, 4, 39, 1980 MHz, 130.82 W, 0 %, 539 MiB
2026/09/27 10:15:09.437, 5, 35, 1980 MHz, 124.67 W, 0 %, 539 MiB
2026/09/27 10:15:09.437, 6, 37, 1980 MHz, 131.82 W, 0 %, 539 MiB
2026/09/27 10:15:09.437, 7, 34, 1980 MHz, 131.18 W, 0 %, 539 MiB
2026/09/27 10:15:11.437, 0, 38, 1980 MHz, 129.60 W, 0 %, 559 MiB
2026/09/27 10:15:11.438, 1, 35, 1980 MHz, 124.14 W, 0 %, 539 MiB
2026/09/27 10:15:11.438, 2, 33, 1980 MHz, 119.87 W, 0 %, 539 MiB
2026/09/27 10:15:11.438, 3, 38, 1980 MHz, 131.86 W, 0 %, 539 MiB
2026/09/27 10:15:11.438, 4, 39, 1980 MHz, 130.86 W, 0 %, 539 MiB
2026/09/27 10:15:11.438, 5, 35, 1980 MHz, 124.66 W, 0 %, 539 MiB
2026/09/27 10:15:11.438, 6, 37, 1980 MHz, 131.88 W, 0 %, 539 MiB
2026/09/27 10:15:11.438, 7, 34, 1980 MHz, 131.19 W, 0 %, 539 MiB
2026/09/27 10:15:13.438, 0, 38, 1980 MHz, 129.56 W, 0 %, 559 MiB
2026/09/27 10:15:13.438, 1, 35, 1980 MHz, 124.23 W, 0 %, 539 MiB
2026/09/27 10:15:13.439, 2, 33, 1980 MHz, 119.88 W, 0 %, 539 MiB
2026/09/27 10:15:13.439, 3, 38, 1980 MHz, 131.90 W, 0 %, 539 MiB
2026/09/27 10:15:13.439, 4, 39, 1980 MHz, 130.85 W, 0 %, 539 MiB
2026/09/27 10:15:13.439, 5, 35, 1980 MHz, 124.68 W, 0 %, 539 MiB
2026/09/27 10:15:13.439, 6, 37, 1980 MHz, 131.88 W, 0 %, 539 MiB
2026/09/27 10:15:13.439, 7, 34, 1980 MHz, 131.19 W, 0 %, 539 MiB
2026/09/27 10:15:15.439, 0, 38, 1980 MHz, 129.58 W, 0 %, 559 MiB
2026/09/27 10:15:15.439, 1, 35, 1980 MHz, 124.22 W, 0 %, 539 MiB
2026/09/27 10:15:15.439, 2, 33, 1980 MHz, 119.86 W, 0 %, 539 MiB
2026/09/27 10:15:15.439, 3, 38, 1980 MHz, 131.89 W, 0 %, 539 MiB
2026/09/27 10:15:15.439, 4, 39, 1980 MHz, 130.86 W, 0 %, 539 MiB
2026/09/27 10:15:15.439, 5, 35, 1980 MHz, 124.64 W, 0 %, 539 MiB
2026/09/27 10:15:15.440, 6, 37, 1980 MHz, 131.84 W, 0 %, 539 MiB
2026/09/27 10:15:15.440, 7, 34, 1980 MHz, 131.19 W, 0 %, 539 MiB
2026/09/27 10:15:17.440, 0, 38, 1980 MHz, 129.61 W, 0 %, 559 MiB
2026/09/27 10:15:17.440, 1, 35, 1980 MHz, 124.27 W, 0 %, 539 MiB
2026/09/27 10:15:17.440, 2, 33, 1980 MHz, 119.92 W, 0 %, 539 MiB
2026/09/27 10:15:17.440, 3, 38, 1980 MHz, 131.89 W, 0 %, 539 MiB
2026/09/27 10:15:17.440, 4, 39, 1980 MHz, 130.83 W, 0 %, 539 MiB
2026/09/27 10:15:17.440, 5, 35, 1980 MHz, 124.67 W, 0 %, 539 MiB
2026/09/27 10:15:17.440, 6, 37, 1980 MHz, 131.85 W, 0 %, 539 MiB
2026/09/27 10:15:17.441, 7, 34, 1980 MHz, 131.21 W, 0 %, 539 MiB
2026/09/27 10:15:19.441, 0, 38, 1980 MHz, 129.55 W, 0 %, 559 MiB
2026/09/27 10:15:19.441, 1, 35, 1980 MHz, 124.20 W, 0 %, 539 MiB
2026/09/27 10:15:19.441, 2, 33, 1980 MHz, 119.88 W, 0 %, 539 MiB
2026/09/27 10:15:19.441, 3, 38, 1980 MHz, 131.89 W, 0 %, 539 MiB
2026/09/27 10:15:19.441, 4, 39, 1980 MHz, 130.84 W, 0 %, 539 MiB
2026/09/27 10:15:19.441, 5, 35, 1980 MHz, 124.69 W, 0 %, 539 MiB
2026/09/27 10:15:19.441, 6, 37, 1980 MHz, 131.82 W, 0 %, 539 MiB
2026/09/27 10:15:19.441, 7, 34, 1980 MHz, 131.19 W, 0 %, 539 MiB
2026/09/27 10:15:21.442, 0, 38, 1980 MHz, 129.62 W, 0 %, 559 MiB
2026/09/27 10:15:21.442, 1, 35, 1980 MHz, 124.16 W, 0 %, 539 MiB
2026/09/27 10:15:21.442, 2, 33, 1980 MHz, 119.88 W, 0 %, 539 MiB
2026/09/27 10:15:21.442, 3, 38, 1980 MHz, 131.87 W, 0 %, 539 MiB
2026/09/27 10:15:21.442, 4, 39, 1980 MHz, 130.84 W, 0 %, 539 MiB
2026/09/27 10:15:21.442, 5, 35, 1980 MHz, 124.66 W, 0 %, 539 MiB
2026/09/27 10:15:21.442, 6, 37, 1980 MHz, 131.81 W, 0 %, 539 MiB
2026/09/27 10:15:21.442, 7, 34, 1980 MHz, 131.22 W, 0 %, 539 MiB
2026/09/27 10:15:23.442, 0, 38, 1980 MHz, 129.58 W, 0 %, 559 MiB
2026/09/27 10:15:23.443, 1, 35, 1980 MHz, 124.18 W, 0 %, 539 MiB
2026/09/27 10:15:23.443, 2, 33, 1980 MHz, 119.87 W, 0 %, 539 MiB
2026/09/27 10:15:23.443, 3, 38, 1980 MHz, 131.88 W, 0 %, 539 MiB
2026/09/27 10:15:23.443, 4, 39, 1980 MHz, 130.85 W, 0 %, 539 MiB
2026/09/27 10:15:23.443, 5, 35, 1980 MHz, 124.67 W, 0 %, 539 MiB
2026/09/27 10:15:23.443, 6, 37, 1980 MHz, 131.10 W, 0 %, 539 MiB
2026/09/27 10:15:23.443, 7, 34, 1980 MHz, 131.19 W, 0 %, 539 MiB
2026/09/27 10:15:25.443, 0, 38, 1980 MHz, 129.65 W, 0 %, 559 MiB
2026/09/27 10:15:25.444, 1, 35, 1980 MHz, 124.20 W, 0 %, 539 MiB
2026/09/27 10:15:25.444, 2, 33, 1980 MHz, 119.86 W, 0 %, 539 MiB
2026/09/27 10:15:25.444, 3, 38, 1980 MHz, 131.91 W, 0 %, 539 MiB
2026/09/27 10:15:25.444, 4, 39, 1980 MHz, 130.86 W, 0 %, 539 MiB
2026/09/27 10:15:25.444, 5, 35, 1980 MHz, 124.67 W, 0 %, 539 MiB
2026/09/27 10:15:25.444, 6, 37, 1980 MHz, 131.13 W, 0 %, 539 MiB
2026/09/27 10:15:25.444, 7, 34, 1980 MHz, 131.18 W, 0 %, 539 MiB
2026/09/27 10:15:27.444, 0, 38, 1980 MHz, 129.64 W, 0 %, 559 MiB
2026/09/27 10:15:27.445, 1, 35, 1980 MHz, 124.25 W, 0 %, 539 MiB
2026/09/27 10:15:27.445, 2, 33, 1980 MHz, 119.87 W, 0 %, 539 MiB
2026/09/27 10:15:27.445, 3, 38, 1980 MHz, 131.91 W, 0 %, 539 MiB
2026/09/27 10:15:27.445, 4, 39, 1980 MHz, 130.83 W, 0 %, 539 MiB
2026/09/27 10:15:27.445, 5, 35, 1980 MHz, 124.68 W, 0 %, 539 MiB
2026/09/27 10:15:27.445, 6, 37, 1980 MHz, 131.13 W, 0 %, 539 MiB
2026/09/27 10:15:27.445, 7, 34, 1980 MHz, 131.22 W, 0 %, 539 MiB
2026/09/27 10:15:29.445, 0, 38, 1980 MHz, 129.61 W, 0 %, 559 MiB
2026/09/27 10:15:29.446, 1, 35, 1980 MHz, 124.21 W, 0 %, 539 MiB
2026/09/27 10:15:29.446, 2, 33, 1980 MHz, 119.89 W, 0 %, 539 MiB
2026/09/27 10:15:29.446, 3, 38, 1980 MHz, 131.88 W, 0 %, 539 MiB
2026/09/27 10:15:29.446, 4, 39, 1980 MHz, 130.82 W, 0 %, 539 MiB
2026/09/27 10:15:29.446, 5, 35, 1980 MHz, 124.66 W, 0 %, 539 MiB
2026/09/27 10:15:29.446, 6, 37, 1980 MHz, 131.08 W, 0 %, 539 MiB
2026/09/27 10:15:29.446, 7, 34, 1980 MHz, 131.22 W, 0 %, 539 MiB
2026/09/27 10:15:31.446, 0, 38, 1980 MHz, 129.64 W, 0 %, 559 MiB
2026/09/27 10:15:31.447, 1, 35, 1980 MHz, 124.24 W, 0 %, 539 MiB
2026/09/27 10:15:31.447, 2, 33, 1980 MHz, 119.90 W, 0 %, 539 MiB
2026/09/27 10:15:31.447, 3, 38, 1980 MHz, 131.92 W, 0 %, 539 MiB
2026/09/27 10:15:31.447, 4, 39, 1980 MHz, 130.86 W, 0 %, 539 MiB
2026/09/27 10:15:31.447, 5, 35, 1980 MHz, 124.68 W, 0 %, 539 MiB
2026/09/27 10:15:31.447, 6, 37, 1980 MHz, 131.14 W, 0 %, 539 MiB
2026/09/27 10:15:31.447, 7, 34, 1980 MHz, 131.18 W, 0 %, 539 MiB
2026/09/27 10:15:33.447, 0, 38, 1980 MHz, 129.61 W, 0 %, 559 MiB
2026/09/27 10:15:33.447, 1, 35, 1980 MHz, 124.20 W, 0 %, 539 MiB
2026/09/27 10:15:33.447, 2, 33, 1980 MHz, 119.89 W, 0 %, 539 MiB
2026/09/27 10:15:33.448, 3, 38, 1980 MHz, 131.96 W, 0 %, 539 MiB
2026/09/27 10:15:33.448, 4, 39, 1980 MHz, 130.91 W, 0 %, 539 MiB
2026/09/27 10:15:33.448, 5, 35, 1980 MHz, 124.68 W, 0 %, 539 MiB
2026/09/27 10:15:33.448, 6, 37, 1980 MHz, 131.12 W, 0 %, 539 MiB
2026/09/27 10:15:33.448, 7, 34, 1980 MHz, 131.26 W, 0 %, 539 MiB
2026/09/27 10:15:35.448, 0, 38, 1980 MHz, 129.63 W, 0 %, 559 MiB
2026/09/27 10:15:35.448, 1, 35, 1980 MHz, 124.20 W, 0 %, 539 MiB
2026/09/27 10:15:35.448, 2, 33, 1980 MHz, 119.86 W, 0 %, 539 MiB
2026/09/27 10:15:35.448, 3, 38, 1980 MHz, 131.91 W, 0 %, 539 MiB
2026/09/27 10:15:35.448, 4, 39, 1980 MHz, 130.87 W, 0 %, 539 MiB
2026/09/27 10:15:35.448, 5, 35, 1980 MHz, 124.67 W, 0 %, 539 MiB
2026/09/27 10:15:35.448, 6, 37, 1980 MHz, 131.10 W, 0 %, 539 MiB
2026/09/27 10:15:35.449, 7, 34, 1980 MHz, 131.22 W, 0 %, 539 MiB
2026/09/27 10:15:37.449, 0, 38, 1980 MHz, 129.62 W, 0 %, 559 MiB
2026/09/27 10:15:37.449, 1, 35, 1980 MHz, 124.24 W, 0 %, 539 MiB
2026/09/27 10:15:37.449, 2, 33, 1980 MHz, 119.87 W, 0 %, 539 MiB
2026/09/27 10:15:37.449, 3, 38, 1980 MHz, 131.93 W, 0 %, 539 MiB
2026/09/27 10:15:37.449, 4, 39, 1980 MHz, 130.88 W, 0 %, 539 MiB
2026/09/27 10:15:37.449, 5, 35, 1980 MHz, 124.71 W, 0 %, 539 MiB
2026/09/27 10:15:37.449, 6, 37, 1980 MHz, 131.15 W, 0 %, 539 MiB
2026/09/27 10:15:37.449, 7, 34, 1980 MHz, 131.23 W, 0 %, 539 MiB
2026/09/27 10:15:39.450, 0, 38, 1980 MHz, 129.64 W, 0 %, 559 MiB
2026/09/27 10:15:39.450, 1, 35, 1980 MHz, 124.23 W, 0 %, 539 MiB
2026/09/27 10:15:39.450, 2, 33, 1980 MHz, 119.92 W, 0 %, 539 MiB
2026/09/27 10:15:39.450, 3, 38, 1980 MHz, 131.95 W, 0 %, 539 MiB
2026/09/27 10:15:39.450, 4, 39, 1980 MHz, 130.87 W, 0 %, 539 MiB
2026/09/27 10:15:39.450, 5, 35, 1980 MHz, 124.69 W, 0 %, 539 MiB
2026/09/27 10:15:39.450, 6, 37, 1980 MHz, 131.25 W, 0 %, 539 MiB
2026/09/27 10:15:39.450, 7, 34, 1980 MHz, 131.20 W, 0 %, 539 MiB
2026/09/27 10:15:41.450, 0, 38, 1980 MHz, 129.64 W, 0 %, 559 MiB
2026/09/27 10:15:41.450, 1, 35, 1980 MHz, 124.18 W, 0 %, 539 MiB
2026/09/27 10:15:41.451, 2, 33, 1980 MHz, 119.90 W, 0 %, 539 MiB
2026/09/27 10:15:41.451, 3, 38, 1980 MHz, 131.93 W, 0 %, 539 MiB
2026/09/27 10:15:41.451, 4, 39, 1980 MHz, 130.87 W, 0 %, 539 MiB
2026/09/27 10:15:41.451, 5, 35, 1980 MHz, 124.69 W, 0 %, 539 MiB
2026/09/27 10:15:41.451, 6, 37, 1980 MHz, 131.12 W, 0 %, 539 MiB
2026/09/27 10:15:41.451, 7, 34, 1980 MHz, 131.21 W, 0 %, 539 MiB
2026/09/27 10:15:43.451, 0, 38, 1980 MHz, 129.66 W, 0 %, 559 MiB
2026/09/27 10:15:43.452, 1, 35, 1980 MHz, 124.25 W, 0 %, 539 MiB
2026/09/27 10:15:43.452, 2, 33, 1980 MHz, 119.90 W, 0 %, 539 MiB
2026/09/27 10:15:43.452, 3, 38, 1980 MHz, 131.94 W, 0 %, 539 MiB
2026/09/27 10:15:43.452, 4, 39, 1980 MHz, 130.87 W, 0 %, 539 MiB
2026/09/27 10:15:43.452, 5, 35, 1980 MHz, 124.66 W, 0 %, 539 MiB
2026/09/27 10:15:43.452, 6, 37, 1980 MHz, 131.19 W, 0 %, 539 MiB
2026/09/27 10:15:43.452, 7, 34, 1980 MHz, 131.20 W, 0 %, 539 MiB
2026/09/27 10:15:45.452, 0, 38, 1980 MHz, 129.66 W, 0 %, 559 MiB
2026/09/27 10:15:45.453, 1, 35, 1980 MHz, 124.21 W, 0 %, 539 MiB
2026/09/27 10:15:45.453, 2, 33, 1980 MHz, 119.87 W, 0 %, 539 MiB
2026/09/27 10:15:45.453, 3, 38, 1980 MHz, 131.95 W, 0 %, 539 MiB
2026/09/27 10:15:45.453, 4, 39, 1980 MHz, 130.88 W, 0 %, 539 MiB
2026/09/27 10:15:45.453, 5, 35, 1980 MHz, 124.70 W, 0 %, 539 MiB
2026/09/27 10:15:45.453, 6, 37, 1980 MHz, 131.17 W, 0 %, 539 MiB
2026/09/27 10:15:45.453, 7, 34, 1980 MHz, 131.22 W, 0 %, 539 MiB
2026/09/27 10:15:47.453, 0, 38, 1980 MHz, 129.66 W, 0 %, 559 MiB
2026/09/27 10:15:47.453, 1, 35, 1980 MHz, 124.24 W, 0 %, 539 MiB
2026/09/27 10:15:47.454, 2, 33, 1980 MHz, 119.88 W, 0 %, 539 MiB
2026/09/27 10:15:47.454, 3, 38, 1980 MHz, 131.96 W, 0 %, 539 MiB
2026/09/27 10:15:47.454, 4, 39, 1980 MHz, 130.86 W, 0 %, 539 MiB
2026/09/27 10:15:47.454, 5, 35, 1980 MHz, 124.70 W, 0 %, 539 MiB
2026/09/27 10:15:47.454, 6, 37, 1980 MHz, 131.19 W, 0 %, 539 MiB
2026/09/27 10:15:47.454, 7, 34, 1980 MHz, 131.19 W, 0 %, 539 MiB
2026/09/27 10:15:49.454, 0, 38, 1980 MHz, 129.68 W, 0 %, 559 MiB
2026/09/27 10:15:49.454, 1, 35, 1980 MHz, 124.24 W, 0 %, 539 MiB
2026/09/27 10:15:49.454, 2, 33, 1980 MHz, 119.90 W, 0 %, 539 MiB
2026/09/27 10:15:49.454, 3, 38, 1980 MHz, 131.93 W, 0 %, 539 MiB
2026/09/27 10:15:49.454, 4, 39, 1980 MHz, 130.89 W, 0 %, 539 MiB
2026/09/27 10:15:49.455, 5, 35, 1980 MHz, 124.72 W, 0 %, 539 MiB
2026/09/27 10:15:49.455, 6, 38, 1980 MHz, 131.87 W, 0 %, 539 MiB
2026/09/27 10:15:49.455, 7, 34, 1980 MHz, 131.21 W, 0 %, 539 MiB
2026/09/27 10:15:51.455, 0, 38, 1980 MHz, 129.68 W, 0 %, 559 MiB
2026/09/27 10:15:51.455, 1, 35, 1980 MHz, 124.19 W, 0 %, 539 MiB
2026/09/27 10:15:51.455, 2, 33, 1980 MHz, 119.91 W, 0 %, 539 MiB
2026/09/27 10:15:51.455, 3, 38, 1980 MHz, 131.93 W, 0 %, 539 MiB
2026/09/27 10:15:51.455, 4, 39, 1980 MHz, 130.91 W, 0 %, 539 MiB
2026/09/27 10:15:51.455, 5, 35, 1980 MHz, 124.75 W, 0 %, 539 MiB
2026/09/27 10:15:51.455, 6, 37, 1980 MHz, 131.41 W, 0 %, 539 MiB
2026/09/27 10:15:51.455, 7, 34, 1980 MHz, 131.20 W, 0 %, 539 MiB
2026/09/27 10:15:53.456, 0, 38, 1980 MHz, 129.70 W, 0 %, 559 MiB
2026/09/27 10:15:53.456, 1, 35, 1980 MHz, 124.20 W, 0 %, 539 MiB
2026/09/27 10:15:53.456, 2, 33, 1980 MHz, 119.90 W, 0 %, 539 MiB
2026/09/27 10:15:53.456, 3, 38, 1980 MHz, 131.93 W, 0 %, 539 MiB
2026/09/27 10:15:53.456, 4, 39, 1980 MHz, 130.90 W, 0 %, 539 MiB
2026/09/27 10:15:53.456, 5, 35, 1980 MHz, 124.72 W, 0 %, 539 MiB
2026/09/27 10:15:53.456, 6, 37, 1980 MHz, 131.10 W, 0 %, 539 MiB
2026/09/27 10:15:53.456, 7, 34, 1980 MHz, 131.20 W, 0 %, 539 MiB
2026/09/27 10:15:55.456, 0, 38, 1980 MHz, 129.68 W, 0 %, 559 MiB
2026/09/27 10:15:55.456, 1, 35, 1980 MHz, 124.22 W, 0 %, 539 MiB
2026/09/27 10:15:55.457, 2, 33, 1980 MHz, 119.87 W, 0 %, 539 MiB
2026/09/27 10:15:55.457, 3, 38, 1980 MHz, 131.93 W, 0 %, 539 MiB
2026/09/27 10:15:55.457, 4, 39, 1980 MHz, 130.90 W, 0 %, 539 MiB
2026/09/27 10:15:55.457, 5, 35, 1980 MHz, 124.70 W, 0 %, 539 MiB
2026/09/27 10:15:55.457, 6, 37, 1980 MHz, 131.13 W, 0 %, 539 MiB
2026/09/27 10:15:55.457, 7, 34, 1980 MHz, 131.20 W, 0 %, 539 MiB
2026/09/27 10:15:57.457, 0, 38, 1980 MHz, 129.70 W, 0 %, 559 MiB
2026/09/27 10:15:57.457, 1, 35, 1980 MHz, 124.20 W, 0 %, 539 MiB
2026/09/27 10:15:57.460, 2, 33, 1980 MHz, 119.88 W, 0 %, 539 MiB
2026/09/27 10:15:57.460, 3, 38, 1980 MHz, 131.99 W, 0 %, 539 MiB
2026/09/27 10:15:57.460, 4, 39, 1980 MHz, 130.92 W, 0 %, 539 MiB
2026/09/27 10:15:57.460, 5, 35, 1980 MHz, 124.74 W, 0 %, 539 MiB
2026/09/27 10:15:57.461, 6, 37, 1980 MHz, 131.16 W, 0 %, 539 MiB
2026/09/27 10:15:57.461, 7, 34, 1980 MHz, 131.21 W, 0 %, 539 MiB
2026/09/27 10:15:59.461, 0, 38, 1980 MHz, 129.67 W, 0 %, 559 MiB
2026/09/27 10:15:59.461, 1, 35, 1980 MHz, 124.16 W, 0 %, 539 MiB
2026/09/27 10:15:59.461, 2, 33, 1980 MHz, 119.92 W, 0 %, 539 MiB
2026/09/27 10:15:59.461, 3, 38, 1980 MHz, 131.95 W, 0 %, 539 MiB
2026/09/27 10:15:59.461, 4, 39, 1980 MHz, 130.88 W, 0 %, 539 MiB
2026/09/27 10:15:59.461, 5, 35, 1980 MHz, 124.69 W, 0 %, 539 MiB
2026/09/27 10:15:59.461, 6, 37, 1980 MHz, 131.17 W, 0 %, 539 MiB
2026/09/27 10:15:59.461, 7, 34, 1980 MHz, 131.21 W, 0 %, 539 MiB
2026/09/27 10:16:01.462, 0, 38, 1980 MHz, 129.63 W, 0 %, 559 MiB
2026/09/27 10:16:01.462, 1, 35, 1980 MHz, 124.19 W, 0 %, 539 MiB
2026/09/27 10:16:01.462, 2, 33, 1980 MHz, 119.90 W, 0 %, 539 MiB
2026/09/27 10:16:01.462, 3, 38, 1980 MHz, 131.94 W, 0 %, 539 MiB
2026/09/27 10:16:01.462, 4, 39, 1980 MHz, 130.90 W, 0 %, 539 MiB
2026/09/27 10:16:01.462, 5, 35, 1980 MHz, 124.70 W, 0 %, 539 MiB
2026/09/27 10:16:01.462, 6, 38, 1980 MHz, 131.16 W, 0 %, 539 MiB
2026/09/27 10:16:01.462, 7, 34, 1980 MHz, 131.20 W, 0 %, 539 MiB
2026/09/27 10:16:03.462, 0, 38, 1980 MHz, 129.68 W, 0 %, 559 MiB
2026/09/27 10:16:03.462, 1, 35, 1980 MHz, 124.23 W, 0 %, 539 MiB
2026/09/27 10:16:03.463, 2, 33, 1980 MHz, 119.92 W, 0 %, 539 MiB
2026/09/27 10:16:03.463, 3, 38, 1980 MHz, 131.98 W, 0 %, 539 MiB
2026/09/27 10:16:03.463, 4, 39, 1980 MHz, 130.92 W, 0 %, 539 MiB
2026/09/27 10:16:03.463, 5, 35, 1980 MHz, 124.72 W, 0 %, 539 MiB
2026/09/27 10:16:03.463, 6, 38, 1980 MHz, 131.16 W, 0 %, 539 MiB
2026/09/27 10:16:03.463, 7, 34, 1980 MHz, 131.20 W, 0 %, 539 MiB
2026/09/27 10:16:05.463, 0, 38, 1980 MHz, 129.66 W, 0 %, 559 MiB
2026/09/27 10:16:05.463, 1, 35, 1980 MHz, 124.22 W, 0 %, 539 MiB
2026/09/27 10:16:05.463, 2, 33, 1980 MHz, 119.87 W, 0 %, 539 MiB
2026/09/27 10:16:05.463, 3, 38, 1980 MHz, 131.94 W, 0 %, 539 MiB
2026/09/27 10:16:05.463, 4, 39, 1980 MHz, 130.92 W, 0 %, 539 MiB
2026/09/27 10:16:05.463, 5, 35, 1980 MHz, 124.71 W, 0 %, 539 MiB
2026/09/27 10:16:05.464, 6, 37, 1980 MHz, 131.18 W, 0 %, 539 MiB
2026/09/27 10:16:05.464, 7, 34, 1980 MHz, 131.18 W, 0 %, 539 MiB
2026/09/27 10:16:07.464, 0, 38, 1980 MHz, 129.67 W, 0 %, 559 MiB
2026/09/27 10:16:07.464, 1, 35, 1980 MHz, 124.28 W, 0 %, 539 MiB
2026/09/27 10:16:07.464, 2, 33, 1980 MHz, 119.88 W, 0 %, 539 MiB
2026/09/27 10:16:07.464, 3, 38, 1980 MHz, 131.94 W, 0 %, 539 MiB
2026/09/27 10:16:07.464, 4, 39, 1980 MHz, 130.90 W, 0 %, 539 MiB
2026/09/27 10:16:07.464, 5, 35, 1980 MHz, 124.71 W, 0 %, 539 MiB
2026/09/27 10:16:07.464, 6, 38, 1980 MHz, 131.22 W, 0 %, 539 MiB
2026/09/27 10:16:07.464, 7, 34, 1980 MHz, 131.19 W, 0 %, 539 MiB
2026/09/27 10:16:09.465, 0, 38, 1980 MHz, 129.70 W, 0 %, 559 MiB
2026/09/27 10:16:09.465, 1, 35, 1980 MHz, 124.22 W, 0 %, 539 MiB
2026/09/27 10:16:09.465, 2, 33, 1980 MHz, 119.88 W, 0 %, 539 MiB
2026/09/27 10:16:09.465, 3, 38, 1980 MHz, 131.97 W, 0 %, 539 MiB
2026/09/27 10:16:09.465, 4, 39, 1980 MHz, 130.89 W, 0 %, 539 MiB
2026/09/27 10:16:09.465, 5, 35, 1980 MHz, 124.70 W, 0 %, 539 MiB
2026/09/27 10:16:09.465, 6, 38, 1980 MHz, 131.15 W, 0 %, 539 MiB
2026/09/27 10:16:09.465, 7, 34, 1980 MHz, 131.20 W, 0 %, 539 MiB
2026/09/27 10:16:11.465, 0, 38, 1980 MHz, 129.66 W, 0 %, 559 MiB
2026/09/27 10:16:11.465, 1, 35, 1980 MHz, 124.21 W, 0 %, 539 MiB
2026/09/27 10:16:11.465, 2, 33, 1980 MHz, 119.89 W, 0 %, 539 MiB
2026/09/27 10:16:11.466, 3, 38, 1980 MHz, 131.99 W, 0 %, 539 MiB
2026/09/27 10:16:11.466, 4, 39, 1980 MHz, 130.91 W, 0 %, 539 MiB
2026/09/27 10:16:11.466, 5, 35, 1980 MHz, 124.71 W, 0 %, 539 MiB
2026/09/27 10:16:11.466, 6, 37, 1980 MHz, 131.23 W, 0 %, 539 MiB
2026/09/27 10:16:11.466, 7, 34, 1980 MHz, 131.19 W, 0 %, 539 MiB
2026/09/27 10:16:13.466, 0, 38, 1980 MHz, 129.71 W, 0 %, 559 MiB
2026/09/27 10:16:13.466, 1, 35, 1980 MHz, 124.18 W, 0 %, 539 MiB
2026/09/27 10:16:13.466, 2, 33, 1980 MHz, 119.89 W, 0 %, 539 MiB
2026/09/27 10:16:13.466, 3, 38, 1980 MHz, 131.99 W, 0 %, 539 MiB
2026/09/27 10:16:13.466, 4, 39, 1980 MHz, 130.93 W, 0 %, 539 MiB
2026/09/27 10:16:13.466, 5, 35, 1980 MHz, 124.72 W, 0 %, 539 MiB
2026/09/27 10:16:13.466, 6, 38, 1980 MHz, 131.18 W, 0 %, 539 MiB
2026/09/27 10:16:13.466, 7, 34, 1980 MHz, 131.24 W, 0 %, 539 MiB
2026/09/27 10:16:15.467, 0, 38, 1980 MHz, 129.67 W, 0 %, 559 MiB
2026/09/27 10:16:15.467, 1, 35, 1980 MHz, 124.25 W, 0 %, 539 MiB
2026/09/27 10:16:15.467, 2, 33, 1980 MHz, 119.91 W, 0 %, 539 MiB
2026/09/27 10:16:15.467, 3, 38, 1980 MHz, 131.94 W, 0 %, 539 MiB
2026/09/27 10:16:15.467, 4, 39, 1980 MHz, 130.86 W, 0 %, 539 MiB
2026/09/27 10:16:15.467, 5, 35, 1980 MHz, 124.68 W, 0 %, 539 MiB
2026/09/27 10:16:15.467, 6, 38, 1980 MHz, 131.22 W, 0 %, 539 MiB
2026/09/27 10:16:15.467, 7, 34, 1980 MHz, 131.18 W, 0 %, 539 MiB
2026/09/27 10:16:17.468, 0, 38, 1980 MHz, 129.67 W, 0 %, 559 MiB
2026/09/27 10:16:17.468, 1, 35, 1980 MHz, 124.21 W, 0 %, 539 MiB
2026/09/27 10:16:17.468, 2, 33, 1980 MHz, 119.87 W, 0 %, 539 MiB
2026/09/27 10:16:17.468, 3, 38, 1980 MHz, 131.96 W, 0 %, 539 MiB
2026/09/27 10:16:17.468, 4, 39, 1980 MHz, 130.83 W, 0 %, 539 MiB
2026/09/27 10:16:17.468, 5, 35, 1980 MHz, 124.70 W, 0 %, 539 MiB
2026/09/27 10:16:17.468, 6, 38, 1980 MHz, 131.16 W, 0 %, 539 MiB
2026/09/27 10:16:17.468, 7, 34, 1980 MHz, 131.22 W, 0 %, 539 MiB
2026/09/27 10:16:19.469, 0, 38, 1980 MHz, 129.70 W, 0 %, 559 MiB
2026/09/27 10:16:19.469, 1, 35, 1980 MHz, 124.20 W, 0 %, 539 MiB
2026/09/27 10:16:19.469, 2, 33, 1980 MHz, 119.88 W, 0 %, 539 MiB
2026/09/27 10:16:19.469, 3, 38, 1980 MHz, 131.94 W, 0 %, 539 MiB
2026/09/27 10:16:19.469, 4, 39, 1980 MHz, 130.91 W, 0 %, 539 MiB
2026/09/27 10:16:19.469, 5, 35, 1980 MHz, 124.74 W, 0 %, 539 MiB
2026/09/27 10:16:19.469, 6, 38, 1980 MHz, 131.10 W, 0 %, 539 MiB
2026/09/27 10:16:19.469, 7, 34, 1980 MHz, 131.23 W, 0 %, 539 MiB
2026/09/27 10:16:21.470, 0, 38, 1980 MHz, 129.71 W, 0 %, 559 MiB
2026/09/27 10:16:21.470, 1, 35, 1980 MHz, 124.27 W, 0 %, 539 MiB
2026/09/27 10:16:21.470, 2, 33, 1980 MHz, 119.90 W, 0 %, 539 MiB
2026/09/27 10:16:21.470, 3, 38, 1980 MHz, 131.95 W, 0 %, 539 MiB
2026/09/27 10:16:21.470, 4, 39, 1980 MHz, 130.90 W, 0 %, 539 MiB
2026/09/27 10:16:21.470, 5, 35, 1980 MHz, 124.71 W, 0 %, 539 MiB
2026/09/27 10:16:21.470, 6, 37, 1980 MHz, 131.20 W, 0 %, 539 MiB
2026/09/27 10:16:21.470, 7, 34, 1980 MHz, 131.22 W, 0 %, 539 MiB
2026/09/27 10:16:23.470, 0, 38, 1980 MHz, 129.69 W, 0 %, 559 MiB
2026/09/27 10:16:23.470, 1, 35, 1980 MHz, 124.16 W, 0 %, 539 MiB
2026/09/27 10:16:23.471, 2, 33, 1980 MHz, 119.90 W, 0 %, 539 MiB
2026/09/27 10:16:23.471, 3, 38, 1980 MHz, 131.93 W, 0 %, 539 MiB
2026/09/27 10:16:23.471, 4, 39, 1980 MHz, 130.91 W, 0 %, 539 MiB
2026/09/27 10:16:23.471, 5, 35, 1980 MHz, 124.75 W, 0 %, 539 MiB
2026/09/27 10:16:23.471, 6, 38, 1980 MHz, 131.22 W, 0 %, 539 MiB
2026/09/27 10:16:23.471, 7, 34, 1980 MHz, 131.18 W, 0 %, 539 MiB
2026/09/27 10:16:25.471, 0, 38, 1980 MHz, 129.70 W, 0 %, 559 MiB
2026/09/27 10:16:25.471, 1, 35, 1980 MHz, 124.27 W, 0 %, 539 MiB
2026/09/27 10:16:25.471, 2, 33, 1980 MHz, 119.89 W, 0 %, 539 MiB
2026/09/27 10:16:25.471, 3, 38, 1980 MHz, 131.94 W, 0 %, 539 MiB
2026/09/27 10:16:25.471, 4, 39, 1980 MHz, 130.90 W, 0 %, 539 MiB
2026/09/27 10:16:25.471, 5, 35, 1980 MHz, 124.74 W, 0 %, 539 MiB
2026/09/27 10:16:25.472, 6, 38, 1980 MHz, 131.12 W, 0 %, 539 MiB
2026/09/27 10:16:25.472, 7, 34, 1980 MHz, 131.21 W, 0 %, 539 MiB
2026/09/27 10:16:27.472, 0, 38, 1980 MHz, 129.69 W, 0 %, 559 MiB
2026/09/27 10:16:27.472, 1, 35, 1980 MHz, 124.21 W, 0 %, 539 MiB
2026/09/27 10:16:27.472, 2, 33, 1980 MHz, 119.89 W, 0 %, 539 MiB
2026/09/27 10:16:27.472, 3, 38, 1980 MHz, 131.92 W, 0 %, 539 MiB
2026/09/27 10:16:27.472, 4, 39, 1980 MHz, 130.92 W, 0 %, 539 MiB
2026/09/27 10:16:27.472, 5, 35, 1980 MHz, 124.72 W, 0 %, 539 MiB
2026/09/27 10:16:27.472, 6, 38, 1980 MHz, 131.17 W, 0 %, 539 MiB
2026/09/27 10:16:27.472, 7, 34, 1980 MHz, 131.19 W, 0 %, 539 MiB
2026/09/27 10:16:29.473, 0, 38, 1980 MHz, 129.71 W, 0 %, 559 MiB
2026/09/27 10:16:29.473, 1, 35, 1980 MHz, 124.23 W, 0 %, 539 MiB
2026/09/27 10:16:29.473, 2, 33, 1980 MHz, 119.88 W, 0 %, 539 MiB
2026/09/27 10:16:29.473, 3, 38, 1980 MHz, 131.97 W, 0 %, 539 MiB
2026/09/27 10:16:29.473, 4, 39, 1980 MHz, 130.91 W, 0 %, 539 MiB
2026/09/27 10:16:29.473, 5, 35, 1980 MHz, 124.69 W, 0 %, 539 MiB
2026/09/27 10:16:29.473, 6, 38, 1980 MHz, 131.21 W, 0 %, 539 MiB
2026/09/27 10:16:29.473, 7, 34, 1980 MHz, 131.26 W, 0 %, 539 MiB
2026/09/27 10:16:31.473, 0, 38, 1980 MHz, 129.68 W, 0 %, 559 MiB
2026/09/27 10:16:31.473, 1, 35, 1980 MHz, 124.20 W, 0 %, 539 MiB
2026/09/27 10:16:31.473, 2, 33, 1980 MHz, 119.91 W, 0 %, 539 MiB
2026/09/27 10:16:31.473, 3, 38, 1980 MHz, 131.92 W, 0 %, 539 MiB
2026/09/27 10:16:31.473, 4, 39, 1980 MHz, 130.93 W, 0 %, 539 MiB
2026/09/27 10:16:31.474, 5, 35, 1980 MHz, 124.71 W, 0 %, 539 MiB
2026/09/27 10:16:31.474, 6, 38, 1980 MHz, 131.24 W, 0 %, 539 MiB
2026/09/27 10:16:31.474, 7, 34, 1980 MHz, 131.21 W, 0 %, 539 MiB
2026/09/27 10:16:33.474, 0, 38, 1980 MHz, 129.68 W, 0 %, 559 MiB
2026/09/27 10:16:33.474, 1, 35, 1980 MHz, 124.24 W, 0 %, 539 MiB
2026/09/27 10:16:33.474, 2, 33, 1980 MHz, 119.90 W, 0 %, 539 MiB
2026/09/27 10:16:33.474, 3, 38, 1980 MHz, 131.94 W, 0 %, 539 MiB
2026/09/27 10:16:33.474, 4, 39, 1980 MHz, 130.88 W, 0 %, 539 MiB
2026/09/27 10:16:33.474, 5, 35, 1980 MHz, 124.70 W, 0 %, 539 MiB
2026/09/27 10:16:33.474, 6, 38, 1980 MHz, 131.21 W, 0 %, 539 MiB
2026/09/27 10:16:33.474, 7, 34, 1980 MHz, 131.22 W, 0 %, 539 MiB
2026/09/27 10:16:35.475, 0, 38, 1980 MHz, 129.65 W, 0 %, 559 MiB
2026/09/27 10:16:35.475, 1, 35, 1980 MHz, 124.24 W, 0 %, 539 MiB
2026/09/27 10:16:35.475, 2, 33, 1980 MHz, 119.90 W, 0 %, 539 MiB
2026/09/27 10:16:35.475, 3, 38, 1980 MHz, 131.96 W, 0 %, 539 MiB
2026/09/27 10:16:35.475, 4, 39, 1980 MHz, 130.92 W, 0 %, 539 MiB
2026/09/27 10:16:35.475, 5, 35, 1980 MHz, 124.70 W, 0 %, 539 MiB
2026/09/27 10:16:35.475, 6, 38, 1980 MHz, 131.20 W, 0 %, 539 MiB
2026/09/27 10:16:35.475, 7, 34, 1980 MHz, 131.19 W, 0 %, 539 MiB
2026/09/27 10:16:37.475, 0, 38, 1980 MHz, 129.70 W, 0 %, 559 MiB
2026/09/27 10:16:37.476, 1, 35, 1980 MHz, 124.20 W, 0 %, 539 MiB
2026/09/27 10:16:37.476, 2, 33, 1980 MHz, 119.86 W, 0 %, 539 MiB
2026/09/27 10:16:37.476, 3, 38, 1980 MHz, 131.98 W, 0 %, 539 MiB
2026/09/27 10:16:37.476, 4, 39, 1980 MHz, 130.90 W, 0 %, 539 MiB
2026/09/27 10:16:37.476, 5, 35, 1980 MHz, 124.72 W, 0 %, 539 MiB
2026/09/27 10:16:37.476, 6, 38, 1980 MHz, 131.24 W, 0 %, 539 MiB
2026/09/27 10:16:37.476, 7, 34, 1980 MHz, 131.22 W, 0 %, 539 MiB
2026/09/27 10:16:39.476, 0, 38, 1980 MHz, 129.69 W, 0 %, 559 MiB
2026/09/27 10:16:39.476, 1, 35, 1980 MHz, 124.21 W, 0 %, 539 MiB
2026/09/27 10:16:39.476, 2, 33, 1980 MHz, 119.89 W, 0 %, 539 MiB
2026/09/27 10:16:39.476, 3, 38, 1980 MHz, 131.97 W, 0 %, 539 MiB
2026/09/27 10:16:39.477, 4, 39, 1980 MHz, 130.95 W, 0 %, 539 MiB
2026/09/27 10:16:39.477, 5, 35, 1980 MHz, 124.73 W, 0 %, 539 MiB
2026/09/27 10:16:39.477, 6, 38, 1980 MHz, 131.23 W, 0 %, 539 MiB
2026/09/27 10:16:39.477, 7, 34, 1980 MHz, 131.19 W, 0 %, 539 MiB
2026/09/27 10:16:41.477, 0, 38, 1980 MHz, 129.69 W, 0 %, 559 MiB
2026/09/27 10:16:41.477, 1, 35, 1980 MHz, 124.22 W, 0 %, 539 MiB
2026/09/27 10:16:41.477, 2, 33, 1980 MHz, 119.89 W, 0 %, 539 MiB
2026/09/27 10:16:41.477, 3, 38, 1980 MHz, 131.88 W, 0 %, 539 MiB
2026/09/27 10:16:41.478, 4, 39, 1980 MHz, 130.96 W, 0 %, 539 MiB
2026/09/27 10:16:41.478, 5, 35, 1980 MHz, 124.69 W, 0 %, 539 MiB
2026/09/27 10:16:41.478, 6, 37, 1980 MHz, 131.24 W, 0 %, 539 MiB
2026/09/27 10:16:41.478, 7, 34, 1980 MHz, 131.21 W, 0 %, 539 MiB
2026/09/27 10:16:43.478, 0, 38, 1980 MHz, 129.57 W, 0 %, 559 MiB
2026/09/27 10:16:43.478, 1, 35, 1980 MHz, 124.25 W, 0 %, 539 MiB
2026/09/27 10:16:43.478, 2, 33, 1980 MHz, 119.89 W, 0 %, 539 MiB
2026/09/27 10:16:43.478, 3, 38, 1980 MHz, 131.96 W, 0 %, 539 MiB
2026/09/27 10:16:43.478, 4, 39, 1980 MHz, 130.92 W, 0 %, 539 MiB
2026/09/27 10:16:43.478, 5, 35, 1980 MHz, 124.65 W, 0 %, 539 MiB
2026/09/27 10:16:43.479, 6, 37, 1980 MHz, 131.24 W, 0 %, 539 MiB
2026/09/27 10:16:43.479, 7, 34, 1980 MHz, 131.17 W, 0 %, 539 MiB
2026/09/27 10:16:45.479, 0, 38, 1980 MHz, 129.69 W, 0 %, 559 MiB
2026/09/27 10:16:45.479, 1, 35, 1980 MHz, 124.21 W, 0 %, 539 MiB
2026/09/27 10:16:45.479, 2, 33, 1980 MHz, 119.90 W, 0 %, 539 MiB
2026/09/27 10:16:45.479, 3, 38, 1980 MHz, 131.97 W, 0 %, 539 MiB
2026/09/27 10:16:45.479, 4, 39, 1980 MHz, 130.91 W, 0 %, 539 MiB
2026/09/27 10:16:45.479, 5, 35, 1980 MHz, 124.71 W, 0 %, 539 MiB
2026/09/27 10:16:45.480, 6, 38, 1980 MHz, 131.14 W, 0 %, 539 MiB
2026/09/27 10:16:45.480, 7, 34, 1980 MHz, 131.19 W, 0 %, 539 MiB
2026/09/27 10:16:47.480, 0, 38, 1980 MHz, 129.68 W, 0 %, 559 MiB
2026/09/27 10:16:47.480, 1, 35, 1980 MHz, 124.24 W, 0 %, 539 MiB
2026/09/27 10:16:47.480, 2, 33, 1980 MHz, 119.86 W, 0 %, 539 MiB
2026/09/27 10:16:47.480, 3, 38, 1980 MHz, 131.94 W, 0 %, 539 MiB
2026/09/27 10:16:47.480, 4, 39, 1980 MHz, 130.88 W, 0 %, 539 MiB
2026/09/27 10:16:47.480, 5, 35, 1980 MHz, 124.66 W, 0 %, 539 MiB
2026/09/27 10:16:47.480, 6, 38, 1980 MHz, 131.20 W, 0 %, 539 MiB
2026/09/27 10:16:47.480, 7, 34, 1980 MHz, 131.20 W, 0 %, 539 MiB
2026/09/27 10:16:49.481, 0, 38, 1980 MHz, 129.68 W, 0 %, 559 MiB
2026/09/27 10:16:49.481, 1, 35, 1980 MHz, 124.20 W, 0 %, 539 MiB
2026/09/27 10:16:49.481, 2, 33, 1980 MHz, 119.89 W, 0 %, 539 MiB
2026/09/27 10:16:49.481, 3, 38, 1980 MHz, 131.95 W, 0 %, 539 MiB
2026/09/27 10:16:49.481, 4, 39, 1980 MHz, 130.94 W, 0 %, 539 MiB
2026/09/27 10:16:49.481, 5, 35, 1980 MHz, 124.71 W, 0 %, 539 MiB
2026/09/27 10:16:49.481, 6, 38, 1980 MHz, 131.18 W, 0 %, 539 MiB
2026/09/27 10:16:49.481, 7, 34, 1980 MHz, 131.20 W, 0 %, 539 MiB
2026/09/27 10:16:51.481, 0, 38, 1980 MHz, 129.65 W, 0 %, 559 MiB
2026/09/27 10:16:51.482, 1, 35, 1980 MHz, 124.21 W, 0 %, 539 MiB
2026/09/27 10:16:51.482, 2, 33, 1980 MHz, 119.89 W, 0 %, 539 MiB
2026/09/27 10:16:51.482, 3, 38, 1980 MHz, 131.95 W, 0 %, 539 MiB
2026/09/27 10:16:51.482, 4, 39, 1980 MHz, 130.93 W, 0 %, 539 MiB
2026/09/27 10:16:51.482, 5, 35, 1980 MHz, 124.72 W, 0 %, 539 MiB
2026/09/27 10:16:51.482, 6, 37, 1980 MHz, 131.23 W, 0 %, 539 MiB
2026/09/27 10:16:51.482, 7, 34, 1980 MHz, 131.20 W, 0 %, 539 MiB
2026/09/27 10:16:53.482, 0, 38, 1980 MHz, 129.63 W, 0 %, 559 MiB
2026/09/27 10:16:53.482, 1, 35, 1980 MHz, 124.20 W, 0 %, 539 MiB
2026/09/27 10:16:53.482, 2, 33, 1980 MHz, 119.89 W, 0 %, 539 MiB
2026/09/27 10:16:53.482, 3, 38, 1980 MHz, 131.95 W, 0 %, 539 MiB
2026/09/27 10:16:53.483, 4, 39, 1980 MHz, 130.91 W, 0 %, 539 MiB
2026/09/27 10:16:53.483, 5, 35, 1980 MHz, 124.70 W, 0 %, 539 MiB
2026/09/27 10:16:53.483, 6, 38, 1980 MHz, 131.16 W, 0 %, 539 MiB
2026/09/27 10:16:53.483, 7, 34, 1980 MHz, 131.20 W, 0 %, 539 MiB
2026/09/27 10:16:55.483, 0, 38, 1980 MHz, 129.67 W, 0 %, 559 MiB
2026/09/27 10:16:55.483, 1, 35, 1980 MHz, 124.26 W, 0 %, 539 MiB
2026/09/27 10:16:55.483, 2, 33, 1980 MHz, 119.91 W, 0 %, 539 MiB
2026/09/27 10:16:55.483, 3, 38, 1980 MHz, 131.94 W, 0 %, 539 MiB
2026/09/27 10:16:55.483, 4, 39, 1980 MHz, 130.94 W, 0 %, 539 MiB
2026/09/27 10:16:55.483, 5, 35, 1980 MHz, 124.71 W, 0 %, 539 MiB
2026/09/27 10:16:55.483, 6, 38, 1980 MHz, 131.22 W, 0 %, 539 MiB
2026/09/27 10:16:55.483, 7, 34, 1980 MHz, 131.22 W, 0 %, 539 MiB
2026/09/27 10:16:57.484, 0, 38, 1980 MHz, 129.70 W, 0 %, 559 MiB
2026/09/27 10:16:57.484, 1, 35, 1980 MHz, 124.22 W, 0 %, 539 MiB
2026/09/27 10:16:57.484, 2, 33, 1980 MHz, 119.89 W, 0 %, 539 MiB
2026/09/27 10:16:57.484, 3, 38, 1980 MHz, 131.92 W, 0 %, 539 MiB
2026/09/27 10:16:57.484, 4, 39, 1980 MHz, 130.93 W, 0 %, 539 MiB
2026/09/27 10:16:57.484, 5, 35, 1980 MHz, 124.70 W, 0 %, 539 MiB
2026/09/27 10:16:57.484, 6, 38, 1980 MHz, 131.23 W, 0 %, 539 MiB
2026/09/27 10:16:57.484, 7, 34, 1980 MHz, 131.23 W, 0 %, 539 MiB
2026/09/27 10:16:59.484, 0, 38, 1980 MHz, 129.70 W, 0 %, 559 MiB
2026/09/27 10:16:59.485, 1, 35, 1980 MHz, 124.20 W, 0 %, 539 MiB
2026/09/27 10:16:59.485, 2, 33, 1980 MHz, 119.89 W, 0 %, 539 MiB
2026/09/27 10:16:59.485, 3, 38, 1980 MHz, 131.96 W, 0 %, 539 MiB
2026/09/27 10:16:59.485, 4, 39, 1980 MHz, 130.90 W, 0 %, 539 MiB
2026/09/27 10:16:59.485, 5, 35, 1980 MHz, 124.67 W, 0 %, 539 MiB
2026/09/27 10:16:59.485, 6, 38, 1980 MHz, 131.22 W, 0 %, 539 MiB
2026/09/27 10:16:59.485, 7, 34, 1980 MHz, 131.23 W, 0 %, 539 MiB
2026/09/27 10:17:01.485, 0, 38, 1980 MHz, 129.66 W, 0 %, 559 MiB
2026/09/27 10:17:01.486, 1, 35, 1980 MHz, 124.19 W, 0 %, 539 MiB
2026/09/27 10:17:01.486, 2, 33, 1980 MHz, 119.88 W, 0 %, 539 MiB
2026/09/27 10:17:01.486, 3, 38, 1980 MHz, 131.96 W, 0 %, 539 MiB
2026/09/27 10:17:01.486, 4, 39, 1980 MHz, 130.90 W, 0 %, 539 MiB
2026/09/27 10:17:01.486, 5, 35, 1980 MHz, 124.66 W, 0 %, 539 MiB
2026/09/27 10:17:01.486, 6, 37, 1980 MHz, 131.22 W, 0 %, 539 MiB
2026/09/27 10:17:01.486, 7, 34, 1980 MHz, 131.20 W, 0 %, 539 MiB
2026/09/27 10:17:03.486, 0, 38, 1980 MHz, 129.67 W, 0 %, 559 MiB
2026/09/27 10:17:03.486, 1, 35, 1980 MHz, 124.18 W, 0 %, 539 MiB
2026/09/27 10:17:03.486, 2, 33, 1980 MHz, 119.88 W, 0 %, 539 MiB
2026/09/27 10:17:03.486, 3, 38, 1980 MHz, 131.94 W, 0 %, 539 MiB
2026/09/27 10:17:03.487, 4, 39, 1980 MHz, 130.90 W, 0 %, 539 MiB
2026/09/27 10:17:03.487, 5, 35, 1980 MHz, 124.69 W, 0 %, 539 MiB
2026/09/27 10:17:03.487, 6, 38, 1980 MHz, 131.20 W, 0 %, 539 MiB
2026/09/27 10:17:03.487, 7, 34, 1980 MHz, 131.16 W, 0 %, 539 MiB
2026/09/27 10:17:05.487, 0, 38, 1980 MHz, 129.70 W, 0 %, 559 MiB
2026/09/27 10:17:05.487, 1, 35, 1980 MHz, 124.21 W, 0 %, 539 MiB
2026/09/27 10:17:05.487, 2, 33, 1980 MHz, 119.88 W, 0 %, 539 MiB
2026/09/27 10:17:05.487, 3, 38, 1980 MHz, 131.93 W, 0 %, 539 MiB
2026/09/27 10:17:05.487, 4, 39, 1980 MHz, 130.90 W, 0 %, 539 MiB
2026/09/27 10:17:05.487, 5, 35, 1980 MHz, 124.72 W, 0 %, 539 MiB
2026/09/27 10:17:05.487, 6, 37, 1980 MHz, 131.23 W, 0 %, 539 MiB
2026/09/27 10:17:05.488, 7, 34, 1980 MHz, 131.24 W, 0 %, 539 MiB
2026/09/27 10:17:07.488, 0, 38, 1980 MHz, 129.66 W, 0 %, 559 MiB
2026/09/27 10:17:07.488, 1, 35, 1980 MHz, 124.17 W, 0 %, 539 MiB
2026/09/27 10:17:07.488, 2, 33, 1980 MHz, 119.87 W, 0 %, 539 MiB
2026/09/27 10:17:07.488, 3, 38, 1980 MHz, 131.98 W, 0 %, 539 MiB
2026/09/27 10:17:07.488, 4, 39, 1980 MHz, 130.91 W, 0 %, 539 MiB
2026/09/27 10:17:07.488, 5, 35, 1980 MHz, 124.70 W, 0 %, 539 MiB
2026/09/27 10:17:07.488, 6, 37, 1980 MHz, 131.21 W, 0 %, 539 MiB
2026/09/27 10:17:07.488, 7, 34, 1980 MHz, 131.21 W, 0 %, 539 MiB
2026/09/27 10:17:09.488, 0, 38, 1980 MHz, 129.67 W, 0 %, 559 MiB
2026/09/27 10:17:09.489, 1, 35, 1980 MHz, 124.19 W, 0 %, 539 MiB
2026/09/27 10:17:09.489, 2, 33, 1980 MHz, 119.85 W, 0 %, 539 MiB
2026/09/27 10:17:09.489, 3, 38, 1980 MHz, 131.95 W, 0 %, 539 MiB
2026/09/27 10:17:09.489, 4, 39, 1980 MHz, 130.93 W, 0 %, 539 MiB
2026/09/27 10:17:09.489, 5, 35, 1980 MHz, 124.70 W, 0 %, 539 MiB
2026/09/27 10:17:09.489, 6, 38, 1980 MHz, 131.19 W, 0 %, 539 MiB
2026/09/27 10:17:09.489, 7, 34, 1980 MHz, 131.19 W, 0 %, 539 MiB
2026/09/27 10:17:11.489, 0, 38, 1980 MHz, 129.66 W, 0 %, 559 MiB
2026/09/27 10:17:11.489, 1, 35, 1980 MHz, 124.15 W, 0 %, 539 MiB
2026/09/27 10:17:11.489, 2, 33, 1980 MHz, 119.88 W, 0 %, 539 MiB
2026/09/27 10:17:11.489, 3, 38, 1980 MHz, 131.96 W, 0 %, 539 MiB
2026/09/27 10:17:11.490, 4, 39, 1980 MHz, 130.90 W, 0 %, 539 MiB
2026/09/27 10:17:11.490, 5, 35, 1980 MHz, 124.70 W, 0 %, 539 MiB
2026/09/27 10:17:11.490, 6, 38, 1980 MHz, 131.22 W, 0 %, 539 MiB
2026/09/27 10:17:11.490, 7, 34, 1980 MHz, 131.23 W, 0 %, 539 MiB
2026/09/27 10:17:13.490, 0, 38, 1980 MHz, 129.70 W, 0 %, 559 MiB
2026/09/27 10:17:13.490, 1, 35, 1980 MHz, 124.24 W, 0 %, 539 MiB
2026/09/27 10:17:13.490, 2, 33, 1980 MHz, 119.90 W, 0 %, 539 MiB
2026/09/27 10:17:13.490, 3, 38, 1980 MHz, 131.95 W, 0 %, 539 MiB
2026/09/27 10:17:13.490, 4, 39, 1980 MHz, 130.95 W, 0 %, 539 MiB
2026/09/27 10:17:13.490, 5, 35, 1980 MHz, 124.68 W, 0 %, 539 MiB
2026/09/27 10:17:13.490, 6, 37, 1980 MHz, 131.22 W, 0 %, 539 MiB
2026/09/27 10:17:13.490, 7, 34, 1980 MHz, 131.22 W, 0 %, 539 MiB
2026/09/27 10:17:15.491, 0, 38, 1980 MHz, 129.70 W, 0 %, 559 MiB
2026/09/27 10:17:15.491, 1, 35, 1980 MHz, 124.16 W, 0 %, 539 MiB
2026/09/27 10:17:15.491, 2, 33, 1980 MHz, 119.88 W, 0 %, 539 MiB
2026/09/27 10:17:15.491, 3, 38, 1980 MHz, 131.94 W, 0 %, 539 MiB
2026/09/27 10:17:15.491, 4, 39, 1980 MHz, 130.90 W, 0 %, 539 MiB
2026/09/27 10:17:15.491, 5, 35, 1980 MHz, 124.71 W, 0 %, 539 MiB
2026/09/27 10:17:15.491, 6, 38, 1980 MHz, 131.17 W, 0 %, 539 MiB
2026/09/27 10:17:15.491, 7, 34, 1980 MHz, 130.82 W, 0 %, 539 MiB
2026/09/27 10:17:17.491, 0, 38, 1980 MHz, 129.69 W, 0 %, 559 MiB
2026/09/27 10:17:17.491, 1, 35, 1980 MHz, 124.22 W, 0 %, 539 MiB
2026/09/27 10:17:17.492, 2, 33, 1980 MHz, 119.88 W, 0 %, 539 MiB
2026/09/27 10:17:17.492, 3, 38, 1980 MHz, 131.96 W, 0 %, 539 MiB
2026/09/27 10:17:17.492, 4, 39, 1980 MHz, 130.93 W, 0 %, 539 MiB
2026/09/27 10:17:17.492, 5, 35, 1980 MHz, 124.70 W, 0 %, 539 MiB
2026/09/27 10:17:17.492, 6, 38, 1980 MHz, 131.19 W, 0 %, 539 MiB
2026/09/27 10:17:17.492, 7, 34, 1980 MHz, 130.47 W, 0 %, 539 MiB
2026/09/27 10:17:19.492, 0, 38, 1980 MHz, 129.68 W, 0 %, 559 MiB
2026/09/27 10:17:19.492, 1, 35, 1980 MHz, 124.18 W, 0 %, 539 MiB
2026/09/27 10:17:19.492, 2, 33, 1980 MHz, 119.88 W, 0 %, 539 MiB
2026/09/27 10:17:19.492, 3, 38, 1980 MHz, 131.96 W, 0 %, 539 MiB
2026/09/27 10:17:19.492, 4, 39, 1980 MHz, 130.92 W, 0 %, 539 MiB
2026/09/27 10:17:19.492, 5, 35, 1980 MHz, 124.69 W, 0 %, 539 MiB
2026/09/27 10:17:19.493, 6, 38, 1980 MHz, 131.19 W, 0 %, 539 MiB
2026/09/27 10:17:19.493, 7, 34, 1980 MHz, 130.45 W, 0 %, 539 MiB
2026/09/27 10:17:21.493, 0, 38, 1980 MHz, 129.69 W, 0 %, 559 MiB
2026/09/27 10:17:21.493, 1, 35, 1980 MHz, 124.15 W, 0 %, 539 MiB
2026/09/27 10:17:21.493, 2, 33, 1980 MHz, 119.88 W, 0 %, 539 MiB
2026/09/27 10:17:21.493, 3, 38, 1980 MHz, 131.93 W, 0 %, 539 MiB
2026/09/27 10:17:21.493, 4, 39, 1980 MHz, 130.88 W, 0 %, 539 MiB
2026/09/27 10:17:21.493, 5, 35, 1980 MHz, 124.70 W, 0 %, 539 MiB
2026/09/27 10:17:21.493, 6, 38, 1980 MHz, 131.14 W, 0 %, 539 MiB
2026/09/27 10:17:21.493, 7, 34, 1980 MHz, 130.46 W, 0 %, 539 MiB
2026/09/27 10:17:23.494, 0, 38, 1980 MHz, 129.67 W, 0 %, 559 MiB
2026/09/27 10:17:23.494, 1, 35, 1980 MHz, 124.21 W, 0 %, 539 MiB
2026/09/27 10:17:23.494, 2, 33, 1980 MHz, 119.90 W, 0 %, 539 MiB
2026/09/27 10:17:23.494, 3, 38, 1980 MHz, 131.93 W, 0 %, 539 MiB
2026/09/27 10:17:23.494, 4, 39, 1980 MHz, 130.93 W, 0 %, 539 MiB
2026/09/27 10:17:23.494, 5, 35, 1980 MHz, 124.68 W, 0 %, 539 MiB
2026/09/27 10:17:23.494, 6, 38, 1980 MHz, 131.20 W, 0 %, 539 MiB
2026/09/27 10:17:23.494, 7, 34, 1980 MHz, 130.47 W, 0 %, 539 MiB
2026/09/27 10:17:25.494, 0, 38, 1980 MHz, 129.68 W, 0 %, 559 MiB
2026/09/27 10:17:25.494, 1, 35, 1980 MHz, 124.17 W, 0 %, 539 MiB
2026/09/27 10:17:25.494, 2, 33, 1980 MHz, 119.87 W, 0 %, 539 MiB
2026/09/27 10:17:25.495, 3, 38, 1980 MHz, 131.91 W, 0 %, 539 MiB
2026/09/27 10:17:25.495, 4, 39, 1980 MHz, 130.92 W, 0 %, 539 MiB
2026/09/27 10:17:25.495, 5, 35, 1980 MHz, 124.69 W, 0 %, 539 MiB
2026/09/27 10:17:25.495, 6, 38, 1980 MHz, 131.16 W, 0 %, 539 MiB
2026/09/27 10:17:25.495, 7, 34, 1980 MHz, 130.50 W, 0 %, 539 MiB
2026/09/27 10:17:27.495, 0, 38, 1980 MHz, 129.65 W, 0 %, 559 MiB
2026/09/27 10:17:27.495, 1, 35, 1980 MHz, 124.22 W, 0 %, 539 MiB
2026/09/27 10:17:27.495, 2, 33, 1980 MHz, 119.87 W, 0 %, 539 MiB
2026/09/27 10:17:27.495, 3, 38, 1980 MHz, 131.94 W, 0 %, 539 MiB
2026/09/27 10:17:27.495, 4, 39, 1980 MHz, 130.91 W, 0 %, 539 MiB
2026/09/27 10:17:27.495, 5, 35, 1980 MHz, 124.67 W, 0 %, 539 MiB
2026/09/27 10:17:27.495, 6, 37, 1980 MHz, 131.14 W, 0 %, 539 MiB
2026/09/27 10:17:27.495, 7, 34, 1980 MHz, 130.46 W, 0 %, 539 MiB
2026/09/27 10:17:29.496, 0, 38, 1980 MHz, 129.71 W, 0 %, 559 MiB
2026/09/27 10:17:29.496, 1, 35, 1980 MHz, 124.18 W, 0 %, 539 MiB
2026/09/27 10:17:29.496, 2, 33, 1980 MHz, 119.85 W, 0 %, 539 MiB
2026/09/27 10:17:29.496, 3, 38, 1980 MHz, 131.96 W, 0 %, 539 MiB
2026/09/27 10:17:29.496, 4, 39, 1980 MHz, 130.89 W, 0 %, 539 MiB
2026/09/27 10:17:29.496, 5, 35, 1980 MHz, 124.66 W, 0 %, 539 MiB
2026/09/27 10:17:29.496, 6, 38, 1980 MHz, 131.19 W, 0 %, 539 MiB
2026/09/27 10:17:29.496, 7, 34, 1980 MHz, 130.51 W, 0 %, 539 MiB
2026/09/27 10:17:31.496, 0, 38, 1980 MHz, 129.65 W, 0 %, 559 MiB
2026/09/27 10:17:31.496, 1, 35, 1980 MHz, 124.17 W, 0 %, 539 MiB
2026/09/27 10:17:31.497, 2, 33, 1980 MHz, 119.86 W, 0 %, 539 MiB
2026/09/27 10:17:31.497, 3, 38, 1980 MHz, 131.96 W, 0 %, 539 MiB
2026/09/27 10:17:31.497, 4, 39, 1980 MHz, 130.94 W, 0 %, 539 MiB
2026/09/27 10:17:31.497, 5, 35, 1980 MHz, 124.63 W, 0 %, 539 MiB
2026/09/27 10:17:31.497, 6, 37, 1980 MHz, 131.15 W, 0 %, 539 MiB
2026/09/27 10:17:31.497, 7, 34, 1980 MHz, 130.44 W, 0 %, 539 MiB
2026/09/27 10:17:33.497, 0, 38, 1980 MHz, 129.67 W, 0 %, 559 MiB
2026/09/27 10:17:33.497, 1, 35, 1980 MHz, 124.17 W, 0 %, 539 MiB
2026/09/27 10:17:33.497, 2, 33, 1980 MHz, 119.86 W, 0 %, 539 MiB
2026/09/27 10:17:33.497, 3, 38, 1980 MHz, 131.97 W, 0 %, 539 MiB
2026/09/27 10:17:33.497, 4, 39, 1980 MHz, 130.93 W, 0 %, 539 MiB
2026/09/27 10:17:33.497, 5, 35, 1980 MHz, 124.67 W, 0 %, 539 MiB
2026/09/27 10:17:33.498, 6, 38, 1980 MHz, 131.23 W, 0 %, 539 MiB
2026/09/27 10:17:33.498, 7, 34, 1980 MHz, 130.44 W, 0 %, 539 MiB
2026/09/27 10:17:35.498, 0, 38, 1980 MHz, 129.65 W, 0 %, 559 MiB
2026/09/27 10:17:35.498, 1, 35, 1980 MHz, 124.21 W, 0 %, 539 MiB
2026/09/27 10:17:35.498, 2, 33, 1980 MHz, 119.88 W, 0 %, 539 MiB
2026/09/27 10:17:35.498, 3, 38, 1980 MHz, 131.96 W, 0 %, 539 MiB
2026/09/27 10:17:35.498, 4, 39, 1980 MHz, 130.93 W, 0 %, 539 MiB
2026/09/27 10:17:35.498, 5, 35, 1980 MHz, 124.66 W, 0 %, 539 MiB
2026/09/27 10:17:35.498, 6, 38, 1980 MHz, 131.22 W, 0 %, 539 MiB
2026/09/27 10:17:35.498, 7, 34, 1980 MHz, 130.42 W, 0 %, 539 MiB
2026/09/27 10:17:37.498, 0, 38, 1980 MHz, 129.70 W, 0 %, 559 MiB
2026/09/27 10:17:37.499, 1, 35, 1980 MHz, 124.16 W, 0 %, 539 MiB
2026/09/27 10:17:37.499, 2, 33, 1980 MHz, 119.86 W, 0 %, 539 MiB
2026/09/27 10:17:37.499, 3, 38, 1980 MHz, 131.97 W, 0 %, 539 MiB
2026/09/27 10:17:37.499, 4, 39, 1980 MHz, 130.90 W, 0 %, 539 MiB
2026/09/27 10:17:37.499, 5, 35, 1980 MHz, 124.66 W, 0 %, 539 MiB
2026/09/27 10:17:37.499, 6, 37, 1980 MHz, 131.10 W, 0 %, 539 MiB
2026/09/27 10:17:37.499, 7, 34, 1980 MHz, 130.46 W, 0 %, 539 MiB
2026/09/27 10:17:39.499, 0, 38, 1980 MHz, 129.68 W, 0 %, 559 MiB
2026/09/27 10:17:39.499, 1, 35, 1980 MHz, 124.22 W, 0 %, 539 MiB
2026/09/27 10:17:39.499, 2, 33, 1980 MHz, 119.86 W, 0 %, 539 MiB
2026/09/27 10:17:39.499, 3, 38, 1980 MHz, 131.94 W, 0 %, 539 MiB
2026/09/27 10:17:39.500, 4, 39, 1980 MHz, 130.90 W, 0 %, 539 MiB
2026/09/27 10:17:39.500, 5, 35, 1980 MHz, 124.66 W, 0 %, 539 MiB
2026/09/27 10:17:39.500, 6, 38, 1980 MHz, 131.21 W, 0 %, 539 MiB
2026/09/27 10:17:39.500, 7, 34, 1980 MHz, 130.46 W, 0 %, 539 MiB
2026/09/27 10:17:41.500, 0, 38, 1980 MHz, 129.66 W, 0 %, 559 MiB
2026/09/27 10:17:41.500, 1, 35, 1980 MHz, 124.14 W, 0 %, 539 MiB
2026/09/27 10:17:41.500, 2, 33, 1980 MHz, 119.85 W, 0 %, 539 MiB
2026/09/27 10:17:41.500, 3, 38, 1980 MHz, 131.98 W, 0 %, 539 MiB
2026/09/27 10:17:41.500, 4, 39, 1980 MHz, 130.88 W, 0 %, 539 MiB
2026/09/27 10:17:41.500, 5, 35, 1980 MHz, 124.65 W, 0 %, 539 MiB
2026/09/27 10:17:41.500, 6, 38, 1980 MHz, 131.18 W, 0 %, 539 MiB
2026/09/27 10:17:41.500, 7, 34, 1980 MHz, 130.44 W, 0 %, 539 MiB
2026/09/27 10:17:43.501, 0, 38, 1980 MHz, 129.68 W, 0 %, 559 MiB
2026/09/27 10:17:43.501, 1, 35, 1980 MHz, 124.17 W, 0 %, 539 MiB
2026/09/27 10:17:43.501, 2, 33, 1980 MHz, 119.86 W, 0 %, 539 MiB
2026/09/27 10:17:43.501, 3, 38, 1980 MHz, 131.95 W, 0 %, 539 MiB
2026/09/27 10:17:43.501, 4, 39, 1980 MHz, 130.91 W, 0 %, 539 MiB
2026/09/27 10:17:43.501, 5, 35, 1980 MHz, 124.64 W, 0 %, 539 MiB
2026/09/27 10:17:43.501, 6, 37, 1980 MHz, 131.12 W, 0 %, 539 MiB
2026/09/27 10:17:43.501, 7, 34, 1980 MHz, 130.45 W, 0 %, 539 MiB
2026/09/27 10:17:45.501, 0, 38, 1980 MHz, 129.68 W, 0 %, 559 MiB
2026/09/27 10:17:45.501, 1, 35, 1980 MHz, 124.14 W, 0 %, 539 MiB
2026/09/27 10:17:45.502, 2, 33, 1980 MHz, 119.85 W, 0 %, 539 MiB
2026/09/27 10:17:45.502, 3, 38, 1980 MHz, 131.95 W, 0 %, 539 MiB
2026/09/27 10:17:45.502, 4, 39, 1980 MHz, 130.96 W, 0 %, 539 MiB
2026/09/27 10:17:45.502, 5, 35, 1980 MHz, 124.66 W, 0 %, 539 MiB
2026/09/27 10:17:45.502, 6, 38, 1980 MHz, 131.20 W, 0 %, 539 MiB
2026/09/27 10:17:45.502, 7, 34, 1980 MHz, 130.43 W, 0 %, 539 MiB
2026/09/27 10:17:47.502, 0, 38, 1980 MHz, 129.69 W, 0 %, 559 MiB
2026/09/27 10:17:47.502, 1, 35, 1980 MHz, 124.17 W, 0 %, 539 MiB
2026/09/27 10:17:47.502, 2, 33, 1980 MHz, 119.86 W, 0 %, 539 MiB
2026/09/27 10:17:47.502, 3, 38, 1980 MHz, 131.96 W, 0 %, 539 MiB
2026/09/27 10:17:47.503, 4, 39, 1980 MHz, 130.88 W, 0 %, 539 MiB
2026/09/27 10:17:47.503, 5, 35, 1980 MHz, 124.64 W, 0 %, 539 MiB
2026/09/27 10:17:47.503, 6, 37, 1980 MHz, 131.16 W, 0 %, 539 MiB
2026/09/27 10:17:47.503, 7, 34, 1980 MHz, 130.42 W, 0 %, 539 MiB
2026/09/27 10:17:49.503, 0, 38, 1980 MHz, 129.68 W, 0 %, 559 MiB
2026/09/27 10:17:49.503, 1, 35, 1980 MHz, 124.12 W, 0 %, 539 MiB
2026/09/27 10:17:49.503, 2, 33, 1980 MHz, 119.86 W, 0 %, 539 MiB
2026/09/27 10:17:49.503, 3, 38, 1980 MHz, 131.96 W, 0 %, 539 MiB
2026/09/27 10:17:49.503, 4, 39, 1980 MHz, 130.90 W, 0 %, 539 MiB
2026/09/27 10:17:49.503, 5, 35, 1980 MHz, 124.70 W, 0 %, 539 MiB
2026/09/27 10:17:49.503, 6, 37, 1980 MHz, 131.17 W, 0 %, 539 MiB
2026/09/27 10:17:49.504, 7, 34, 1980 MHz, 130.42 W, 0 %, 539 MiB
2026/09/27 10:17:51.504, 0, 38, 1980 MHz, 129.69 W, 0 %, 559 MiB
2026/09/27 10:17:51.504, 1, 35, 1980 MHz, 124.15 W, 0 %, 539 MiB
2026/09/27 10:17:51.504, 2, 33, 1980 MHz, 119.84 W, 0 %, 539 MiB
2026/09/27 10:17:51.504, 3, 38, 1980 MHz, 131.93 W, 0 %, 539 MiB
2026/09/27 10:17:51.504, 4, 39, 1980 MHz, 130.90 W, 0 %, 539 MiB
2026/09/27 10:17:51.504, 5, 35, 1980 MHz, 124.65 W, 0 %, 539 MiB
2026/09/27 10:17:51.504, 6, 37, 1980 MHz, 131.13 W, 0 %, 539 MiB
2026/09/27 10:17:51.504, 7, 34, 1980 MHz, 130.41 W, 0 %, 539 MiB
2026/09/27 10:17:53.505, 0, 38, 1980 MHz, 129.62 W, 0 %, 559 MiB
2026/09/27 10:17:53.505, 1, 35, 1980 MHz, 124.18 W, 0 %, 539 MiB
2026/09/27 10:17:53.505, 2, 33, 1980 MHz, 119.86 W, 0 %, 539 MiB
2026/09/27 10:17:53.505, 3, 38, 1980 MHz, 131.92 W, 0 %, 539 MiB
2026/09/27 10:17:53.505, 4, 39, 1980 MHz, 130.92 W, 0 %, 539 MiB
2026/09/27 10:17:53.505, 5, 35, 1980 MHz, 124.64 W, 0 %, 539 MiB
2026/09/27 10:17:53.505, 6, 37, 1980 MHz, 131.17 W, 0 %, 539 MiB
2026/09/27 10:17:53.505, 7, 34, 1980 MHz, 130.41 W, 0 %, 539 MiB
2026/09/27 10:17:55.505, 0, 38, 1980 MHz, 129.65 W, 0 %, 559 MiB
2026/09/27 10:17:55.506, 1, 35, 1980 MHz, 124.14 W, 0 %, 539 MiB
2026/09/27 10:17:55.506, 2, 33, 1980 MHz, 119.84 W, 0 %, 539 MiB
2026/09/27 10:17:55.506, 3, 38, 1980 MHz, 131.93 W, 0 %, 539 MiB
2026/09/27 10:17:55.506, 4, 39, 1980 MHz, 130.95 W, 0 %, 539 MiB
2026/09/27 10:17:55.506, 5, 35, 1980 MHz, 124.63 W, 0 %, 539 MiB
2026/09/27 10:17:55.506, 6, 37, 1980 MHz, 131.11 W, 0 %, 539 MiB
2026/09/27 10:17:55.506, 7, 34, 1980 MHz, 130.43 W, 0 %, 539 MiB
2026/09/27 10:17:57.506, 0, 38, 1980 MHz, 129.72 W, 0 %, 559 MiB
2026/09/27 10:17:57.506, 1, 35, 1980 MHz, 124.16 W, 0 %, 539 MiB
2026/09/27 10:17:57.506, 2, 33, 1980 MHz, 119.83 W, 0 %, 539 MiB
2026/09/27 10:17:57.507, 3, 38, 1980 MHz, 131.93 W, 0 %, 539 MiB
2026/09/27 10:17:57.507, 4, 39, 1980 MHz, 130.93 W, 0 %, 539 MiB
2026/09/27 10:17:57.507, 5, 35, 1980 MHz, 124.63 W, 0 %, 539 MiB
2026/09/27 10:17:57.507, 6, 37, 1980 MHz, 131.15 W, 0 %, 539 MiB
2026/09/27 10:17:57.507, 7, 34, 1980 MHz, 130.44 W, 0 %, 539 MiB
2026/09/27 10:17:59.507, 0, 38, 1980 MHz, 129.64 W, 0 %, 559 MiB
2026/09/27 10:17:59.507, 1, 35, 1980 MHz, 124.12 W, 0 %, 539 MiB
2026/09/27 10:17:59.507, 2, 33, 1980 MHz, 119.87 W, 0 %, 539 MiB
2026/09/27 10:17:59.507, 3, 38, 1980 MHz, 131.80 W, 0 %, 539 MiB
2026/09/27 10:17:59.507, 4, 39, 1980 MHz, 130.86 W, 0 %, 539 MiB
2026/09/27 10:17:59.508, 5, 35, 1980 MHz, 124.66 W, 0 %, 539 MiB
2026/09/27 10:17:59.508, 6, 37, 1980 MHz, 131.20 W, 0 %, 539 MiB
2026/09/27 10:17:59.508, 7, 34, 1980 MHz, 130.41 W, 0 %, 539 MiB
2026/09/27 10:18:01.508, 0, 38, 1980 MHz, 129.62 W, 0 %, 559 MiB
2026/09/27 10:18:01.508, 1, 35, 1980 MHz, 124.14 W, 0 %, 539 MiB
2026/09/27 10:18:01.508, 2, 33, 1980 MHz, 119.81 W, 0 %, 539 MiB
2026/09/27 10:18:01.508, 3, 38, 1980 MHz, 131.88 W, 0 %, 539 MiB
2026/09/27 10:18:01.508, 4, 39, 1980 MHz, 130.90 W, 0 %, 539 MiB
2026/09/27 10:18:01.508, 5, 35, 1980 MHz, 124.65 W, 0 %, 539 MiB
2026/09/27 10:18:01.509, 6, 37, 1980 MHz, 131.18 W, 0 %, 539 MiB
2026/09/27 10:18:01.509, 7, 34, 1980 MHz, 130.40 W, 0 %, 539 MiB
2026/09/27 10:18:03.509, 0, 38, 1980 MHz, 129.67 W, 0 %, 559 MiB
2026/09/27 10:18:03.509, 1, 35, 1980 MHz, 124.21 W, 0 %, 539 MiB
2026/09/27 10:18:03.509, 2, 33, 1980 MHz, 119.83 W, 0 %, 539 MiB
2026/09/27 10:18:03.509, 3, 38, 1980 MHz, 131.94 W, 0 %, 539 MiB
2026/09/27 10:18:03.509, 4, 39, 1980 MHz, 130.88 W, 0 %, 539 MiB
2026/09/27 10:18:03.509, 5, 35, 1980 MHz, 124.65 W, 0 %, 539 MiB
2026/09/27 10:18:03.509, 6, 37, 1980 MHz, 131.16 W, 0 %, 539 MiB
2026/09/27 10:18:03.509, 7, 34, 1980 MHz, 130.44 W, 0 %, 539 MiB
2026/09/27 10:18:05.510, 0, 38, 1980 MHz, 129.66 W, 0 %, 559 MiB
2026/09/27 10:18:05.510, 1, 35, 1980 MHz, 124.16 W, 0 %, 539 MiB
2026/09/27 10:18:05.510, 2, 33, 1980 MHz, 119.83 W, 0 %, 539 MiB
2026/09/27 10:18:05.510, 3, 38, 1980 MHz, 131.92 W, 0 %, 539 MiB
2026/09/27 10:18:05.510, 4, 39, 1980 MHz, 130.88 W, 0 %, 539 MiB
2026/09/27 10:18:05.510, 5, 35, 1980 MHz, 124.65 W, 0 %, 539 MiB
2026/09/27 10:18:05.510, 6, 37, 1980 MHz, 131.16 W, 0 %, 539 MiB
2026/09/27 10:18:05.510, 7, 34, 1980 MHz, 130.41 W, 0 %, 539 MiB
2026/09/27 10:18:07.511, 0, 38, 1980 MHz, 129.68 W, 0 %, 559 MiB
2026/09/27 10:18:07.511, 1, 35, 1980 MHz, 124.17 W, 0 %, 539 MiB
2026/09/27 10:18:07.511, 2, 33, 1980 MHz, 119.83 W, 0 %, 539 MiB
2026/09/27 10:18:07.511, 3, 38, 1980 MHz, 131.90 W, 0 %, 539 MiB
2026/09/27 10:18:07.511, 4, 39, 1980 MHz, 130.86 W, 0 %, 539 MiB
2026/09/27 10:18:07.511, 5, 35, 1980 MHz, 124.62 W, 0 %, 539 MiB
2026/09/27 10:18:07.511, 6, 37, 1980 MHz, 131.11 W, 0 %, 539 MiB
2026/09/27 10:18:07.511, 7, 34, 1980 MHz, 130.40 W, 0 %, 539 MiB
2026/09/27 10:18:09.511, 0, 38, 1980 MHz, 129.62 W, 0 %, 559 MiB
2026/09/27 10:18:09.511, 1, 35, 1980 MHz, 124.14 W, 0 %, 539 MiB
2026/09/27 10:18:09.511, 2, 33, 1980 MHz, 119.85 W, 0 %, 539 MiB
2026/09/27 10:18:09.512, 3, 38, 1980 MHz, 131.89 W, 0 %, 539 MiB
2026/09/27 10:18:09.512, 4, 39, 1980 MHz, 130.83 W, 0 %, 539 MiB
2026/09/27 10:18:09.512, 5, 35, 1980 MHz, 124.60 W, 0 %, 539 MiB
2026/09/27 10:18:09.512, 6, 37, 1980 MHz, 131.10 W, 0 %, 539 MiB
2026/09/27 10:18:09.512, 7, 34, 1980 MHz, 130.41 W, 0 %, 539 MiB
2026/09/27 10:18:11.512, 0, 38, 1980 MHz, 129.67 W, 0 %, 559 MiB
2026/09/27 10:18:11.512, 1, 35, 1980 MHz, 124.14 W, 0 %, 539 MiB
2026/09/27 10:18:11.512, 2, 33, 1980 MHz, 119.83 W, 0 %, 539 MiB
2026/09/27 10:18:11.512, 3, 38, 1980 MHz, 131.89 W, 0 %, 539 MiB
2026/09/27 10:18:11.512, 4, 39, 1980 MHz, 130.88 W, 0 %, 539 MiB
2026/09/27 10:18:11.512, 5, 35, 1980 MHz, 124.59 W, 0 %, 539 MiB
2026/09/27 10:18:11.512, 6, 37, 1980 MHz, 131.19 W, 0 %, 539 MiB
2026/09/27 10:18:11.512, 7, 34, 1980 MHz, 130.39 W, 0 %, 539 MiB
2026/09/27 10:18:13.513, 0, 38, 1980 MHz, 129.67 W, 0 %, 559 MiB
2026/09/27 10:18:13.513, 1, 35, 1980 MHz, 124.16 W, 0 %, 539 MiB
2026/09/27 10:18:13.513, 2, 33, 1980 MHz, 119.81 W, 0 %, 539 MiB
2026/09/27 10:18:13.513, 3, 38, 1980 MHz, 131.92 W, 0 %, 539 MiB
2026/09/27 10:18:13.513, 4, 39, 1980 MHz, 130.87 W, 0 %, 539 MiB
2026/09/27 10:18:13.513, 5, 35, 1980 MHz, 124.61 W, 0 %, 539 MiB
2026/09/27 10:18:13.513, 6, 37, 1980 MHz, 131.17 W, 0 %, 539 MiB
2026/09/27 10:18:13.513, 7, 34, 1980 MHz, 130.39 W, 0 %, 539 MiB
2026/09/27 10:18:15.513, 0, 38, 1980 MHz, 129.63 W, 0 %, 559 MiB
2026/09/27 10:18:15.514, 1, 35, 1980 MHz, 124.12 W, 0 %, 539 MiB
2026/09/27 10:18:15.514, 2, 33, 1980 MHz, 119.83 W, 0 %, 539 MiB
2026/09/27 10:18:15.514, 3, 38, 1980 MHz, 131.93 W, 0 %, 539 MiB
2026/09/27 10:18:15.514, 4, 39, 1980 MHz, 130.90 W, 0 %, 539 MiB
2026/09/27 10:18:15.514, 5, 35, 1980 MHz, 124.65 W, 0 %, 539 MiB
2026/09/27 10:18:15.514, 6, 37, 1980 MHz, 131.14 W, 0 %, 539 MiB
2026/09/27 10:18:15.514, 7, 34, 1980 MHz, 130.37 W, 0 %, 539 MiB
2026/09/27 10:18:17.514, 0, 38, 1980 MHz, 129.67 W, 0 %, 559 MiB
2026/09/27 10:18:17.514, 1, 35, 1980 MHz, 124.13 W, 0 %, 539 MiB
2026/09/27 10:18:17.514, 2, 33, 1980 MHz, 119.83 W, 0 %, 539 MiB
2026/09/27 10:18:17.515, 3, 38, 1980 MHz, 131.91 W, 0 %, 539 MiB
2026/09/27 10:18:17.515, 4, 39, 1980 MHz, 130.88 W, 0 %, 539 MiB
2026/09/27 10:18:17.515, 5, 35, 1980 MHz, 124.63 W, 0 %, 539 MiB
2026/09/27 10:18:17.515, 6, 37, 1980 MHz, 131.12 W, 0 %, 539 MiB
2026/09/27 10:18:17.515, 7, 34, 1980 MHz, 130.41 W, 0 %, 539 MiB
2026/09/27 10:18:19.515, 0, 38, 1980 MHz, 129.65 W, 0 %, 559 MiB
2026/09/27 10:18:19.515, 1, 35, 1980 MHz, 124.13 W, 0 %, 539 MiB
2026/09/27 10:18:19.515, 2, 33, 1980 MHz, 119.83 W, 0 %, 539 MiB
2026/09/27 10:18:19.515, 3, 38, 1980 MHz, 131.93 W, 0 %, 539 MiB
2026/09/27 10:18:19.515, 4, 39, 1980 MHz, 130.91 W, 0 %, 539 MiB
2026/09/27 10:18:19.516, 5, 35, 1980 MHz, 124.69 W, 0 %, 539 MiB
2026/09/27 10:18:19.516, 6, 37, 1980 MHz, 131.09 W, 0 %, 539 MiB
2026/09/27 10:18:19.516, 7, 34, 1980 MHz, 130.37 W, 0 %, 539 MiB
2026/09/27 10:18:21.516, 0, 38, 1980 MHz, 129.66 W, 0 %, 559 MiB
2026/09/27 10:18:21.516, 1, 35, 1980 MHz, 124.09 W, 0 %, 539 MiB
2026/09/27 10:18:21.516, 2, 33, 1980 MHz, 119.80 W, 0 %, 539 MiB
2026/09/27 10:18:21.516, 3, 38, 1980 MHz, 131.92 W, 0 %, 539 MiB
2026/09/27 10:18:21.516, 4, 39, 1980 MHz, 130.92 W, 0 %, 539 MiB
2026/09/27 10:18:21.516, 5, 35, 1980 MHz, 124.64 W, 0 %, 539 MiB
2026/09/27 10:18:21.517, 6, 37, 1980 MHz, 131.14 W, 0 %, 539 MiB
2026/09/27 10:18:21.517, 7, 34, 1980 MHz, 130.36 W, 0 %, 539 MiB
2026/09/27 10:18:23.517, 0, 38, 1980 MHz, 129.65 W, 0 %, 559 MiB
2026/09/27 10:18:23.517, 1, 35, 1980 MHz, 124.11 W, 0 %, 539 MiB
2026/09/27 10:18:23.517, 2, 33, 1980 MHz, 119.83 W, 0 %, 539 MiB
2026/09/27 10:18:23.517, 3, 38, 1980 MHz, 131.95 W, 0 %, 539 MiB
2026/09/27 10:18:23.517, 4, 39, 1980 MHz, 130.90 W, 0 %, 539 MiB
2026/09/27 10:18:23.517, 5, 35, 1980 MHz, 124.60 W, 0 %, 539 MiB
2026/09/27 10:18:23.517, 6, 37, 1980 MHz, 131.11 W, 0 %, 539 MiB
2026/09/27 10:18:23.517, 7, 34, 1980 MHz, 130.39 W, 0 %, 539 MiB
2026/09/27 10:18:25.517, 0, 38, 1980 MHz, 129.66 W, 0 %, 559 MiB
2026/09/27 10:18:25.518, 1, 35, 1980 MHz, 124.07 W, 0 %, 539 MiB
2026/09/27 10:18:25.518, 2, 33, 1980 MHz, 119.83 W, 0 %, 539 MiB
2026/09/27 10:18:25.518, 3, 38, 1980 MHz, 131.93 W, 0 %, 539 MiB
2026/09/27 10:18:25.518, 4, 39, 1980 MHz, 130.88 W, 0 %, 539 MiB
2026/09/27 10:18:25.518, 5, 35, 1980 MHz, 124.58 W, 0 %, 539 MiB
2026/09/27 10:18:25.518, 6, 37, 1980 MHz, 131.10 W, 0 %, 539 MiB
2026/09/27 10:18:25.518, 7, 34, 1980 MHz, 130.37 W, 0 %, 539 MiB
2026/09/27 10:18:27.518, 0, 38, 1980 MHz, 129.66 W, 0 %, 559 MiB
2026/09/27 10:18:27.518, 1, 35, 1980 MHz, 124.17 W, 0 %, 539 MiB
2026/09/27 10:18:27.519, 2, 33, 1980 MHz, 119.84 W, 0 %, 539 MiB
2026/09/27 10:18:27.519, 3, 38, 1980 MHz, 131.88 W, 0 %, 539 MiB
2026/09/27 10:18:27.519, 4, 39, 1980 MHz, 130.90 W, 0 %, 539 MiB
2026/09/27 10:18:27.519, 5, 35, 1980 MHz, 124.60 W, 0 %, 539 MiB
2026/09/27 10:18:27.519, 6, 37, 1980 MHz, 131.09 W, 0 %, 539 MiB
2026/09/27 10:18:27.519, 7, 34, 1980 MHz, 130.41 W, 0 %, 539 MiB
2026/09/27 10:18:29.519, 0, 38, 1980 MHz, 129.67 W, 0 %, 559 MiB
2026/09/27 10:18:29.519, 1, 35, 1980 MHz, 124.12 W, 0 %, 539 MiB
2026/09/27 10:18:29.519, 2, 33, 1980 MHz, 119.82 W, 0 %, 539 MiB
2026/09/27 10:18:29.519, 3, 38, 1980 MHz, 131.90 W, 0 %, 539 MiB
2026/09/27 10:18:29.519, 4, 39, 1980 MHz, 130.89 W, 0 %, 539 MiB
2026/09/27 10:18:29.519, 5, 35, 1980 MHz, 124.59 W, 0 %, 539 MiB
2026/09/27 10:18:29.520, 6, 37, 1980 MHz, 131.10 W, 0 %, 539 MiB
2026/09/27 10:18:29.520, 7, 34, 1980 MHz, 130.38 W, 0 %, 539 MiB
2026/09/27 10:18:31.520, 0, 38, 1980 MHz, 129.66 W, 0 %, 559 MiB
2026/09/27 10:18:31.520, 1, 35, 1980 MHz, 124.14 W, 0 %, 539 MiB
2026/09/27 10:18:31.520, 2, 33, 1980 MHz, 119.81 W, 0 %, 539 MiB
2026/09/27 10:18:31.520, 3, 38, 1980 MHz, 131.88 W, 0 %, 539 MiB
2026/09/27 10:18:31.520, 4, 39, 1980 MHz, 130.85 W, 0 %, 539 MiB
2026/09/27 10:18:31.520, 5, 35, 1980 MHz, 124.61 W, 0 %, 539 MiB
2026/09/27 10:18:31.520, 6, 37, 1980 MHz, 131.15 W, 0 %, 539 MiB
2026/09/27 10:18:31.520, 7, 34, 1980 MHz, 130.35 W, 0 %, 539 MiB
2026/09/27 10:18:33.520, 0, 38, 1980 MHz, 129.65 W, 0 %, 559 MiB
2026/09/27 10:18:33.521, 1, 35, 1980 MHz, 124.13 W, 0 %, 539 MiB
2026/09/27 10:18:33.521, 2, 33, 1980 MHz, 119.83 W, 0 %, 539 MiB
2026/09/27 10:18:33.521, 3, 38, 1980 MHz, 131.89 W, 0 %, 539 MiB
2026/09/27 10:18:33.521, 4, 39, 1980 MHz, 130.84 W, 0 %, 539 MiB
2026/09/27 10:18:33.521, 5, 35, 1980 MHz, 124.61 W, 0 %, 539 MiB
2026/09/27 10:18:33.521, 6, 37, 1980 MHz, 131.14 W, 0 %, 539 MiB
2026/09/27 10:18:33.521, 7, 34, 1980 MHz, 130.39 W, 0 %, 539 MiB
2026/09/27 10:18:35.521, 0, 38, 1980 MHz, 129.62 W, 0 %, 559 MiB
2026/09/27 10:18:35.521, 1, 35, 1980 MHz, 124.12 W, 0 %, 539 MiB
2026/09/27 10:18:35.521, 2, 33, 1980 MHz, 119.82 W, 0 %, 539 MiB
2026/09/27 10:18:35.521, 3, 38, 1980 MHz, 131.89 W, 0 %, 539 MiB
2026/09/27 10:18:35.522, 4, 39, 1980 MHz, 130.86 W, 0 %, 539 MiB
2026/09/27 10:18:35.522, 5, 35, 1980 MHz, 124.62 W, 0 %, 539 MiB
2026/09/27 10:18:35.522, 6, 37, 1980 MHz, 131.09 W, 0 %, 539 MiB
2026/09/27 10:18:35.522, 7, 34, 1980 MHz, 130.35 W, 0 %, 539 MiB
2026/09/27 10:18:37.522, 0, 38, 1980 MHz, 129.61 W, 0 %, 559 MiB
2026/09/27 10:18:37.522, 1, 35, 1980 MHz, 124.12 W, 0 %, 539 MiB
2026/09/27 10:18:37.522, 2, 33, 1980 MHz, 119.81 W, 0 %, 539 MiB
2026/09/27 10:18:37.522, 3, 38, 1980 MHz, 131.88 W, 0 %, 539 MiB
2026/09/27 10:18:37.522, 4, 39, 1980 MHz, 130.86 W, 0 %, 539 MiB
2026/09/27 10:18:37.522, 5, 35, 1980 MHz, 124.64 W, 0 %, 539 MiB
2026/09/27 10:18:37.522, 6, 37, 1980 MHz, 131.11 W, 0 %, 539 MiB
2026/09/27 10:18:37.522, 7, 34, 1980 MHz, 130.34 W, 0 %, 539 MiB
2026/09/27 10:18:39.523, 0, 38, 1980 MHz, 129.63 W, 0 %, 559 MiB
2026/09/27 10:18:39.523, 1, 35, 1980 MHz, 124.08 W, 0 %, 539 MiB
2026/09/27 10:18:39.523, 2, 33, 1980 MHz, 119.83 W, 0 %, 539 MiB
2026/09/27 10:18:39.523, 3, 38, 1980 MHz, 131.88 W, 0 %, 539 MiB
2026/09/27 10:18:39.523, 4, 39, 1980 MHz, 130.87 W, 0 %, 539 MiB
2026/09/27 10:18:39.523, 5, 35, 1980 MHz, 124.57 W, 0 %, 539 MiB
2026/09/27 10:18:39.523, 6, 37, 1980 MHz, 131.19 W, 0 %, 539 MiB
2026/09/27 10:18:39.523, 7, 34, 1980 MHz, 130.38 W, 0 %, 539 MiB
2026/09/27 10:18:41.523, 0, 38, 1980 MHz, 129.66 W, 0 %, 559 MiB
2026/09/27 10:18:41.523, 1, 35, 1980 MHz, 124.09 W, 0 %, 539 MiB
2026/09/27 10:18:41.524, 2, 33, 1980 MHz, 119.84 W, 0 %, 539 MiB
2026/09/27 10:18:41.524, 3, 38, 1980 MHz, 131.87 W, 0 %, 539 MiB
2026/09/27 10:18:41.524, 4, 39, 1980 MHz, 130.84 W, 0 %, 539 MiB
2026/09/27 10:18:41.524, 5, 35, 1980 MHz, 124.58 W, 0 %, 539 MiB
2026/09/27 10:18:41.524, 6, 37, 1980 MHz, 131.07 W, 0 %, 539 MiB
2026/09/27 10:18:41.524, 7, 34, 1980 MHz, 130.36 W, 0 %, 539 MiB
2026/09/27 10:18:43.524, 0, 38, 1980 MHz, 129.59 W, 0 %, 559 MiB
2026/09/27 10:18:43.524, 1, 35, 1980 MHz, 124.13 W, 0 %, 539 MiB
2026/09/27 10:18:43.524, 2, 33, 1980 MHz, 119.79 W, 0 %, 539 MiB
2026/09/27 10:18:43.524, 3, 38, 1980 MHz, 131.90 W, 0 %, 539 MiB
2026/09/27 10:18:43.525, 4, 39, 1980 MHz, 130.86 W, 0 %, 539 MiB
2026/09/27 10:18:43.525, 5, 35, 1980 MHz, 124.54 W, 0 %, 539 MiB
2026/09/27 10:18:43.525, 6, 37, 1980 MHz, 131.08 W, 0 %, 539 MiB
2026/09/27 10:18:43.525, 7, 34, 1980 MHz, 130.35 W, 0 %, 539 MiB
2026/09/27 10:18:45.525, 0, 38, 1980 MHz, 129.62 W, 0 %, 559 MiB
2026/09/27 10:18:45.525, 1, 35, 1980 MHz, 124.14 W, 0 %, 539 MiB
2026/09/27 10:18:45.525, 2, 33, 1980 MHz, 119.80 W, 0 %, 539 MiB
2026/09/27 10:18:45.525, 3, 38, 1980 MHz, 131.87 W, 0 %, 539 MiB
2026/09/27 10:18:45.525, 4, 39, 1980 MHz, 130.87 W, 0 %, 539 MiB
2026/09/27 10:18:45.525, 5, 35, 1980 MHz, 124.61 W, 0 %, 539 MiB
2026/09/27 10:18:45.525, 6, 37, 1980 MHz, 131.10 W, 0 %, 539 MiB
2026/09/27 10:18:45.525, 7, 34, 1980 MHz, 130.36 W, 0 %, 539 MiB
2026/09/27 10:18:47.526, 0, 38, 1980 MHz, 129.58 W, 0 %, 559 MiB
2026/09/27 10:18:47.526, 1, 35, 1980 MHz, 124.08 W, 0 %, 539 MiB
2026/09/27 10:18:47.526, 2, 33, 1980 MHz, 119.79 W, 0 %, 539 MiB
2026/09/27 10:18:47.526, 3, 38, 1980 MHz, 131.91 W, 0 %, 539 MiB
2026/09/27 10:18:47.526, 4, 39, 1980 MHz, 130.86 W, 0 %, 539 MiB
2026/09/27 10:18:47.526, 5, 35, 1980 MHz, 124.59 W, 0 %, 539 MiB
2026/09/27 10:18:47.526, 6, 37, 1980 MHz, 131.09 W, 0 %, 539 MiB
2026/09/27 10:18:47.526, 7, 34, 1980 MHz, 130.36 W, 0 %, 539 MiB
2026/09/27 10:18:49.526, 0, 38, 1980 MHz, 129.61 W, 0 %, 559 MiB
2026/09/27 10:18:49.527, 1, 35, 1980 MHz, 124.10 W, 0 %, 539 MiB
2026/09/27 10:18:49.527, 2, 33, 1980 MHz, 119.79 W, 0 %, 539 MiB
2026/09/27 10:18:49.527, 3, 38, 1980 MHz, 131.91 W, 0 %, 539 MiB
2026/09/27 10:18:49.527, 4, 39, 1980 MHz, 130.83 W, 0 %, 539 MiB
2026/09/27 10:18:49.527, 5, 35, 1980 MHz, 124.60 W, 0 %, 539 MiB
2026/09/27 10:18:49.527, 6, 37, 1980 MHz, 131.13 W, 0 %, 539 MiB
2026/09/27 10:18:49.527, 7, 34, 1980 MHz, 130.38 W, 0 %, 539 MiB
2026/09/27 10:18:51.527, 0, 38, 1980 MHz, 129.63 W, 0 %, 559 MiB
2026/09/27 10:18:51.527, 1, 35, 1980 MHz, 124.12 W, 0 %, 539 MiB
2026/09/27 10:18:51.527, 2, 33, 1980 MHz, 119.81 W, 0 %, 539 MiB
2026/09/27 10:18:51.527, 3, 38, 1980 MHz, 131.85 W, 0 %, 539 MiB
2026/09/27 10:18:51.528, 4, 39, 1980 MHz, 130.85 W, 0 %, 539 MiB
2026/09/27 10:18:51.528, 5, 35, 1980 MHz, 124.61 W, 0 %, 539 MiB
2026/09/27 10:18:51.528, 6, 37, 1980 MHz, 131.07 W, 0 %, 539 MiB
2026/09/27 10:18:51.528, 7, 34, 1980 MHz, 130.37 W, 0 %, 539 MiB
2026/09/27 10:18:53.528, 0, 38, 1980 MHz, 129.59 W, 0 %, 559 MiB
2026/09/27 10:18:53.528, 1, 35, 1980 MHz, 124.12 W, 0 %, 539 MiB
2026/09/27 10:18:53.528, 2, 33, 1980 MHz, 119.81 W, 0 %, 539 MiB
2026/09/27 10:18:53.528, 3, 38, 1980 MHz, 131.88 W, 0 %, 539 MiB
2026/09/27 10:18:53.528, 4, 39, 1980 MHz, 130.88 W, 0 %, 539 MiB
2026/09/27 10:18:53.528, 5, 35, 1980 MHz, 124.57 W, 0 %, 539 MiB
2026/09/27 10:18:53.529, 6, 37, 1980 MHz, 131.05 W, 0 %, 539 MiB
2026/09/27 10:18:53.529, 7, 34, 1980 MHz, 130.37 W, 0 %, 539 MiB
2026/09/27 10:18:55.529, 0, 38, 1980 MHz, 129.59 W, 0 %, 559 MiB
2026/09/27 10:18:55.529, 1, 35, 1980 MHz, 124.12 W, 0 %, 539 MiB
2026/09/27 10:18:55.529, 2, 33, 1980 MHz, 119.78 W, 0 %, 539 MiB
2026/09/27 10:18:55.529, 3, 38, 1980 MHz, 131.85 W, 0 %, 539 MiB
2026/09/27 10:18:55.529, 4, 39, 1980 MHz, 130.86 W, 0 %, 539 MiB
2026/09/27 10:18:55.529, 5, 35, 1980 MHz, 124.58 W, 0 %, 539 MiB
2026/09/27 10:18:55.529, 6, 37, 1980 MHz, 131.09 W, 0 %, 539 MiB
2026/09/27 10:18:55.529, 7, 34, 1980 MHz, 130.37 W, 0 %, 539 MiB
2026/09/27 10:18:57.530, 0, 38, 1980 MHz, 129.58 W, 0 %, 559 MiB
2026/09/27 10:18:57.530, 1, 35, 1980 MHz, 124.08 W, 0 %, 539 MiB
2026/09/27 10:18:57.530, 2, 33, 1980 MHz, 119.78 W, 0 %, 539 MiB
2026/09/27 10:18:57.530, 3, 38, 1980 MHz, 131.89 W, 0 %, 539 MiB
2026/09/27 10:18:57.530, 4, 39, 1980 MHz, 130.85 W, 0 %, 539 MiB
2026/09/27 10:18:57.530, 5, 35, 1980 MHz, 124.59 W, 0 %, 539 MiB
2026/09/27 10:18:57.530, 6, 37, 1980 MHz, 131.06 W, 0 %, 539 MiB
2026/09/27 10:18:57.530, 7, 34, 1980 MHz, 130.35 W, 0 %, 539 MiB
2026/09/27 10:18:59.531, 0, 38, 1980 MHz, 129.62 W, 0 %, 559 MiB
2026/09/27 10:18:59.531, 1, 35, 1980 MHz, 124.12 W, 0 %, 539 MiB
2026/09/27 10:18:59.531, 2, 33, 1980 MHz, 119.81 W, 0 %, 539 MiB
2026/09/27 10:18:59.531, 3, 38, 1980 MHz, 131.85 W, 0 %, 539 MiB
2026/09/27 10:18:59.531, 4, 39, 1980 MHz, 130.83 W, 0 %, 539 MiB
2026/09/27 10:18:59.531, 5, 35, 1980 MHz, 124.58 W, 0 %, 539 MiB
2026/09/27 10:18:59.531, 6, 37, 1980 MHz, 131.10 W, 0 %, 539 MiB
2026/09/27 10:18:59.531, 7, 34, 1980 MHz, 130.37 W, 0 %, 539 MiB
2026/09/27 10:19:01.531, 0, 38, 1980 MHz, 129.63 W, 0 %, 559 MiB
2026/09/27 10:19:01.531, 1, 35, 1980 MHz, 124.12 W, 0 %, 539 MiB
2026/09/27 10:19:01.531, 2, 33, 1980 MHz, 119.80 W, 0 %, 539 MiB
2026/09/27 10:19:01.531, 3, 38, 1980 MHz, 131.84 W, 0 %, 539 MiB
2026/09/27 10:19:01.531, 4, 39, 1980 MHz, 130.82 W, 0 %, 539 MiB
2026/09/27 10:19:01.532, 5, 35, 1980 MHz, 124.54 W, 0 %, 539 MiB
2026/09/27 10:19:01.532, 6, 37, 1980 MHz, 131.12 W, 0 %, 539 MiB
2026/09/27 10:19:01.532, 7, 34, 1980 MHz, 130.34 W, 0 %, 539 MiB
2026/09/27 10:19:03.532, 0, 38, 1980 MHz, 129.63 W, 0 %, 559 MiB
2026/09/27 10:19:03.532, 1, 35, 1980 MHz, 124.15 W, 0 %, 539 MiB
2026/09/27 10:19:03.532, 2, 33, 1980 MHz, 119.78 W, 0 %, 539 MiB
2026/09/27 10:19:03.532, 3, 38, 1980 MHz, 131.87 W, 0 %, 539 MiB
2026/09/27 10:19:03.532, 4, 39, 1980 MHz, 130.85 W, 0 %, 539 MiB
2026/09/27 10:19:03.532, 5, 35, 1980 MHz, 124.57 W, 0 %, 539 MiB
2026/09/27 10:19:03.532, 6, 37, 1980 MHz, 131.06 W, 0 %, 539 MiB
2026/09/27 10:19:03.532, 7, 34, 1980 MHz, 130.36 W, 0 %, 539 MiB
2026/09/27 10:19:05.533, 0, 38, 1980 MHz, 129.57 W, 0 %, 559 MiB
2026/09/27 10:19:05.533, 1, 35, 1980 MHz, 124.05 W, 0 %, 539 MiB
2026/09/27 10:19:05.533, 2, 33, 1980 MHz, 119.77 W, 0 %, 539 MiB
2026/09/27 10:19:05.533, 3, 38, 1980 MHz, 131.87 W, 0 %, 539 MiB
2026/09/27 10:19:05.533, 4, 39, 1980 MHz, 130.85 W, 0 %, 539 MiB
2026/09/27 10:19:05.533, 5, 35, 1980 MHz, 124.60 W, 0 %, 539 MiB
2026/09/27 10:19:05.533, 6, 37, 1980 MHz, 131.09 W, 0 %, 539 MiB
2026/09/27 10:19:05.533, 7, 34, 1980 MHz, 130.39 W, 0 %, 539 MiB
2026/09/27 10:19:07.533, 0, 38, 1980 MHz, 129.59 W, 0 %, 559 MiB
2026/09/27 10:19:07.533, 1, 35, 1980 MHz, 124.14 W, 0 %, 539 MiB
2026/09/27 10:19:07.533, 2, 33, 1980 MHz, 119.79 W, 0 %, 539 MiB
2026/09/27 10:19:07.533, 3, 38, 1980 MHz, 131.85 W, 0 %, 539 MiB
2026/09/27 10:19:07.534, 4, 39, 1980 MHz, 130.86 W, 0 %, 539 MiB
2026/09/27 10:19:07.534, 5, 35, 1980 MHz, 124.60 W, 0 %, 539 MiB
2026/09/27 10:19:07.534, 6, 37, 1980 MHz, 131.07 W, 0 %, 539 MiB
2026/09/27 10:19:07.534, 7, 34, 1980 MHz, 130.35 W, 0 %, 539 MiB
2026/09/27 10:19:09.534, 0, 38, 1980 MHz, 129.62 W, 0 %, 559 MiB
2026/09/27 10:19:09.534, 1, 35, 1980 MHz, 124.08 W, 0 %, 539 MiB
2026/09/27 10:19:09.534, 2, 33, 1980 MHz, 119.79 W, 0 %, 539 MiB
2026/09/27 10:19:09.534, 3, 38, 1980 MHz, 131.85 W, 0 %, 539 MiB
2026/09/27 10:19:09.534, 4, 39, 1980 MHz, 130.84 W, 0 %, 539 MiB
2026/09/27 10:19:09.534, 5, 35, 1980 MHz, 124.61 W, 0 %, 539 MiB
2026/09/27 10:19:09.534, 6, 37, 1980 MHz, 130.99 W, 0 %, 539 MiB
2026/09/27 10:19:09.534, 7, 34, 1980 MHz, 130.36 W, 0 %, 539 MiB
2026/09/27 10:19:11.535, 0, 38, 1980 MHz, 129.64 W, 0 %, 559 MiB
2026/09/27 10:19:11.535, 1, 35, 1980 MHz, 124.11 W, 0 %, 539 MiB
2026/09/27 10:19:11.535, 2, 33, 1980 MHz, 119.76 W, 0 %, 539 MiB
2026/09/27 10:19:11.535, 3, 38, 1980 MHz, 131.84 W, 0 %, 539 MiB
2026/09/27 10:19:11.535, 4, 39, 1980 MHz, 130.81 W, 0 %, 539 MiB
2026/09/27 10:19:11.535, 5, 35, 1980 MHz, 124.60 W, 0 %, 539 MiB
2026/09/27 10:19:11.535, 6, 37, 1980 MHz, 131.05 W, 0 %, 539 MiB
2026/09/27 10:19:11.535, 7, 34, 1980 MHz, 130.35 W, 0 %, 539 MiB
2026/09/27 10:19:13.535, 0, 38, 1980 MHz, 129.52 W, 0 %, 559 MiB
2026/09/27 10:19:13.536, 1, 35, 1980 MHz, 124.06 W, 0 %, 539 MiB
2026/09/27 10:19:13.536, 2, 33, 1980 MHz, 119.78 W, 0 %, 539 MiB
2026/09/27 10:19:13.536, 3, 38, 1980 MHz, 131.87 W, 0 %, 539 MiB
2026/09/27 10:19:13.536, 4, 39, 1980 MHz, 130.85 W, 0 %, 539 MiB
2026/09/27 10:19:13.536, 5, 35, 1980 MHz, 124.56 W, 0 %, 539 MiB
2026/09/27 10:19:13.536, 6, 37, 1980 MHz, 130.96 W, 0 %, 539 MiB
2026/09/27 10:19:13.536, 7, 34, 1980 MHz, 130.37 W, 0 %, 539 MiB
2026/09/27 10:19:15.536, 0, 38, 1980 MHz, 129.63 W, 0 %, 559 MiB
2026/09/27 10:19:15.536, 1, 35, 1980 MHz, 124.11 W, 0 %, 539 MiB
2026/09/27 10:19:15.536, 2, 33, 1980 MHz, 119.78 W, 0 %, 539 MiB
2026/09/27 10:19:15.536, 3, 38, 1980 MHz, 131.82 W, 0 %, 539 MiB
2026/09/27 10:19:15.536, 4, 39, 1980 MHz, 130.82 W, 0 %, 539 MiB
2026/09/27 10:19:15.536, 5, 35, 1980 MHz, 124.58 W, 0 %, 539 MiB
2026/09/27 10:19:15.537, 6, 37, 1980 MHz, 131.03 W, 0 %, 539 MiB
2026/09/27 10:19:15.537, 7, 34, 1980 MHz, 130.35 W, 0 %, 539 MiB
2026/09/27 10:19:17.537, 0, 38, 1980 MHz, 129.59 W, 0 %, 559 MiB
2026/09/27 10:19:17.537, 1, 35, 1980 MHz, 124.09 W, 0 %, 539 MiB
2026/09/27 10:19:17.537, 2, 33, 1980 MHz, 119.79 W, 0 %, 539 MiB
2026/09/27 10:19:17.537, 3, 38, 1980 MHz, 131.86 W, 0 %, 539 MiB
2026/09/27 10:19:17.537, 4, 39, 1980 MHz, 130.81 W, 0 %, 539 MiB
2026/09/27 10:19:17.537, 5, 35, 1980 MHz, 124.60 W, 0 %, 539 MiB
2026/09/27 10:19:17.537, 6, 37, 1980 MHz, 131.03 W, 0 %, 539 MiB
2026/09/27 10:19:17.538, 7, 34, 1980 MHz, 130.38 W, 0 %, 539 MiB
2026/09/27 10:19:19.538, 0, 38, 1980 MHz, 129.65 W, 0 %, 559 MiB
2026/09/27 10:19:19.538, 1, 35, 1980 MHz, 124.10 W, 0 %, 539 MiB
2026/09/27 10:19:19.538, 2, 33, 1980 MHz, 119.82 W, 0 %, 539 MiB
2026/09/27 10:19:19.538, 3, 38, 1980 MHz, 131.84 W, 0 %, 539 MiB
2026/09/27 10:19:19.538, 4, 39, 1980 MHz, 130.84 W, 0 %, 539 MiB
2026/09/27 10:19:19.538, 5, 35, 1980 MHz, 124.58 W, 0 %, 539 MiB
2026/09/27 10:19:19.538, 6, 37, 1980 MHz, 131.02 W, 0 %, 539 MiB
2026/09/27 10:19:19.538, 7, 34, 1980 MHz, 130.35 W, 0 %, 539 MiB
2026/09/27 10:19:21.538, 0, 38, 1980 MHz, 129.59 W, 0 %, 559 MiB
2026/09/27 10:19:21.539, 1, 35, 1980 MHz, 124.09 W, 0 %, 539 MiB
2026/09/27 10:19:21.539, 2, 33, 1980 MHz, 119.78 W, 0 %, 539 MiB
2026/09/27 10:19:21.539, 3, 38, 1980 MHz, 131.83 W, 0 %, 539 MiB
2026/09/27 10:19:21.539, 4, 39, 1980 MHz, 130.86 W, 0 %, 539 MiB
2026/09/27 10:19:21.539, 5, 35, 1980 MHz, 124.61 W, 0 %, 539 MiB
2026/09/27 10:19:21.539, 6, 37, 1980 MHz, 131.01 W, 0 %, 539 MiB
2026/09/27 10:19:21.539, 7, 34, 1980 MHz, 130.35 W, 0 %, 539 MiB
2026/09/27 10:19:23.539, 0, 38, 1980 MHz, 129.60 W, 0 %, 559 MiB
2026/09/27 10:19:23.539, 1, 35, 1980 MHz, 124.06 W, 0 %, 539 MiB
2026/09/27 10:19:23.539, 2, 33, 1980 MHz, 119.81 W, 0 %, 539 MiB
2026/09/27 10:19:23.539, 3, 38, 1980 MHz, 131.79 W, 0 %, 539 MiB
2026/09/27 10:19:23.540, 4, 39, 1980 MHz, 130.83 W, 0 %, 539 MiB
2026/09/27 10:19:23.540, 5, 35, 1980 MHz, 124.63 W, 0 %, 539 MiB
2026/09/27 10:19:23.540, 6, 37, 1980 MHz, 131.06 W, 0 %, 539 MiB
2026/09/27 10:19:23.540, 7, 34, 1980 MHz, 130.35 W, 0 %, 539 MiB
2026/09/27 10:19:25.540, 0, 38, 1980 MHz, 129.59 W, 0 %, 559 MiB
2026/09/27 10:19:25.540, 1, 35, 1980 MHz, 124.12 W, 0 %, 539 MiB
2026/09/27 10:19:25.540, 2, 33, 1980 MHz, 119.79 W, 0 %, 539 MiB
2026/09/27 10:19:25.540, 3, 38, 1980 MHz, 131.83 W, 0 %, 539 MiB
2026/09/27 10:19:25.540, 4, 39, 1980 MHz, 130.81 W, 0 %, 539 MiB
2026/09/27 10:19:25.540, 5, 35, 1980 MHz, 124.59 W, 0 %, 539 MiB
2026/09/27 10:19:25.540, 6, 37, 1980 MHz, 130.99 W, 0 %, 539 MiB
2026/09/27 10:19:25.540, 7, 34, 1980 MHz, 130.35 W, 0 %, 539 MiB
2026/09/27 10:19:27.541, 0, 38, 1980 MHz, 129.58 W, 0 %, 559 MiB
2026/09/27 10:19:27.541, 1, 35, 1980 MHz, 124.09 W, 0 %, 539 MiB
2026/09/27 10:19:27.541, 2, 33, 1980 MHz, 119.77 W, 0 %, 539 MiB
2026/09/27 10:19:27.541, 3, 38, 1980 MHz, 131.85 W, 0 %, 539 MiB
2026/09/27 10:19:27.541, 4, 39, 1980 MHz, 130.85 W, 0 %, 539 MiB
2026/09/27 10:19:27.541, 5, 35, 1980 MHz, 124.56 W, 0 %, 539 MiB
2026/09/27 10:19:27.541, 6, 37, 1980 MHz, 130.99 W, 0 %, 539 MiB
2026/09/27 10:19:27.541, 7, 34, 1980 MHz, 130.33 W, 0 %, 539 MiB
2026/09/27 10:19:29.541, 0, 38, 1980 MHz, 129.58 W, 0 %, 559 MiB
2026/09/27 10:19:29.541, 1, 35, 1980 MHz, 124.09 W, 0 %, 539 MiB
2026/09/27 10:19:29.541, 2, 33, 1980 MHz, 119.79 W, 0 %, 539 MiB
2026/09/27 10:19:29.542, 3, 38, 1980 MHz, 131.85 W, 0 %, 539 MiB
2026/09/27 10:19:29.542, 4, 39, 1980 MHz, 130.81 W, 0 %, 539 MiB
2026/09/27 10:19:29.542, 5, 35, 1980 MHz, 124.57 W, 0 %, 539 MiB
2026/09/27 10:19:29.542, 6, 37, 1980 MHz, 131.04 W, 0 %, 539 MiB
2026/09/27 10:19:29.542, 7, 34, 1980 MHz, 130.35 W, 0 %, 539 MiB
2026/09/27 10:19:31.542, 0, 38, 1980 MHz, 129.58 W, 0 %, 559 MiB
2026/09/27 10:19:31.542, 1, 35, 1980 MHz, 124.09 W, 0 %, 539 MiB
2026/09/27 10:19:31.542, 2, 33, 1980 MHz, 119.78 W, 0 %, 539 MiB
2026/09/27 10:19:31.542, 3, 38, 1980 MHz, 131.80 W, 0 %, 539 MiB
2026/09/27 10:19:31.542, 4, 39, 1980 MHz, 130.81 W, 0 %, 539 MiB
2026/09/27 10:19:31.542, 5, 35, 1980 MHz, 124.56 W, 0 %, 539 MiB
2026/09/27 10:19:31.542, 6, 37, 1980 MHz, 131.05 W, 0 %, 539 MiB
2026/09/27 10:19:31.543, 7, 34, 1980 MHz, 130.32 W, 0 %, 539 MiB
2026/09/27 10:19:33.543, 0, 38, 1980 MHz, 129.56 W, 0 %, 559 MiB
2026/09/27 10:19:33.543, 1, 34, 1980 MHz, 124.07 W, 0 %, 539 MiB
2026/09/27 10:19:33.543, 2, 33, 1980 MHz, 119.79 W, 0 %, 539 MiB
2026/09/27 10:19:33.543, 3, 38, 1980 MHz, 131.84 W, 0 %, 539 MiB
2026/09/27 10:19:33.543, 4, 39, 1980 MHz, 130.81 W, 0 %, 539 MiB
2026/09/27 10:19:33.543, 5, 35, 1980 MHz, 124.56 W, 0 %, 539 MiB
2026/09/27 10:19:33.543, 6, 37, 1980 MHz, 131.03 W, 0 %, 539 MiB
2026/09/27 10:19:33.543, 7, 34, 1980 MHz, 130.35 W, 0 %, 539 MiB
2026/09/27 10:19:35.544, 0, 38, 1980 MHz, 129.51 W, 0 %, 559 MiB
2026/09/27 10:19:35.544, 1, 35, 1980 MHz, 124.08 W, 0 %, 539 MiB
2026/09/27 10:19:35.544, 2, 33, 1980 MHz, 119.76 W, 0 %, 539 MiB
2026/09/27 10:19:35.544, 3, 38, 1980 MHz, 131.84 W, 0 %, 539 MiB
2026/09/27 10:19:35.544, 4, 39, 1980 MHz, 130.80 W, 0 %, 539 MiB
2026/09/27 10:19:35.544, 5, 35, 1980 MHz, 124.54 W, 0 %, 539 MiB
2026/09/27 10:19:35.544, 6, 37, 1980 MHz, 131.06 W, 0 %, 539 MiB
2026/09/27 10:19:35.544, 7, 34, 1980 MHz, 130.34 W, 0 %, 539 MiB
2026/09/27 10:19:37.544, 0, 38, 1980 MHz, 129.55 W, 0 %, 559 MiB
2026/09/27 10:19:37.544, 1, 35, 1980 MHz, 124.07 W, 0 %, 539 MiB
2026/09/27 10:19:37.545, 2, 33, 1980 MHz, 119.78 W, 0 %, 539 MiB
2026/09/27 10:19:37.545, 3, 38, 1980 MHz, 131.80 W, 0 %, 539 MiB
2026/09/27 10:19:37.545, 4, 39, 1980 MHz, 130.79 W, 0 %, 539 MiB
2026/09/27 10:19:37.545, 5, 35, 1980 MHz, 124.58 W, 0 %, 539 MiB
2026/09/27 10:19:37.545, 6, 37, 1980 MHz, 131.00 W, 0 %, 539 MiB
2026/09/27 10:19:37.545, 7, 34, 1980 MHz, 130.34 W, 0 %, 539 MiB
2026/09/27 10:19:39.545, 0, 38, 1980 MHz, 129.59 W, 0 %, 559 MiB
2026/09/27 10:19:39.545, 1, 34, 1980 MHz, 124.05 W, 0 %, 539 MiB
2026/09/27 10:19:39.545, 2, 33, 1980 MHz, 119.76 W, 0 %, 539 MiB
2026/09/27 10:19:39.545, 3, 38, 1980 MHz, 131.82 W, 0 %, 539 MiB
2026/09/27 10:19:39.545, 4, 39, 1980 MHz, 130.77 W, 0 %, 539 MiB
2026/09/27 10:19:39.545, 5, 35, 1980 MHz, 124.58 W, 0 %, 539 MiB
2026/09/27 10:19:39.546, 6, 37, 1980 MHz, 131.04 W, 0 %, 539 MiB
2026/09/27 10:19:39.546, 7, 34, 1980 MHz, 130.30 W, 0 %, 539 MiB
2026/09/27 10:19:41.546, 0, 38, 1980 MHz, 129.60 W, 0 %, 559 MiB
2026/09/27 10:19:41.546, 1, 34, 1980 MHz, 124.06 W, 0 %, 539 MiB
2026/09/27 10:19:41.546, 2, 33, 1980 MHz, 119.74 W, 0 %, 539 MiB
2026/09/27 10:19:41.546, 3, 38, 1980 MHz, 131.84 W, 0 %, 539 MiB
2026/09/27 10:19:41.546, 4, 39, 1980 MHz, 130.83 W, 0 %, 539 MiB
2026/09/27 10:19:41.546, 5, 35, 1980 MHz, 124.59 W, 0 %, 539 MiB
2026/09/27 10:19:41.546, 6, 37, 1980 MHz, 131.04 W, 0 %, 539 MiB
2026/09/27 10:19:41.546, 7, 34, 1980 MHz, 130.35 W, 0 %, 539 MiB
2026/09/27 10:19:43.547, 0, 38, 1980 MHz, 129.58 W, 0 %, 559 MiB
2026/09/27 10:19:43.547, 1, 34, 1980 MHz, 124.03 W, 0 %, 539 MiB
2026/09/27 10:19:43.547, 2, 33, 1980 MHz, 119.74 W, 0 %, 539 MiB
2026/09/27 10:19:43.547, 3, 38, 1980 MHz, 131.82 W, 0 %, 539 MiB
2026/09/27 10:19:43.547, 4, 39, 1980 MHz, 130.79 W, 0 %, 539 MiB
2026/09/27 10:19:43.547, 5, 35, 1980 MHz, 124.55 W, 0 %, 539 MiB
2026/09/27 10:19:43.547, 6, 37, 1980 MHz, 131.00 W, 0 %, 539 MiB
2026/09/27 10:19:43.547, 7, 34, 1980 MHz, 130.29 W, 0 %, 539 MiB
2026/09/27 10:19:45.547, 0, 38, 1980 MHz, 129.53 W, 0 %, 559 MiB
2026/09/27 10:19:45.548, 1, 34, 1980 MHz, 124.11 W, 0 %, 539 MiB
2026/09/27 10:19:45.549, 2, 33, 1980 MHz, 119.77 W, 0 %, 539 MiB
2026/09/27 10:19:45.549, 3, 38, 1980 MHz, 131.80 W, 0 %, 539 MiB
2026/09/27 10:19:45.549, 4, 39, 1980 MHz, 130.77 W, 0 %, 539 MiB
2026/09/27 10:19:45.549, 5, 35, 1980 MHz, 124.56 W, 0 %, 539 MiB
2026/09/27 10:19:45.549, 6, 37, 1980 MHz, 130.94 W, 0 %, 539 MiB
2026/09/27 10:19:45.549, 7, 34, 1980 MHz, 130.34 W, 0 %, 539 MiB
2026/09/27 10:19:47.550, 0, 38, 1980 MHz, 129.57 W, 0 %, 559 MiB
2026/09/27 10:19:47.550, 1, 34, 1980 MHz, 124.06 W, 0 %, 539 MiB
2026/09/27 10:19:47.550, 2, 33, 1980 MHz, 119.77 W, 0 %, 539 MiB
2026/09/27 10:19:47.550, 3, 38, 1980 MHz, 131.79 W, 0 %, 539 MiB
2026/09/27 10:19:47.550, 4, 39, 1980 MHz, 130.81 W, 0 %, 539 MiB
2026/09/27 10:19:47.550, 5, 35, 1980 MHz, 124.54 W, 0 %, 539 MiB
2026/09/27 10:19:47.551, 6, 37, 1980 MHz, 130.98 W, 0 %, 539 MiB
2026/09/27 10:19:47.551, 7, 34, 1980 MHz, 130.31 W, 0 %, 539 MiB
2026/09/27 10:19:49.551, 0, 38, 1980 MHz, 129.58 W, 0 %, 559 MiB
2026/09/27 10:19:49.551, 1, 34, 1980 MHz, 124.06 W, 0 %, 539 MiB
2026/09/27 10:19:49.551, 2, 33, 1980 MHz, 119.76 W, 0 %, 539 MiB
2026/09/27 10:19:49.551, 3, 38, 1980 MHz, 131.80 W, 0 %, 539 MiB
2026/09/27 10:19:49.551, 4, 39, 1980 MHz, 130.80 W, 0 %, 539 MiB
2026/09/27 10:19:49.551, 5, 35, 1980 MHz, 124.51 W, 0 %, 539 MiB
2026/09/27 10:19:49.552, 6, 37, 1980 MHz, 130.96 W, 0 %, 539 MiB
2026/09/27 10:19:49.552, 7, 34, 1980 MHz, 130.32 W, 0 %, 539 MiB
2026/09/27 10:19:51.552, 0, 38, 1980 MHz, 129.54 W, 0 %, 559 MiB
2026/09/27 10:19:51.552, 1, 34, 1980 MHz, 124.06 W, 0 %, 539 MiB
2026/09/27 10:19:51.552, 2, 33, 1980 MHz, 119.77 W, 0 %, 539 MiB
2026/09/27 10:19:51.552, 3, 38, 1980 MHz, 131.80 W, 0 %, 539 MiB
2026/09/27 10:19:51.552, 4, 39, 1980 MHz, 130.79 W, 0 %, 539 MiB
2026/09/27 10:19:51.552, 5, 35, 1980 MHz, 124.54 W, 0 %, 539 MiB
2026/09/27 10:19:51.552, 6, 37, 1980 MHz, 130.96 W, 0 %, 539 MiB
2026/09/27 10:19:51.552, 7, 34, 1980 MHz, 130.32 W, 0 %, 539 MiB
2026/09/27 10:19:53.553, 0, 38, 1980 MHz, 129.56 W, 0 %, 559 MiB
2026/09/27 10:19:53.553, 1, 34, 1980 MHz, 124.06 W, 0 %, 539 MiB
2026/09/27 10:19:53.553, 2, 33, 1980 MHz, 119.78 W, 0 %, 539 MiB
2026/09/27 10:19:53.553, 3, 38, 1980 MHz, 131.75 W, 0 %, 539 MiB
2026/09/27 10:19:53.553, 4, 39, 1980 MHz, 130.79 W, 0 %, 539 MiB
2026/09/27 10:19:53.553, 5, 35, 1980 MHz, 124.56 W, 0 %, 539 MiB
2026/09/27 10:19:53.553, 6, 37, 1980 MHz, 130.93 W, 0 %, 539 MiB
2026/09/27 10:19:53.553, 7, 34, 1980 MHz, 130.33 W, 0 %, 539 MiB
2026/09/27 10:19:55.553, 0, 38, 1980 MHz, 129.55 W, 0 %, 559 MiB
2026/09/27 10:19:55.554, 1, 34, 1980 MHz, 124.07 W, 0 %, 539 MiB
2026/09/27 10:19:55.554, 2, 33, 1980 MHz, 119.76 W, 0 %, 539 MiB
2026/09/27 10:19:55.554, 3, 38, 1980 MHz, 131.73 W, 0 %, 539 MiB
2026/09/27 10:19:55.554, 4, 39, 1980 MHz, 130.80 W, 0 %, 539 MiB
2026/09/27 10:19:55.554, 5, 35, 1980 MHz, 124.56 W, 0 %, 539 MiB
2026/09/27 10:19:55.554, 6, 37, 1980 MHz, 130.98 W, 0 %, 539 MiB
2026/09/27 10:19:55.554, 7, 34, 1980 MHz, 130.29 W, 0 %, 539 MiB
2026/09/27 10:19:57.554, 0, 38, 1980 MHz, 129.56 W, 0 %, 559 MiB
2026/09/27 10:19:57.554, 1, 34, 1980 MHz, 124.03 W, 0 %, 539 MiB
2026/09/27 10:19:57.554, 2, 33, 1980 MHz, 119.76 W, 0 %, 539 MiB
2026/09/27 10:19:57.554, 3, 38, 1980 MHz, 131.75 W, 0 %, 539 MiB
2026/09/27 10:19:57.554, 4, 39, 1980 MHz, 130.80 W, 0 %, 539 MiB
2026/09/27 10:19:57.555, 5, 35, 1980 MHz, 124.54 W, 0 %, 539 MiB
2026/09/27 10:19:57.555, 6, 37, 1980 MHz, 131.01 W, 0 %, 539 MiB
2026/09/27 10:19:57.555, 7, 34, 1980 MHz, 130.32 W, 0 %, 539 MiB
2026/09/27 10:19:59.555, 0, 38, 1980 MHz, 129.55 W, 0 %, 559 MiB
2026/09/27 10:19:59.555, 1, 34, 1980 MHz, 124.02 W, 0 %, 539 MiB
2026/09/27 10:19:59.555, 2, 33, 1980 MHz, 119.75 W, 0 %, 539 MiB
2026/09/27 10:19:59.555, 3, 38, 1980 MHz, 131.76 W, 0 %, 539 MiB
2026/09/27 10:19:59.555, 4, 39, 1980 MHz, 130.79 W, 0 %, 539 MiB
2026/09/27 10:19:59.555, 5, 35, 1980 MHz, 124.56 W, 0 %, 539 MiB
2026/09/27 10:19:59.555, 6, 37, 1980 MHz, 130.96 W, 0 %, 539 MiB
2026/09/27 10:19:59.555, 7, 34, 1980 MHz, 130.28 W, 0 %, 539 MiB
2026/09/27 10:20:01.556, 0, 38, 1980 MHz, 129.54 W, 0 %, 559 MiB
2026/09/27 10:20:01.556, 1, 34, 1980 MHz, 124.04 W, 0 %, 539 MiB
2026/09/27 10:20:01.556, 2, 33, 1980 MHz, 119.74 W, 0 %, 539 MiB
2026/09/27 10:20:01.556, 3, 38, 1980 MHz, 131.79 W, 0 %, 539 MiB
2026/09/27 10:20:01.556, 4, 39, 1980 MHz, 130.81 W, 0 %, 539 MiB
2026/09/27 10:20:01.556, 5, 35, 1980 MHz, 124.58 W, 0 %, 539 MiB
2026/09/27 10:20:01.556, 6, 37, 1980 MHz, 130.99 W, 0 %, 539 MiB
2026/09/27 10:20:01.556, 7, 34, 1980 MHz, 130.33 W, 0 %, 539 MiB
2026/09/27 10:20:03.556, 0, 38, 1980 MHz, 129.55 W, 0 %, 559 MiB
2026/09/27 10:20:03.557, 1, 34, 1980 MHz, 124.03 W, 0 %, 539 MiB
2026/09/27 10:20:03.557, 2, 33, 1980 MHz, 119.75 W, 0 %, 539 MiB
2026/09/27 10:20:03.557, 3, 38, 1980 MHz, 131.77 W, 0 %, 539 MiB
2026/09/27 10:20:03.557, 4, 39, 1980 MHz, 130.75 W, 0 %, 539 MiB
2026/09/27 10:20:03.557, 5, 35, 1980 MHz, 124.53 W, 0 %, 539 MiB
2026/09/27 10:20:03.557, 6, 37, 1980 MHz, 130.97 W, 0 %, 539 MiB
2026/09/27 10:20:03.557, 7, 34, 1980 MHz, 130.29 W, 0 %, 539 MiB
2026/09/27 10:20:05.557, 0, 38, 1980 MHz, 129.52 W, 0 %, 559 MiB
2026/09/27 10:20:05.557, 1, 34, 1980 MHz, 124.04 W, 0 %, 539 MiB
2026/09/27 10:20:05.558, 2, 33, 1980 MHz, 119.74 W, 0 %, 539 MiB
2026/09/27 10:20:05.558, 3, 38, 1980 MHz, 131.77 W, 0 %, 539 MiB
2026/09/27 10:20:05.558, 4, 39, 1980 MHz, 130.75 W, 0 %, 539 MiB
2026/09/27 10:20:05.558, 5, 35, 1980 MHz, 124.52 W, 0 %, 539 MiB
2026/09/27 10:20:05.558, 6, 37, 1980 MHz, 130.93 W, 0 %, 539 MiB
2026/09/27 10:20:05.558, 7, 34, 1980 MHz, 130.32 W, 0 %, 539 MiB
2026/09/27 10:20:07.558, 0, 38, 1980 MHz, 129.58 W, 0 %, 559 MiB
2026/09/27 10:20:07.558, 1, 34, 1980 MHz, 124.08 W, 0 %, 539 MiB
2026/09/27 10:20:07.558, 2, 33, 1980 MHz, 119.74 W, 0 %, 539 MiB
2026/09/27 10:20:07.559, 3, 38, 1980 MHz, 131.77 W, 0 %, 539 MiB
2026/09/27 10:20:07.559, 4, 39, 1980 MHz, 130.78 W, 0 %, 539 MiB
2026/09/27 10:20:07.559, 5, 35, 1980 MHz, 124.44 W, 0 %, 539 MiB
2026/09/27 10:20:07.559, 6, 37, 1980 MHz, 131.00 W, 0 %, 539 MiB
2026/09/27 10:20:07.559, 7, 34, 1980 MHz, 130.31 W, 0 %, 539 MiB
2026/09/27 10:20:09.559, 0, 38, 1980 MHz, 129.54 W, 0 %, 559 MiB
2026/09/27 10:20:09.559, 1, 34, 1980 MHz, 124.03 W, 0 %, 539 MiB
2026/09/27 10:20:09.559, 2, 33, 1980 MHz, 119.75 W, 0 %, 539 MiB
2026/09/27 10:20:09.559, 3, 38, 1980 MHz, 131.75 W, 0 %, 539 MiB
2026/09/27 10:20:09.559, 4, 39, 1980 MHz, 130.82 W, 0 %, 539 MiB
2026/09/27 10:20:09.559, 5, 35, 1980 MHz, 124.51 W, 0 %, 539 MiB
2026/09/27 10:20:09.559, 6, 37, 1980 MHz, 130.99 W, 0 %, 539 MiB
2026/09/27 10:20:09.560, 7, 34, 1980 MHz, 130.32 W, 0 %, 539 MiB
2026/09/27 10:20:11.560, 0, 38, 1980 MHz, 129.49 W, 0 %, 559 MiB
2026/09/27 10:20:11.560, 1, 34, 1980 MHz, 124.05 W, 0 %, 539 MiB
2026/09/27 10:20:11.560, 2, 33, 1980 MHz, 119.74 W, 0 %, 539 MiB
2026/09/27 10:20:11.560, 3, 38, 1980 MHz, 131.74 W, 0 %, 539 MiB
2026/09/27 10:20:11.560, 4, 39, 1980 MHz, 130.76 W, 0 %, 539 MiB
2026/09/27 10:20:11.560, 5, 35, 1980 MHz, 124.51 W, 0 %, 539 MiB
2026/09/27 10:20:11.560, 6, 37, 1980 MHz, 130.98 W, 0 %, 539 MiB
2026/09/27 10:20:11.560, 7, 34, 1980 MHz, 130.32 W, 0 %, 539 MiB
2026/09/27 10:20:13.560, 0, 38, 1980 MHz, 129.53 W, 0 %, 559 MiB
2026/09/27 10:20:13.561, 1, 34, 1980 MHz, 124.02 W, 0 %, 539 MiB
2026/09/27 10:20:13.561, 2, 33, 1980 MHz, 119.71 W, 0 %, 539 MiB
2026/09/27 10:20:13.561, 3, 38, 1980 MHz, 131.76 W, 0 %, 539 MiB
2026/09/27 10:20:13.561, 4, 39, 1980 MHz, 130.76 W, 0 %, 539 MiB
2026/09/27 10:20:13.561, 5, 35, 1980 MHz, 124.54 W, 0 %, 539 MiB
2026/09/27 10:20:13.561, 6, 37, 1980 MHz, 130.94 W, 0 %, 539 MiB
2026/09/27 10:20:13.561, 7, 34, 1980 MHz, 130.31 W, 0 %, 539 MiB
2026/09/27 10:20:15.561, 0, 38, 1980 MHz, 129.54 W, 0 %, 559 MiB
2026/09/27 10:20:15.561, 1, 34, 1980 MHz, 124.04 W, 0 %, 539 MiB
2026/09/27 10:20:15.561, 2, 33, 1980 MHz, 119.71 W, 0 %, 539 MiB
2026/09/27 10:20:15.561, 3, 38, 1980 MHz, 131.76 W, 0 %, 539 MiB
2026/09/27 10:20:15.561, 4, 39, 1980 MHz, 130.77 W, 0 %, 539 MiB
2026/09/27 10:20:15.562, 5, 35, 1980 MHz, 124.53 W, 0 %, 539 MiB
2026/09/27 10:20:15.562, 6, 37, 1980 MHz, 130.95 W, 0 %, 539 MiB
2026/09/27 10:20:15.562, 7, 34, 1980 MHz, 130.28 W, 0 %, 539 MiB
2026/09/27 10:20:17.562, 0, 38, 1980 MHz, 129.55 W, 0 %, 559 MiB
2026/09/27 10:20:17.562, 1, 34, 1980 MHz, 124.04 W, 0 %, 539 MiB
2026/09/27 10:20:17.562, 2, 33, 1980 MHz, 119.76 W, 0 %, 539 MiB
2026/09/27 10:20:17.562, 3, 38, 1980 MHz, 131.76 W, 0 %, 539 MiB
2026/09/27 10:20:17.562, 4, 39, 1980 MHz, 130.80 W, 0 %, 539 MiB
2026/09/27 10:20:17.562, 5, 35, 1980 MHz, 124.53 W, 0 %, 539 MiB
2026/09/27 10:20:17.562, 6, 37, 1980 MHz, 130.94 W, 0 %, 539 MiB
2026/09/27 10:20:17.562, 7, 34, 1980 MHz, 130.32 W, 0 %, 539 MiB
2026/09/27 10:20:19.563, 0, 38, 1980 MHz, 129.49 W, 0 %, 559 MiB
2026/09/27 10:20:19.563, 1, 34, 1980 MHz, 124.09 W, 0 %, 539 MiB
2026/09/27 10:20:19.563, 2, 33, 1980 MHz, 119.75 W, 0 %, 539 MiB
2026/09/27 10:20:19.563, 3, 38, 1980 MHz, 131.79 W, 0 %, 539 MiB
2026/09/27 10:20:19.563, 4, 39, 1980 MHz, 130.74 W, 0 %, 539 MiB
2026/09/27 10:20:19.563, 5, 35, 1980 MHz, 124.52 W, 0 %, 539 MiB
2026/09/27 10:20:19.563, 6, 37, 1980 MHz, 130.97 W, 0 %, 539 MiB
2026/09/27 10:20:19.563, 7, 34, 1980 MHz, 130.28 W, 0 %, 539 MiB
2026/09/27 10:20:21.563, 0, 38, 1980 MHz, 129.49 W, 0 %, 559 MiB
2026/09/27 10:20:21.563, 1, 34, 1980 MHz, 124.01 W, 0 %, 539 MiB
2026/09/27 10:20:21.563, 2, 33, 1980 MHz, 119.72 W, 0 %, 539 MiB
2026/09/27 10:20:21.563, 3, 38, 1980 MHz, 131.75 W, 0 %, 539 MiB
2026/09/27 10:20:21.564, 4, 39, 1980 MHz, 130.71 W, 0 %, 539 MiB
2026/09/27 10:20:21.564, 5, 35, 1980 MHz, 124.52 W, 0 %, 539 MiB
2026/09/27 10:20:21.564, 6, 37, 1980 MHz, 130.93 W, 0 %, 539 MiB
2026/09/27 10:20:21.564, 7, 34, 1980 MHz, 130.31 W, 0 %, 539 MiB
2026/09/27 10:20:23.564, 0, 38, 1980 MHz, 129.51 W, 0 %, 559 MiB
2026/09/27 10:20:23.564, 1, 34, 1980 MHz, 124.06 W, 0 %, 539 MiB
2026/09/27 10:20:23.564, 2, 33, 1980 MHz, 119.71 W, 0 %, 539 MiB
2026/09/27 10:20:23.564, 3, 38, 1980 MHz, 131.73 W, 0 %, 539 MiB
2026/09/27 10:20:23.564, 4, 39, 1980 MHz, 130.75 W, 0 %, 539 MiB
2026/09/27 10:20:23.564, 5, 35, 1980 MHz, 124.51 W, 0 %, 539 MiB
2026/09/27 10:20:23.564, 6, 37, 1980 MHz, 130.92 W, 0 %, 539 MiB
2026/09/27 10:20:23.564, 7, 34, 1980 MHz, 130.30 W, 0 %, 539 MiB
2026/09/27 10:20:25.565, 0, 38, 1980 MHz, 129.53 W, 0 %, 559 MiB
2026/09/27 10:20:25.565, 1, 34, 1980 MHz, 123.99 W, 0 %, 539 MiB
2026/09/27 10:20:25.565, 2, 33, 1980 MHz, 119.74 W, 0 %, 539 MiB
2026/09/27 10:20:25.565, 3, 38, 1980 MHz, 131.77 W, 0 %, 539 MiB
2026/09/27 10:20:25.565, 4, 39, 1980 MHz, 130.75 W, 0 %, 539 MiB
2026/09/27 10:20:25.565, 5, 35, 1980 MHz, 124.49 W, 0 %, 539 MiB
2026/09/27 10:20:25.565, 6, 37, 1980 MHz, 130.95 W, 0 %, 539 MiB
2026/09/27 10:20:25.565, 7, 34, 1980 MHz, 130.28 W, 0 %, 539 MiB
2026/09/27 10:20:27.565, 0, 38, 1980 MHz, 129.49 W, 0 %, 559 MiB
2026/09/27 10:20:27.566, 1, 34, 1980 MHz, 124.06 W, 0 %, 539 MiB
2026/09/27 10:20:27.566, 2, 33, 1980 MHz, 119.73 W, 0 %, 539 MiB
2026/09/27 10:20:27.566, 3, 38, 1980 MHz, 131.75 W, 0 %, 539 MiB
2026/09/27 10:20:27.566, 4, 39, 1980 MHz, 130.74 W, 0 %, 539 MiB
2026/09/27 10:20:27.566, 5, 35, 1980 MHz, 124.51 W, 0 %, 539 MiB
2026/09/27 10:20:27.566, 6, 37, 1980 MHz, 130.93 W, 0 %, 539 MiB
2026/09/27 10:20:27.566, 7, 34, 1980 MHz, 130.28 W, 0 %, 539 MiB
2026/09/27 10:20:29.566, 0, 38, 1980 MHz, 129.49 W, 0 %, 559 MiB
2026/09/27 10:20:29.566, 1, 34, 1980 MHz, 124.04 W, 0 %, 539 MiB
2026/09/27 10:20:29.567, 2, 33, 1980 MHz, 119.69 W, 0 %, 539 MiB
2026/09/27 10:20:29.567, 3, 38, 1980 MHz, 131.75 W, 0 %, 539 MiB
2026/09/27 10:20:29.567, 4, 39, 1980 MHz, 130.73 W, 0 %, 539 MiB
2026/09/27 10:20:29.567, 5, 35, 1980 MHz, 124.52 W, 0 %, 539 MiB
2026/09/27 10:20:29.567, 6, 37, 1980 MHz, 131.01 W, 0 %, 539 MiB
2026/09/27 10:20:29.567, 7, 34, 1980 MHz, 130.30 W, 0 %, 539 MiB
2026/09/27 10:20:31.567, 0, 38, 1980 MHz, 129.48 W, 0 %, 559 MiB
2026/09/27 10:20:31.567, 1, 34, 1980 MHz, 123.98 W, 0 %, 539 MiB
2026/09/27 10:20:31.567, 2, 33, 1980 MHz, 119.73 W, 0 %, 539 MiB
2026/09/27 10:20:31.567, 3, 38, 1980 MHz, 131.78 W, 0 %, 539 MiB
2026/09/27 10:20:31.567, 4, 39, 1980 MHz, 130.73 W, 0 %, 539 MiB
2026/09/27 10:20:31.568, 5, 35, 1980 MHz, 124.53 W, 0 %, 539 MiB
2026/09/27 10:20:31.568, 6, 37, 1980 MHz, 130.98 W, 0 %, 539 MiB
2026/09/27 10:20:31.568, 7, 34, 1980 MHz, 130.32 W, 0 %, 539 MiB
2026/09/27 10:20:33.568, 0, 38, 1980 MHz, 129.47 W, 0 %, 559 MiB
2026/09/27 10:20:33.568, 1, 34, 1980 MHz, 124.01 W, 0 %, 539 MiB
2026/09/27 10:20:33.568, 2, 33, 1980 MHz, 119.73 W, 0 %, 539 MiB
2026/09/27 10:20:33.568, 3, 38, 1980 MHz, 131.75 W, 0 %, 539 MiB
2026/09/27 10:20:33.568, 4, 39, 1980 MHz, 130.74 W, 0 %, 539 MiB
2026/09/27 10:20:33.568, 5, 35, 1980 MHz, 124.50 W, 0 %, 539 MiB
2026/09/27 10:20:33.568, 6, 37, 1980 MHz, 130.98 W, 0 %, 539 MiB
2026/09/27 10:20:33.568, 7, 34, 1980 MHz, 130.27 W, 0 %, 539 MiB
2026/09/27 10:20:35.569, 0, 38, 1980 MHz, 129.48 W, 0 %, 559 MiB
2026/09/27 10:20:35.569, 1, 34, 1980 MHz, 124.07 W, 0 %, 539 MiB
2026/09/27 10:20:35.569, 2, 33, 1980 MHz, 119.72 W, 0 %, 539 MiB
2026/09/27 10:20:35.569, 3, 38, 1980 MHz, 131.71 W, 0 %, 539 MiB
2026/09/27 10:20:35.569, 4, 39, 1980 MHz, 130.74 W, 0 %, 539 MiB
2026/09/27 10:20:35.569, 5, 35, 1980 MHz, 124.53 W, 0 %, 539 MiB
2026/09/27 10:20:35.569, 6, 37, 1980 MHz, 130.92 W, 0 %, 539 MiB
2026/09/27 10:20:35.569, 7, 34, 1980 MHz, 130.30 W, 0 %, 539 MiB
2026/09/27 10:20:37.569, 0, 38, 1980 MHz, 129.51 W, 0 %, 559 MiB
2026/09/27 10:20:37.569, 1, 34, 1980 MHz, 124.03 W, 0 %, 539 MiB
2026/09/27 10:20:37.570, 2, 33, 1980 MHz, 119.71 W, 0 %, 539 MiB
2026/09/27 10:20:37.570, 3, 38, 1980 MHz, 131.77 W, 0 %, 539 MiB
2026/09/27 10:20:37.570, 4, 39, 1980 MHz, 130.73 W, 0 %, 539 MiB
2026/09/27 10:20:37.570, 5, 35, 1980 MHz, 124.52 W, 0 %, 539 MiB
2026/09/27 10:20:37.570, 6, 37, 1980 MHz, 130.94 W, 0 %, 539 MiB
2026/09/27 10:20:37.570, 7, 34, 1980 MHz, 130.30 W, 0 %, 539 MiB
2026/09/27 10:20:39.570, 0, 38, 1980 MHz, 129.50 W, 0 %, 559 MiB
2026/09/27 10:20:39.570, 1, 34, 1980 MHz, 123.99 W, 0 %, 539 MiB
2026/09/27 10:20:39.570, 2, 33, 1980 MHz, 119.67 W, 0 %, 539 MiB
2026/09/27 10:20:39.570, 3, 38, 1980 MHz, 131.70 W, 0 %, 539 MiB
2026/09/27 10:20:39.570, 4, 39, 1980 MHz, 130.75 W, 0 %, 539 MiB
2026/09/27 10:20:39.570, 5, 35, 1980 MHz, 124.49 W, 0 %, 539 MiB
2026/09/27 10:20:39.571, 6, 37, 1980 MHz, 130.96 W, 0 %, 539 MiB
2026/09/27 10:20:39.571, 7, 34, 1980 MHz, 130.28 W, 0 %, 539 MiB
2026/09/27 10:20:41.571, 0, 38, 1980 MHz, 129.55 W, 0 %, 559 MiB
2026/09/27 10:20:41.571, 1, 34, 1980 MHz, 124.01 W, 0 %, 539 MiB
2026/09/27 10:20:41.571, 2, 33, 1980 MHz, 119.71 W, 0 %, 539 MiB
2026/09/27 10:20:41.571, 3, 38, 1980 MHz, 131.73 W, 0 %, 539 MiB
2026/09/27 10:20:41.571, 4, 39, 1980 MHz, 130.74 W, 0 %, 539 MiB
2026/09/27 10:20:41.571, 5, 35, 1980 MHz, 124.50 W, 0 %, 539 MiB
2026/09/27 10:20:41.571, 6, 37, 1980 MHz, 130.89 W, 0 %, 539 MiB
2026/09/27 10:20:41.571, 7, 34, 1980 MHz, 130.32 W, 0 %, 539 MiB
2026/09/27 10:20:43.571, 0, 38, 1980 MHz, 129.49 W, 0 %, 559 MiB
2026/09/27 10:20:43.572, 1, 34, 1980 MHz, 124.01 W, 0 %, 539 MiB
2026/09/27 10:20:43.572, 2, 33, 1980 MHz, 119.74 W, 0 %, 539 MiB
2026/09/27 10:20:43.572, 3, 38, 1980 MHz, 131.72 W, 0 %, 539 MiB
2026/09/27 10:20:43.572, 4, 39, 1980 MHz, 130.73 W, 0 %, 539 MiB
2026/09/27 10:20:43.572, 5, 35, 1980 MHz, 124.50 W, 0 %, 539 MiB
2026/09/27 10:20:43.572, 6, 37, 1980 MHz, 130.93 W, 0 %, 539 MiB
2026/09/27 10:20:43.572, 7, 34, 1980 MHz, 130.31 W, 0 %, 539 MiB
2026/09/27 10:20:45.572, 0, 38, 1980 MHz, 129.50 W, 0 %, 559 MiB
2026/09/27 10:20:45.572, 1, 34, 1980 MHz, 124.00 W, 0 %, 539 MiB
2026/09/27 10:20:45.572, 2, 33, 1980 MHz, 119.74 W, 0 %, 539 MiB
2026/09/27 10:20:45.573, 3, 38, 1980 MHz, 131.70 W, 0 %, 539 MiB
2026/09/27 10:20:45.573, 4, 39, 1980 MHz, 130.75 W, 0 %, 539 MiB
2026/09/27 10:20:45.573, 5, 35, 1980 MHz, 124.50 W, 0 %, 539 MiB
2026/09/27 10:20:45.573, 6, 37, 1980 MHz, 130.93 W, 0 %, 539 MiB
2026/09/27 10:20:45.573, 7, 34, 1980 MHz, 130.28 W, 0 %, 539 MiB
2026/09/27 10:20:47.573, 0, 38, 1980 MHz, 129.49 W, 0 %, 559 MiB
2026/09/27 10:20:47.573, 1, 34, 1980 MHz, 124.00 W, 0 %, 539 MiB
2026/09/27 10:20:47.573, 2, 33, 1980 MHz, 119.69 W, 0 %, 539 MiB
2026/09/27 10:20:47.573, 3, 38, 1980 MHz, 131.26 W, 0 %, 539 MiB
2026/09/27 10:20:47.573, 4, 39, 1980 MHz, 130.74 W, 0 %, 539 MiB
2026/09/27 10:20:47.573, 5, 35, 1980 MHz, 124.49 W, 0 %, 539 MiB
2026/09/27 10:20:47.574, 6, 37, 1980 MHz, 130.91 W, 0 %, 539 MiB
2026/09/27 10:20:47.574, 7, 34, 1980 MHz, 130.31 W, 0 %, 539 MiB
2026/09/27 10:20:49.574, 0, 38, 1980 MHz, 129.51 W, 0 %, 559 MiB
2026/09/27 10:20:49.574, 1, 34, 1980 MHz, 124.03 W, 0 %, 539 MiB
2026/09/27 10:20:49.574, 2, 33, 1980 MHz, 119.71 W, 0 %, 539 MiB
2026/09/27 10:20:49.574, 3, 38, 1980 MHz, 130.99 W, 0 %, 539 MiB
2026/09/27 10:20:49.574, 4, 39, 1980 MHz, 130.73 W, 0 %, 539 MiB
2026/09/27 10:20:49.574, 5, 35, 1980 MHz, 124.47 W, 0 %, 539 MiB
2026/09/27 10:20:49.574, 6, 37, 1980 MHz, 130.90 W, 0 %, 539 MiB
2026/09/27 10:20:49.574, 7, 34, 1980 MHz, 130.28 W, 0 %, 539 MiB
2026/09/27 10:20:51.575, 0, 38, 1980 MHz, 129.49 W, 0 %, 559 MiB
2026/09/27 10:20:51.575, 1, 34, 1980 MHz, 124.02 W, 0 %, 539 MiB
2026/09/27 10:20:51.575, 2, 33, 1980 MHz, 119.69 W, 0 %, 539 MiB
2026/09/27 10:20:51.575, 3, 38, 1980 MHz, 131.00 W, 0 %, 539 MiB
2026/09/27 10:20:51.575, 4, 39, 1980 MHz, 130.73 W, 0 %, 539 MiB
2026/09/27 10:20:51.575, 5, 35, 1980 MHz, 124.50 W, 0 %, 539 MiB
2026/09/27 10:20:51.575, 6, 37, 1980 MHz, 130.94 W, 0 %, 539 MiB
2026/09/27 10:20:51.575, 7, 34, 1980 MHz, 130.31 W, 0 %, 539 MiB
2026/09/27 10:20:53.575, 0, 38, 1980 MHz, 129.51 W, 0 %, 559 MiB
2026/09/27 10:20:53.575, 1, 34, 1980 MHz, 124.05 W, 0 %, 539 MiB
2026/09/27 10:20:53.575, 2, 33, 1980 MHz, 119.72 W, 0 %, 539 MiB
2026/09/27 10:20:53.575, 3, 38, 1980 MHz, 131.00 W, 0 %, 539 MiB
2026/09/27 10:20:53.576, 4, 39, 1980 MHz, 130.72 W, 0 %, 539 MiB
2026/09/27 10:20:53.576, 5, 35, 1980 MHz, 124.52 W, 0 %, 539 MiB
2026/09/27 10:20:53.576, 6, 37, 1980 MHz, 130.91 W, 0 %, 539 MiB
2026/09/27 10:20:53.576, 7, 34, 1980 MHz, 130.25 W, 0 %, 539 MiB
2026/09/27 10:20:55.576, 0, 38, 1980 MHz, 129.47 W, 0 %, 559 MiB
2026/09/27 10:20:55.576, 1, 34, 1980 MHz, 124.02 W, 0 %, 539 MiB
2026/09/27 10:20:55.576, 2, 33, 1980 MHz, 119.72 W, 0 %, 539 MiB
2026/09/27 10:20:55.576, 3, 38, 1980 MHz, 131.00 W, 0 %, 539 MiB
2026/09/27 10:20:55.576, 4, 39, 1980 MHz, 130.73 W, 0 %, 539 MiB
2026/09/27 10:20:55.576, 5, 35, 1980 MHz, 124.50 W, 0 %, 539 MiB
2026/09/27 10:20:55.576, 6, 37, 1980 MHz, 130.96 W, 0 %, 539 MiB
2026/09/27 10:20:55.576, 7, 34, 1980 MHz, 130.30 W, 0 %, 539 MiB
2026/09/27 10:20:57.577, 0, 38, 1980 MHz, 129.50 W, 0 %, 559 MiB
2026/09/27 10:20:57.577, 1, 34, 1980 MHz, 124.03 W, 0 %, 539 MiB
2026/09/27 10:20:57.577, 2, 33, 1980 MHz, 119.71 W, 0 %, 539 MiB
2026/09/27 10:20:57.577, 3, 38, 1980 MHz, 131.01 W, 0 %, 539 MiB
2026/09/27 10:20:57.577, 4, 39, 1980 MHz, 130.72 W, 0 %, 539 MiB
2026/09/27 10:20:57.577, 5, 35, 1980 MHz, 124.51 W, 0 %, 539 MiB
2026/09/27 10:20:57.577, 6, 37, 1980 MHz, 130.89 W, 0 %, 539 MiB
2026/09/27 10:20:57.577, 7, 34, 1980 MHz, 130.26 W, 0 %, 539 MiB
2026/09/27 10:20:59.577, 0, 38, 1980 MHz, 129.42 W, 0 %, 559 MiB
2026/09/27 10:20:59.577, 1, 34, 1980 MHz, 124.00 W, 0 %, 539 MiB
2026/09/27 10:20:59.578, 2, 33, 1980 MHz, 119.67 W, 0 %, 539 MiB
2026/09/27 10:20:59.578, 3, 38, 1980 MHz, 130.99 W, 0 %, 539 MiB
2026/09/27 10:20:59.578, 4, 39, 1980 MHz, 130.71 W, 0 %, 539 MiB
2026/09/27 10:20:59.578, 5, 35, 1980 MHz, 124.48 W, 0 %, 539 MiB
2026/09/27 10:20:59.578, 6, 37, 1980 MHz, 130.89 W, 0 %, 539 MiB
2026/09/27 10:20:59.578, 7, 34, 1980 MHz, 130.28 W, 0 %, 539 MiB
2026/09/27 10:21:01.578, 0, 38, 1980 MHz, 129.46 W, 0 %, 559 MiB
2026/09/27 10:21:01.578, 1, 34, 1980 MHz, 124.03 W, 0 %, 539 MiB
2026/09/27 10:21:01.578, 2, 33, 1980 MHz, 119.67 W, 0 %, 539 MiB
2026/09/27 10:21:01.578, 3, 38, 1980 MHz, 130.98 W, 0 %, 539 MiB
2026/09/27 10:21:01.578, 4, 39, 1980 MHz, 130.71 W, 0 %, 539 MiB
2026/09/27 10:21:01.578, 5, 35, 1980 MHz, 124.47 W, 0 %, 539 MiB
2026/09/27 10:21:01.579, 6, 37, 1980 MHz, 130.90 W, 0 %, 539 MiB
2026/09/27 10:21:01.579, 7, 34, 1980 MHz, 130.26 W, 0 %, 539 MiB
2026/09/27 10:21:03.579, 0, 38, 1980 MHz, 129.46 W, 0 %, 559 MiB
2026/09/27 10:21:03.579, 1, 34, 1980 MHz, 124.00 W, 0 %, 539 MiB
2026/09/27 10:21:03.579, 2, 33, 1980 MHz, 119.74 W, 0 %, 539 MiB
2026/09/27 10:21:03.579, 3, 38, 1980 MHz, 131.00 W, 0 %, 539 MiB
2026/09/27 10:21:03.579, 4, 39, 1980 MHz, 130.74 W, 0 %, 539 MiB
2026/09/27 10:21:03.579, 5, 35, 1980 MHz, 124.52 W, 0 %, 539 MiB
2026/09/27 10:21:03.579, 6, 37, 1980 MHz, 130.90 W, 0 %, 539 MiB
2026/09/27 10:21:03.579, 7, 34, 1980 MHz, 130.26 W, 0 %, 539 MiB
2026/09/27 10:21:05.579, 0, 38, 1980 MHz, 129.44 W, 0 %, 559 MiB
2026/09/27 10:21:05.580, 1, 34, 1980 MHz, 124.01 W, 0 %, 539 MiB
2026/09/27 10:21:05.580, 2, 33, 1980 MHz, 119.71 W, 0 %, 539 MiB
2026/09/27 10:21:05.580, 3, 38, 1980 MHz, 130.96 W, 0 %, 539 MiB
2026/09/27 10:21:05.580, 4, 39, 1980 MHz, 130.71 W, 0 %, 539 MiB
2026/09/27 10:21:05.580, 5, 35, 1980 MHz, 124.49 W, 0 %, 539 MiB
2026/09/27 10:21:05.580, 6, 37, 1980 MHz, 130.97 W, 0 %, 539 MiB
2026/09/27 10:21:05.580, 7, 34, 1980 MHz, 130.26 W, 0 %, 539 MiB
2026/09/27 10:21:07.580, 0, 38, 1980 MHz, 129.49 W, 0 %, 559 MiB
2026/09/27 10:21:07.580, 1, 34, 1980 MHz, 123.99 W, 0 %, 539 MiB
2026/09/27 10:21:07.580, 2, 33, 1980 MHz, 119.74 W, 0 %, 539 MiB
2026/09/27 10:21:07.580, 3, 38, 1980 MHz, 131.01 W, 0 %, 539 MiB
2026/09/27 10:21:07.580, 4, 39, 1980 MHz, 130.72 W, 0 %, 539 MiB
2026/09/27 10:21:07.581, 5, 35, 1980 MHz, 124.48 W, 0 %, 539 MiB
2026/09/27 10:21:07.581, 6, 37, 1980 MHz, 130.91 W, 0 %, 539 MiB
2026/09/27 10:21:07.581, 7, 34, 1980 MHz, 130.31 W, 0 %, 539 MiB
2026/09/27 10:21:09.581, 0, 38, 1980 MHz, 129.47 W, 0 %, 559 MiB
2026/09/27 10:21:09.581, 1, 34, 1980 MHz, 124.01 W, 0 %, 539 MiB
2026/09/27 10:21:09.581, 2, 33, 1980 MHz, 119.73 W, 0 %, 539 MiB
2026/09/27 10:21:09.581, 3, 38, 1980 MHz, 131.01 W, 0 %, 539 MiB
2026/09/27 10:21:09.581, 4, 39, 1980 MHz, 130.71 W, 0 %, 539 MiB
2026/09/27 10:21:09.581, 5, 35, 1980 MHz, 124.49 W, 0 %, 539 MiB
2026/09/27 10:21:09.581, 6, 37, 1980 MHz, 130.89 W, 0 %, 539 MiB
2026/09/27 10:21:09.581, 7, 34, 1980 MHz, 130.29 W, 0 %, 539 MiB
2026/09/27 10:21:11.582, 0, 38, 1980 MHz, 129.49 W, 0 %, 559 MiB
2026/09/27 10:21:11.582, 1, 34, 1980 MHz, 124.00 W, 0 %, 539 MiB
2026/09/27 10:21:11.582, 2, 33, 1980 MHz, 119.72 W, 0 %, 539 MiB
2026/09/27 10:21:11.582, 3, 38, 1980 MHz, 130.99 W, 0 %, 539 MiB
2026/09/27 10:21:11.582, 4, 39, 1980 MHz, 130.71 W, 0 %, 539 MiB
2026/09/27 10:21:11.582, 5, 35, 1980 MHz, 124.50 W, 0 %, 539 MiB
2026/09/27 10:21:11.582, 6, 37, 1980 MHz, 130.93 W, 0 %, 539 MiB
2026/09/27 10:21:11.582, 7, 34, 1980 MHz, 130.30 W, 0 %, 539 MiB
2026/09/27 10:21:13.582, 0, 38, 1980 MHz, 129.51 W, 0 %, 559 MiB
2026/09/27 10:21:13.582, 1, 34, 1980 MHz, 124.04 W, 0 %, 539 MiB
2026/09/27 10:21:13.583, 2, 33, 1980 MHz, 119.72 W, 0 %, 539 MiB
2026/09/27 10:21:13.583, 3, 38, 1980 MHz, 130.98 W, 0 %, 539 MiB
2026/09/27 10:21:13.583, 4, 39, 1980 MHz, 130.71 W, 0 %, 539 MiB
2026/09/27 10:21:13.583, 5, 35, 1980 MHz, 124.50 W, 0 %, 539 MiB
2026/09/27 10:21:13.583, 6, 37, 1980 MHz, 130.94 W, 0 %, 539 MiB
2026/09/27 10:21:13.583, 7, 34, 1980 MHz, 130.26 W, 0 %, 539 MiB
2026/09/27 10:21:15.583, 0, 38, 1980 MHz, 129.50 W, 0 %, 559 MiB
2026/09/27 10:21:15.583, 1, 34, 1980 MHz, 124.02 W, 0 %, 539 MiB
2026/09/27 10:21:15.583, 2, 33, 1980 MHz, 119.72 W, 0 %, 539 MiB
2026/09/27 10:21:15.583, 3, 38, 1980 MHz, 130.96 W, 0 %, 539 MiB
2026/09/27 10:21:15.583, 4, 39, 1980 MHz, 130.71 W, 0 %, 539 MiB
2026/09/27 10:21:15.584, 5, 35, 1980 MHz, 124.50 W, 0 %, 539 MiB
2026/09/27 10:21:15.584, 6, 37, 1980 MHz, 130.92 W, 0 %, 539 MiB
2026/09/27 10:21:15.584, 7, 34, 1980 MHz, 130.29 W, 0 %, 539 MiB
2026/09/27 10:21:17.584, 0, 38, 1980 MHz, 129.47 W, 0 %, 559 MiB
2026/09/27 10:21:17.584, 1, 34, 1980 MHz, 124.01 W, 0 %, 539 MiB
2026/09/27 10:21:17.584, 2, 33, 1980 MHz, 119.73 W, 0 %, 539 MiB
2026/09/27 10:21:17.584, 3, 38, 1980 MHz, 130.98 W, 0 %, 539 MiB
2026/09/27 10:21:17.584, 4, 39, 1980 MHz, 130.72 W, 0 %, 539 MiB
2026/09/27 10:21:17.584, 5, 35, 1980 MHz, 124.47 W, 0 %, 539 MiB
2026/09/27 10:21:17.584, 6, 37, 1980 MHz, 130.89 W, 0 %, 539 MiB
2026/09/27 10:21:17.584, 7, 34, 1980 MHz, 130.29 W, 0 %, 539 MiB
2026/09/27 10:21:19.585, 0, 38, 1980 MHz, 129.50 W, 0 %, 559 MiB
2026/09/27 10:21:19.585, 1, 34, 1980 MHz, 124.00 W, 0 %, 539 MiB
2026/09/27 10:21:19.585, 2, 33, 1980 MHz, 119.74 W, 0 %, 539 MiB
2026/09/27 10:21:19.585, 3, 38, 1980 MHz, 130.97 W, 0 %, 539 MiB
2026/09/27 10:21:19.585, 4, 39, 1980 MHz, 130.72 W, 0 %, 539 MiB
2026/09/27 10:21:19.585, 5, 35, 1980 MHz, 124.51 W, 0 %, 539 MiB
2026/09/27 10:21:19.585, 6, 37, 1980 MHz, 130.86 W, 0 %, 539 MiB
2026/09/27 10:21:19.585, 7, 34, 1980 MHz, 130.31 W, 0 %, 539 MiB
2026/09/27 10:21:21.585, 0, 38, 1980 MHz, 129.49 W, 0 %, 559 MiB
2026/09/27 10:21:21.586, 1, 34, 1980 MHz, 124.00 W, 0 %, 539 MiB
2026/09/27 10:21:21.586, 2, 33, 1980 MHz, 119.72 W, 0 %, 539 MiB
2026/09/27 10:21:21.586, 3, 38, 1980 MHz, 131.01 W, 0 %, 539 MiB
2026/09/27 10:21:21.586, 4, 39, 1980 MHz, 130.74 W, 0 %, 539 MiB
2026/09/27 10:21:21.586, 5, 35, 1980 MHz, 124.40 W, 0 %, 539 MiB
2026/09/27 10:21:21.586, 6, 37, 1980 MHz, 130.87 W, 0 %, 539 MiB
2026/09/27 10:21:21.586, 7, 34, 1980 MHz, 130.28 W, 0 %, 539 MiB
2026/09/27 10:21:23.586, 0, 38, 1980 MHz, 129.46 W, 0 %, 559 MiB
2026/09/27 10:21:23.586, 1, 34, 1980 MHz, 124.05 W, 0 %, 539 MiB
2026/09/27 10:21:23.586, 2, 33, 1980 MHz, 119.72 W, 0 %, 539 MiB
2026/09/27 10:21:23.587, 3, 38, 1980 MHz, 130.98 W, 0 %, 539 MiB
2026/09/27 10:21:23.587, 4, 39, 1980 MHz, 130.70 W, 0 %, 539 MiB
2026/09/27 10:21:23.587, 5, 35, 1980 MHz, 124.47 W, 0 %, 539 MiB
2026/09/27 10:21:23.587, 6, 37, 1980 MHz, 130.89 W, 0 %, 539 MiB
2026/09/27 10:21:23.587, 7, 34, 1980 MHz, 130.29 W, 0 %, 539 MiB
2026/09/27 10:21:25.587, 0, 38, 1980 MHz, 129.45 W, 0 %, 559 MiB
2026/09/27 10:21:25.587, 1, 34, 1980 MHz, 124.05 W, 0 %, 539 MiB
2026/09/27 10:21:25.587, 2, 33, 1980 MHz, 119.76 W, 0 %, 539 MiB
2026/09/27 10:21:25.587, 3, 38, 1980 MHz, 131.02 W, 0 %, 539 MiB
2026/09/27 10:21:25.587, 4, 39, 1980 MHz, 130.69 W, 0 %, 539 MiB
2026/09/27 10:21:25.587, 5, 35, 1980 MHz, 124.48 W, 0 %, 539 MiB
2026/09/27 10:21:25.587, 6, 37, 1980 MHz, 130.87 W, 0 %, 539 MiB
2026/09/27 10:21:25.588, 7, 34, 1980 MHz, 130.29 W, 0 %, 539 MiB
2026/09/27 10:21:27.588, 0, 38, 1980 MHz, 129.46 W, 0 %, 559 MiB
2026/09/27 10:21:27.588, 1, 34, 1980 MHz, 124.01 W, 0 %, 539 MiB
2026/09/27 10:21:27.588, 2, 33, 1980 MHz, 119.73 W, 0 %, 539 MiB
2026/09/27 10:21:27.588, 3, 38, 1980 MHz, 131.00 W, 0 %, 539 MiB
2026/09/27 10:21:27.588, 4, 39, 1980 MHz, 130.72 W, 0 %, 539 MiB
2026/09/27 10:21:27.588, 5, 35, 1980 MHz, 124.48 W, 0 %, 539 MiB
2026/09/27 10:21:27.588, 6, 37, 1980 MHz, 130.94 W, 0 %, 539 MiB
2026/09/27 10:21:27.588, 7, 34, 1980 MHz, 130.30 W, 0 %, 539 MiB
2026/09/27 10:21:29.588, 0, 38, 1980 MHz, 129.47 W, 0 %, 559 MiB
2026/09/27 10:21:29.589, 1, 34, 1980 MHz, 124.05 W, 0 %, 539 MiB
2026/09/27 10:21:29.589, 2, 33, 1980 MHz, 119.75 W, 0 %, 539 MiB
2026/09/27 10:21:29.589, 3, 38, 1980 MHz, 130.96 W, 0 %, 539 MiB
2026/09/27 10:21:29.589, 4, 39, 1980 MHz, 130.68 W, 0 %, 539 MiB
2026/09/27 10:21:29.589, 5, 35, 1980 MHz, 124.49 W, 0 %, 539 MiB
2026/09/27 10:21:29.589, 6, 37, 1980 MHz, 130.82 W, 0 %, 539 MiB
2026/09/27 10:21:29.589, 7, 34, 1980 MHz, 130.29 W, 0 %, 539 MiB
2026/09/27 10:21:31.589, 0, 38, 1980 MHz, 129.47 W, 0 %, 559 MiB
2026/09/27 10:21:31.589, 1, 34, 1980 MHz, 124.02 W, 0 %, 539 MiB
2026/09/27 10:21:31.589, 2, 33, 1980 MHz, 119.73 W, 0 %, 539 MiB
2026/09/27 10:21:31.589, 3, 38, 1980 MHz, 130.98 W, 0 %, 539 MiB
2026/09/27 10:21:31.590, 4, 39, 1980 MHz, 130.71 W, 0 %, 539 MiB
2026/09/27 10:21:31.590, 5, 35, 1980 MHz, 124.47 W, 0 %, 539 MiB
2026/09/27 10:21:31.590, 6, 37, 1980 MHz, 130.82 W, 0 %, 539 MiB
2026/09/27 10:21:31.590, 7, 34, 1980 MHz, 130.29 W, 0 %, 539 MiB
2026/09/27 10:21:33.590, 0, 38, 1980 MHz, 129.48 W, 0 %, 559 MiB
2026/09/27 10:21:33.590, 1, 34, 1980 MHz, 124.05 W, 0 %, 539 MiB
2026/09/27 10:21:33.590, 2, 33, 1980 MHz, 119.73 W, 0 %, 539 MiB
2026/09/27 10:21:33.590, 3, 38, 1980 MHz, 130.99 W, 0 %, 539 MiB
2026/09/27 10:21:33.590, 4, 39, 1980 MHz, 130.73 W, 0 %, 539 MiB
2026/09/27 10:21:33.590, 5, 35, 1980 MHz, 124.51 W, 0 %, 539 MiB
2026/09/27 10:21:33.590, 6, 37, 1980 MHz, 130.89 W, 0 %, 539 MiB
2026/09/27 10:21:33.590, 7, 34, 1980 MHz, 130.28 W, 0 %, 539 MiB
2026/09/27 10:21:35.591, 0, 38, 1980 MHz, 129.46 W, 0 %, 559 MiB
2026/09/27 10:21:35.591, 1, 34, 1980 MHz, 124.07 W, 0 %, 539 MiB
2026/09/27 10:21:35.591, 2, 33, 1980 MHz, 119.69 W, 0 %, 539 MiB
2026/09/27 10:21:35.591, 3, 38, 1980 MHz, 130.99 W, 0 %, 539 MiB
2026/09/27 10:21:35.591, 4, 39, 1980 MHz, 130.70 W, 0 %, 539 MiB
2026/09/27 10:21:35.591, 5, 35, 1980 MHz, 124.47 W, 0 %, 539 MiB
2026/09/27 10:21:35.591, 6, 37, 1980 MHz, 130.88 W, 0 %, 539 MiB
2026/09/27 10:21:35.591, 7, 34, 1980 MHz, 130.28 W, 0 %, 539 MiB
2026/09/27 10:21:37.592, 0, 38, 1980 MHz, 129.47 W, 0 %, 559 MiB
2026/09/27 10:21:37.592, 1, 34, 1980 MHz, 124.09 W, 0 %, 539 MiB
2026/09/27 10:21:37.592, 2, 33, 1980 MHz, 119.75 W, 0 %, 539 MiB
2026/09/27 10:21:37.592, 3, 38, 1980 MHz, 130.97 W, 0 %, 539 MiB
2026/09/27 10:21:37.592, 4, 39, 1980 MHz, 130.70 W, 0 %, 539 MiB
2026/09/27 10:21:37.592, 5, 35, 1980 MHz, 124.51 W, 0 %, 539 MiB
2026/09/27 10:21:37.592, 6, 37, 1980 MHz, 130.88 W, 0 %, 539 MiB
2026/09/27 10:21:37.592, 7, 34, 1980 MHz, 130.32 W, 0 %, 539 MiB
2026/09/27 10:21:39.592, 0, 38, 1980 MHz, 129.48 W, 0 %, 559 MiB
2026/09/27 10:21:39.592, 1, 34, 1980 MHz, 124.04 W, 0 %, 539 MiB
2026/09/27 10:21:39.592, 2, 33, 1980 MHz, 119.74 W, 0 %, 539 MiB
2026/09/27 10:21:39.593, 3, 38, 1980 MHz, 131.01 W, 0 %, 539 MiB
2026/09/27 10:21:39.593, 4, 39, 1980 MHz, 130.67 W, 0 %, 539 MiB
2026/09/27 10:21:39.593, 5, 35, 1980 MHz, 124.49 W, 0 %, 539 MiB
2026/09/27 10:21:39.593, 6, 37, 1980 MHz, 130.94 W, 0 %, 539 MiB
2026/09/27 10:21:39.593, 7, 34, 1980 MHz, 130.26 W, 0 %, 539 MiB
2026/09/27 10:21:41.593, 0, 38, 1980 MHz, 129.48 W, 0 %, 559 MiB
2026/09/27 10:21:41.593, 1, 34, 1980 MHz, 124.07 W, 0 %, 539 MiB
2026/09/27 10:21:41.593, 2, 33, 1980 MHz, 119.72 W, 0 %, 539 MiB
2026/09/27 10:21:41.593, 3, 38, 1980 MHz, 130.99 W, 0 %, 539 MiB
2026/09/27 10:21:41.593, 4, 39, 1980 MHz, 130.67 W, 0 %, 539 MiB
2026/09/27 10:21:41.594, 5, 35, 1980 MHz, 124.51 W, 0 %, 539 MiB
2026/09/27 10:21:41.594, 6, 37, 1980 MHz, 130.88 W, 0 %, 539 MiB
2026/09/27 10:21:41.594, 7, 34, 1980 MHz, 130.29 W, 0 %, 539 MiB
2026/09/27 10:21:43.594, 0, 38, 1980 MHz, 129.45 W, 0 %, 559 MiB
2026/09/27 10:21:43.594, 1, 34, 1980 MHz, 124.01 W, 0 %, 539 MiB
2026/09/27 10:21:43.594, 2, 33, 1980 MHz, 119.74 W, 0 %, 539 MiB
2026/09/27 10:21:43.594, 3, 38, 1980 MHz, 130.98 W, 0 %, 539 MiB
2026/09/27 10:21:43.594, 4, 39, 1980 MHz, 130.71 W, 0 %, 539 MiB
2026/09/27 10:21:43.594, 5, 35, 1980 MHz, 124.48 W, 0 %, 539 MiB
2026/09/27 10:21:43.594, 6, 37, 1980 MHz, 130.85 W, 0 %, 539 MiB
2026/09/27 10:21:43.595, 7, 34, 1980 MHz, 130.28 W, 0 %, 539 MiB
2026/09/27 10:21:45.595, 0, 38, 1980 MHz, 129.49 W, 0 %, 559 MiB
2026/09/27 10:21:45.595, 1, 34, 1980 MHz, 124.00 W, 0 %, 539 MiB
2026/09/27 10:21:45.595, 2, 33, 1980 MHz, 119.73 W, 0 %, 539 MiB
2026/09/27 10:21:45.595, 3, 38, 1980 MHz, 130.97 W, 0 %, 539 MiB
2026/09/27 10:21:45.595, 4, 39, 1980 MHz, 130.71 W, 0 %, 539 MiB
2026/09/27 10:21:45.595, 5, 35, 1980 MHz, 124.50 W, 0 %, 539 MiB
2026/09/27 10:21:45.595, 6, 37, 1980 MHz, 130.87 W, 0 %, 539 MiB
2026/09/27 10:21:45.595, 7, 34, 1980 MHz, 130.30 W, 0 %, 539 MiB
2026/09/27 10:21:47.595, 0, 38, 1980 MHz, 129.48 W, 0 %, 559 MiB
2026/09/27 10:21:47.596, 1, 34, 1980 MHz, 124.06 W, 0 %, 539 MiB
2026/09/27 10:21:47.596, 2, 33, 1980 MHz, 119.72 W, 0 %, 539 MiB
2026/09/27 10:21:47.596, 3, 38, 1980 MHz, 130.99 W, 0 %, 539 MiB
2026/09/27 10:21:47.596, 4, 39, 1980 MHz, 130.70 W, 0 %, 539 MiB
2026/09/27 10:21:47.596, 5, 35, 1980 MHz, 124.49 W, 0 %, 539 MiB
2026/09/27 10:21:47.596, 6, 37, 1980 MHz, 130.91 W, 0 %, 539 MiB
2026/09/27 10:21:47.596, 7, 34, 1980 MHz, 130.26 W, 0 %, 539 MiB
2026/09/27 10:21:49.596, 0, 38, 1980 MHz, 129.50 W, 0 %, 559 MiB
2026/09/27 10:21:49.596, 1, 34, 1980 MHz, 124.04 W, 0 %, 539 MiB
2026/09/27 10:21:49.596, 2, 33, 1980 MHz, 119.74 W, 0 %, 539 MiB
2026/09/27 10:21:49.596, 3, 38, 1980 MHz, 130.97 W, 0 %, 539 MiB
2026/09/27 10:21:49.596, 4, 39, 1980 MHz, 130.71 W, 0 %, 539 MiB
2026/09/27 10:21:49.596, 5, 35, 1980 MHz, 124.47 W, 0 %, 539 MiB
2026/09/27 10:21:49.596, 6, 37, 1980 MHz, 130.90 W, 0 %, 539 MiB
2026/09/27 10:21:49.596, 7, 34, 1980 MHz, 130.29 W, 0 %, 539 MiB
2026/09/27 10:21:51.597, 0, 38, 1980 MHz, 129.48 W, 0 %, 559 MiB
2026/09/27 10:21:51.597, 1, 34, 1980 MHz, 123.98 W, 0 %, 539 MiB
2026/09/27 10:21:51.597, 2, 33, 1980 MHz, 119.70 W, 0 %, 539 MiB
2026/09/27 10:21:51.597, 3, 38, 1980 MHz, 131.01 W, 0 %, 539 MiB
2026/09/27 10:21:51.597, 4, 39, 1980 MHz, 130.72 W, 0 %, 539 MiB
2026/09/27 10:21:51.597, 5, 35, 1980 MHz, 124.48 W, 0 %, 539 MiB
2026/09/27 10:21:51.597, 6, 37, 1980 MHz, 130.89 W, 0 %, 539 MiB
2026/09/27 10:21:51.597, 7, 34, 1980 MHz, 130.28 W, 0 %, 539 MiB
2026/09/27 10:21:53.597, 0, 38, 1980 MHz, 129.45 W, 0 %, 559 MiB
2026/09/27 10:21:53.597, 1, 34, 1980 MHz, 123.99 W, 0 %, 539 MiB
2026/09/27 10:21:53.598, 2, 33, 1980 MHz, 119.67 W, 0 %, 539 MiB
2026/09/27 10:21:53.598, 3, 38, 1980 MHz, 130.99 W, 0 %, 539 MiB
2026/09/27 10:21:53.598, 4, 39, 1980 MHz, 130.72 W, 0 %, 539 MiB
2026/09/27 10:21:53.598, 5, 35, 1980 MHz, 124.50 W, 0 %, 539 MiB
2026/09/27 10:21:53.598, 6, 37, 1980 MHz, 130.87 W, 0 %, 539 MiB
2026/09/27 10:21:53.598, 7, 34, 1980 MHz, 130.29 W, 0 %, 539 MiB
2026/09/27 10:21:55.598, 0, 38, 1980 MHz, 129.40 W, 0 %, 559 MiB
2026/09/27 10:21:55.598, 1, 34, 1980 MHz, 124.04 W, 0 %, 539 MiB
2026/09/27 10:21:55.598, 2, 33, 1980 MHz, 119.72 W, 0 %, 539 MiB
2026/09/27 10:21:55.598, 3, 38, 1980 MHz, 130.97 W, 0 %, 539 MiB
2026/09/27 10:21:55.599, 4, 39, 1980 MHz, 130.71 W, 0 %, 539 MiB
2026/09/27 10:21:55.599, 5, 35, 1980 MHz, 124.52 W, 0 %, 539 MiB
2026/09/27 10:21:55.599, 6, 37, 1980 MHz, 130.80 W, 0 %, 539 MiB
2026/09/27 10:21:55.599, 7, 34, 1980 MHz, 130.25 W, 0 %, 539 MiB
2026/09/27 10:21:57.599, 0, 38, 1980 MHz, 129.45 W, 0 %, 559 MiB
2026/09/27 10:21:57.599, 1, 34, 1980 MHz, 123.98 W, 0 %, 539 MiB
2026/09/27 10:21:57.599, 2, 33, 1980 MHz, 119.71 W, 0 %, 539 MiB
2026/09/27 10:21:57.599, 3, 38, 1980 MHz, 130.98 W, 0 %, 539 MiB
2026/09/27 10:21:57.599, 4, 39, 1980 MHz, 130.67 W, 0 %, 539 MiB
2026/09/27 10:21:57.599, 5, 35, 1980 MHz, 124.50 W, 0 %, 539 MiB
2026/09/27 10:21:57.600, 6, 37, 1980 MHz, 130.87 W, 0 %, 539 MiB
2026/09/27 10:21:57.600, 7, 34, 1980 MHz, 130.28 W, 0 %, 539 MiB
2026/09/27 10:21:59.600, 0, 38, 1980 MHz, 129.47 W, 0 %, 559 MiB
2026/09/27 10:21:59.600, 1, 34, 1980 MHz, 124.01 W, 0 %, 539 MiB
2026/09/27 10:21:59.600, 2, 33, 1980 MHz, 119.72 W, 0 %, 539 MiB
2026/09/27 10:21:59.600, 3, 38, 1980 MHz, 130.92 W, 0 %, 539 MiB
2026/09/27 10:21:59.600, 4, 39, 1980 MHz, 130.69 W, 0 %, 539 MiB
2026/09/27 10:21:59.600, 5, 35, 1980 MHz, 124.52 W, 0 %, 539 MiB
2026/09/27 10:21:59.600, 6, 37, 1980 MHz, 130.94 W, 0 %, 539 MiB
2026/09/27 10:21:59.600, 7, 34, 1980 MHz, 130.26 W, 0 %, 539 MiB
2026/09/27 10:22:01.600, 0, 38, 1980 MHz, 129.46 W, 0 %, 559 MiB
2026/09/27 10:22:01.601, 1, 34, 1980 MHz, 124.00 W, 0 %, 539 MiB
2026/09/27 10:22:01.601, 2, 33, 1980 MHz, 119.72 W, 0 %, 539 MiB
2026/09/27 10:22:01.601, 3, 38, 1980 MHz, 130.94 W, 0 %, 539 MiB
2026/09/27 10:22:01.601, 4, 39, 1980 MHz, 130.64 W, 0 %, 539 MiB
2026/09/27 10:22:01.601, 5, 35, 1980 MHz, 124.49 W, 0 %, 539 MiB
2026/09/27 10:22:01.601, 6, 37, 1980 MHz, 130.88 W, 0 %, 539 MiB
2026/09/27 10:22:01.601, 7, 34, 1980 MHz, 130.30 W, 0 %, 539 MiB
2026/09/27 10:22:03.601, 0, 38, 1980 MHz, 129.47 W, 0 %, 559 MiB
2026/09/27 10:22:03.601, 1, 34, 1980 MHz, 123.99 W, 0 %, 539 MiB
2026/09/27 10:22:03.602, 2, 33, 1980 MHz, 119.72 W, 0 %, 539 MiB
2026/09/27 10:22:03.602, 3, 38, 1980 MHz, 130.95 W, 0 %, 539 MiB
2026/09/27 10:22:03.602, 4, 39, 1980 MHz, 130.70 W, 0 %, 539 MiB
2026/09/27 10:22:03.602, 5, 35, 1980 MHz, 124.40 W, 0 %, 539 MiB
2026/09/27 10:22:03.602, 6, 37, 1980 MHz, 130.85 W, 0 %, 539 MiB
2026/09/27 10:22:03.602, 7, 33, 1980 MHz, 130.26 W, 0 %, 539 MiB
2026/09/27 10:22:05.602, 0, 38, 1980 MHz, 129.45 W, 0 %, 559 MiB
2026/09/27 10:22:05.602, 1, 34, 1980 MHz, 124.03 W, 0 %, 539 MiB
2026/09/27 10:22:05.602, 2, 33, 1980 MHz, 119.74 W, 0 %, 539 MiB
2026/09/27 10:22:05.602, 3, 38, 1980 MHz, 130.93 W, 0 %, 539 MiB
2026/09/27 10:22:05.602, 4, 39, 1980 MHz, 130.73 W, 0 %, 539 MiB
2026/09/27 10:22:05.603, 5, 35, 1980 MHz, 124.49 W, 0 %, 539 MiB
2026/09/27 10:22:05.603, 6, 37, 1980 MHz, 130.87 W, 0 %, 539 MiB
2026/09/27 10:22:05.603, 7, 34, 1980 MHz, 130.28 W, 0 %, 539 MiB
2026/09/27 10:22:07.603, 0, 38, 1980 MHz, 129.47 W, 0 %, 559 MiB
2026/09/27 10:22:07.603, 1, 34, 1980 MHz, 124.04 W, 0 %, 539 MiB
2026/09/27 10:22:07.603, 2, 33, 1980 MHz, 119.73 W, 0 %, 539 MiB
2026/09/27 10:22:07.603, 3, 38, 1980 MHz, 130.98 W, 0 %, 539 MiB
2026/09/27 10:22:07.603, 4, 39, 1980 MHz, 130.68 W, 0 %, 539 MiB
2026/09/27 10:22:07.603, 5, 35, 1980 MHz, 124.49 W, 0 %, 539 MiB
2026/09/27 10:22:07.603, 6, 37, 1980 MHz, 130.90 W, 0 %, 539 MiB
2026/09/27 10:22:07.603, 7, 34, 1980 MHz, 130.26 W, 0 %, 539 MiB
2026/09/27 10:22:09.604, 0, 38, 1980 MHz, 129.50 W, 0 %, 559 MiB
2026/09/27 10:22:09.604, 1, 34, 1980 MHz, 124.03 W, 0 %, 539 MiB
2026/09/27 10:22:09.604, 2, 33, 1980 MHz, 119.73 W, 0 %, 539 MiB
2026/09/27 10:22:09.604, 3, 38, 1980 MHz, 130.98 W, 0 %, 539 MiB
2026/09/27 10:22:09.604, 4, 39, 1980 MHz, 130.71 W, 0 %, 539 MiB
2026/09/27 10:22:09.604, 5, 35, 1980 MHz, 124.47 W, 0 %, 539 MiB
2026/09/27 10:22:09.604, 6, 37, 1980 MHz, 130.88 W, 0 %, 539 MiB
2026/09/27 10:22:09.604, 7, 34, 1980 MHz, 130.26 W, 0 %, 539 MiB
2026/09/27 10:22:11.604, 0, 38, 1980 MHz, 129.48 W, 0 %, 559 MiB
2026/09/27 10:22:11.604, 1, 34, 1980 MHz, 124.04 W, 0 %, 539 MiB
2026/09/27 10:22:11.604, 2, 33, 1980 MHz, 119.70 W, 0 %, 539 MiB
2026/09/27 10:22:11.604, 3, 38, 1980 MHz, 130.98 W, 0 %, 539 MiB
2026/09/27 10:22:11.605, 4, 39, 1980 MHz, 130.70 W, 0 %, 539 MiB
2026/09/27 10:22:11.605, 5, 35, 1980 MHz, 124.48 W, 0 %, 539 MiB
2026/09/27 10:22:11.605, 6, 37, 1980 MHz, 130.91 W, 0 %, 539 MiB
2026/09/27 10:22:11.605, 7, 34, 1980 MHz, 130.27 W, 0 %, 539 MiB
2026/09/27 10:22:13.605, 0, 38, 1980 MHz, 129.46 W, 0 %, 559 MiB
2026/09/27 10:22:13.605, 1, 34, 1980 MHz, 123.98 W, 0 %, 539 MiB
2026/09/27 10:22:13.605, 2, 33, 1980 MHz, 119.68 W, 0 %, 539 MiB
2026/09/27 10:22:13.605, 3, 38, 1980 MHz, 130.93 W, 0 %, 539 MiB
2026/09/27 10:22:13.605, 4, 39, 1980 MHz, 130.68 W, 0 %, 539 MiB
2026/09/27 10:22:13.605, 5, 35, 1980 MHz, 124.47 W, 0 %, 539 MiB
2026/09/27 10:22:13.605, 6, 37, 1980 MHz, 130.87 W, 0 %, 539 MiB
2026/09/27 10:22:13.605, 7, 34, 1980 MHz, 130.30 W, 0 %, 539 MiB
2026/09/27 10:22:15.606, 0, 38, 1980 MHz, 129.45 W, 0 %, 559 MiB
2026/09/27 10:22:15.606, 1, 34, 1980 MHz, 124.01 W, 0 %, 539 MiB
2026/09/27 10:22:15.606, 2, 33, 1980 MHz, 119.70 W, 0 %, 539 MiB
2026/09/27 10:22:15.606, 3, 38, 1980 MHz, 130.96 W, 0 %, 539 MiB
2026/09/27 10:22:15.606, 4, 39, 1980 MHz, 130.68 W, 0 %, 539 MiB
2026/09/27 10:22:15.606, 5, 35, 1980 MHz, 124.51 W, 0 %, 539 MiB
2026/09/27 10:22:15.606, 6, 37, 1980 MHz, 130.92 W, 0 %, 539 MiB
2026/09/27 10:22:15.606, 7, 34, 1980 MHz, 130.28 W, 0 %, 539 MiB
2026/09/27 10:22:17.606, 0, 38, 1980 MHz, 129.45 W, 0 %, 559 MiB
2026/09/27 10:22:17.606, 1, 34, 1980 MHz, 124.01 W, 0 %, 539 MiB
2026/09/27 10:22:17.607, 2, 33, 1980 MHz, 119.71 W, 0 %, 539 MiB
2026/09/27 10:22:17.607, 3, 38, 1980 MHz, 130.96 W, 0 %, 539 MiB
2026/09/27 10:22:17.607, 4, 39, 1980 MHz, 130.70 W, 0 %, 539 MiB
2026/09/27 10:22:17.607, 5, 35, 1980 MHz, 124.48 W, 0 %, 539 MiB
2026/09/27 10:22:17.607, 6, 37, 1980 MHz, 130.87 W, 0 %, 539 MiB
2026/09/27 10:22:17.607, 7, 34, 1980 MHz, 130.31 W, 0 %, 539 MiB
2026/09/27 10:22:19.607, 0, 38, 1980 MHz, 129.44 W, 0 %, 559 MiB
2026/09/27 10:22:19.607, 1, 34, 1980 MHz, 124.00 W, 0 %, 539 MiB
2026/09/27 10:22:19.607, 2, 33, 1980 MHz, 119.72 W, 0 %, 539 MiB
2026/09/27 10:22:19.607, 3, 38, 1980 MHz, 130.96 W, 0 %, 539 MiB
2026/09/27 10:22:19.608, 4, 39, 1980 MHz, 130.69 W, 0 %, 539 MiB
2026/09/27 10:22:19.608, 5, 35, 1980 MHz, 124.52 W, 0 %, 539 MiB
2026/09/27 10:22:19.608, 6, 37, 1980 MHz, 130.87 W, 0 %, 539 MiB
2026/09/27 10:22:19.608, 7, 33, 1980 MHz, 130.27 W, 0 %, 539 MiB
2026/09/27 10:22:21.608, 0, 38, 1980 MHz, 129.47 W, 0 %, 559 MiB
2026/09/27 10:22:21.608, 1, 34, 1980 MHz, 124.00 W, 0 %, 539 MiB
2026/09/27 10:22:21.608, 2, 33, 1980 MHz, 119.70 W, 0 %, 539 MiB
2026/09/27 10:22:21.608, 3, 38, 1980 MHz, 130.95 W, 0 %, 539 MiB
2026/09/27 10:22:21.608, 4, 39, 1980 MHz, 130.70 W, 0 %, 539 MiB
2026/09/27 10:22:21.608, 5, 35, 1980 MHz, 124.49 W, 0 %, 539 MiB
2026/09/27 10:22:21.608, 6, 37, 1980 MHz, 130.90 W, 0 %, 539 MiB
2026/09/27 10:22:21.609, 7, 34, 1980 MHz, 130.27 W, 0 %, 539 MiB
2026/09/27 10:22:23.609, 0, 38, 1980 MHz, 129.44 W, 0 %, 559 MiB
2026/09/27 10:22:23.609, 1, 34, 1980 MHz, 124.03 W, 0 %, 539 MiB
2026/09/27 10:22:23.609, 2, 33, 1980 MHz, 119.71 W, 0 %, 539 MiB
2026/09/27 10:22:23.609, 3, 38, 1980 MHz, 130.99 W, 0 %, 539 MiB
2026/09/27 10:22:23.609, 4, 39, 1980 MHz, 130.69 W, 0 %, 539 MiB
2026/09/27 10:22:23.609, 5, 35, 1980 MHz, 124.51 W, 0 %, 539 MiB
2026/09/27 10:22:23.609, 6, 37, 1980 MHz, 130.97 W, 0 %, 539 MiB
2026/09/27 10:22:23.609, 7, 34, 1980 MHz, 130.27 W, 0 %, 539 MiB
2026/09/27 10:22:25.609, 0, 38, 1980 MHz, 129.43 W, 0 %, 559 MiB
2026/09/27 10:22:25.610, 1, 34, 1980 MHz, 123.99 W, 0 %, 539 MiB
2026/09/27 10:22:25.610, 2, 33, 1980 MHz, 119.71 W, 0 %, 539 MiB
2026/09/27 10:22:25.610, 3, 38, 1980 MHz, 130.97 W, 0 %, 539 MiB
2026/09/27 10:22:25.610, 4, 39, 1980 MHz, 130.69 W, 0 %, 539 MiB
2026/09/27 10:22:25.610, 5, 35, 1980 MHz, 124.47 W, 0 %, 539 MiB
2026/09/27 10:22:25.610, 6, 37, 1980 MHz, 130.84 W, 0 %, 539 MiB
2026/09/27 10:22:25.610, 7, 33, 1980 MHz, 130.28 W, 0 %, 539 MiB
2026/09/27 10:22:27.610, 0, 38, 1980 MHz, 129.47 W, 0 %, 559 MiB
2026/09/27 10:22:27.610, 1, 34, 1980 MHz, 124.02 W, 0 %, 539 MiB
2026/09/27 10:22:27.611, 2, 33, 1980 MHz, 119.72 W, 0 %, 539 MiB
2026/09/27 10:22:27.611, 3, 38, 1980 MHz, 130.92 W, 0 %, 539 MiB
2026/09/27 10:22:27.611, 4, 39, 1980 MHz, 130.71 W, 0 %, 539 MiB
2026/09/27 10:22:27.611, 5, 35, 1980 MHz, 124.48 W, 0 %, 539 MiB
2026/09/27 10:22:27.611, 6, 37, 1980 MHz, 130.85 W, 0 %, 539 MiB
2026/09/27 10:22:27.611, 7, 34, 1980 MHz, 130.28 W, 0 %, 539 MiB
2026/09/27 10:22:29.611, 0, 38, 1980 MHz, 129.44 W, 0 %, 559 MiB
2026/09/27 10:22:29.611, 1, 34, 1980 MHz, 124.00 W, 0 %, 539 MiB
2026/09/27 10:22:29.611, 2, 33, 1980 MHz, 119.71 W, 0 %, 539 MiB
2026/09/27 10:22:29.611, 3, 38, 1980 MHz, 130.95 W, 0 %, 539 MiB
2026/09/27 10:22:29.611, 4, 39, 1980 MHz, 130.71 W, 0 %, 539 MiB
2026/09/27 10:22:29.612, 5, 35, 1980 MHz, 124.48 W, 0 %, 539 MiB
2026/09/27 10:22:29.612, 6, 37, 1980 MHz, 130.89 W, 0 %, 539 MiB
2026/09/27 10:22:29.612, 7, 34, 1980 MHz, 130.28 W, 0 %, 539 MiB
2026/09/27 10:22:31.612, 0, 38, 1980 MHz, 129.40 W, 0 %, 559 MiB
2026/09/27 10:22:31.612, 1, 34, 1980 MHz, 123.97 W, 0 %, 539 MiB
2026/09/27 10:22:31.612, 2, 33, 1980 MHz, 119.72 W, 0 %, 539 MiB
2026/09/27 10:22:31.612, 3, 38, 1980 MHz, 130.96 W, 0 %, 539 MiB
2026/09/27 10:22:31.612, 4, 39, 1980 MHz, 130.69 W, 0 %, 539 MiB
2026/09/27 10:22:31.612, 5, 35, 1980 MHz, 124.46 W, 0 %, 539 MiB
2026/09/27 10:22:31.612, 6, 37, 1980 MHz, 130.85 W, 0 %, 539 MiB
2026/09/27 10:22:31.613, 7, 34, 1980 MHz, 130.30 W, 0 %, 539 MiB
2026/09/27 10:22:33.613, 0, 38, 1980 MHz, 129.40 W, 0 %, 559 MiB
2026/09/27 10:22:33.613, 1, 34, 1980 MHz, 124.04 W, 0 %, 539 MiB
2026/09/27 10:22:33.613, 2, 33, 1980 MHz, 119.71 W, 0 %, 539 MiB
2026/09/27 10:22:33.613, 3, 38, 1980 MHz, 130.96 W, 0 %, 539 MiB
2026/09/27 10:22:33.613, 4, 39, 1980 MHz, 130.69 W, 0 %, 539 MiB
2026/09/27 10:22:33.613, 5, 35, 1980 MHz, 124.46 W, 0 %, 539 MiB
2026/09/27 10:22:33.613, 6, 37, 1980 MHz, 130.85 W, 0 %, 539 MiB
2026/09/27 10:22:33.613, 7, 34, 1980 MHz, 130.28 W, 0 %, 539 MiB
2026/09/27 10:22:35.613, 0, 38, 1980 MHz, 129.44 W, 0 %, 559 MiB
2026/09/27 10:22:35.614, 1, 34, 1980 MHz, 123.99 W, 0 %, 539 MiB
2026/09/27 10:22:35.614, 2, 33, 1980 MHz, 119.71 W, 0 %, 539 MiB
2026/09/27 10:22:35.614, 3, 38, 1980 MHz, 130.95 W, 0 %, 539 MiB
2026/09/27 10:22:35.614, 4, 39, 1980 MHz, 130.70 W, 0 %, 539 MiB
2026/09/27 10:22:35.614, 5, 35, 1980 MHz, 124.46 W, 0 %, 539 MiB
2026/09/27 10:22:35.614, 6, 37, 1980 MHz, 130.85 W, 0 %, 539 MiB
2026/09/27 10:22:35.614, 7, 34, 1980 MHz, 130.28 W, 0 %, 539 MiB
2026/09/27 10:22:37.614, 0, 38, 1980 MHz, 129.52 W, 0 %, 559 MiB
2026/09/27 10:22:37.615, 1, 34, 1980 MHz, 124.04 W, 0 %, 539 MiB
2026/09/27 10:22:37.615, 2, 33, 1980 MHz, 119.70 W, 0 %, 539 MiB
2026/09/27 10:22:37.615, 3, 38, 1980 MHz, 130.97 W, 0 %, 539 MiB
2026/09/27 10:22:37.615, 4, 39, 1980 MHz, 130.70 W, 0 %, 539 MiB
2026/09/27 10:22:37.615, 5, 35, 1980 MHz, 124.49 W, 0 %, 539 MiB
2026/09/27 10:22:37.615, 6, 37, 1980 MHz, 130.86 W, 0 %, 539 MiB
2026/09/27 10:22:37.615, 7, 34, 1980 MHz, 130.28 W, 0 %, 539 MiB
2026/09/27 10:22:39.615, 0, 38, 1980 MHz, 129.48 W, 0 %, 559 MiB
2026/09/27 10:22:39.616, 1, 34, 1980 MHz, 123.97 W, 0 %, 539 MiB
2026/09/27 10:22:39.616, 2, 33, 1980 MHz, 119.71 W, 0 %, 539 MiB
2026/09/27 10:22:39.616, 3, 38, 1980 MHz, 130.95 W, 0 %, 539 MiB
2026/09/27 10:22:39.616, 4, 39, 1980 MHz, 130.70 W, 0 %, 539 MiB
2026/09/27 10:22:39.616, 5, 35, 1980 MHz, 124.48 W, 0 %, 539 MiB
2026/09/27 10:22:39.616, 6, 37, 1980 MHz, 130.83 W, 0 %, 539 MiB
2026/09/27 10:22:39.616, 7, 34, 1980 MHz, 130.31 W, 0 %, 539 MiB
2026/09/27 10:22:41.616, 0, 38, 1980 MHz, 129.46 W, 0 %, 559 MiB
2026/09/27 10:22:41.616, 1, 34, 1980 MHz, 124.02 W, 0 %, 539 MiB
2026/09/27 10:22:41.616, 2, 33, 1980 MHz, 119.73 W, 0 %, 539 MiB
2026/09/27 10:22:41.617, 3, 38, 1980 MHz, 130.96 W, 0 %, 539 MiB
2026/09/27 10:22:41.617, 4, 39, 1980 MHz, 130.73 W, 0 %, 539 MiB
2026/09/27 10:22:41.617, 5, 35, 1980 MHz, 124.51 W, 0 %, 539 MiB
2026/09/27 10:22:41.617, 6, 37, 1980 MHz, 130.87 W, 0 %, 539 MiB
2026/09/27 10:22:41.617, 7, 34, 1980 MHz, 130.28 W, 0 %, 539 MiB
2026/09/27 10:22:43.617, 0, 38, 1980 MHz, 129.43 W, 0 %, 559 MiB
2026/09/27 10:22:43.617, 1, 34, 1980 MHz, 123.96 W, 0 %, 539 MiB
2026/09/27 10:22:43.617, 2, 33, 1980 MHz, 119.68 W, 0 %, 539 MiB
2026/09/27 10:22:43.617, 3, 38, 1980 MHz, 130.95 W, 0 %, 539 MiB
2026/09/27 10:22:43.617, 4, 39, 1980 MHz, 130.68 W, 0 %, 539 MiB
2026/09/27 10:22:43.617, 5, 35, 1980 MHz, 124.51 W, 0 %, 539 MiB
2026/09/27 10:22:43.617, 6, 37, 1980 MHz, 130.86 W, 0 %, 539 MiB
2026/09/27 10:22:43.618, 7, 34, 1980 MHz, 130.28 W, 0 %, 539 MiB
2026/09/27 10:22:45.618, 0, 38, 1980 MHz, 129.43 W, 0 %, 559 MiB
2026/09/27 10:22:45.618, 1, 34, 1980 MHz, 123.98 W, 0 %, 539 MiB
2026/09/27 10:22:45.618, 2, 33, 1980 MHz, 119.67 W, 0 %, 539 MiB
2026/09/27 10:22:45.618, 3, 38, 1980 MHz, 130.91 W, 0 %, 539 MiB
2026/09/27 10:22:45.618, 4, 39, 1980 MHz, 130.65 W, 0 %, 539 MiB
2026/09/27 10:22:45.618, 5, 35, 1980 MHz, 124.51 W, 0 %, 539 MiB
2026/09/27 10:22:45.618, 6, 37, 1980 MHz, 130.88 W, 0 %, 539 MiB
2026/09/27 10:22:45.618, 7, 33, 1980 MHz, 130.27 W, 0 %, 539 MiB
2026/09/27 10:22:47.618, 0, 38, 1980 MHz, 129.48 W, 0 %, 559 MiB
2026/09/27 10:22:47.619, 1, 34, 1980 MHz, 123.99 W, 0 %, 539 MiB
2026/09/27 10:22:47.619, 2, 33, 1980 MHz, 119.72 W, 0 %, 539 MiB
2026/09/27 10:22:47.619, 3, 38, 1980 MHz, 130.96 W, 0 %, 539 MiB
2026/09/27 10:22:47.619, 4, 39, 1980 MHz, 130.69 W, 0 %, 539 MiB
2026/09/27 10:22:47.619, 5, 35, 1980 MHz, 124.47 W, 0 %, 539 MiB
2026/09/27 10:22:47.619, 6, 37, 1980 MHz, 130.84 W, 0 %, 539 MiB
2026/09/27 10:22:47.619, 7, 33, 1980 MHz, 130.30 W, 0 %, 539 MiB
2026/09/27 10:22:49.619, 0, 38, 1980 MHz, 129.48 W, 0 %, 559 MiB
2026/09/27 10:22:49.619, 1, 34, 1980 MHz, 123.99 W, 0 %, 539 MiB
2026/09/27 10:22:49.620, 2, 33, 1980 MHz, 119.69 W, 0 %, 539 MiB
2026/09/27 10:22:49.620, 3, 38, 1980 MHz, 130.95 W, 0 %, 539 MiB
2026/09/27 10:22:49.620, 4, 39, 1980 MHz, 130.68 W, 0 %, 539 MiB
2026/09/27 10:22:49.620, 5, 35, 1980 MHz, 124.49 W, 0 %, 539 MiB
2026/09/27 10:22:49.620, 6, 37, 1980 MHz, 130.87 W, 0 %, 539 MiB
2026/09/27 10:22:49.620, 7, 34, 1980 MHz, 130.25 W, 0 %, 539 MiB
2026/09/27 10:22:51.621, 0, 38, 1980 MHz, 129.46 W, 0 %, 559 MiB
2026/09/27 10:22:51.621, 1, 34, 1980 MHz, 124.00 W, 0 %, 539 MiB
2026/09/27 10:22:51.621, 2, 33, 1980 MHz, 119.71 W, 0 %, 539 MiB
2026/09/27 10:22:51.621, 3, 38, 1980 MHz, 130.96 W, 0 %, 539 MiB
2026/09/27 10:22:51.621, 4, 39, 1980 MHz, 130.68 W, 0 %, 539 MiB
2026/09/27 10:22:51.621, 5, 35, 1980 MHz, 124.48 W, 0 %, 539 MiB
2026/09/27 10:22:51.621, 6, 37, 1980 MHz, 130.89 W, 0 %, 539 MiB
2026/09/27 10:22:51.621, 7, 34, 1980 MHz, 130.28 W, 0 %, 539 MiB
2026/09/27 10:22:53.621, 0, 38, 1980 MHz, 129.46 W, 0 %, 559 MiB
2026/09/27 10:22:53.621, 1, 34, 1980 MHz, 123.99 W, 0 %, 539 MiB
2026/09/27 10:22:53.622, 2, 33, 1980 MHz, 119.71 W, 0 %, 539 MiB
2026/09/27 10:22:53.622, 3, 38, 1980 MHz, 130.95 W, 0 %, 539 MiB
2026/09/27 10:22:53.622, 4, 39, 1980 MHz, 130.74 W, 0 %, 539 MiB
2026/09/27 10:22:53.622, 5, 35, 1980 MHz, 124.49 W, 0 %, 539 MiB
2026/09/27 10:22:53.622, 6, 37, 1980 MHz, 130.90 W, 0 %, 539 MiB
2026/09/27 10:22:53.622, 7, 33, 1980 MHz, 130.25 W, 0 %, 539 MiB
2026/09/27 10:22:55.622, 0, 38, 1980 MHz, 129.46 W, 0 %, 559 MiB
2026/09/27 10:22:55.622, 1, 34, 1980 MHz, 123.96 W, 0 %, 539 MiB
2026/09/27 10:22:55.622, 2, 33, 1980 MHz, 119.75 W, 0 %, 539 MiB
2026/09/27 10:22:55.622, 3, 38, 1980 MHz, 130.94 W, 0 %, 539 MiB
2026/09/27 10:22:55.622, 4, 39, 1980 MHz, 130.71 W, 0 %, 539 MiB
2026/09/27 10:22:55.623, 5, 35, 1980 MHz, 124.49 W, 0 %, 539 MiB
2026/09/27 10:22:55.623, 6, 37, 1980 MHz, 130.88 W, 0 %, 539 MiB
2026/09/27 10:22:55.623, 7, 34, 1980 MHz, 130.28 W, 0 %, 539 MiB
2026/09/27 10:22:57.623, 0, 38, 1980 MHz, 129.46 W, 0 %, 559 MiB
2026/09/27 10:22:57.623, 1, 34, 1980 MHz, 124.01 W, 0 %, 539 MiB
2026/09/27 10:22:57.623, 2, 33, 1980 MHz, 119.71 W, 0 %, 539 MiB
2026/09/27 10:22:57.623, 3, 38, 1980 MHz, 130.94 W, 0 %, 539 MiB
2026/09/27 10:22:57.623, 4, 39, 1980 MHz, 130.69 W, 0 %, 539 MiB
2026/09/27 10:22:57.623, 5, 35, 1980 MHz, 124.43 W, 0 %, 539 MiB
2026/09/27 10:22:57.623, 6, 37, 1980 MHz, 130.86 W, 0 %, 539 MiB
2026/09/27 10:22:57.623, 7, 34, 1980 MHz, 130.27 W, 0 %, 539 MiB
2026/09/27 10:22:59.624, 0, 38, 1980 MHz, 129.45 W, 0 %, 559 MiB
2026/09/27 10:22:59.624, 1, 34, 1980 MHz, 123.98 W, 0 %, 539 MiB
2026/09/27 10:22:59.624, 2, 33, 1980 MHz, 119.69 W, 0 %, 539 MiB
2026/09/27 10:22:59.624, 3, 38, 1980 MHz, 130.93 W, 0 %, 539 MiB
2026/09/27 10:22:59.624, 4, 39, 1980 MHz, 130.67 W, 0 %, 539 MiB
2026/09/27 10:22:59.624, 5, 35, 1980 MHz, 124.47 W, 0 %, 539 MiB
2026/09/27 10:22:59.624, 6, 37, 1980 MHz, 130.88 W, 0 %, 539 MiB
2026/09/27 10:22:59.624, 7, 33, 1980 MHz, 130.28 W, 0 %, 539 MiB
2026/09/27 10:23:01.624, 0, 38, 1980 MHz, 129.45 W, 0 %, 559 MiB
2026/09/27 10:23:01.625, 1, 34, 1980 MHz, 124.02 W, 0 %, 539 MiB
2026/09/27 10:23:01.625, 2, 33, 1980 MHz, 119.72 W, 0 %, 539 MiB
2026/09/27 10:23:01.625, 3, 38, 1980 MHz, 130.92 W, 0 %, 539 MiB
2026/09/27 10:23:01.625, 4, 39, 1980 MHz, 130.67 W, 0 %, 539 MiB
2026/09/27 10:23:01.625, 5, 35, 1980 MHz, 124.46 W, 0 %, 539 MiB
2026/09/27 10:23:01.625, 6, 37, 1980 MHz, 130.82 W, 0 %, 539 MiB
2026/09/27 10:23:01.625, 7, 34, 1980 MHz, 130.26 W, 0 %, 539 MiB
2026/09/27 10:23:03.625, 0, 38, 1980 MHz, 129.43 W, 0 %, 559 MiB
2026/09/27 10:23:03.625, 1, 34, 1980 MHz, 124.02 W, 0 %, 539 MiB
2026/09/27 10:23:03.626, 2, 33, 1980 MHz, 119.69 W, 0 %, 539 MiB
2026/09/27 10:23:03.626, 3, 38, 1980 MHz, 130.94 W, 0 %, 539 MiB
2026/09/27 10:23:03.626, 4, 39, 1980 MHz, 130.68 W, 0 %, 539 MiB
2026/09/27 10:23:03.626, 5, 35, 1980 MHz, 124.46 W, 0 %, 539 MiB
2026/09/27 10:23:03.626, 6, 37, 1980 MHz, 130.85 W, 0 %, 539 MiB
2026/09/27 10:23:03.626, 7, 34, 1980 MHz, 130.28 W, 0 %, 539 MiB
2026/09/27 10:23:05.626, 0, 38, 1980 MHz, 129.46 W, 0 %, 559 MiB
2026/09/27 10:23:05.626, 1, 34, 1980 MHz, 124.04 W, 0 %, 539 MiB
2026/09/27 10:23:05.626, 2, 33, 1980 MHz, 119.69 W, 0 %, 539 MiB
2026/09/27 10:23:05.626, 3, 38, 1980 MHz, 130.94 W, 0 %, 539 MiB
2026/09/27 10:23:05.626, 4, 39, 1980 MHz, 130.65 W, 0 %, 539 MiB
2026/09/27 10:23:05.626, 5, 35, 1980 MHz, 124.51 W, 0 %, 539 MiB
2026/09/27 10:23:05.627, 6, 37, 1980 MHz, 130.86 W, 0 %, 539 MiB
2026/09/27 10:23:05.627, 7, 34, 1980 MHz, 130.27 W, 0 %, 539 MiB
2026/09/27 10:23:07.627, 0, 38, 1980 MHz, 129.44 W, 0 %, 559 MiB
2026/09/27 10:23:07.627, 1, 34, 1980 MHz, 123.95 W, 0 %, 539 MiB
2026/09/27 10:23:07.627, 2, 33, 1980 MHz, 119.72 W, 0 %, 539 MiB
2026/09/27 10:23:07.627, 3, 38, 1980 MHz, 130.92 W, 0 %, 539 MiB
2026/09/27 10:23:07.627, 4, 39, 1980 MHz, 130.68 W, 0 %, 539 MiB
2026/09/27 10:23:07.627, 5, 35, 1980 MHz, 124.47 W, 0 %, 539 MiB
2026/09/27 10:23:07.627, 6, 37, 1980 MHz, 130.86 W, 0 %, 539 MiB
2026/09/27 10:23:07.627, 7, 34, 1980 MHz, 130.30 W, 0 %, 539 MiB
2026/09/27 10:23:09.628, 0, 38, 1980 MHz, 129.45 W, 0 %, 559 MiB
2026/09/27 10:23:09.628, 1, 34, 1980 MHz, 124.05 W, 0 %, 539 MiB
2026/09/27 10:23:09.628, 2, 33, 1980 MHz, 119.69 W, 0 %, 539 MiB
2026/09/27 10:23:09.628, 3, 38, 1980 MHz, 130.93 W, 0 %, 539 MiB
2026/09/27 10:23:09.628, 4, 39, 1980 MHz, 130.69 W, 0 %, 539 MiB
2026/09/27 10:23:09.628, 5, 35, 1980 MHz, 124.43 W, 0 %, 539 MiB
2026/09/27 10:23:09.628, 6, 37, 1980 MHz, 130.83 W, 0 %, 539 MiB
2026/09/27 10:23:09.628, 7, 33, 1980 MHz, 130.29 W, 0 %, 539 MiB
2026/09/27 10:23:11.628, 0, 38, 1980 MHz, 129.44 W, 0 %, 559 MiB
2026/09/27 10:23:11.628, 1, 34, 1980 MHz, 124.02 W, 0 %, 539 MiB
2026/09/27 10:23:11.628, 2, 33, 1980 MHz, 119.69 W, 0 %, 539 MiB
2026/09/27 10:23:11.629, 3, 38, 1980 MHz, 130.95 W, 0 %, 539 MiB
2026/09/27 10:23:11.629, 4, 39, 1980 MHz, 130.66 W, 0 %, 539 MiB
2026/09/27 10:23:11.629, 5, 35, 1980 MHz, 124.50 W, 0 %, 539 MiB
2026/09/27 10:23:11.629, 6, 37, 1980 MHz, 130.82 W, 0 %, 539 MiB
2026/09/27 10:23:11.629, 7, 34, 1980 MHz, 130.28 W, 0 %, 539 MiB
2026/09/27 10:23:13.629, 0, 38, 1980 MHz, 129.43 W, 0 %, 559 MiB
2026/09/27 10:23:13.629, 1, 34, 1980 MHz, 123.95 W, 0 %, 539 MiB
2026/09/27 10:23:13.629, 2, 33, 1980 MHz, 119.72 W, 0 %, 539 MiB
2026/09/27 10:23:13.629, 3, 38, 1980 MHz, 130.94 W, 0 %, 539 MiB
2026/09/27 10:23:13.629, 4, 39, 1980 MHz, 130.68 W, 0 %, 539 MiB
2026/09/27 10:23:13.629, 5, 35, 1980 MHz, 124.49 W, 0 %, 539 MiB
2026/09/27 10:23:13.630, 6, 37, 1980 MHz, 130.84 W, 0 %, 539 MiB
2026/09/27 10:23:13.630, 7, 34, 1980 MHz, 130.27 W, 0 %, 539 MiB
2026/09/27 10:23:15.630, 0, 38, 1980 MHz, 129.40 W, 0 %, 559 MiB
2026/09/27 10:23:15.630, 1, 34, 1980 MHz, 123.93 W, 0 %, 539 MiB
2026/09/27 10:23:15.630, 2, 33, 1980 MHz, 119.73 W, 0 %, 539 MiB
2026/09/27 10:23:15.630, 3, 38, 1980 MHz, 130.95 W, 0 %, 539 MiB
2026/09/27 10:23:15.630, 4, 39, 1980 MHz, 130.72 W, 0 %, 539 MiB
2026/09/27 10:23:15.630, 5, 35, 1980 MHz, 124.51 W, 0 %, 539 MiB
2026/09/27 10:23:15.630, 6, 37, 1980 MHz, 130.85 W, 0 %, 539 MiB
2026/09/27 10:23:15.630, 7, 34, 1980 MHz, 130.30 W, 0 %, 539 MiB
2026/09/27 10:23:17.631, 0, 38, 1980 MHz, 129.43 W, 0 %, 559 MiB
2026/09/27 10:23:17.631, 1, 34, 1980 MHz, 124.03 W, 0 %, 539 MiB
2026/09/27 10:23:17.631, 2, 33, 1980 MHz, 119.70 W, 0 %, 539 MiB
2026/09/27 10:23:17.631, 3, 38, 1980 MHz, 130.96 W, 0 %, 539 MiB
2026/09/27 10:23:17.631, 4, 39, 1980 MHz, 130.70 W, 0 %, 539 MiB
2026/09/27 10:23:17.631, 5, 35, 1980 MHz, 124.48 W, 0 %, 539 MiB
2026/09/27 10:23:17.631, 6, 37, 1980 MHz, 130.86 W, 0 %, 539 MiB
2026/09/27 10:23:17.631, 7, 33, 1980 MHz, 130.27 W, 0 %, 539 MiB
2026/09/27 10:23:19.631, 0, 38, 1980 MHz, 129.43 W, 0 %, 559 MiB
2026/09/27 10:23:19.631, 1, 34, 1980 MHz, 124.01 W, 0 %, 539 MiB
2026/09/27 10:23:19.632, 2, 33, 1980 MHz, 119.71 W, 0 %, 539 MiB
2026/09/27 10:23:19.632, 3, 38, 1980 MHz, 130.96 W, 0 %, 539 MiB
2026/09/27 10:23:19.632, 4, 39, 1980 MHz, 130.66 W, 0 %, 539 MiB
2026/09/27 10:23:19.632, 5, 35, 1980 MHz, 124.47 W, 0 %, 539 MiB
2026/09/27 10:23:19.632, 6, 37, 1980 MHz, 130.86 W, 0 %, 539 MiB
2026/09/27 10:23:19.632, 7, 34, 1980 MHz, 130.27 W, 0 %, 539 MiB
2026/09/27 10:23:21.632, 0, 38, 1980 MHz, 129.41 W, 0 %, 559 MiB
2026/09/27 10:23:21.632, 1, 34, 1980 MHz, 124.02 W, 0 %, 539 MiB
2026/09/27 10:23:21.632, 2, 33, 1980 MHz, 119.70 W, 0 %, 539 MiB
2026/09/27 10:23:21.632, 3, 38, 1980 MHz, 130.93 W, 0 %, 539 MiB
2026/09/27 10:23:21.632, 4, 39, 1980 MHz, 130.67 W, 0 %, 539 MiB
2026/09/27 10:23:21.632, 5, 35, 1980 MHz, 124.48 W, 0 %, 539 MiB
2026/09/27 10:23:21.633, 6, 37, 1980 MHz, 130.84 W, 0 %, 539 MiB
2026/09/27 10:23:21.633, 7, 33, 1980 MHz, 130.30 W, 0 %, 539 MiB
2026/09/27 10:23:23.633, 0, 38, 1980 MHz, 129.38 W, 0 %, 559 MiB
2026/09/27 10:23:23.633, 1, 34, 1980 MHz, 124.02 W, 0 %, 539 MiB
2026/09/27 10:23:23.633, 2, 33, 1980 MHz, 119.72 W, 0 %, 539 MiB
2026/09/27 10:23:23.633, 3, 38, 1980 MHz, 130.96 W, 0 %, 539 MiB
2026/09/27 10:23:23.633, 4, 39, 1980 MHz, 130.68 W, 0 %, 539 MiB
2026/09/27 10:23:23.633, 5, 35, 1980 MHz, 124.47 W, 0 %, 539 MiB
2026/09/27 10:23:23.633, 6, 37, 1980 MHz, 130.87 W, 0 %, 539 MiB
2026/09/27 10:23:23.633, 7, 33, 1980 MHz, 130.29 W, 0 %, 539 MiB
2026/09/27 10:23:25.634, 0, 38, 1980 MHz, 129.42 W, 0 %, 559 MiB
2026/09/27 10:23:25.634, 1, 34, 1980 MHz, 124.02 W, 0 %, 539 MiB
2026/09/27 10:23:25.634, 2, 33, 1980 MHz, 119.72 W, 0 %, 539 MiB
2026/09/27 10:23:25.634, 3, 38, 1980 MHz, 130.98 W, 0 %, 539 MiB
2026/09/27 10:23:25.634, 4, 39, 1980 MHz, 130.66 W, 0 %, 539 MiB
2026/09/27 10:23:25.634, 5, 35, 1980 MHz, 124.48 W, 0 %, 539 MiB
2026/09/27 10:23:25.634, 6, 37, 1980 MHz, 130.84 W, 0 %, 539 MiB
2026/09/27 10:23:25.634, 7, 34, 1980 MHz, 130.30 W, 0 %, 539 MiB
2026/09/27 10:23:27.634, 0, 38, 1980 MHz, 129.40 W, 0 %, 559 MiB
2026/09/27 10:23:27.634, 1, 34, 1980 MHz, 124.05 W, 0 %, 539 MiB
2026/09/27 10:23:27.634, 2, 33, 1980 MHz, 119.72 W, 0 %, 539 MiB
2026/09/27 10:23:27.634, 3, 38, 1980 MHz, 130.98 W, 0 %, 539 MiB
2026/09/27 10:23:27.635, 4, 39, 1980 MHz, 130.63 W, 0 %, 539 MiB
2026/09/27 10:23:27.635, 5, 35, 1980 MHz, 124.48 W, 0 %, 539 MiB
2026/09/27 10:23:27.635, 6, 37, 1980 MHz, 130.87 W, 0 %, 539 MiB
2026/09/27 10:23:27.635, 7, 33, 1980 MHz, 130.25 W, 0 %, 539 MiB
2026/09/27 10:23:29.635, 0, 38, 1980 MHz, 129.43 W, 0 %, 559 MiB
2026/09/27 10:23:29.635, 1, 34, 1980 MHz, 124.01 W, 0 %, 539 MiB
2026/09/27 10:23:29.635, 2, 33, 1980 MHz, 119.70 W, 0 %, 539 MiB
2026/09/27 10:23:29.635, 3, 38, 1980 MHz, 130.94 W, 0 %, 539 MiB
2026/09/27 10:23:29.635, 4, 39, 1980 MHz, 130.66 W, 0 %, 539 MiB
2026/09/27 10:23:29.635, 5, 35, 1980 MHz, 124.46 W, 0 %, 539 MiB
2026/09/27 10:23:29.635, 6, 37, 1980 MHz, 130.82 W, 0 %, 539 MiB
2026/09/27 10:23:29.636, 7, 33, 1980 MHz, 130.29 W, 0 %, 539 MiB
2026/09/27 10:23:31.636, 0, 38, 1980 MHz, 129.41 W, 0 %, 559 MiB
2026/09/27 10:23:31.636, 1, 34, 1980 MHz, 124.00 W, 0 %, 539 MiB
2026/09/27 10:23:31.636, 2, 33, 1980 MHz, 119.72 W, 0 %, 539 MiB
2026/09/27 10:23:31.636, 3, 38, 1980 MHz, 130.94 W, 0 %, 539 MiB
2026/09/27 10:23:31.636, 4, 39, 1980 MHz, 130.65 W, 0 %, 539 MiB
2026/09/27 10:23:31.636, 5, 35, 1980 MHz, 124.49 W, 0 %, 539 MiB
2026/09/27 10:23:31.636, 6, 37, 1980 MHz, 130.87 W, 0 %, 539 MiB
2026/09/27 10:23:31.636, 7, 33, 1980 MHz, 130.26 W, 0 %, 539 MiB
2026/09/27 10:23:33.636, 0, 38, 1980 MHz, 129.43 W, 0 %, 559 MiB
2026/09/27 10:23:33.636, 1, 34, 1980 MHz, 124.00 W, 0 %, 539 MiB
2026/09/27 10:23:33.637, 2, 33, 1980 MHz, 119.67 W, 0 %, 539 MiB
2026/09/27 10:23:33.637, 3, 38, 1980 MHz, 130.94 W, 0 %, 539 MiB
2026/09/27 10:23:33.637, 4, 39, 1980 MHz, 130.66 W, 0 %, 539 MiB
2026/09/27 10:23:33.637, 5, 35, 1980 MHz, 124.52 W, 0 %, 539 MiB
2026/09/27 10:23:33.637, 6, 37, 1980 MHz, 130.84 W, 0 %, 539 MiB
2026/09/27 10:23:33.637, 7, 34, 1980 MHz, 130.26 W, 0 %, 539 MiB
2026/09/27 10:23:35.637, 0, 38, 1980 MHz, 129.43 W, 0 %, 559 MiB
2026/09/27 10:23:35.637, 1, 34, 1980 MHz, 123.98 W, 0 %, 539 MiB
2026/09/27 10:23:35.637, 2, 33, 1980 MHz, 119.70 W, 0 %, 539 MiB
2026/09/27 10:23:35.637, 3, 38, 1980 MHz, 130.92 W, 0 %, 539 MiB
2026/09/27 10:23:35.637, 4, 39, 1980 MHz, 130.68 W, 0 %, 539 MiB
2026/09/27 10:23:35.638, 5, 35, 1980 MHz, 124.49 W, 0 %, 539 MiB
2026/09/27 10:23:35.638, 6, 37, 1980 MHz, 130.91 W, 0 %, 539 MiB
2026/09/27 10:23:35.638, 7, 34, 1980 MHz, 130.24 W, 0 %, 539 MiB
2026/09/27 10:23:37.638, 0, 38, 1980 MHz, 129.39 W, 0 %, 559 MiB
2026/09/27 10:23:37.638, 1, 34, 1980 MHz, 124.02 W, 0 %, 539 MiB
2026/09/27 10:23:37.638, 2, 33, 1980 MHz, 119.70 W, 0 %, 539 MiB
2026/09/27 10:23:37.638, 3, 38, 1980 MHz, 130.94 W, 0 %, 539 MiB
2026/09/27 10:23:37.638, 4, 39, 1980 MHz, 130.68 W, 0 %, 539 MiB
2026/09/27 10:23:37.638, 5, 35, 1980 MHz, 124.51 W, 0 %, 539 MiB
2026/09/27 10:23:37.638, 6, 37, 1980 MHz, 130.87 W, 0 %, 539 MiB
2026/09/27 10:23:37.639, 7, 33, 1980 MHz, 130.32 W, 0 %, 539 MiB
2026/09/27 10:23:39.639, 0, 38, 1980 MHz, 129.46 W, 0 %, 559 MiB
2026/09/27 10:23:39.639, 1, 34, 1980 MHz, 124.01 W, 0 %, 539 MiB
2026/09/27 10:23:39.639, 2, 33, 1980 MHz, 119.72 W, 0 %, 539 MiB
2026/09/27 10:23:39.639, 3, 38, 1980 MHz, 130.96 W, 0 %, 539 MiB
2026/09/27 10:23:39.639, 4, 39, 1980 MHz, 130.66 W, 0 %, 539 MiB
2026/09/27 10:23:39.639, 5, 35, 1980 MHz, 124.51 W, 0 %, 539 MiB
2026/09/27 10:23:39.639, 6, 37, 1980 MHz, 130.91 W, 0 %, 539 MiB
2026/09/27 10:23:39.639, 7, 34, 1980 MHz, 130.88 W, 0 %, 539 MiB
2026/09/27 10:23:41.639, 0, 38, 1980 MHz, 129.41 W, 0 %, 559 MiB
2026/09/27 10:23:41.640, 1, 34, 1980 MHz, 123.97 W, 0 %, 539 MiB
2026/09/27 10:23:41.640, 2, 33, 1980 MHz, 119.69 W, 0 %, 539 MiB
2026/09/27 10:23:41.640, 3, 38, 1980 MHz, 130.94 W, 0 %, 539 MiB
2026/09/27 10:23:41.640, 4, 39, 1980 MHz, 130.66 W, 0 %, 539 MiB
2026/09/27 10:23:41.640, 5, 35, 1980 MHz, 124.46 W, 0 %, 539 MiB
2026/09/27 10:23:41.640, 6, 37, 1980 MHz, 130.84 W, 0 %, 539 MiB
2026/09/27 10:23:41.640, 7, 34, 1980 MHz, 130.99 W, 0 %, 539 MiB
2026/09/27 10:23:43.640, 0, 38, 1980 MHz, 129.44 W, 0 %, 559 MiB
2026/09/27 10:23:43.640, 1, 34, 1980 MHz, 123.96 W, 0 %, 539 MiB
2026/09/27 10:23:43.640, 2, 33, 1980 MHz, 119.71 W, 0 %, 539 MiB
2026/09/27 10:23:43.640, 3, 38, 1980 MHz, 130.94 W, 0 %, 539 MiB
2026/09/27 10:23:43.640, 4, 39, 1980 MHz, 130.70 W, 0 %, 539 MiB
2026/09/27 10:23:43.641, 5, 35, 1980 MHz, 124.48 W, 0 %, 539 MiB
2026/09/27 10:23:43.641, 6, 37, 1980 MHz, 130.85 W, 0 %, 539 MiB
2026/09/27 10:23:43.641, 7, 34, 1980 MHz, 130.95 W, 0 %, 539 MiB
2026/09/27 10:23:45.641, 0, 38, 1980 MHz, 129.45 W, 0 %, 559 MiB
2026/09/27 10:23:45.641, 1, 34, 1980 MHz, 124.04 W, 0 %, 539 MiB
2026/09/27 10:23:45.641, 2, 33, 1980 MHz, 119.73 W, 0 %, 539 MiB
2026/09/27 10:23:45.641, 3, 38, 1980 MHz, 130.94 W, 0 %, 539 MiB
2026/09/27 10:23:45.641, 4, 39, 1980 MHz, 130.69 W, 0 %, 539 MiB
2026/09/27 10:23:45.641, 5, 35, 1980 MHz, 124.47 W, 0 %, 539 MiB
2026/09/27 10:23:45.641, 6, 37, 1980 MHz, 130.85 W, 0 %, 539 MiB
2026/09/27 10:23:45.641, 7, 34, 1980 MHz, 131.01 W, 0 %, 539 MiB
2026/09/27 10:23:47.642, 0, 38, 1980 MHz, 129.43 W, 0 %, 559 MiB
2026/09/27 10:23:47.642, 1, 34, 1980 MHz, 124.00 W, 0 %, 539 MiB
2026/09/27 10:23:47.642, 2, 33, 1980 MHz, 119.72 W, 0 %, 539 MiB
2026/09/27 10:23:47.642, 3, 38, 1980 MHz, 130.94 W, 0 %, 539 MiB
2026/09/27 10:23:47.642, 4, 39, 1980 MHz, 130.68 W, 0 %, 539 MiB
2026/09/27 10:23:47.642, 5, 35, 1980 MHz, 124.47 W, 0 %, 539 MiB
2026/09/27 10:23:47.642, 6, 37, 1980 MHz, 130.86 W, 0 %, 539 MiB
2026/09/27 10:23:47.642, 7, 34, 1980 MHz, 130.95 W, 0 %, 539 MiB
2026/09/27 10:23:49.642, 0, 38, 1980 MHz, 129.44 W, 0 %, 559 MiB
2026/09/27 10:23:49.643, 1, 34, 1980 MHz, 123.99 W, 0 %, 539 MiB
2026/09/27 10:23:49.643, 2, 33, 1980 MHz, 119.71 W, 0 %, 539 MiB
2026/09/27 10:23:49.643, 3, 38, 1980 MHz, 130.92 W, 0 %, 539 MiB
2026/09/27 10:23:49.643, 4, 39, 1980 MHz, 130.70 W, 0 %, 539 MiB
2026/09/27 10:23:49.643, 5, 35, 1980 MHz, 124.44 W, 0 %, 539 MiB
2026/09/27 10:23:49.643, 6, 37, 1980 MHz, 130.89 W, 0 %, 539 MiB
2026/09/27 10:23:49.643, 7, 34, 1980 MHz, 130.96 W, 0 %, 539 MiB
2026/09/27 10:23:51.643, 0, 38, 1980 MHz, 129.44 W, 0 %, 559 MiB
2026/09/27 10:23:51.643, 1, 34, 1980 MHz, 123.96 W, 0 %, 539 MiB
2026/09/27 10:23:51.643, 2, 33, 1980 MHz, 119.69 W, 0 %, 539 MiB
2026/09/27 10:23:51.643, 3, 38, 1980 MHz, 130.93 W, 0 %, 539 MiB
2026/09/27 10:23:51.643, 4, 39, 1980 MHz, 130.69 W, 0 %, 539 MiB
2026/09/27 10:23:51.644, 5, 35, 1980 MHz, 124.45 W, 0 %, 539 MiB
2026/09/27 10:23:51.644, 6, 37, 1980 MHz, 131.51 W, 0 %, 539 MiB
2026/09/27 10:23:51.644, 7, 34, 1980 MHz, 130.98 W, 0 %, 539 MiB
2026/09/27 10:23:53.644, 0, 38, 1980 MHz, 129.42 W, 0 %, 559 MiB
2026/09/27 10:23:53.644, 1, 34, 1980 MHz, 123.92 W, 0 %, 539 MiB
2026/09/27 10:23:53.644, 2, 33, 1980 MHz, 119.70 W, 0 %, 539 MiB
2026/09/27 10:23:53.644, 3, 38, 1980 MHz, 130.94 W, 0 %, 539 MiB
2026/09/27 10:23:53.644, 4, 39, 1980 MHz, 130.66 W, 0 %, 539 MiB
2026/09/27 10:23:53.644, 5, 35, 1980 MHz, 124.45 W, 0 %, 539 MiB
2026/09/27 10:23:53.644, 6, 37, 1980 MHz, 131.06 W, 0 %, 539 MiB
2026/09/27 10:23:53.644, 7, 34, 1980 MHz, 130.98 W, 0 %, 539 MiB
2026/09/27 10:23:55.645, 0, 38, 1980 MHz, 129.45 W, 0 %, 559 MiB
2026/09/27 10:23:55.645, 1, 34, 1980 MHz, 123.99 W, 0 %, 539 MiB
2026/09/27 10:23:55.645, 2, 33, 1980 MHz, 119.70 W, 0 %, 539 MiB
2026/09/27 10:23:55.645, 3, 38, 1980 MHz, 130.91 W, 0 %, 539 MiB
2026/09/27 10:23:55.647, 4, 39, 1980 MHz, 130.69 W, 0 %, 539 MiB
2026/09/27 10:23:55.648, 5, 35, 1980 MHz, 124.47 W, 0 %, 539 MiB
2026/09/27 10:23:55.648, 6, 37, 1980 MHz, 130.89 W, 0 %, 539 MiB
2026/09/27 10:23:55.648, 7, 34, 1980 MHz, 130.93 W, 0 %, 539 MiB
2026/09/27 10:23:57.648, 0, 38, 1980 MHz, 129.44 W, 0 %, 559 MiB
2026/09/27 10:23:57.648, 1, 34, 1980 MHz, 123.96 W, 0 %, 539 MiB
2026/09/27 10:23:57.648, 2, 33, 1980 MHz, 119.69 W, 0 %, 539 MiB
2026/09/27 10:23:57.648, 3, 38, 1980 MHz, 130.92 W, 0 %, 539 MiB
2026/09/27 10:23:57.648, 4, 39, 1980 MHz, 130.69 W, 0 %, 539 MiB
2026/09/27 10:23:57.648, 5, 35, 1980 MHz, 124.46 W, 0 %, 539 MiB
2026/09/27 10:23:57.648, 6, 37, 1980 MHz, 130.87 W, 0 %, 539 MiB
2026/09/27 10:23:57.648, 7, 34, 1980 MHz, 130.97 W, 0 %, 539 MiB
2026/09/27 10:23:59.649, 0, 38, 1980 MHz, 129.43 W, 0 %, 559 MiB
2026/09/27 10:23:59.649, 1, 34, 1980 MHz, 123.98 W, 0 %, 539 MiB
2026/09/27 10:23:59.649, 2, 33, 1980 MHz, 119.72 W, 0 %, 539 MiB
2026/09/27 10:23:59.649, 3, 38, 1980 MHz, 130.92 W, 0 %, 539 MiB
2026/09/27 10:23:59.649, 4, 39, 1980 MHz, 130.69 W, 0 %, 539 MiB
2026/09/27 10:23:59.649, 5, 35, 1980 MHz, 124.47 W, 0 %, 539 MiB
2026/09/27 10:23:59.649, 6, 37, 1980 MHz, 130.85 W, 0 %, 539 MiB
2026/09/27 10:23:59.649, 7, 34, 1980 MHz, 130.94 W, 0 %, 539 MiB
2026/09/27 10:24:01.649, 0, 38, 1980 MHz, 129.43 W, 0 %, 559 MiB
2026/09/27 10:24:01.649, 1, 34, 1980 MHz, 124.00 W, 0 %, 539 MiB
2026/09/27 10:24:01.649, 2, 33, 1980 MHz, 119.72 W, 0 %, 539 MiB
2026/09/27 10:24:01.650, 3, 38, 1980 MHz, 130.87 W, 0 %, 539 MiB
2026/09/27 10:24:01.650, 4, 39, 1980 MHz, 130.66 W, 0 %, 539 MiB
2026/09/27 10:24:01.650, 5, 35, 1980 MHz, 124.47 W, 0 %, 539 MiB
2026/09/27 10:24:01.650, 6, 37, 1980 MHz, 130.86 W, 0 %, 539 MiB
2026/09/27 10:24:01.650, 7, 34, 1980 MHz, 130.97 W, 0 %, 539 MiB
2026/09/27 10:24:03.650, 0, 38, 1980 MHz, 129.42 W, 0 %, 559 MiB
2026/09/27 10:24:03.650, 1, 34, 1980 MHz, 124.00 W, 0 %, 539 MiB
2026/09/27 10:24:03.650, 2, 33, 1980 MHz, 119.68 W, 0 %, 539 MiB
2026/09/27 10:24:03.650, 3, 38, 1980 MHz, 130.92 W, 0 %, 539 MiB
2026/09/27 10:24:03.651, 4, 39, 1980 MHz, 130.66 W, 0 %, 539 MiB
2026/09/27 10:24:03.651, 5, 35, 1980 MHz, 124.49 W, 0 %, 539 MiB
2026/09/27 10:24:03.651, 6, 37, 1980 MHz, 130.88 W, 0 %, 539 MiB
2026/09/27 10:24:03.651, 7, 34, 1980 MHz, 130.96 W, 0 %, 539 MiB
2026/09/27 10:24:05.651, 0, 38, 1980 MHz, 129.41 W, 0 %, 559 MiB
2026/09/27 10:24:05.651, 1, 34, 1980 MHz, 123.99 W, 0 %, 539 MiB
2026/09/27 10:24:05.651, 2, 33, 1980 MHz, 119.70 W, 0 %, 539 MiB
2026/09/27 10:24:05.651, 3, 38, 1980 MHz, 130.93 W, 0 %, 539 MiB
2026/09/27 10:24:05.651, 4, 39, 1980 MHz, 130.65 W, 0 %, 539 MiB
2026/09/27 10:24:05.651, 5, 35, 1980 MHz, 124.52 W, 0 %, 539 MiB
2026/09/27 10:24:05.651, 6, 37, 1980 MHz, 130.88 W, 0 %, 539 MiB
2026/09/27 10:24:05.651, 7, 34, 1980 MHz, 130.95 W, 0 %, 539 MiB
2026/09/27 10:24:07.652, 0, 38, 1980 MHz, 129.44 W, 0 %, 559 MiB
2026/09/27 10:24:07.652, 1, 34, 1980 MHz, 124.00 W, 0 %, 539 MiB
2026/09/27 10:24:07.652, 2, 33, 1980 MHz, 119.71 W, 0 %, 539 MiB
2026/09/27 10:24:07.652, 3, 38, 1980 MHz, 130.95 W, 0 %, 539 MiB
2026/09/27 10:24:07.652, 4, 39, 1980 MHz, 130.68 W, 0 %, 539 MiB
2026/09/27 10:24:07.652, 5, 35, 1980 MHz, 124.51 W, 0 %, 539 MiB
2026/09/27 10:24:07.652, 6, 37, 1980 MHz, 130.84 W, 0 %, 539 MiB
2026/09/27 10:24:07.652, 7, 34, 1980 MHz, 130.95 W, 0 %, 539 MiB
2026/09/27 10:24:09.652, 0, 38, 1980 MHz, 129.43 W, 0 %, 559 MiB
2026/09/27 10:24:09.652, 1, 34, 1980 MHz, 124.02 W, 0 %, 539 MiB
2026/09/27 10:24:09.652, 2, 33, 1980 MHz, 119.74 W, 0 %, 539 MiB
2026/09/27 10:24:09.653, 3, 38, 1980 MHz, 130.91 W, 0 %, 539 MiB
2026/09/27 10:24:09.653, 4, 39, 1980 MHz, 130.66 W, 0 %, 539 MiB
2026/09/27 10:24:09.653, 5, 35, 1980 MHz, 124.50 W, 0 %, 539 MiB
2026/09/27 10:24:09.653, 6, 37, 1980 MHz, 130.89 W, 0 %, 539 MiB
2026/09/27 10:24:09.653, 7, 34, 1980 MHz, 130.98 W, 0 %, 539 MiB
2026/09/27 10:24:11.653, 0, 38, 1980 MHz, 129.40 W, 0 %, 559 MiB
2026/09/27 10:24:11.653, 1, 34, 1980 MHz, 124.02 W, 0 %, 539 MiB
2026/09/27 10:24:11.653, 2, 33, 1980 MHz, 119.73 W, 0 %, 539 MiB
2026/09/27 10:24:11.653, 3, 38, 1980 MHz, 130.94 W, 0 %, 539 MiB
2026/09/27 10:24:11.653, 4, 39, 1980 MHz, 130.68 W, 0 %, 539 MiB
2026/09/27 10:24:11.653, 5, 35, 1980 MHz, 124.48 W, 0 %, 539 MiB
2026/09/27 10:24:11.653, 6, 37, 1980 MHz, 130.81 W, 0 %, 539 MiB
2026/09/27 10:24:11.653, 7, 34, 1980 MHz, 130.98 W, 0 %, 539 MiB
2026/09/27 10:24:13.654, 0, 38, 1980 MHz, 129.40 W, 0 %, 559 MiB
2026/09/27 10:24:13.654, 1, 34, 1980 MHz, 124.03 W, 0 %, 539 MiB
2026/09/27 10:24:13.654, 2, 33, 1980 MHz, 119.69 W, 0 %, 539 MiB
2026/09/27 10:24:13.654, 3, 38, 1980 MHz, 130.94 W, 0 %, 539 MiB
2026/09/27 10:24:13.654, 4, 39, 1980 MHz, 130.67 W, 0 %, 539 MiB
2026/09/27 10:24:13.654, 5, 35, 1980 MHz, 124.49 W, 0 %, 539 MiB
2026/09/27 10:24:13.654, 6, 37, 1980 MHz, 130.89 W, 0 %, 539 MiB
2026/09/27 10:24:13.654, 7, 34, 1980 MHz, 130.97 W, 0 %, 539 MiB
2026/09/27 10:24:15.654, 0, 38, 1980 MHz, 129.43 W, 0 %, 559 MiB
2026/09/27 10:24:15.654, 1, 34, 1980 MHz, 124.04 W, 0 %, 539 MiB
2026/09/27 10:24:15.654, 2, 33, 1980 MHz, 119.72 W, 0 %, 539 MiB
2026/09/27 10:24:15.655, 3, 38, 1980 MHz, 130.93 W, 0 %, 539 MiB
2026/09/27 10:24:15.655, 4, 39, 1980 MHz, 130.68 W, 0 %, 539 MiB
2026/09/27 10:24:15.655, 5, 35, 1980 MHz, 124.48 W, 0 %, 539 MiB
2026/09/27 10:24:15.655, 6, 37, 1980 MHz, 130.86 W, 0 %, 539 MiB
2026/09/27 10:24:15.655, 7, 34, 1980 MHz, 130.96 W, 0 %, 539 MiB
2026/09/27 10:24:17.655, 0, 38, 1980 MHz, 129.40 W, 0 %, 559 MiB
2026/09/27 10:24:17.655, 1, 34, 1980 MHz, 123.97 W, 0 %, 539 MiB
2026/09/27 10:24:17.655, 2, 33, 1980 MHz, 119.72 W, 0 %, 539 MiB
2026/09/27 10:24:17.655, 3, 38, 1980 MHz, 130.95 W, 0 %, 539 MiB
2026/09/27 10:24:17.655, 4, 39, 1980 MHz, 130.68 W, 0 %, 539 MiB
2026/09/27 10:24:17.656, 5, 35, 1980 MHz, 124.47 W, 0 %, 539 MiB
2026/09/27 10:24:17.656, 6, 37, 1980 MHz, 130.88 W, 0 %, 539 MiB
2026/09/27 10:24:17.656, 7, 34, 1980 MHz, 130.96 W, 0 %, 539 MiB
2026/09/27 10:24:19.656, 0, 38, 1980 MHz, 129.42 W, 0 %, 559 MiB
2026/09/27 10:24:19.656, 1, 34, 1980 MHz, 124.02 W, 0 %, 539 MiB
2026/09/27 10:24:19.656, 2, 33, 1980 MHz, 119.72 W, 0 %, 539 MiB
2026/09/27 10:24:19.656, 3, 38, 1980 MHz, 130.95 W, 0 %, 539 MiB
2026/09/27 10:24:19.656, 4, 39, 1980 MHz, 130.69 W, 0 %, 539 MiB
2026/09/27 10:24:19.656, 5, 35, 1980 MHz, 124.49 W, 0 %, 539 MiB
2026/09/27 10:24:19.656, 6, 37, 1980 MHz, 130.79 W, 0 %, 539 MiB
2026/09/27 10:24:19.656, 7, 34, 1980 MHz, 131.02 W, 0 %, 539 MiB
2026/09/27 10:24:21.657, 0, 38, 1980 MHz, 129.44 W, 0 %, 559 MiB
2026/09/27 10:24:21.657, 1, 34, 1980 MHz, 124.04 W, 0 %, 539 MiB
2026/09/27 10:24:21.657, 2, 33, 1980 MHz, 119.72 W, 0 %, 539 MiB
2026/09/27 10:24:21.657, 3, 38, 1980 MHz, 130.94 W, 0 %, 539 MiB
2026/09/27 10:24:21.657, 4, 39, 1980 MHz, 130.68 W, 0 %, 539 MiB
2026/09/27 10:24:21.657, 5, 35, 1980 MHz, 124.49 W, 0 %, 539 MiB
2026/09/27 10:24:21.657, 6, 37, 1980 MHz, 130.87 W, 0 %, 539 MiB
2026/09/27 10:24:21.657, 7, 34, 1980 MHz, 130.99 W, 0 %, 539 MiB
2026/09/27 10:24:23.657, 0, 38, 1980 MHz, 129.41 W, 0 %, 559 MiB
2026/09/27 10:24:23.657, 1, 34, 1980 MHz, 123.98 W, 0 %, 539 MiB
2026/09/27 10:24:23.657, 2, 33, 1980 MHz, 119.69 W, 0 %, 539 MiB
2026/09/27 10:24:23.657, 3, 38, 1980 MHz, 130.91 W, 0 %, 539 MiB
2026/09/27 10:24:23.658, 4, 39, 1980 MHz, 130.70 W, 0 %, 539 MiB
2026/09/27 10:24:23.658, 5, 35, 1980 MHz, 124.44 W, 0 %, 539 MiB
2026/09/27 10:24:23.658, 6, 37, 1980 MHz, 130.84 W, 0 %, 539 MiB
2026/09/27 10:24:23.658, 7, 34, 1980 MHz, 131.00 W, 0 %, 539 MiB
2026/09/27 10:24:25.658, 0, 38, 1980 MHz, 129.43 W, 0 %, 559 MiB
2026/09/27 10:24:25.658, 1, 34, 1980 MHz, 124.04 W, 0 %, 539 MiB
2026/09/27 10:24:25.658, 2, 33, 1980 MHz, 119.72 W, 0 %, 539 MiB
2026/09/27 10:24:25.658, 3, 38, 1980 MHz, 130.94 W, 0 %, 539 MiB
2026/09/27 10:24:25.658, 4, 39, 1980 MHz, 130.71 W, 0 %, 539 MiB
2026/09/27 10:24:25.658, 5, 35, 1980 MHz, 124.49 W, 0 %, 539 MiB
2026/09/27 10:24:25.658, 6, 37, 1980 MHz, 130.86 W, 0 %, 539 MiB
2026/09/27 10:24:25.659, 7, 34, 1980 MHz, 130.97 W, 0 %, 539 MiB
2026/09/27 10:24:27.659, 0, 38, 1980 MHz, 129.42 W, 0 %, 559 MiB
2026/09/27 10:24:27.659, 1, 34, 1980 MHz, 124.00 W, 0 %, 539 MiB
2026/09/27 10:24:27.659, 2, 33, 1980 MHz, 119.72 W, 0 %, 539 MiB
2026/09/27 10:24:27.659, 3, 38, 1980 MHz, 130.93 W, 0 %, 539 MiB
2026/09/27 10:24:27.659, 4, 39, 1980 MHz, 130.64 W, 0 %, 539 MiB
2026/09/27 10:24:27.659, 5, 35, 1980 MHz, 124.51 W, 0 %, 539 MiB
2026/09/27 10:24:27.659, 6, 37, 1980 MHz, 130.87 W, 0 %, 539 MiB
2026/09/27 10:24:27.659, 7, 34, 1980 MHz, 130.99 W, 0 %, 539 MiB
2026/09/27 10:24:29.659, 0, 38, 1980 MHz, 129.44 W, 0 %, 559 MiB
2026/09/27 10:24:29.660, 1, 34, 1980 MHz, 123.96 W, 0 %, 539 MiB
2026/09/27 10:24:29.660, 2, 33, 1980 MHz, 119.72 W, 0 %, 539 MiB
2026/09/27 10:24:29.660, 3, 38, 1980 MHz, 130.93 W, 0 %, 539 MiB
2026/09/27 10:24:29.660, 4, 39, 1980 MHz, 130.70 W, 0 %, 539 MiB
2026/09/27 10:24:29.660, 5, 35, 1980 MHz, 124.51 W, 0 %, 539 MiB
2026/09/27 10:24:29.660, 6, 37, 1980 MHz, 130.91 W, 0 %, 539 MiB
2026/09/27 10:24:29.660, 7, 34, 1980 MHz, 130.97 W, 0 %, 539 MiB
2026/09/27 10:24:31.660, 0, 38, 1980 MHz, 129.41 W, 0 %, 559 MiB
2026/09/27 10:24:31.660, 1, 34, 1980 MHz, 124.03 W, 0 %, 539 MiB
2026/09/27 10:24:31.660, 2, 33, 1980 MHz, 119.72 W, 0 %, 539 MiB
2026/09/27 10:24:31.660, 3, 38, 1980 MHz, 130.88 W, 0 %, 539 MiB
2026/09/27 10:24:31.661, 4, 39, 1980 MHz, 130.69 W, 0 %, 539 MiB
2026/09/27 10:24:31.661, 5, 35, 1980 MHz, 124.50 W, 0 %, 539 MiB
2026/09/27 10:24:31.661, 6, 37, 1980 MHz, 130.88 W, 0 %, 539 MiB
2026/09/27 10:24:31.661, 7, 34, 1980 MHz, 131.00 W, 0 %, 539 MiB
2026/09/27 10:24:33.661, 0, 38, 1980 MHz, 129.44 W, 0 %, 559 MiB
2026/09/27 10:24:33.661, 1, 34, 1980 MHz, 124.03 W, 0 %, 539 MiB
2026/09/27 10:24:33.661, 2, 33, 1980 MHz, 119.74 W, 0 %, 539 MiB
2026/09/27 10:24:33.661, 3, 38, 1980 MHz, 130.92 W, 0 %, 539 MiB
2026/09/27 10:24:33.661, 4, 39, 1980 MHz, 130.65 W, 0 %, 539 MiB
2026/09/27 10:24:33.661, 5, 35, 1980 MHz, 124.52 W, 0 %, 539 MiB
2026/09/27 10:24:33.661, 6, 37, 1980 MHz, 130.88 W, 0 %, 539 MiB
2026/09/27 10:24:33.661, 7, 34, 1980 MHz, 130.97 W, 0 %, 539 MiB
2026/09/27 10:24:35.662, 0, 38, 1980 MHz, 129.41 W, 0 %, 559 MiB
2026/09/27 10:24:35.662, 1, 34, 1980 MHz, 123.99 W, 0 %, 539 MiB
2026/09/27 10:24:35.662, 2, 33, 1980 MHz, 119.74 W, 0 %, 539 MiB
2026/09/27 10:24:35.662, 3, 38, 1980 MHz, 130.98 W, 0 %, 539 MiB
2026/09/27 10:24:35.662, 4, 39, 1980 MHz, 130.70 W, 0 %, 539 MiB
2026/09/27 10:24:35.662, 5, 35, 1980 MHz, 124.54 W, 0 %, 539 MiB
2026/09/27 10:24:35.662, 6, 37, 1980 MHz, 130.89 W, 0 %, 539 MiB
2026/09/27 10:24:35.662, 7, 34, 1980 MHz, 131.01 W, 0 %, 539 MiB
2026/09/27 10:24:37.662, 0, 38, 1980 MHz, 129.46 W, 0 %, 559 MiB
2026/09/27 10:24:37.662, 1, 34, 1980 MHz, 123.99 W, 0 %, 539 MiB
2026/09/27 10:24:37.662, 2, 33, 1980 MHz, 119.72 W, 0 %, 539 MiB
2026/09/27 10:24:37.663, 3, 38, 1980 MHz, 130.93 W, 0 %, 539 MiB
2026/09/27 10:24:37.663, 4, 39, 1980 MHz, 130.72 W, 0 %, 539 MiB
2026/09/27 10:24:37.663, 5, 35, 1980 MHz, 124.54 W, 0 %, 539 MiB
2026/09/27 10:24:37.663, 6, 37, 1980 MHz, 130.86 W, 0 %, 539 MiB
2026/09/27 10:24:37.663, 7, 34, 1980 MHz, 130.97 W, 0 %, 539 MiB
2026/09/27 10:24:39.663, 0, 38, 1980 MHz, 129.42 W, 0 %, 559 MiB
2026/09/27 10:24:39.663, 1, 34, 1980 MHz, 124.01 W, 0 %, 539 MiB
2026/09/27 10:24:39.663, 2, 33, 1980 MHz, 119.75 W, 0 %, 539 MiB
2026/09/27 10:24:39.663, 3, 38, 1980 MHz, 130.92 W, 0 %, 539 MiB
2026/09/27 10:24:39.663, 4, 39, 1980 MHz, 130.73 W, 0 %, 539 MiB
2026/09/27 10:24:39.663, 5, 35, 1980 MHz, 124.51 W, 0 %, 539 MiB
2026/09/27 10:24:39.663, 6, 37, 1980 MHz, 130.90 W, 0 %, 539 MiB
2026/09/27 10:24:39.663, 7, 34, 1980 MHz, 131.01 W, 0 %, 539 MiB
2026/09/27 10:24:41.664, 0, 38, 1980 MHz, 129.42 W, 0 %, 559 MiB
2026/09/27 10:24:41.664, 1, 34, 1980 MHz, 124.05 W, 0 %, 539 MiB
2026/09/27 10:24:41.664, 2, 33, 1980 MHz, 119.70 W, 0 %, 539 MiB
2026/09/27 10:24:41.664, 3, 38, 1980 MHz, 130.96 W, 0 %, 539 MiB
2026/09/27 10:24:41.664, 4, 39, 1980 MHz, 130.73 W, 0 %, 539 MiB
2026/09/27 10:24:41.664, 5, 35, 1980 MHz, 124.50 W, 0 %, 539 MiB
2026/09/27 10:24:41.664, 6, 37, 1980 MHz, 130.89 W, 0 %, 539 MiB
2026/09/27 10:24:41.664, 7, 34, 1980 MHz, 130.99 W, 0 %, 539 MiB
2026/09/27 10:24:43.664, 0, 38, 1980 MHz, 129.44 W, 0 %, 559 MiB
2026/09/27 10:24:43.664, 1, 34, 1980 MHz, 124.03 W, 0 %, 539 MiB
2026/09/27 10:24:43.664, 2, 33, 1980 MHz, 119.72 W, 0 %, 539 MiB
2026/09/27 10:24:43.665, 3, 38, 1980 MHz, 130.92 W, 0 %, 539 MiB
2026/09/27 10:24:43.665, 4, 39, 1980 MHz, 130.69 W, 0 %, 539 MiB
2026/09/27 10:24:43.665, 5, 35, 1980 MHz, 124.50 W, 0 %, 539 MiB
2026/09/27 10:24:43.665, 6, 37, 1980 MHz, 130.87 W, 0 %, 539 MiB
2026/09/27 10:24:43.665, 7, 34, 1980 MHz, 130.99 W, 0 %, 539 MiB
2026/09/27 10:24:45.665, 0, 38, 1980 MHz, 129.45 W, 0 %, 559 MiB
2026/09/27 10:24:45.665, 1, 34, 1980 MHz, 124.04 W, 0 %, 539 MiB
2026/09/27 10:24:45.665, 2, 33, 1980 MHz, 119.72 W, 0 %, 539 MiB
2026/09/27 10:24:45.666, 3, 38, 1980 MHz, 130.93 W, 0 %, 539 MiB
2026/09/27 10:24:45.666, 4, 39, 1980 MHz, 130.70 W, 0 %, 539 MiB
2026/09/27 10:24:45.666, 5, 35, 1980 MHz, 124.51 W, 0 %, 539 MiB
2026/09/27 10:24:45.666, 6, 37, 1980 MHz, 130.85 W, 0 %, 539 MiB
2026/09/27 10:24:45.666, 7, 34, 1980 MHz, 130.98 W, 0 %, 539 MiB
2026/09/27 10:24:47.666, 0, 38, 1980 MHz, 129.46 W, 0 %, 559 MiB
2026/09/27 10:24:47.666, 1, 34, 1980 MHz, 124.00 W, 0 %, 539 MiB
2026/09/27 10:24:47.667, 2, 33, 1980 MHz, 119.74 W, 0 %, 539 MiB
2026/09/27 10:24:47.667, 3, 38, 1980 MHz, 130.90 W, 0 %, 539 MiB
2026/09/27 10:24:47.667, 4, 39, 1980 MHz, 130.66 W, 0 %, 539 MiB
2026/09/27 10:24:47.667, 5, 35, 1980 MHz, 124.50 W, 0 %, 539 MiB
2026/09/27 10:24:47.667, 6, 37, 1980 MHz, 130.88 W, 0 %, 539 MiB
2026/09/27 10:24:47.667, 7, 34, 1980 MHz, 131.00 W, 0 %, 539 MiB
2026/09/27 10:24:49.667, 0, 38, 1980 MHz, 129.41 W, 0 %, 559 MiB
2026/09/27 10:24:49.667, 1, 34, 1980 MHz, 124.03 W, 0 %, 539 MiB
2026/09/27 10:24:49.667, 2, 33, 1980 MHz, 119.73 W, 0 %, 539 MiB
2026/09/27 10:24:49.667, 3, 38, 1980 MHz, 130.92 W, 0 %, 539 MiB
2026/09/27 10:24:49.667, 4, 39, 1980 MHz, 130.71 W, 0 %, 539 MiB
2026/09/27 10:24:49.668, 5, 35, 1980 MHz, 124.49 W, 0 %, 539 MiB
2026/09/27 10:24:49.668, 6, 37, 1980 MHz, 130.87 W, 0 %, 539 MiB
2026/09/27 10:24:49.668, 7, 34, 1980 MHz, 130.97 W, 0 %, 539 MiB
2026/09/27 10:24:51.668, 0, 38, 1980 MHz, 129.43 W, 0 %, 559 MiB
2026/09/27 10:24:51.668, 1, 34, 1980 MHz, 123.96 W, 0 %, 539 MiB
2026/09/27 10:24:51.668, 2, 33, 1980 MHz, 119.71 W, 0 %, 539 MiB
2026/09/27 10:24:51.668, 3, 38, 1980 MHz, 130.95 W, 0 %, 539 MiB
2026/09/27 10:24:51.668, 4, 39, 1980 MHz, 130.69 W, 0 %, 539 MiB
2026/09/27 10:24:51.668, 5, 35, 1980 MHz, 124.51 W, 0 %, 539 MiB
2026/09/27 10:24:51.668, 6, 37, 1980 MHz, 130.94 W, 0 %, 539 MiB
2026/09/27 10:24:51.668, 7, 34, 1980 MHz, 131.00 W, 0 %, 539 MiB
2026/09/27 10:24:53.669, 0, 38, 1980 MHz, 129.47 W, 0 %, 559 MiB
2026/09/27 10:24:53.669, 1, 34, 1980 MHz, 124.07 W, 0 %, 539 MiB
2026/09/27 10:24:53.669, 2, 33, 1980 MHz, 119.71 W, 0 %, 539 MiB
2026/09/27 10:24:53.669, 3, 38, 1980 MHz, 130.96 W, 0 %, 539 MiB
2026/09/27 10:24:53.669, 4, 39, 1980 MHz, 130.69 W, 0 %, 539 MiB
2026/09/27 10:24:53.669, 5, 35, 1980 MHz, 124.50 W, 0 %, 539 MiB
2026/09/27 10:24:53.669, 6, 37, 1980 MHz, 130.89 W, 0 %, 539 MiB
2026/09/27 10:24:53.669, 7, 34, 1980 MHz, 130.99 W, 0 %, 539 MiB
2026/09/27 10:24:55.669, 0, 38, 1980 MHz, 129.42 W, 0 %, 559 MiB
2026/09/27 10:24:55.669, 1, 34, 1980 MHz, 124.01 W, 0 %, 539 MiB
2026/09/27 10:24:55.669, 2, 33, 1980 MHz, 119.75 W, 0 %, 539 MiB
2026/09/27 10:24:55.669, 3, 38, 1980 MHz, 130.93 W, 0 %, 539 MiB
2026/09/27 10:24:55.669, 4, 39, 1980 MHz, 130.70 W, 0 %, 539 MiB
2026/09/27 10:24:55.670, 5, 35, 1980 MHz, 124.52 W, 0 %, 539 MiB
2026/09/27 10:24:55.670, 6, 37, 1980 MHz, 130.85 W, 0 %, 539 MiB
2026/09/27 10:24:55.670, 7, 34, 1980 MHz, 131.01 W, 0 %, 539 MiB
2026/09/27 10:24:57.670, 0, 38, 1980 MHz, 129.45 W, 0 %, 559 MiB
2026/09/27 10:24:57.670, 1, 34, 1980 MHz, 124.06 W, 0 %, 539 MiB
2026/09/27 10:24:57.670, 2, 33, 1980 MHz, 119.74 W, 0 %, 539 MiB
2026/09/27 10:24:57.670, 3, 38, 1980 MHz, 130.96 W, 0 %, 539 MiB
2026/09/27 10:24:57.670, 4, 39, 1980 MHz, 130.72 W, 0 %, 539 MiB
2026/09/27 10:24:57.670, 5, 35, 1980 MHz, 124.53 W, 0 %, 539 MiB
2026/09/27 10:24:57.670, 6, 37, 1980 MHz, 130.90 W, 0 %, 539 MiB
2026/09/27 10:24:57.670, 7, 34, 1980 MHz, 130.97 W, 0 %, 539 MiB
2026/09/27 10:24:59.671, 0, 38, 1980 MHz, 129.43 W, 0 %, 559 MiB
2026/09/27 10:24:59.671, 1, 34, 1980 MHz, 124.04 W, 0 %, 539 MiB
2026/09/27 10:24:59.671, 2, 33, 1980 MHz, 119.72 W, 0 %, 539 MiB
2026/09/27 10:24:59.671, 3, 38, 1980 MHz, 130.93 W, 0 %, 539 MiB
2026/09/27 10:24:59.671, 4, 39, 1980 MHz, 130.71 W, 0 %, 539 MiB
2026/09/27 10:24:59.671, 5, 35, 1980 MHz, 124.50 W, 0 %, 539 MiB
2026/09/27 10:24:59.671, 6, 37, 1980 MHz, 130.90 W, 0 %, 539 MiB
2026/09/27 10:24:59.671, 7, 34, 1980 MHz, 130.96 W, 0 %, 539 MiB
2026/09/27 10:25:01.671, 0, 38, 1980 MHz, 129.47 W, 0 %, 559 MiB
2026/09/27 10:25:01.671, 1, 34, 1980 MHz, 124.03 W, 0 %, 539 MiB
2026/09/27 10:25:01.672, 2, 33, 1980 MHz, 119.73 W, 0 %, 539 MiB
2026/09/27 10:25:01.672, 3, 38, 1980 MHz, 130.96 W, 0 %, 539 MiB
2026/09/27 10:25:01.672, 4, 39, 1980 MHz, 130.69 W, 0 %, 539 MiB
2026/09/27 10:25:01.672, 5, 35, 1980 MHz, 124.54 W, 0 %, 539 MiB
2026/09/27 10:25:01.672, 6, 37, 1980 MHz, 130.94 W, 0 %, 539 MiB
2026/09/27 10:25:01.672, 7, 34, 1980 MHz, 131.03 W, 0 %, 539 MiB
2026/09/27 10:25:03.672, 0, 38, 1980 MHz, 129.48 W, 0 %, 559 MiB
2026/09/27 10:25:03.672, 1, 34, 1980 MHz, 123.97 W, 0 %, 539 MiB
2026/09/27 10:25:03.672, 2, 33, 1980 MHz, 119.74 W, 0 %, 539 MiB
2026/09/27 10:25:03.673, 3, 38, 1980 MHz, 130.95 W, 0 %, 539 MiB
2026/09/27 10:25:03.673, 4, 39, 1980 MHz, 130.72 W, 0 %, 539 MiB
2026/09/27 10:25:03.673, 5, 35, 1980 MHz, 124.54 W, 0 %, 539 MiB
2026/09/27 10:25:03.673, 6, 37, 1980 MHz, 130.94 W, 0 %, 539 MiB
2026/09/27 10:25:03.673, 7, 34, 1980 MHz, 131.01 W, 0 %, 539 MiB
2026/09/27 10:25:05.673, 0, 38, 1980 MHz, 129.44 W, 0 %, 559 MiB
2026/09/27 10:25:05.673, 1, 34, 1980 MHz, 124.04 W, 0 %, 539 MiB
2026/09/27 10:25:05.673, 2, 33, 1980 MHz, 119.72 W, 0 %, 539 MiB
2026/09/27 10:25:05.673, 3, 38, 1980 MHz, 130.96 W, 0 %, 539 MiB
2026/09/27 10:25:05.674, 4, 39, 1980 MHz, 130.69 W, 0 %, 539 MiB
2026/09/27 10:25:05.674, 5, 35, 1980 MHz, 124.54 W, 0 %, 539 MiB
2026/09/27 10:25:05.674, 6, 37, 1980 MHz, 130.95 W, 0 %, 539 MiB
2026/09/27 10:25:05.674, 7, 34, 1980 MHz, 131.01 W, 0 %, 539 MiB
2026/09/27 10:25:07.674, 0, 38, 1980 MHz, 129.47 W, 0 %, 559 MiB
2026/09/27 10:25:07.674, 1, 34, 1980 MHz, 124.04 W, 0 %, 539 MiB
2026/09/27 10:25:07.674, 2, 33, 1980 MHz, 119.72 W, 0 %, 539 MiB
2026/09/27 10:25:07.674, 3, 38, 1980 MHz, 130.98 W, 0 %, 539 MiB
2026/09/27 10:25:07.674, 4, 39, 1980 MHz, 130.72 W, 0 %, 539 MiB
2026/09/27 10:25:07.674, 5, 35, 1980 MHz, 124.55 W, 0 %, 539 MiB
2026/09/27 10:25:07.674, 6, 37, 1980 MHz, 130.91 W, 0 %, 539 MiB
2026/09/27 10:25:07.674, 7, 34, 1980 MHz, 131.01 W, 0 %, 539 MiB
2026/09/27 10:25:09.675, 0, 38, 1980 MHz, 129.45 W, 0 %, 559 MiB
2026/09/27 10:25:09.675, 1, 34, 1980 MHz, 124.04 W, 0 %, 539 MiB
2026/09/27 10:25:09.675, 2, 33, 1980 MHz, 119.73 W, 0 %, 539 MiB
2026/09/27 10:25:09.675, 3, 38, 1980 MHz, 130.96 W, 0 %, 539 MiB
2026/09/27 10:25:09.675, 4, 39, 1980 MHz, 130.69 W, 0 %, 539 MiB
2026/09/27 10:25:09.675, 5, 35, 1980 MHz, 124.51 W, 0 %, 539 MiB
2026/09/27 10:25:09.675, 6, 37, 1980 MHz, 130.88 W, 0 %, 539 MiB
2026/09/27 10:25:09.675, 7, 34, 1980 MHz, 131.00 W, 0 %, 539 MiB
2026/09/27 10:25:11.675, 0, 38, 1980 MHz, 129.42 W, 0 %, 559 MiB
2026/09/27 10:25:11.675, 1, 34, 1980 MHz, 124.03 W, 0 %, 539 MiB
2026/09/27 10:25:11.675, 2, 33, 1980 MHz, 119.73 W, 0 %, 539 MiB
2026/09/27 10:25:11.675, 3, 38, 1980 MHz, 130.98 W, 0 %, 539 MiB
2026/09/27 10:25:11.676, 4, 39, 1980 MHz, 130.69 W, 0 %, 539 MiB
2026/09/27 10:25:11.676, 5, 35, 1980 MHz, 124.52 W, 0 %, 539 MiB
2026/09/27 10:25:11.676, 6, 37, 1980 MHz, 130.92 W, 0 %, 539 MiB
2026/09/27 10:25:11.676, 7, 34, 1980 MHz, 130.99 W, 0 %, 539 MiB
2026/09/27 10:25:13.676, 0, 38, 1980 MHz, 129.48 W, 0 %, 559 MiB
2026/09/27 10:25:13.676, 1, 34, 1980 MHz, 124.03 W, 0 %, 539 MiB
2026/09/27 10:25:13.676, 2, 33, 1980 MHz, 119.73 W, 0 %, 539 MiB
2026/09/27 10:25:13.676, 3, 38, 1980 MHz, 130.96 W, 0 %, 539 MiB
2026/09/27 10:25:13.676, 4, 39, 1980 MHz, 130.67 W, 0 %, 539 MiB
2026/09/27 10:25:13.676, 5, 35, 1980 MHz, 124.48 W, 0 %, 539 MiB
2026/09/27 10:25:13.676, 6, 37, 1980 MHz, 130.90 W, 0 %, 539 MiB
2026/09/27 10:25:13.676, 7, 34, 1980 MHz, 131.00 W, 0 %, 539 MiB
2026/09/27 10:25:15.677, 0, 38, 1980 MHz, 129.43 W, 0 %, 559 MiB
2026/09/27 10:25:15.677, 1, 34, 1980 MHz, 124.01 W, 0 %, 539 MiB
2026/09/27 10:25:15.677, 2, 33, 1980 MHz, 119.76 W, 0 %, 539 MiB
2026/09/27 10:25:15.677, 3, 38, 1980 MHz, 130.96 W, 0 %, 539 MiB
2026/09/27 10:25:15.677, 4, 39, 1980 MHz, 130.76 W, 0 %, 539 MiB
2026/09/27 10:25:15.677, 5, 35, 1980 MHz, 124.51 W, 0 %, 539 MiB
2026/09/27 10:25:15.677, 6, 37, 1980 MHz, 130.89 W, 0 %, 539 MiB
2026/09/27 10:25:15.677, 7, 34, 1980 MHz, 130.97 W, 0 %, 539 MiB
2026/09/27 10:25:17.677, 0, 38, 1980 MHz, 129.48 W, 0 %, 559 MiB
2026/09/27 10:25:17.678, 1, 34, 1980 MHz, 124.07 W, 0 %, 539 MiB
2026/09/27 10:25:17.678, 2, 33, 1980 MHz, 119.76 W, 0 %, 539 MiB
2026/09/27 10:25:17.678, 3, 38, 1980 MHz, 130.93 W, 0 %, 539 MiB
2026/09/27 10:25:17.678, 4, 39, 1980 MHz, 130.72 W, 0 %, 539 MiB
2026/09/27 10:25:17.678, 5, 35, 1980 MHz, 124.51 W, 0 %, 539 MiB
2026/09/27 10:25:17.678, 6, 37, 1980 MHz, 130.90 W, 0 %, 539 MiB
2026/09/27 10:25:17.678, 7, 34, 1980 MHz, 131.01 W, 0 %, 539 MiB
2026/09/27 10:25:19.678, 0, 38, 1980 MHz, 129.47 W, 0 %, 559 MiB
2026/09/27 10:25:19.678, 1, 34, 1980 MHz, 124.03 W, 0 %, 539 MiB
2026/09/27 10:25:19.679, 2, 33, 1980 MHz, 119.74 W, 0 %, 539 MiB
2026/09/27 10:25:19.679, 3, 38, 1980 MHz, 130.93 W, 0 %, 539 MiB
2026/09/27 10:25:19.679, 4, 39, 1980 MHz, 130.73 W, 0 %, 539 MiB
2026/09/27 10:25:19.679, 5, 35, 1980 MHz, 124.52 W, 0 %, 539 MiB
2026/09/27 10:25:19.679, 6, 37, 1980 MHz, 130.88 W, 0 %, 539 MiB
2026/09/27 10:25:19.679, 7, 34, 1980 MHz, 130.98 W, 0 %, 539 MiB
2026/09/27 10:25:21.679, 0, 38, 1980 MHz, 129.42 W, 0 %, 559 MiB
2026/09/27 10:25:21.679, 1, 34, 1980 MHz, 124.01 W, 0 %, 539 MiB
2026/09/27 10:25:21.679, 2, 33, 1980 MHz, 119.74 W, 0 %, 539 MiB
2026/09/27 10:25:21.679, 3, 38, 1980 MHz, 131.01 W, 0 %, 539 MiB
2026/09/27 10:25:21.680, 4, 39, 1980 MHz, 130.72 W, 0 %, 539 MiB
2026/09/27 10:25:21.680, 5, 35, 1980 MHz, 124.51 W, 0 %, 539 MiB
2026/09/27 10:25:21.680, 6, 37, 1980 MHz, 130.92 W, 0 %, 539 MiB
2026/09/27 10:25:21.680, 7, 34, 1980 MHz, 130.99 W, 0 %, 539 MiB
2026/09/27 10:25:23.680, 0, 38, 1980 MHz, 129.49 W, 0 %, 559 MiB
2026/09/27 10:25:23.680, 1, 34, 1980 MHz, 124.02 W, 0 %, 539 MiB
2026/09/27 10:25:23.680, 2, 33, 1980 MHz, 119.76 W, 0 %, 539 MiB
2026/09/27 10:25:23.680, 3, 38, 1980 MHz, 130.99 W, 0 %, 539 MiB
2026/09/27 10:25:23.680, 4, 39, 1980 MHz, 130.73 W, 0 %, 539 MiB
2026/09/27 10:25:23.680, 5, 35, 1980 MHz, 124.52 W, 0 %, 539 MiB
2026/09/27 10:25:23.680, 6, 37, 1980 MHz, 130.93 W, 0 %, 539 MiB
2026/09/27 10:25:23.680, 7, 34, 1980 MHz, 131.03 W, 0 %, 539 MiB
2026/09/27 10:25:25.681, 0, 38, 1980 MHz, 129.46 W, 0 %, 559 MiB
2026/09/27 10:25:25.681, 1, 34, 1980 MHz, 124.05 W, 0 %, 539 MiB
2026/09/27 10:25:25.681, 2, 33, 1980 MHz, 119.75 W, 0 %, 539 MiB
2026/09/27 10:25:25.681, 3, 38, 1980 MHz, 130.95 W, 0 %, 539 MiB
2026/09/27 10:25:25.681, 4, 39, 1980 MHz, 130.62 W, 0 %, 539 MiB
2026/09/27 10:25:25.681, 5, 35, 1980 MHz, 124.54 W, 0 %, 539 MiB
2026/09/27 10:25:25.681, 6, 37, 1980 MHz, 130.93 W, 0 %, 539 MiB
2026/09/27 10:25:25.681, 7, 34, 1980 MHz, 130.99 W, 0 %, 539 MiB
2026/09/27 10:25:27.682, 0, 38, 1980 MHz, 129.49 W, 0 %, 559 MiB
2026/09/27 10:25:27.683, 1, 34, 1980 MHz, 124.01 W, 0 %, 539 MiB
2026/09/27 10:25:27.683, 2, 33, 1980 MHz, 119.75 W, 0 %, 539 MiB
2026/09/27 10:25:27.683, 3, 38, 1980 MHz, 130.94 W, 0 %, 539 MiB
2026/09/27 10:25:27.683, 4, 39, 1980 MHz, 130.72 W, 0 %, 539 MiB
2026/09/27 10:25:27.683, 5, 35, 1980 MHz, 124.56 W, 0 %, 539 MiB
2026/09/27 10:25:27.684, 6, 37, 1980 MHz, 130.96 W, 0 %, 539 MiB
2026/09/27 10:25:27.684, 7, 34, 1980 MHz, 130.99 W, 0 %, 539 MiB
2026/09/27 10:25:29.684, 0, 38, 1980 MHz, 129.46 W, 0 %, 559 MiB
2026/09/27 10:25:29.684, 1, 34, 1980 MHz, 124.06 W, 0 %, 539 MiB
2026/09/27 10:25:29.684, 2, 33, 1980 MHz, 119.74 W, 0 %, 539 MiB
2026/09/27 10:25:29.684, 3, 38, 1980 MHz, 130.96 W, 0 %, 539 MiB
2026/09/27 10:25:29.684, 4, 39, 1980 MHz, 130.74 W, 0 %, 539 MiB
2026/09/27 10:25:29.684, 5, 35, 1980 MHz, 124.55 W, 0 %, 539 MiB
2026/09/27 10:25:29.685, 6, 37, 1980 MHz, 130.91 W, 0 %, 539 MiB
2026/09/27 10:25:29.685, 7, 34, 1980 MHz, 131.02 W, 0 %, 539 MiB
2026/09/27 10:25:31.685, 0, 38, 1980 MHz, 129.46 W, 0 %, 559 MiB
2026/09/27 10:25:31.685, 1, 34, 1980 MHz, 124.03 W, 0 %, 539 MiB
2026/09/27 10:25:31.685, 2, 33, 1980 MHz, 119.74 W, 0 %, 539 MiB
2026/09/27 10:25:31.685, 3, 38, 1980 MHz, 130.93 W, 0 %, 539 MiB
2026/09/27 10:25:31.685, 4, 39, 1980 MHz, 130.75 W, 0 %, 539 MiB
2026/09/27 10:25:31.685, 5, 35, 1980 MHz, 124.52 W, 0 %, 539 MiB
2026/09/27 10:25:31.685, 6, 37, 1980 MHz, 131.53 W, 0 %, 539 MiB
2026/09/27 10:25:31.685, 7, 34, 1980 MHz, 131.01 W, 0 %, 539 MiB
2026/09/27 10:25:33.686, 0, 38, 1980 MHz, 129.47 W, 0 %, 559 MiB
2026/09/27 10:25:33.686, 1, 34, 1980 MHz, 124.06 W, 0 %, 539 MiB
2026/09/27 10:25:33.686, 2, 33, 1980 MHz, 119.74 W, 0 %, 539 MiB
2026/09/27 10:25:33.686, 3, 38, 1980 MHz, 130.99 W, 0 %, 539 MiB
2026/09/27 10:25:33.686, 4, 39, 1980 MHz, 130.71 W, 0 %, 539 MiB
2026/09/27 10:25:33.686, 5, 35, 1980 MHz, 124.54 W, 0 %, 539 MiB
2026/09/27 10:25:33.686, 6, 37, 1980 MHz, 131.66 W, 0 %, 539 MiB
2026/09/27 10:25:33.686, 7, 34, 1980 MHz, 131.01 W, 0 %, 539 MiB
2026/09/27 10:25:35.686, 0, 38, 1980 MHz, 129.45 W, 0 %, 559 MiB
2026/09/27 10:25:35.686, 1, 34, 1980 MHz, 124.05 W, 0 %, 539 MiB
2026/09/27 10:25:35.687, 2, 33, 1980 MHz, 119.74 W, 0 %, 539 MiB
2026/09/27 10:25:35.687, 3, 38, 1980 MHz, 130.97 W, 0 %, 539 MiB
2026/09/27 10:25:35.687, 4, 39, 1980 MHz, 130.68 W, 0 %, 539 MiB
2026/09/27 10:25:35.687, 5, 35, 1980 MHz, 124.53 W, 0 %, 539 MiB
2026/09/27 10:25:35.687, 6, 37, 1980 MHz, 131.66 W, 0 %, 539 MiB
2026/09/27 10:25:35.687, 7, 34, 1980 MHz, 131.01 W, 0 %, 539 MiB
2026/09/27 10:25:37.687, 0, 38, 1980 MHz, 129.49 W, 0 %, 559 MiB
2026/09/27 10:25:37.687, 1, 34, 1980 MHz, 124.09 W, 0 %, 539 MiB
2026/09/27 10:25:37.687, 2, 33, 1980 MHz, 119.75 W, 0 %, 539 MiB
2026/09/27 10:25:37.687, 3, 38, 1980 MHz, 130.96 W, 0 %, 539 MiB
2026/09/27 10:25:37.687, 4, 39, 1980 MHz, 130.71 W, 0 %, 539 MiB
2026/09/27 10:25:37.688, 5, 35, 1980 MHz, 124.54 W, 0 %, 539 MiB
2026/09/27 10:25:37.688, 6, 37, 1980 MHz, 131.64 W, 0 %, 539 MiB
2026/09/27 10:25:37.688, 7, 34, 1980 MHz, 131.03 W, 0 %, 539 MiB
2026/09/27 10:25:39.688, 0, 38, 1980 MHz, 129.51 W, 0 %, 559 MiB
2026/09/27 10:25:39.688, 1, 34, 1980 MHz, 124.03 W, 0 %, 539 MiB
2026/09/27 10:25:39.688, 2, 33, 1980 MHz, 119.74 W, 0 %, 539 MiB
2026/09/27 10:25:39.688, 3, 38, 1980 MHz, 130.99 W, 0 %, 539 MiB
2026/09/27 10:25:39.688, 4, 39, 1980 MHz, 130.71 W, 0 %, 539 MiB
2026/09/27 10:25:39.688, 5, 35, 1980 MHz, 124.53 W, 0 %, 539 MiB
2026/09/27 10:25:39.688, 6, 37, 1980 MHz, 131.67 W, 0 %, 539 MiB
2026/09/27 10:25:39.688, 7, 34, 1980 MHz, 131.01 W, 0 %, 539 MiB
2026/09/27 10:25:41.689, 0, 38, 1980 MHz, 129.45 W, 0 %, 559 MiB
2026/09/27 10:25:41.689, 1, 34, 1980 MHz, 124.03 W, 0 %, 539 MiB
2026/09/27 10:25:41.689, 2, 33, 1980 MHz, 119.76 W, 0 %, 539 MiB
2026/09/27 10:25:41.689, 3, 38, 1980 MHz, 130.96 W, 0 %, 539 MiB
2026/09/27 10:25:41.689, 4, 39, 1980 MHz, 130.74 W, 0 %, 539 MiB
2026/09/27 10:25:41.689, 5, 35, 1980 MHz, 124.53 W, 0 %, 539 MiB
2026/09/27 10:25:41.689, 6, 37, 1980 MHz, 131.60 W, 0 %, 539 MiB
2026/09/27 10:25:41.689, 7, 34, 1980 MHz, 131.02 W, 0 %, 539 MiB
2026/09/27 10:25:43.689, 0, 38, 1980 MHz, 129.50 W, 0 %, 559 MiB
2026/09/27 10:25:43.689, 1, 34, 1980 MHz, 124.04 W, 0 %, 539 MiB
2026/09/27 10:25:43.690, 2, 33, 1980 MHz, 119.76 W, 0 %, 539 MiB
2026/09/27 10:25:43.690, 3, 38, 1980 MHz, 130.96 W, 0 %, 539 MiB
2026/09/27 10:25:43.690, 4, 39, 1980 MHz, 130.70 W, 0 %, 539 MiB
2026/09/27 10:25:43.690, 5, 35, 1980 MHz, 124.54 W, 0 %, 539 MiB
2026/09/27 10:25:43.690, 6, 37, 1980 MHz, 131.69 W, 0 %, 539 MiB
2026/09/27 10:25:43.690, 7, 34, 1980 MHz, 131.01 W, 0 %, 539 MiB
2026/09/27 10:25:45.690, 0, 38, 1980 MHz, 129.46 W, 0 %, 559 MiB
2026/09/27 10:25:45.690, 1, 34, 1980 MHz, 124.04 W, 0 %, 539 MiB
2026/09/27 10:25:45.690, 2, 33, 1980 MHz, 119.79 W, 0 %, 539 MiB
2026/09/27 10:25:45.690, 3, 38, 1980 MHz, 130.97 W, 0 %, 539 MiB
2026/09/27 10:25:45.690, 4, 39, 1980 MHz, 130.73 W, 0 %, 539 MiB
2026/09/27 10:25:45.690, 5, 35, 1980 MHz, 124.55 W, 0 %, 539 MiB
2026/09/27 10:25:45.691, 6, 37, 1980 MHz, 131.65 W, 0 %, 539 MiB
2026/09/27 10:25:45.691, 7, 34, 1980 MHz, 131.02 W, 0 %, 539 MiB
2026/09/27 10:25:47.691, 0, 38, 1980 MHz, 129.49 W, 0 %, 559 MiB
2026/09/27 10:25:47.691, 1, 34, 1980 MHz, 124.08 W, 0 %, 539 MiB
2026/09/27 10:25:47.691, 2, 33, 1980 MHz, 119.74 W, 0 %, 539 MiB
2026/09/27 10:25:47.691, 3, 38, 1980 MHz, 131.01 W, 0 %, 539 MiB
2026/09/27 10:25:47.691, 4, 39, 1980 MHz, 130.72 W, 0 %, 539 MiB
2026/09/27 10:25:47.691, 5, 35, 1980 MHz, 124.54 W, 0 %, 539 MiB
2026/09/27 10:25:47.691, 6, 37, 1980 MHz, 131.70 W, 0 %, 539 MiB
2026/09/27 10:25:47.691, 7, 34, 1980 MHz, 131.00 W, 0 %, 539 MiB
2026/09/27 10:25:49.692, 0, 38, 1980 MHz, 129.48 W, 0 %, 559 MiB
2026/09/27 10:25:49.692, 1, 34, 1980 MHz, 124.01 W, 0 %, 539 MiB
2026/09/27 10:25:49.692, 2, 33, 1980 MHz, 119.76 W, 0 %, 539 MiB
2026/09/27 10:25:49.692, 3, 38, 1980 MHz, 131.05 W, 0 %, 539 MiB
2026/09/27 10:25:49.692, 4, 39, 1980 MHz, 130.74 W, 0 %, 539 MiB
2026/09/27 10:25:49.692, 5, 35, 1980 MHz, 124.57 W, 0 %, 539 MiB
2026/09/27 10:25:49.692, 6, 37, 1980 MHz, 131.71 W, 0 %, 539 MiB
2026/09/27 10:25:49.692, 7, 34, 1980 MHz, 131.02 W, 0 %, 539 MiB
2026/09/27 10:25:51.692, 0, 38, 1980 MHz, 129.42 W, 0 %, 559 MiB
2026/09/27 10:25:51.693, 1, 34, 1980 MHz, 124.08 W, 0 %, 539 MiB
2026/09/27 10:25:51.693, 2, 33, 1980 MHz, 119.76 W, 0 %, 539 MiB
2026/09/27 10:25:51.693, 3, 38, 1980 MHz, 131.01 W, 0 %, 539 MiB
2026/09/27 10:25:51.693, 4, 39, 1980 MHz, 130.71 W, 0 %, 539 MiB
2026/09/27 10:25:51.693, 5, 35, 1980 MHz, 124.56 W, 0 %, 539 MiB
2026/09/27 10:25:51.693, 6, 37, 1980 MHz, 131.65 W, 0 %, 539 MiB
2026/09/27 10:25:51.693, 7, 34, 1980 MHz, 131.04 W, 0 %, 539 MiB
2026/09/27 10:25:53.693, 0, 38, 1980 MHz, 129.52 W, 0 %, 559 MiB
2026/09/27 10:25:53.693, 1, 34, 1980 MHz, 124.05 W, 0 %, 539 MiB
2026/09/27 10:25:53.694, 2, 33, 1980 MHz, 119.72 W, 0 %, 539 MiB
2026/09/27 10:25:53.694, 3, 38, 1980 MHz, 130.99 W, 0 %, 539 MiB
2026/09/27 10:25:53.694, 4, 39, 1980 MHz, 130.76 W, 0 %, 539 MiB
2026/09/27 10:25:53.694, 5, 35, 1980 MHz, 124.55 W, 0 %, 539 MiB
2026/09/27 10:25:53.694, 6, 37, 1980 MHz, 131.17 W, 0 %, 539 MiB
2026/09/27 10:25:53.694, 7, 34, 1980 MHz, 131.02 W, 0 %, 539 MiB
2026/09/27 10:25:55.694, 0, 38, 1980 MHz, 129.49 W, 0 %, 559 MiB
2026/09/27 10:25:55.694, 1, 34, 1980 MHz, 124.10 W, 0 %, 539 MiB
2026/09/27 10:25:55.694, 2, 33, 1980 MHz, 119.69 W, 0 %, 539 MiB
2026/09/27 10:25:55.694, 3, 38, 1980 MHz, 131.00 W, 0 %, 539 MiB
2026/09/27 10:25:55.695, 4, 39, 1980 MHz, 130.72 W, 0 %, 539 MiB
2026/09/27 10:25:55.695, 5, 35, 1980 MHz, 124.55 W, 0 %, 539 MiB
2026/09/27 10:25:55.695, 6, 37, 1980 MHz, 130.93 W, 0 %, 539 MiB
2026/09/27 10:25:55.695, 7, 34, 1980 MHz, 131.02 W, 0 %, 539 MiB
2026/09/27 10:25:57.695, 0, 38, 1980 MHz, 129.51 W, 0 %, 559 MiB
2026/09/27 10:25:57.695, 1, 34, 1980 MHz, 124.02 W, 0 %, 539 MiB
2026/09/27 10:25:57.695, 2, 33, 1980 MHz, 119.76 W, 0 %, 539 MiB
2026/09/27 10:25:57.695, 3, 38, 1980 MHz, 130.99 W, 0 %, 539 MiB
2026/09/27 10:25:57.695, 4, 39, 1980 MHz, 130.73 W, 0 %, 539 MiB
2026/09/27 10:25:57.695, 5, 35, 1980 MHz, 124.53 W, 0 %, 539 MiB
2026/09/27 10:25:57.696, 6, 37, 1980 MHz, 130.97 W, 0 %, 539 MiB
2026/09/27 10:25:57.696, 7, 34, 1980 MHz, 131.03 W, 0 %, 539 MiB
2026/09/27 10:25:59.696, 0, 38, 1980 MHz, 129.42 W, 0 %, 559 MiB
2026/09/27 10:25:59.696, 1, 34, 1980 MHz, 123.99 W, 0 %, 539 MiB
2026/09/27 10:25:59.696, 2, 33, 1980 MHz, 119.75 W, 0 %, 539 MiB
2026/09/27 10:25:59.696, 3, 38, 1980 MHz, 131.01 W, 0 %, 539 MiB
2026/09/27 10:25:59.696, 4, 39, 1980 MHz, 130.73 W, 0 %, 539 MiB
2026/09/27 10:25:59.696, 5, 35, 1980 MHz, 124.53 W, 0 %, 539 MiB
2026/09/27 10:25:59.696, 6, 37, 1980 MHz, 130.91 W, 0 %, 539 MiB
2026/09/27 10:25:59.696, 7, 34, 1980 MHz, 131.01 W, 0 %, 539 MiB
2026/09/27 10:26:01.697, 0, 38, 1980 MHz, 129.46 W, 0 %, 559 MiB
2026/09/27 10:26:01.697, 1, 34, 1980 MHz, 123.99 W, 0 %, 539 MiB
2026/09/27 10:26:01.697, 2, 33, 1980 MHz, 119.78 W, 0 %, 539 MiB
2026/09/27 10:26:01.697, 3, 38, 1980 MHz, 131.01 W, 0 %, 539 MiB
2026/09/27 10:26:01.697, 4, 39, 1980 MHz, 130.75 W, 0 %, 539 MiB
2026/09/27 10:26:01.697, 5, 35, 1980 MHz, 124.51 W, 0 %, 539 MiB
2026/09/27 10:26:01.697, 6, 37, 1980 MHz, 130.97 W, 0 %, 539 MiB
2026/09/27 10:26:01.697, 7, 34, 1980 MHz, 131.01 W, 0 %, 539 MiB
2026/09/27 10:26:03.698, 0, 38, 1980 MHz, 129.48 W, 0 %, 559 MiB
2026/09/27 10:26:03.698, 1, 34, 1980 MHz, 124.03 W, 0 %, 539 MiB
2026/09/27 10:26:03.698, 2, 33, 1980 MHz, 119.74 W, 0 %, 539 MiB
2026/09/27 10:26:03.698, 3, 38, 1980 MHz, 131.00 W, 0 %, 539 MiB
2026/09/27 10:26:03.698, 4, 39, 1980 MHz, 130.74 W, 0 %, 539 MiB
2026/09/27 10:26:03.698, 5, 35, 1980 MHz, 124.53 W, 0 %, 539 MiB
2026/09/27 10:26:03.698, 6, 37, 1980 MHz, 130.97 W, 0 %, 539 MiB
2026/09/27 10:26:03.698, 7, 34, 1980 MHz, 131.04 W, 0 %, 539 MiB
2026/09/27 10:26:05.699, 0, 38, 1980 MHz, 129.49 W, 0 %, 559 MiB
2026/09/27 10:26:05.699, 1, 34, 1980 MHz, 124.02 W, 0 %, 539 MiB
2026/09/27 10:26:05.699, 2, 33, 1980 MHz, 119.75 W, 0 %, 539 MiB
2026/09/27 10:26:05.699, 3, 38, 1980 MHz, 130.91 W, 0 %, 539 MiB
2026/09/27 10:26:05.699, 4, 39, 1980 MHz, 130.76 W, 0 %, 539 MiB
2026/09/27 10:26:05.699, 5, 35, 1980 MHz, 124.54 W, 0 %, 539 MiB
2026/09/27 10:26:05.699, 6, 37, 1980 MHz, 130.99 W, 0 %, 539 MiB
2026/09/27 10:26:05.699, 7, 34, 1980 MHz, 131.04 W, 0 %, 539 MiB
2026/09/27 10:26:07.699, 0, 38, 1980 MHz, 129.52 W, 0 %, 559 MiB
2026/09/27 10:26:07.700, 1, 34, 1980 MHz, 124.06 W, 0 %, 539 MiB
2026/09/27 10:26:07.700, 2, 33, 1980 MHz, 119.74 W, 0 %, 539 MiB
2026/09/27 10:26:07.700, 3, 38, 1980 MHz, 131.01 W, 0 %, 539 MiB
2026/09/27 10:26:07.700, 4, 39, 1980 MHz, 130.69 W, 0 %, 539 MiB
2026/09/27 10:26:07.700, 5, 35, 1980 MHz, 124.52 W, 0 %, 539 MiB
2026/09/27 10:26:07.700, 6, 37, 1980 MHz, 130.97 W, 0 %, 539 MiB
2026/09/27 10:26:07.700, 7, 34, 1980 MHz, 131.03 W, 0 %, 539 MiB
2026/09/27 10:26:09.700, 0, 38, 1980 MHz, 129.52 W, 0 %, 559 MiB
2026/09/27 10:26:09.700, 1, 34, 1980 MHz, 124.07 W, 0 %, 539 MiB
2026/09/27 10:26:09.700, 2, 33, 1980 MHz, 119.76 W, 0 %, 539 MiB
2026/09/27 10:26:09.700, 3, 38, 1980 MHz, 131.03 W, 0 %, 539 MiB
2026/09/27 10:26:09.701, 4, 39, 1980 MHz, 130.74 W, 0 %, 539 MiB
2026/09/27 10:26:09.701, 5, 35, 1980 MHz, 124.56 W, 0 %, 539 MiB
2026/09/27 10:26:09.701, 6, 37, 1980 MHz, 130.94 W, 0 %, 539 MiB
2026/09/27 10:26:09.701, 7, 34, 1980 MHz, 131.06 W, 0 %, 539 MiB
2026/09/27 10:26:11.701, 0, 38, 1980 MHz, 129.54 W, 0 %, 559 MiB
2026/09/27 10:26:11.701, 1, 34, 1980 MHz, 124.09 W, 0 %, 539 MiB
2026/09/27 10:26:11.701, 2, 33, 1980 MHz, 119.76 W, 0 %, 539 MiB
2026/09/27 10:26:11.701, 3, 38, 1980 MHz, 131.01 W, 0 %, 539 MiB
2026/09/27 10:26:11.701, 4, 39, 1980 MHz, 130.75 W, 0 %, 539 MiB
2026/09/27 10:26:11.701, 5, 35, 1980 MHz, 124.54 W, 0 %, 539 MiB
2026/09/27 10:26:11.701, 6, 37, 1980 MHz, 130.97 W, 0 %, 539 MiB
2026/09/27 10:26:11.701, 7, 34, 1980 MHz, 131.04 W, 0 %, 539 MiB
2026/09/27 10:26:13.702, 0, 38, 1980 MHz, 129.52 W, 0 %, 559 MiB
2026/09/27 10:26:13.702, 1, 34, 1980 MHz, 124.03 W, 0 %, 539 MiB
2026/09/27 10:26:13.702, 2, 33, 1980 MHz, 119.78 W, 0 %, 539 MiB
2026/09/27 10:26:13.702, 3, 38, 1980 MHz, 130.96 W, 0 %, 539 MiB
2026/09/27 10:26:13.702, 4, 39, 1980 MHz, 130.76 W, 0 %, 539 MiB
2026/09/27 10:26:13.702, 5, 35, 1980 MHz, 124.59 W, 0 %, 539 MiB
2026/09/27 10:26:13.702, 6, 37, 1980 MHz, 130.99 W, 0 %, 539 MiB
2026/09/27 10:26:13.702, 7, 34, 1980 MHz, 131.03 W, 0 %, 539 MiB
2026/09/27 10:26:15.702, 0, 38, 1980 MHz, 129.48 W, 0 %, 559 MiB
2026/09/27 10:26:15.703, 1, 34, 1980 MHz, 124.03 W, 0 %, 539 MiB
2026/09/27 10:26:15.703, 2, 33, 1980 MHz, 119.70 W, 0 %, 539 MiB
2026/09/27 10:26:15.703, 3, 38, 1980 MHz, 130.99 W, 0 %, 539 MiB
2026/09/27 10:26:15.703, 4, 39, 1980 MHz, 130.74 W, 0 %, 539 MiB
2026/09/27 10:26:15.703, 5, 35, 1980 MHz, 124.56 W, 0 %, 539 MiB
2026/09/27 10:26:15.703, 6, 37, 1980 MHz, 130.91 W, 0 %, 539 MiB
2026/09/27 10:26:15.703, 7, 34, 1980 MHz, 131.04 W, 0 %, 539 MiB
2026/09/27 10:26:17.703, 0, 38, 1980 MHz, 129.49 W, 0 %, 559 MiB
2026/09/27 10:26:17.703, 1, 34, 1980 MHz, 124.08 W, 0 %, 539 MiB
2026/09/27 10:26:17.703, 2, 33, 1980 MHz, 119.75 W, 0 %, 539 MiB
2026/09/27 10:26:17.703, 3, 38, 1980 MHz, 130.98 W, 0 %, 539 MiB
2026/09/27 10:26:17.704, 4, 39, 1980 MHz, 130.72 W, 0 %, 539 MiB
2026/09/27 10:26:17.704, 5, 35, 1980 MHz, 124.58 W, 0 %, 539 MiB
2026/09/27 10:26:17.704, 6, 37, 1980 MHz, 130.97 W, 0 %, 539 MiB
2026/09/27 10:26:17.704, 7, 34, 1980 MHz, 131.02 W, 0 %, 539 MiB
2026/09/27 10:26:19.704, 0, 38, 1980 MHz, 129.52 W, 0 %, 559 MiB
2026/09/27 10:26:19.704, 1, 34, 1980 MHz, 124.09 W, 0 %, 539 MiB
2026/09/27 10:26:19.704, 2, 33, 1980 MHz, 119.77 W, 0 %, 539 MiB
2026/09/27 10:26:19.704, 3, 38, 1980 MHz, 130.99 W, 0 %, 539 MiB
2026/09/27 10:26:19.704, 4, 39, 1980 MHz, 130.77 W, 0 %, 539 MiB
2026/09/27 10:26:19.704, 5, 35, 1980 MHz, 124.58 W, 0 %, 539 MiB
2026/09/27 10:26:19.704, 6, 37, 1980 MHz, 130.95 W, 0 %, 539 MiB
2026/09/27 10:26:19.706, 7, 34, 1980 MHz, 131.02 W, 0 %, 539 MiB
2026/09/27 10:26:21.706, 0, 38, 1980 MHz, 129.54 W, 0 %, 559 MiB
2026/09/27 10:26:21.706, 1, 34, 1980 MHz, 123.98 W, 0 %, 539 MiB
2026/09/27 10:26:21.706, 2, 33, 1980 MHz, 119.78 W, 0 %, 539 MiB
2026/09/27 10:26:21.706, 3, 38, 1980 MHz, 131.02 W, 0 %, 539 MiB
2026/09/27 10:26:21.706, 4, 39, 1980 MHz, 130.76 W, 0 %, 539 MiB
2026/09/27 10:26:21.706, 5, 35, 1980 MHz, 124.58 W, 0 %, 539 MiB
2026/09/27 10:26:21.706, 6, 37, 1980 MHz, 130.94 W, 0 %, 539 MiB
2026/09/27 10:26:21.706, 7, 34, 1980 MHz, 131.01 W, 0 %, 539 MiB
2026/09/27 10:26:23.707, 0, 38, 1980 MHz, 129.54 W, 0 %, 559 MiB
2026/09/27 10:26:23.707, 1, 34, 1980 MHz, 124.03 W, 0 %, 539 MiB
2026/09/27 10:26:23.707, 2, 33, 1980 MHz, 119.78 W, 0 %, 539 MiB
2026/09/27 10:26:23.707, 3, 38, 1980 MHz, 130.99 W, 0 %, 539 MiB
2026/09/27 10:26:23.707, 4, 39, 1980 MHz, 130.77 W, 0 %, 539 MiB
2026/09/27 10:26:23.707, 5, 35, 1980 MHz, 124.55 W, 0 %, 539 MiB
2026/09/27 10:26:23.707, 6, 37, 1980 MHz, 130.96 W, 0 %, 539 MiB
2026/09/27 10:26:23.707, 7, 34, 1980 MHz, 131.04 W, 0 %, 539 MiB
2026/09/27 10:26:25.707, 0, 38, 1980 MHz, 129.48 W, 0 %, 559 MiB
2026/09/27 10:26:25.707, 1, 34, 1980 MHz, 124.03 W, 0 %, 539 MiB
2026/09/27 10:26:25.707, 2, 33, 1980 MHz, 119.81 W, 0 %, 539 MiB
2026/09/27 10:26:25.708, 3, 38, 1980 MHz, 131.02 W, 0 %, 539 MiB
2026/09/27 10:26:25.708, 4, 39, 1980 MHz, 130.78 W, 0 %, 539 MiB
2026/09/27 10:26:25.708, 5, 35, 1980 MHz, 124.54 W, 0 %, 539 MiB
2026/09/27 10:26:25.708, 6, 37, 1980 MHz, 130.96 W, 0 %, 539 MiB
2026/09/27 10:26:25.708, 7, 34, 1980 MHz, 131.05 W, 0 %, 539 MiB
2026/09/27 10:26:27.708, 0, 38, 1980 MHz, 129.53 W, 0 %, 559 MiB
2026/09/27 10:26:27.708, 1, 34, 1980 MHz, 124.07 W, 0 %, 539 MiB
2026/09/27 10:26:27.708, 2, 33, 1980 MHz, 119.78 W, 0 %, 539 MiB
2026/09/27 10:26:27.708, 3, 38, 1980 MHz, 131.00 W, 0 %, 539 MiB
2026/09/27 10:26:27.708, 4, 39, 1980 MHz, 130.74 W, 0 %, 539 MiB
2026/09/27 10:26:27.708, 5, 35, 1980 MHz, 124.57 W, 0 %, 539 MiB
2026/09/27 10:26:27.708, 6, 37, 1980 MHz, 130.98 W, 0 %, 539 MiB
2026/09/27 10:26:27.708, 7, 34, 1980 MHz, 131.06 W, 0 %, 539 MiB
2026/09/27 10:26:29.709, 0, 38, 1980 MHz, 129.50 W, 0 %, 559 MiB
2026/09/27 10:26:29.709, 1, 34, 1980 MHz, 124.07 W, 0 %, 539 MiB
2026/09/27 10:26:29.709, 2, 33, 1980 MHz, 119.76 W, 0 %, 539 MiB
2026/09/27 10:26:29.709, 3, 38, 1980 MHz, 131.00 W, 0 %, 539 MiB
2026/09/27 10:26:29.709, 4, 39, 1980 MHz, 130.74 W, 0 %, 539 MiB
2026/09/27 10:26:29.709, 5, 35, 1980 MHz, 124.55 W, 0 %, 539 MiB
2026/09/27 10:26:29.709, 6, 37, 1980 MHz, 130.96 W, 0 %, 539 MiB
2026/09/27 10:26:29.709, 7, 34, 1980 MHz, 131.03 W, 0 %, 539 MiB
2026/09/27 10:26:31.709, 0, 38, 1980 MHz, 129.51 W, 0 %, 559 MiB
2026/09/27 10:26:31.709, 1, 34, 1980 MHz, 124.02 W, 0 %, 539 MiB
2026/09/27 10:26:31.710, 2, 33, 1980 MHz, 119.74 W, 0 %, 539 MiB
2026/09/27 10:26:31.710, 3, 38, 1980 MHz, 131.01 W, 0 %, 539 MiB
2026/09/27 10:26:31.710, 4, 39, 1980 MHz, 130.78 W, 0 %, 539 MiB
2026/09/27 10:26:31.710, 5, 35, 1980 MHz, 124.59 W, 0 %, 539 MiB
2026/09/27 10:26:31.710, 6, 37, 1980 MHz, 130.99 W, 0 %, 539 MiB
2026/09/27 10:26:31.710, 7, 34, 1980 MHz, 131.04 W, 0 %, 539 MiB
2026/09/27 10:26:33.710, 0, 38, 1980 MHz, 129.53 W, 0 %, 559 MiB
2026/09/27 10:26:33.710, 1, 34, 1980 MHz, 124.03 W, 0 %, 539 MiB
2026/09/27 10:26:33.710, 2, 33, 1980 MHz, 119.78 W, 0 %, 539 MiB
2026/09/27 10:26:33.710, 3, 38, 1980 MHz, 130.98 W, 0 %, 539 MiB
2026/09/27 10:26:33.710, 4, 39, 1980 MHz, 130.73 W, 0 %, 539 MiB
2026/09/27 10:26:33.710, 5, 35, 1980 MHz, 124.55 W, 0 %, 539 MiB
2026/09/27 10:26:33.711, 6, 37, 1980 MHz, 130.94 W, 0 %, 539 MiB
2026/09/27 10:26:33.711, 7, 34, 1980 MHz, 131.06 W, 0 %, 539 MiB
2026/09/27 10:26:35.711, 0, 38, 1980 MHz, 129.52 W, 0 %, 559 MiB
2026/09/27 10:26:35.711, 1, 34, 1980 MHz, 124.07 W, 0 %, 539 MiB
2026/09/27 10:26:35.711, 2, 33, 1980 MHz, 119.79 W, 0 %, 539 MiB
2026/09/27 10:26:35.711, 3, 38, 1980 MHz, 131.03 W, 0 %, 539 MiB
2026/09/27 10:26:35.711, 4, 39, 1980 MHz, 130.77 W, 0 %, 539 MiB
2026/09/27 10:26:35.711, 5, 35, 1980 MHz, 124.54 W, 0 %, 539 MiB
2026/09/27 10:26:35.711, 6, 37, 1980 MHz, 130.94 W, 0 %, 539 MiB
2026/09/27 10:26:35.711, 7, 34, 1980 MHz, 131.06 W, 0 %, 539 MiB
2026/09/27 10:26:37.712, 0, 38, 1980 MHz, 129.51 W, 0 %, 559 MiB
2026/09/27 10:26:37.712, 1, 34, 1980 MHz, 124.10 W, 0 %, 539 MiB
2026/09/27 10:26:37.712, 2, 33, 1980 MHz, 119.78 W, 0 %, 539 MiB
2026/09/27 10:26:37.712, 3, 38, 1980 MHz, 131.01 W, 0 %, 539 MiB
2026/09/27 10:26:37.712, 4, 39, 1980 MHz, 130.78 W, 0 %, 539 MiB
2026/09/27 10:26:37.712, 5, 35, 1980 MHz, 124.58 W, 0 %, 539 MiB
2026/09/27 10:26:37.712, 6, 37, 1980 MHz, 130.98 W, 0 %, 539 MiB
2026/09/27 10:26:37.712, 7, 34, 1980 MHz, 131.04 W, 0 %, 539 MiB
2026/09/27 10:26:39.712, 0, 38, 1980 MHz, 129.47 W, 0 %, 559 MiB
2026/09/27 10:26:39.712, 1, 34, 1980 MHz, 124.04 W, 0 %, 539 MiB
2026/09/27 10:26:39.713, 2, 33, 1980 MHz, 119.79 W, 0 %, 539 MiB
2026/09/27 10:26:39.713, 3, 38, 1980 MHz, 131.01 W, 0 %, 539 MiB
2026/09/27 10:26:39.713, 4, 39, 1980 MHz, 130.77 W, 0 %, 539 MiB
2026/09/27 10:26:39.713, 5, 35, 1980 MHz, 124.62 W, 0 %, 539 MiB
2026/09/27 10:26:39.713, 6, 37, 1980 MHz, 131.01 W, 0 %, 539 MiB
2026/09/27 10:26:39.713, 7, 34, 1980 MHz, 131.06 W, 0 %, 539 MiB
2026/09/27 10:26:41.713, 0, 38, 1980 MHz, 129.46 W, 0 %, 559 MiB
2026/09/27 10:26:41.713, 1, 34, 1980 MHz, 124.04 W, 0 %, 539 MiB
2026/09/27 10:26:41.713, 2, 33, 1980 MHz, 119.79 W, 0 %, 539 MiB
2026/09/27 10:26:41.713, 3, 38, 1980 MHz, 131.04 W, 0 %, 539 MiB
2026/09/27 10:26:41.713, 4, 39, 1980 MHz, 130.75 W, 0 %, 539 MiB
2026/09/27 10:26:41.713, 5, 35, 1980 MHz, 124.56 W, 0 %, 539 MiB
2026/09/27 10:26:41.713, 6, 37, 1980 MHz, 130.96 W, 0 %, 539 MiB
2026/09/27 10:26:41.714, 7, 34, 1980 MHz, 131.05 W, 0 %, 539 MiB
2026/09/27 10:26:43.714, 0, 38, 1980 MHz, 129.52 W, 0 %, 559 MiB
2026/09/27 10:26:43.714, 1, 34, 1980 MHz, 124.08 W, 0 %, 539 MiB
2026/09/27 10:26:43.714, 2, 33, 1980 MHz, 119.80 W, 0 %, 539 MiB
2026/09/27 10:26:43.714, 3, 38, 1980 MHz, 131.02 W, 0 %, 539 MiB
2026/09/27 10:26:43.714, 4, 39, 1980 MHz, 130.75 W, 0 %, 539 MiB
2026/09/27 10:26:43.714, 5, 35, 1980 MHz, 124.58 W, 0 %, 539 MiB
2026/09/27 10:26:43.714, 6, 37, 1980 MHz, 131.03 W, 0 %, 539 MiB
2026/09/27 10:26:43.714, 7, 34, 1980 MHz, 131.05 W, 0 %, 539 MiB
2026/09/27 10:26:45.714, 0, 38, 1980 MHz, 129.52 W, 0 %, 559 MiB
2026/09/27 10:26:45.714, 1, 34, 1980 MHz, 124.04 W, 0 %, 539 MiB
2026/09/27 10:26:45.715, 2, 33, 1980 MHz, 119.78 W, 0 %, 539 MiB
2026/09/27 10:26:45.715, 3, 38, 1980 MHz, 131.00 W, 0 %, 539 MiB
2026/09/27 10:26:45.715, 4, 39, 1980 MHz, 130.75 W, 0 %, 539 MiB
2026/09/27 10:26:45.715, 5, 35, 1980 MHz, 124.55 W, 0 %, 539 MiB
2026/09/27 10:26:45.715, 6, 37, 1980 MHz, 130.96 W, 0 %, 539 MiB
2026/09/27 10:26:45.715, 7, 34, 1980 MHz, 131.05 W, 0 %, 539 MiB
2026/09/27 10:26:47.715, 0, 38, 1980 MHz, 129.54 W, 0 %, 559 MiB
2026/09/27 10:26:47.715, 1, 34, 1980 MHz, 124.00 W, 0 %, 539 MiB
2026/09/27 10:26:47.715, 2, 33, 1980 MHz, 119.81 W, 0 %, 539 MiB
2026/09/27 10:26:47.715, 3, 38, 1980 MHz, 131.04 W, 0 %, 539 MiB
2026/09/27 10:26:47.715, 4, 39, 1980 MHz, 130.77 W, 0 %, 539 MiB
2026/09/27 10:26:47.715, 5, 35, 1980 MHz, 124.55 W, 0 %, 539 MiB
2026/09/27 10:26:47.716, 6, 37, 1980 MHz, 130.98 W, 0 %, 539 MiB
2026/09/27 10:26:47.716, 7, 34, 1980 MHz, 131.05 W, 0 %, 539 MiB
2026/09/27 10:26:49.716, 0, 38, 1980 MHz, 129.53 W, 0 %, 559 MiB
2026/09/27 10:26:49.716, 1, 35, 1980 MHz, 124.06 W, 0 %, 539 MiB
2026/09/27 10:26:49.716, 2, 33, 1980 MHz, 119.78 W, 0 %, 539 MiB
2026/09/27 10:26:49.716, 3, 38, 1980 MHz, 131.03 W, 0 %, 539 MiB
2026/09/27 10:26:49.716, 4, 39, 1980 MHz, 130.75 W, 0 %, 539 MiB
2026/09/27 10:26:49.716, 5, 35, 1980 MHz, 124.55 W, 0 %, 539 MiB
2026/09/27 10:26:49.716, 6, 37, 1980 MHz, 131.01 W, 0 %, 539 MiB
2026/09/27 10:26:49.716, 7, 34, 1980 MHz, 131.04 W, 0 %, 539 MiB
2026/09/27 10:26:51.717, 0, 38, 1980 MHz, 129.49 W, 0 %, 559 MiB
2026/09/27 10:26:51.717, 1, 34, 1980 MHz, 124.07 W, 0 %, 539 MiB
2026/09/27 10:26:51.717, 2, 33, 1980 MHz, 119.77 W, 0 %, 539 MiB
2026/09/27 10:26:51.717, 3, 38, 1980 MHz, 131.06 W, 0 %, 539 MiB
2026/09/27 10:26:51.717, 4, 39, 1980 MHz, 130.75 W, 0 %, 539 MiB
2026/09/27 10:26:51.717, 5, 35, 1980 MHz, 124.54 W, 0 %, 539 MiB
2026/09/27 10:26:51.717, 6, 37, 1980 MHz, 130.93 W, 0 %, 539 MiB
2026/09/27 10:26:51.717, 7, 34, 1980 MHz, 130.34 W, 0 %, 539 MiB
2026/09/27 10:26:53.717, 0, 38, 1980 MHz, 129.53 W, 0 %, 559 MiB
2026/09/27 10:26:53.717, 1, 34, 1980 MHz, 124.08 W, 0 %, 539 MiB
2026/09/27 10:26:53.717, 2, 33, 1980 MHz, 119.77 W, 0 %, 539 MiB
2026/09/27 10:26:53.717, 3, 38, 1980 MHz, 131.04 W, 0 %, 539 MiB
2026/09/27 10:26:53.718, 4, 39, 1980 MHz, 130.75 W, 0 %, 539 MiB
2026/09/27 10:26:53.718, 5, 35, 1980 MHz, 124.56 W, 0 %, 539 MiB
2026/09/27 10:26:53.718, 6, 37, 1980 MHz, 131.06 W, 0 %, 539 MiB
2026/09/27 10:26:53.718, 7, 34, 1980 MHz, 130.35 W, 0 %, 539 MiB
2026/09/27 10:26:55.718, 0, 38, 1980 MHz, 129.52 W, 0 %, 559 MiB
2026/09/27 10:26:55.718, 1, 34, 1980 MHz, 124.09 W, 0 %, 539 MiB
2026/09/27 10:26:55.718, 2, 33, 1980 MHz, 119.76 W, 0 %, 539 MiB
2026/09/27 10:26:55.718, 3, 38, 1980 MHz, 131.02 W, 0 %, 539 MiB
2026/09/27 10:26:55.718, 4, 39, 1980 MHz, 130.78 W, 0 %, 539 MiB
2026/09/27 10:26:55.718, 5, 35, 1980 MHz, 124.52 W, 0 %, 539 MiB
2026/09/27 10:26:55.718, 6, 37, 1980 MHz, 130.99 W, 0 %, 539 MiB
2026/09/27 10:26:55.718, 7, 34, 1980 MHz, 130.30 W, 0 %, 539 MiB
2026/09/27 10:26:57.719, 0, 38, 1980 MHz, 129.53 W, 0 %, 559 MiB
2026/09/27 10:26:57.719, 1, 34, 1980 MHz, 124.11 W, 0 %, 539 MiB
2026/09/27 10:26:57.719, 2, 33, 1980 MHz, 119.76 W, 0 %, 539 MiB
2026/09/27 10:26:57.719, 3, 38, 1980 MHz, 131.03 W, 0 %, 539 MiB
2026/09/27 10:26:57.719, 4, 39, 1980 MHz, 130.76 W, 0 %, 539 MiB
2026/09/27 10:26:57.719, 5, 35, 1980 MHz, 124.51 W, 0 %, 539 MiB
2026/09/27 10:26:57.719, 6, 37, 1980 MHz, 130.93 W, 0 %, 539 MiB
2026/09/27 10:26:57.719, 7, 34, 1980 MHz, 130.35 W, 0 %, 539 MiB
2026/09/27 10:26:59.719, 0, 38, 1980 MHz, 129.48 W, 0 %, 559 MiB
2026/09/27 10:26:59.719, 1, 34, 1980 MHz, 124.03 W, 0 %, 539 MiB
2026/09/27 10:26:59.720, 2, 33, 1980 MHz, 119.81 W, 0 %, 539 MiB
2026/09/27 10:26:59.720, 3, 38, 1980 MHz, 131.01 W, 0 %, 539 MiB
2026/09/27 10:26:59.720, 4, 39, 1980 MHz, 130.73 W, 0 %, 539 MiB
2026/09/27 10:26:59.720, 5, 35, 1980 MHz, 124.54 W, 0 %, 539 MiB
2026/09/27 10:26:59.720, 6, 37, 1980 MHz, 130.99 W, 0 %, 539 MiB
2026/09/27 10:26:59.720, 7, 34, 1980 MHz, 130.34 W, 0 %, 539 MiB
2026/09/27 10:27:01.720, 0, 38, 1980 MHz, 129.53 W, 0 %, 559 MiB
2026/09/27 10:27:01.745, 1, 34, 1980 MHz, 124.05 W, 0 %, 539 MiB
2026/09/27 10:27:01.745, 2, 33, 1980 MHz, 119.72 W, 0 %, 539 MiB
2026/09/27 10:27:01.745, 3, 38, 1980 MHz, 131.01 W, 0 %, 539 MiB
2026/09/27 10:27:01.745, 4, 39, 1980 MHz, 130.79 W, 0 %, 558 MiB
2026/09/27 10:27:01.745, 5, 35, 1980 MHz, 124.56 W, 0 %, 539 MiB
2026/09/27 10:27:01.746, 6, 37, 1980 MHz, 131.02 W, 0 %, 558 MiB
2026/09/27 10:27:01.782, 7, 34, 1980 MHz, 130.35 W, 0 %, 539 MiB
2026/09/27 10:27:03.782, 0, 38, 1980 MHz, 125.25 W, 0 %, 3555 MiB
2026/09/27 10:27:03.783, 1, 34, 1980 MHz, 119.84 W, 0 %, 1075 MiB
2026/09/27 10:27:03.783, 2, 33, 1980 MHz, 115.76 W, 0 %, 1075 MiB
2026/09/27 10:27:03.783, 3, 38, 1980 MHz, 126.67 W, 0 %, 1075 MiB
2026/09/27 10:27:03.783, 4, 39, 1980 MHz, 126.46 W, 0 %, 1075 MiB
2026/09/27 10:27:03.783, 5, 35, 1980 MHz, 120.35 W, 0 %, 1075 MiB
2026/09/27 10:27:03.783, 6, 37, 1980 MHz, 126.80 W, 0 %, 1075 MiB
2026/09/27 10:27:03.783, 7, 34, 1980 MHz, 126.15 W, 0 %, 1075 MiB
2026/09/27 10:27:05.783, 0, 38, 1980 MHz, 124.81 W, 0 %, 3555 MiB
2026/09/27 10:27:05.783, 1, 34, 1980 MHz, 119.70 W, 0 %, 1075 MiB
2026/09/27 10:27:05.783, 2, 33, 1980 MHz, 115.48 W, 0 %, 1075 MiB
2026/09/27 10:27:05.784, 3, 38, 1980 MHz, 126.64 W, 0 %, 1075 MiB
2026/09/27 10:27:05.784, 4, 39, 1980 MHz, 126.43 W, 0 %, 1075 MiB
2026/09/27 10:27:05.784, 5, 35, 1980 MHz, 120.29 W, 0 %, 1075 MiB
2026/09/27 10:27:05.784, 6, 37, 1980 MHz, 126.65 W, 0 %, 1075 MiB
2026/09/27 10:27:05.784, 7, 34, 1980 MHz, 125.68 W, 0 %, 1075 MiB
2026/09/27 10:27:07.784, 0, 38, 1980 MHz, 124.85 W, 0 %, 3555 MiB
2026/09/27 10:27:07.784, 1, 34, 1980 MHz, 119.70 W, 0 %, 1075 MiB
2026/09/27 10:27:07.784, 2, 33, 1980 MHz, 115.50 W, 0 %, 1075 MiB
2026/09/27 10:27:07.784, 3, 38, 1980 MHz, 126.66 W, 0 %, 1075 MiB
2026/09/27 10:27:07.784, 4, 39, 1980 MHz, 126.42 W, 0 %, 1075 MiB
2026/09/27 10:27:07.784, 5, 35, 1980 MHz, 120.27 W, 0 %, 1075 MiB
2026/09/27 10:27:07.784, 6, 37, 1980 MHz, 126.66 W, 0 %, 1075 MiB
2026/09/27 10:27:07.785, 7, 33, 1980 MHz, 125.69 W, 0 %, 1075 MiB
2026/09/27 10:27:09.785, 0, 38, 1980 MHz, 124.94 W, 0 %, 3559 MiB
2026/09/27 10:27:09.785, 1, 34, 1980 MHz, 119.70 W, 0 %, 1075 MiB
2026/09/27 10:27:09.785, 2, 33, 1980 MHz, 115.50 W, 0 %, 1075 MiB
2026/09/27 10:27:09.785, 3, 38, 1980 MHz, 126.61 W, 0 %, 1075 MiB
2026/09/27 10:27:09.785, 4, 39, 1980 MHz, 126.40 W, 0 %, 1075 MiB
2026/09/27 10:27:09.785, 5, 35, 1980 MHz, 120.24 W, 0 %, 1075 MiB
2026/09/27 10:27:09.785, 6, 37, 1980 MHz, 126.63 W, 0 %, 1075 MiB
2026/09/27 10:27:09.785, 7, 33, 1980 MHz, 125.67 W, 0 %, 1075 MiB
2026/09/27 10:27:11.785, 0, 38, 1980 MHz, 124.95 W, 0 %, 3559 MiB
2026/09/27 10:27:11.786, 1, 34, 1980 MHz, 119.71 W, 0 %, 1075 MiB
2026/09/27 10:27:11.786, 2, 33, 1980 MHz, 115.51 W, 0 %, 1075 MiB
2026/09/27 10:27:11.786, 3, 38, 1980 MHz, 126.60 W, 0 %, 1075 MiB
2026/09/27 10:27:11.786, 4, 39, 1980 MHz, 126.35 W, 0 %, 1075 MiB
2026/09/27 10:27:11.786, 5, 35, 1980 MHz, 120.23 W, 0 %, 1075 MiB
2026/09/27 10:27:11.786, 6, 37, 1980 MHz, 126.66 W, 0 %, 1075 MiB
2026/09/27 10:27:11.786, 7, 33, 1980 MHz, 125.67 W, 0 %, 1075 MiB
2026/09/27 10:27:13.786, 0, 38, 1980 MHz, 125.01 W, 0 %, 3559 MiB
2026/09/27 10:27:13.786, 1, 34, 1980 MHz, 119.65 W, 0 %, 1075 MiB
2026/09/27 10:27:13.786, 2, 33, 1980 MHz, 115.48 W, 0 %, 1075 MiB
2026/09/27 10:27:13.787, 3, 38, 1980 MHz, 126.60 W, 0 %, 1075 MiB
2026/09/27 10:27:13.787, 4, 39, 1980 MHz, 126.38 W, 0 %, 1075 MiB
2026/09/27 10:27:13.787, 5, 35, 1980 MHz, 120.21 W, 0 %, 1075 MiB
2026/09/27 10:27:13.787, 6, 37, 1980 MHz, 127.23 W, 0 %, 1075 MiB
2026/09/27 10:27:13.787, 7, 33, 1980 MHz, 125.65 W, 0 %, 1075 MiB
2026/09/27 10:27:15.787, 0, 38, 1980 MHz, 124.98 W, 0 %, 3559 MiB
2026/09/27 10:27:15.787, 1, 34, 1980 MHz, 119.66 W, 0 %, 1075 MiB
2026/09/27 10:27:15.787, 2, 33, 1980 MHz, 115.45 W, 0 %, 1075 MiB
2026/09/27 10:27:15.787, 3, 38, 1980 MHz, 126.60 W, 0 %, 1075 MiB
2026/09/27 10:27:15.788, 4, 39, 1980 MHz, 126.39 W, 0 %, 1075 MiB
2026/09/27 10:27:15.788, 5, 35, 1980 MHz, 120.23 W, 0 %, 1075 MiB
2026/09/27 10:27:15.788, 6, 37, 1980 MHz, 127.30 W, 0 %, 1075 MiB
2026/09/27 10:27:15.788, 7, 33, 1980 MHz, 125.63 W, 0 %, 1075 MiB
2026/09/27 10:27:17.788, 0, 38, 1980 MHz, 124.99 W, 0 %, 3559 MiB
2026/09/27 10:27:17.788, 1, 34, 1980 MHz, 119.67 W, 0 %, 1075 MiB
2026/09/27 10:27:17.788, 2, 33, 1980 MHz, 115.49 W, 0 %, 1075 MiB
2026/09/27 10:27:17.788, 3, 37, 1980 MHz, 126.60 W, 0 %, 1075 MiB
2026/09/27 10:27:17.788, 4, 39, 1980 MHz, 126.35 W, 0 %, 1075 MiB
2026/09/27 10:27:17.788, 5, 35, 1980 MHz, 120.22 W, 0 %, 1075 MiB
2026/09/27 10:27:17.789, 6, 37, 1980 MHz, 127.22 W, 0 %, 1075 MiB
2026/09/27 10:27:17.789, 7, 33, 1980 MHz, 125.65 W, 0 %, 1075 MiB
2026/09/27 10:27:19.789, 0, 38, 1980 MHz, 124.92 W, 0 %, 3559 MiB
2026/09/27 10:27:19.789, 1, 34, 1980 MHz, 119.70 W, 0 %, 1075 MiB
2026/09/27 10:27:19.789, 2, 33, 1980 MHz, 115.48 W, 0 %, 1075 MiB
2026/09/27 10:27:19.789, 3, 37, 1980 MHz, 126.62 W, 0 %, 1075 MiB
2026/09/27 10:27:19.789, 4, 39, 1980 MHz, 126.37 W, 0 %, 1075 MiB
2026/09/27 10:27:19.789, 5, 35, 1980 MHz, 120.21 W, 0 %, 1075 MiB
2026/09/27 10:27:19.789, 6, 37, 1980 MHz, 127.27 W, 0 %, 1075 MiB
2026/09/27 10:27:19.789, 7, 33, 1980 MHz, 125.64 W, 0 %, 1075 MiB
2026/09/27 10:27:21.790, 0, 38, 1980 MHz, 124.84 W, 0 %, 3559 MiB
2026/09/27 10:27:21.790, 1, 34, 1980 MHz, 119.64 W, 0 %, 1075 MiB
2026/09/27 10:27:21.790, 2, 33, 1980 MHz, 115.46 W, 0 %, 1075 MiB
2026/09/27 10:27:21.790, 3, 37, 1980 MHz, 126.59 W, 0 %, 1075 MiB
2026/09/27 10:27:21.790, 4, 39, 1980 MHz, 126.40 W, 0 %, 1075 MiB
2026/09/27 10:27:21.790, 5, 35, 1980 MHz, 120.21 W, 0 %, 1075 MiB
2026/09/27 10:27:21.790, 6, 37, 1980 MHz, 127.28 W, 0 %, 1075 MiB
2026/09/27 10:27:21.790, 7, 33, 1980 MHz, 125.63 W, 0 %, 1075 MiB
2026/09/27 10:27:23.790, 0, 38, 1980 MHz, 125.06 W, 0 %, 3559 MiB
2026/09/27 10:27:23.791, 1, 34, 1980 MHz, 119.66 W, 0 %, 1075 MiB
2026/09/27 10:27:23.791, 2, 33, 1980 MHz, 115.48 W, 0 %, 1075 MiB
2026/09/27 10:27:23.791, 3, 37, 1980 MHz, 126.58 W, 0 %, 1075 MiB
2026/09/27 10:27:23.791, 4, 39, 1980 MHz, 126.36 W, 0 %, 1075 MiB
2026/09/27 10:27:23.791, 5, 35, 1980 MHz, 120.22 W, 0 %, 1075 MiB
2026/09/27 10:27:23.791, 6, 37, 1980 MHz, 127.22 W, 0 %, 1075 MiB
2026/09/27 10:27:23.791, 7, 33, 1980 MHz, 125.64 W, 0 %, 1075 MiB
2026/09/27 10:27:25.791, 0, 38, 1980 MHz, 124.88 W, 0 %, 3559 MiB
2026/09/27 10:27:25.791, 1, 34, 1980 MHz, 119.61 W, 0 %, 1075 MiB
2026/09/27 10:27:25.792, 2, 33, 1980 MHz, 115.48 W, 0 %, 1075 MiB
2026/09/27 10:27:25.792, 3, 37, 1980 MHz, 126.58 W, 0 %, 1075 MiB
2026/09/27 10:27:25.792, 4, 39, 1980 MHz, 126.34 W, 0 %, 1075 MiB
2026/09/27 10:27:25.792, 5, 35, 1980 MHz, 120.23 W, 0 %, 1075 MiB
2026/09/27 10:27:25.792, 6, 37, 1980 MHz, 127.23 W, 0 %, 1075 MiB
2026/09/27 10:27:25.792, 7, 33, 1980 MHz, 125.64 W, 0 %, 1075 MiB
2026/09/27 10:27:27.792, 0, 38, 1980 MHz, 126.40 W, 0 %, 3559 MiB
2026/09/27 10:27:27.792, 1, 34, 1980 MHz, 119.64 W, 0 %, 1075 MiB
2026/09/27 10:27:27.792, 2, 33, 1980 MHz, 115.49 W, 0 %, 1075 MiB
2026/09/27 10:27:27.792, 3, 37, 1980 MHz, 126.57 W, 0 %, 1075 MiB
2026/09/27 10:27:27.792, 4, 39, 1980 MHz, 126.36 W, 0 %, 1075 MiB
2026/09/27 10:27:27.793, 5, 35, 1980 MHz, 120.22 W, 0 %, 1075 MiB
2026/09/27 10:27:27.793, 6, 37, 1980 MHz, 127.26 W, 0 %, 1075 MiB
2026/09/27 10:27:27.793, 7, 33, 1980 MHz, 125.64 W, 0 %, 1075 MiB
2026/09/27 10:27:29.793, 0, 38, 1980 MHz, 125.02 W, 0 %, 3761 MiB
2026/09/27 10:27:29.793, 1, 34, 1980 MHz, 119.69 W, 0 %, 3717 MiB
2026/09/27 10:27:29.793, 2, 33, 1980 MHz, 115.42 W, 0 %, 3717 MiB
2026/09/27 10:27:29.793, 3, 37, 1980 MHz, 126.59 W, 0 %, 3717 MiB
2026/09/27 10:27:29.793, 4, 39, 1980 MHz, 126.38 W, 0 %, 3717 MiB
2026/09/27 10:27:29.794, 5, 35, 1980 MHz, 120.30 W, 0 %, 3715 MiB
2026/09/27 10:27:29.794, 6, 37, 1980 MHz, 127.23 W, 4 %, 3715 MiB
2026/09/27 10:27:29.794, 7, 33, 1980 MHz, 125.55 W, 4 %, 3717 MiB
2026/09/27 10:27:31.794, 0, 38, 1980 MHz, 132.25 W, 0 %, 4479 MiB
2026/09/27 10:27:31.794, 1, 34, 1980 MHz, 125.97 W, 0 %, 4433 MiB
2026/09/27 10:27:31.794, 2, 33, 1980 MHz, 121.43 W, 0 %, 4433 MiB
2026/09/27 10:27:31.794, 3, 38, 1980 MHz, 133.40 W, 0 %, 4433 MiB
2026/09/27 10:27:31.794, 4, 39, 1980 MHz, 134.24 W, 0 %, 4433 MiB
2026/09/27 10:27:31.794, 5, 35, 1980 MHz, 126.40 W, 0 %, 4433 MiB
2026/09/27 10:27:31.794, 6, 37, 1980 MHz, 134.53 W, 0 %, 4433 MiB
2026/09/27 10:27:31.795, 7, 33, 1980 MHz, 133.31 W, 0 %, 4433 MiB
2026/09/27 10:27:33.795, 0, 38, 1980 MHz, 124.88 W, 0 %, 4479 MiB
2026/09/27 10:27:33.795, 1, 34, 1980 MHz, 119.65 W, 0 %, 4433 MiB
2026/09/27 10:27:33.795, 2, 33, 1980 MHz, 115.51 W, 0 %, 4433 MiB
2026/09/27 10:27:33.795, 3, 37, 1980 MHz, 126.62 W, 0 %, 4433 MiB
2026/09/27 10:27:33.795, 4, 39, 1980 MHz, 126.38 W, 0 %, 4433 MiB
2026/09/27 10:27:33.795, 5, 35, 1980 MHz, 120.26 W, 0 %, 4433 MiB
2026/09/27 10:27:33.796, 6, 37, 1980 MHz, 127.27 W, 0 %, 4433 MiB
2026/09/27 10:27:33.796, 7, 33, 1980 MHz, 125.68 W, 0 %, 4433 MiB
2026/09/27 10:27:35.796, 0, 38, 1980 MHz, 124.90 W, 0 %, 4801 MiB
2026/09/27 10:27:35.796, 1, 34, 1980 MHz, 119.69 W, 1 %, 4809 MiB
2026/09/27 10:27:35.796, 2, 33, 1980 MHz, 115.50 W, 1 %, 4803 MiB
2026/09/27 10:27:35.797, 3, 37, 1980 MHz, 126.67 W, 0 %, 4809 MiB
2026/09/27 10:27:35.797, 4, 39, 1980 MHz, 126.40 W, 0 %, 4807 MiB
2026/09/27 10:27:35.797, 5, 35, 1980 MHz, 120.28 W, 1 %, 4813 MiB
2026/09/27 10:27:35.797, 6, 37, 1980 MHz, 127.31 W, 1 %, 4811 MiB
2026/09/27 10:27:35.798, 7, 33, 1980 MHz, 125.70 W, 0 %, 4501 MiB
2026/09/27 10:27:37.798, 0, 38, 1980 MHz, 130.88 W, 0 %, 5503 MiB
2026/09/27 10:27:37.798, 1, 34, 1980 MHz, 123.96 W, 0 %, 5523 MiB
2026/09/27 10:27:37.798, 2, 33, 1980 MHz, 120.10 W, 0 %, 5587 MiB
2026/09/27 10:27:37.798, 3, 38, 1980 MHz, 132.68 W, 0 %, 5523 MiB
2026/09/27 10:27:37.799, 4, 39, 1980 MHz, 131.85 W, 0 %, 5523 MiB
2026/09/27 10:27:37.799, 5, 35, 1980 MHz, 124.84 W, 0 %, 5523 MiB
2026/09/27 10:27:37.799, 6, 37, 1980 MHz, 132.76 W, 0 %, 5523 MiB
2026/09/27 10:27:37.799, 7, 34, 1980 MHz, 131.73 W, 0 %, 5139 MiB
2026/09/27 10:27:39.799, 0, 38, 1980 MHz, 129.23 W, 5 %, 5503 MiB
2026/09/27 10:27:39.799, 1, 34, 1980 MHz, 123.68 W, 0 %, 5523 MiB
2026/09/27 10:27:39.799, 2, 33, 1980 MHz, 119.57 W, 0 %, 5587 MiB
2026/09/27 10:27:39.799, 3, 37, 1980 MHz, 130.90 W, 0 %, 5523 MiB
2026/09/27 10:27:39.799, 4, 39, 1980 MHz, 130.59 W, 0 %, 5523 MiB
2026/09/27 10:27:39.800, 5, 35, 1980 MHz, 124.25 W, 0 %, 5523 MiB
2026/09/27 10:27:39.800, 6, 37, 1980 MHz, 131.25 W, 0 %, 5523 MiB
2026/09/27 10:27:39.800, 7, 33, 1980 MHz, 129.94 W, 0 %, 5139 MiB
2026/09/27 10:27:41.800, 0, 38, 1980 MHz, 126.60 W, 0 %, 5503 MiB
2026/09/27 10:27:41.800, 1, 34, 1980 MHz, 121.36 W, 0 %, 5523 MiB
2026/09/27 10:27:41.800, 2, 33, 1980 MHz, 117.25 W, 0 %, 5587 MiB
2026/09/27 10:27:41.800, 3, 37, 1980 MHz, 128.39 W, 0 %, 5523 MiB
2026/09/27 10:27:41.800, 4, 39, 1980 MHz, 128.11 W, 0 %, 5523 MiB
2026/09/27 10:27:41.801, 5, 35, 1980 MHz, 121.94 W, 0 %, 5523 MiB
2026/09/27 10:27:41.801, 6, 37, 1980 MHz, 128.96 W, 0 %, 5523 MiB
2026/09/27 10:27:41.801, 7, 33, 1980 MHz, 127.55 W, 0 %, 5139 MiB
2026/09/27 10:27:43.801, 0, 38, 1980 MHz, 124.85 W, 0 %, 5503 MiB
2026/09/27 10:27:43.801, 1, 34, 1980 MHz, 119.71 W, 0 %, 5523 MiB
2026/09/27 10:27:43.801, 2, 33, 1980 MHz, 115.54 W, 0 %, 5587 MiB
2026/09/27 10:27:43.801, 3, 37, 1980 MHz, 126.70 W, 0 %, 5523 MiB
2026/09/27 10:27:43.801, 4, 39, 1980 MHz, 126.41 W, 0 %, 5523 MiB
2026/09/27 10:27:43.801, 5, 35, 1980 MHz, 120.29 W, 0 %, 5523 MiB
2026/09/27 10:27:43.802, 6, 37, 1980 MHz, 127.38 W, 0 %, 5523 MiB
2026/09/27 10:27:43.802, 7, 33, 1980 MHz, 125.78 W, 0 %, 5139 MiB
2026/09/27 10:27:45.802, 0, 38, 1980 MHz, 130.45 W, 14 %, 5503 MiB
2026/09/27 10:27:45.802, 1, 34, 1980 MHz, 123.57 W, 0 %, 5523 MiB
2026/09/27 10:27:45.802, 2, 33, 1980 MHz, 119.37 W, 0 %, 5587 MiB
2026/09/27 10:27:45.802, 3, 37, 1980 MHz, 130.62 W, 0 %, 5523 MiB
2026/09/27 10:27:45.802, 4, 39, 1980 MHz, 130.37 W, 0 %, 5523 MiB
2026/09/27 10:27:45.802, 5, 35, 1980 MHz, 124.17 W, 0 %, 5523 MiB
2026/09/27 10:27:45.803, 6, 37, 1980 MHz, 130.54 W, 0 %, 5523 MiB
2026/09/27 10:27:45.803, 7, 33, 1980 MHz, 129.80 W, 0 %, 5139 MiB
2026/09/27 10:27:47.803, 0, 38, 1980 MHz, 128.72 W, 0 %, 5503 MiB
2026/09/27 10:27:47.803, 1, 34, 1980 MHz, 122.67 W, 0 %, 5523 MiB
2026/09/27 10:27:47.803, 2, 33, 1980 MHz, 118.49 W, 0 %, 5587 MiB
2026/09/27 10:27:47.803, 3, 37, 1980 MHz, 130.61 W, 0 %, 5523 MiB
2026/09/27 10:27:47.803, 4, 39, 1980 MHz, 129.32 W, 0 %, 5523 MiB
2026/09/27 10:27:47.803, 5, 35, 1980 MHz, 123.32 W, 0 %, 5523 MiB
2026/09/27 10:27:47.804, 6, 37, 1980 MHz, 130.40 W, 0 %, 5523 MiB
2026/09/27 10:27:47.804, 7, 33, 1980 MHz, 129.68 W, 0 %, 5139 MiB
2026/09/27 10:27:49.804, 0, 38, 1980 MHz, 124.89 W, 0 %, 5503 MiB
2026/09/27 10:27:49.804, 1, 34, 1980 MHz, 119.74 W, 0 %, 5523 MiB
2026/09/27 10:27:49.804, 2, 33, 1980 MHz, 115.55 W, 0 %, 5587 MiB
2026/09/27 10:27:49.804, 3, 37, 1980 MHz, 126.69 W, 0 %, 5523 MiB
2026/09/27 10:27:49.804, 4, 39, 1980 MHz, 126.40 W, 0 %, 5523 MiB
2026/09/27 10:27:49.804, 5, 35, 1980 MHz, 120.30 W, 0 %, 5523 MiB
2026/09/27 10:27:49.805, 6, 37, 1980 MHz, 126.70 W, 0 %, 5523 MiB
2026/09/27 10:27:49.805, 7, 33, 1980 MHz, 125.74 W, 0 %, 5139 MiB
2026/09/27 10:27:51.805, 0, 38, 1980 MHz, 124.89 W, 0 %, 5503 MiB
2026/09/27 10:27:51.805, 1, 34, 1980 MHz, 119.73 W, 0 %, 5523 MiB
2026/09/27 10:27:51.805, 2, 33, 1980 MHz, 115.53 W, 0 %, 5587 MiB
2026/09/27 10:27:51.805, 3, 37, 1980 MHz, 126.68 W, 0 %, 5523 MiB
2026/09/27 10:27:51.805, 4, 39, 1980 MHz, 126.41 W, 0 %, 5523 MiB
2026/09/27 10:27:51.805, 5, 35, 1980 MHz, 120.31 W, 0 %, 5523 MiB
2026/09/27 10:27:51.805, 6, 37, 1980 MHz, 126.72 W, 0 %, 5523 MiB
2026/09/27 10:27:51.805, 7, 33, 1980 MHz, 125.75 W, 0 %, 5139 MiB
2026/09/27 10:27:53.806, 0, 38, 1980 MHz, 133.94 W, 0 %, 5503 MiB
2026/09/27 10:27:53.806, 1, 34, 1980 MHz, 127.16 W, 0 %, 5523 MiB
2026/09/27 10:27:53.806, 2, 33, 1980 MHz, 123.07 W, 0 %, 5587 MiB
2026/09/27 10:27:53.806, 3, 37, 1980 MHz, 135.94 W, 0 %, 5523 MiB
2026/09/27 10:27:53.806, 4, 39, 1980 MHz, 133.64 W, 0 %, 5523 MiB
2026/09/27 10:27:53.806, 5, 35, 1980 MHz, 127.88 W, 0 %, 5523 MiB
2026/09/27 10:27:53.806, 6, 37, 1980 MHz, 135.54 W, 0 %, 5523 MiB
2026/09/27 10:27:53.806, 7, 33, 1980 MHz, 135.59 W, 0 %, 5139 MiB
2026/09/27 10:27:55.807, 0, 38, 1980 MHz, 125.45 W, 0 %, 5503 MiB
2026/09/27 10:27:55.807, 1, 34, 1980 MHz, 119.69 W, 0 %, 5523 MiB
2026/09/27 10:27:55.807, 2, 33, 1980 MHz, 115.52 W, 0 %, 5587 MiB
2026/09/27 10:27:55.807, 3, 37, 1980 MHz, 126.79 W, 0 %, 5523 MiB
2026/09/27 10:27:55.807, 4, 39, 1980 MHz, 126.42 W, 0 %, 5523 MiB
2026/09/27 10:27:55.807, 5, 35, 1980 MHz, 120.33 W, 0 %, 5523 MiB
2026/09/27 10:27:55.807, 6, 37, 1980 MHz, 126.88 W, 0 %, 5523 MiB
2026/09/27 10:27:55.807, 7, 33, 1980 MHz, 126.78 W, 0 %, 5139 MiB
2026/09/27 10:27:57.807, 0, 38, 1980 MHz, 124.91 W, 0 %, 5503 MiB
2026/09/27 10:27:57.807, 1, 34, 1980 MHz, 119.80 W, 0 %, 5523 MiB
2026/09/27 10:27:57.807, 2, 33, 1980 MHz, 115.54 W, 0 %, 5587 MiB
2026/09/27 10:27:57.807, 3, 37, 1980 MHz, 126.70 W, 0 %, 5523 MiB
2026/09/27 10:27:57.808, 4, 39, 1980 MHz, 126.45 W, 0 %, 5523 MiB
2026/09/27 10:27:57.808, 5, 35, 1980 MHz, 120.34 W, 0 %, 5523 MiB
2026/09/27 10:27:57.808, 6, 37, 1980 MHz, 126.68 W, 0 %, 5523 MiB
2026/09/27 10:27:57.808, 7, 33, 1980 MHz, 126.44 W, 0 %, 5139 MiB
2026/09/27 10:27:59.808, 0, 38, 1980 MHz, 124.89 W, 0 %, 5503 MiB
2026/09/27 10:27:59.808, 1, 34, 1980 MHz, 119.72 W, 0 %, 5523 MiB
2026/09/27 10:27:59.808, 2, 33, 1980 MHz, 115.56 W, 0 %, 5587 MiB
2026/09/27 10:27:59.808, 3, 37, 1980 MHz, 126.70 W, 0 %, 5523 MiB
2026/09/27 10:27:59.808, 4, 39, 1980 MHz, 126.42 W, 0 %, 5523 MiB
2026/09/27 10:27:59.809, 5, 35, 1980 MHz, 120.28 W, 0 %, 5523 MiB
2026/09/27 10:27:59.809, 6, 37, 1980 MHz, 126.72 W, 0 %, 5523 MiB
2026/09/27 10:27:59.809, 7, 33, 1980 MHz, 126.51 W, 0 %, 5139 MiB
2026/09/27 10:28:01.809, 0, 38, 1980 MHz, 126.38 W, 0 %, 5505 MiB
2026/09/27 10:28:01.809, 1, 34, 1980 MHz, 120.28 W, 0 %, 5525 MiB
2026/09/27 10:28:01.809, 2, 33, 1980 MHz, 115.88 W, 0 %, 5589 MiB
2026/09/27 10:28:01.809, 3, 37, 1980 MHz, 128.45 W, 0 %, 5525 MiB
2026/09/27 10:28:01.810, 4, 39, 1980 MHz, 126.45 W, 0 %, 5525 MiB
2026/09/27 10:28:01.810, 5, 35, 1980 MHz, 121.26 W, 0 %, 5525 MiB
2026/09/27 10:28:01.810, 6, 37, 1980 MHz, 128.30 W, 0 %, 5525 MiB
2026/09/27 10:28:01.810, 7, 33, 1980 MHz, 128.32 W, 0 %, 5141 MiB
2026/09/27 10:28:03.810, 0, 38, 1980 MHz, 124.89 W, 0 %, 5505 MiB
2026/09/27 10:28:03.810, 1, 34, 1980 MHz, 119.71 W, 0 %, 5525 MiB
2026/09/27 10:28:03.811, 2, 33, 1980 MHz, 115.54 W, 0 %, 5589 MiB
2026/09/27 10:28:03.811, 3, 37, 1980 MHz, 126.71 W, 0 %, 5525 MiB
2026/09/27 10:28:03.811, 4, 39, 1980 MHz, 126.45 W, 0 %, 5525 MiB
2026/09/27 10:28:03.811, 5, 35, 1980 MHz, 120.28 W, 0 %, 5525 MiB
2026/09/27 10:28:03.811, 6, 37, 1980 MHz, 126.71 W, 0 %, 5525 MiB
2026/09/27 10:28:03.811, 7, 33, 1980 MHz, 126.46 W, 0 %, 5141 MiB
2026/09/27 10:28:05.811, 0, 38, 1980 MHz, 126.74 W, 0 %, 5507 MiB
2026/09/27 10:28:05.811, 1, 34, 1980 MHz, 121.35 W, 0 %, 5525 MiB
2026/09/27 10:28:05.811, 2, 33, 1980 MHz, 117.11 W, 0 %, 5589 MiB
2026/09/27 10:28:05.812, 3, 37, 1980 MHz, 128.42 W, 0 %, 5525 MiB
2026/09/27 10:28:05.812, 4, 39, 1980 MHz, 128.06 W, 0 %, 5525 MiB
2026/09/27 10:28:05.812, 5, 35, 1980 MHz, 121.96 W, 0 %, 5525 MiB
2026/09/27 10:28:05.812, 6, 37, 1980 MHz, 128.35 W, 0 %, 5525 MiB
2026/09/27 10:28:05.812, 7, 33, 1980 MHz, 128.26 W, 0 %, 5141 MiB
2026/09/27 10:28:07.812, 0, 38, 1980 MHz, 124.88 W, 0 %, 5507 MiB
2026/09/27 10:28:07.812, 1, 34, 1980 MHz, 119.68 W, 0 %, 5525 MiB
2026/09/27 10:28:07.812, 2, 33, 1980 MHz, 115.51 W, 0 %, 5589 MiB
2026/09/27 10:28:07.813, 3, 37, 1980 MHz, 126.68 W, 0 %, 5525 MiB
2026/09/27 10:28:07.813, 4, 39, 1980 MHz, 126.39 W, 0 %, 5525 MiB
2026/09/27 10:28:07.813, 5, 35, 1980 MHz, 120.29 W, 0 %, 5525 MiB
2026/09/27 10:28:07.813, 6, 37, 1980 MHz, 126.65 W, 0 %, 5525 MiB
2026/09/27 10:28:07.813, 7, 33, 1980 MHz, 126.46 W, 0 %, 5141 MiB
2026/09/27 10:28:09.813, 0, 38, 1980 MHz, 128.40 W, 0 %, 5507 MiB
2026/09/27 10:28:09.813, 1, 34, 1980 MHz, 121.60 W, 0 %, 5525 MiB
2026/09/27 10:28:09.813, 2, 33, 1980 MHz, 117.34 W, 0 %, 5589 MiB
2026/09/27 10:28:09.814, 3, 37, 1980 MHz, 128.52 W, 0 %, 5525 MiB
2026/09/27 10:28:09.814, 4, 39, 1980 MHz, 128.27 W, 0 %, 5525 MiB
2026/09/27 10:28:09.814, 5, 35, 1980 MHz, 122.08 W, 0 %, 5525 MiB
2026/09/27 10:28:09.814, 6, 37, 1980 MHz, 128.54 W, 0 %, 5525 MiB
2026/09/27 10:28:09.814, 7, 33, 1980 MHz, 128.52 W, 0 %, 5141 MiB
2026/09/27 10:28:11.814, 0, 38, 1980 MHz, 124.88 W, 0 %, 5507 MiB
2026/09/27 10:28:11.814, 1, 34, 1980 MHz, 119.64 W, 0 %, 5525 MiB
2026/09/27 10:28:11.814, 2, 33, 1980 MHz, 115.53 W, 0 %, 5589 MiB
2026/09/27 10:28:11.814, 3, 37, 1980 MHz, 126.67 W, 0 %, 5525 MiB
2026/09/27 10:28:11.815, 4, 39, 1980 MHz, 126.39 W, 0 %, 5525 MiB
2026/09/27 10:28:11.815, 5, 35, 1980 MHz, 120.28 W, 0 %, 5525 MiB
2026/09/27 10:28:11.815, 6, 37, 1980 MHz, 126.59 W, 0 %, 5525 MiB
2026/09/27 10:28:11.815, 7, 33, 1980 MHz, 126.41 W, 0 %, 5141 MiB
2026/09/27 10:28:13.815, 0, 38, 1980 MHz, 126.63 W, 0 %, 5507 MiB
2026/09/27 10:28:13.815, 1, 34, 1980 MHz, 120.51 W, 0 %, 5525 MiB
2026/09/27 10:28:13.815, 2, 33, 1980 MHz, 116.76 W, 0 %, 5589 MiB
2026/09/27 10:28:13.815, 3, 37, 1980 MHz, 128.37 W, 0 %, 5525 MiB
2026/09/27 10:28:13.815, 4, 39, 1980 MHz, 126.42 W, 0 %, 5525 MiB
2026/09/27 10:28:13.816, 5, 35, 1980 MHz, 121.07 W, 0 %, 5525 MiB
2026/09/27 10:28:13.816, 6, 37, 1980 MHz, 128.36 W, 0 %, 5525 MiB
2026/09/27 10:28:13.816, 7, 33, 1980 MHz, 128.17 W, 0 %, 5141 MiB
2026/09/27 10:28:15.816, 0, 38, 1980 MHz, 124.89 W, 0 %, 5507 MiB
2026/09/27 10:28:15.816, 1, 34, 1980 MHz, 120.78 W, 0 %, 5525 MiB
2026/09/27 10:28:15.816, 2, 33, 1980 MHz, 116.06 W, 0 %, 5589 MiB
2026/09/27 10:28:15.816, 3, 37, 1980 MHz, 126.65 W, 0 %, 5525 MiB
2026/09/27 10:28:15.816, 4, 39, 1980 MHz, 128.12 W, 0 %, 5525 MiB
2026/09/27 10:28:15.816, 5, 35, 1980 MHz, 121.40 W, 0 %, 5525 MiB
2026/09/27 10:28:15.817, 6, 37, 1980 MHz, 126.64 W, 0 %, 5525 MiB
2026/09/27 10:28:15.817, 7, 33, 1980 MHz, 126.46 W, 0 %, 5141 MiB
2026/09/27 10:28:17.817, 0, 38, 1980 MHz, 126.78 W, 0 %, 5507 MiB
2026/09/27 10:28:17.817, 1, 34, 1980 MHz, 121.60 W, 0 %, 5525 MiB
2026/09/27 10:28:17.817, 2, 33, 1980 MHz, 117.34 W, 0 %, 5589 MiB
2026/09/27 10:28:17.817, 3, 37, 1980 MHz, 128.54 W, 0 %, 5525 MiB
2026/09/27 10:28:17.817, 4, 39, 1980 MHz, 128.24 W, 0 %, 5525 MiB
2026/09/27 10:28:17.817, 5, 35, 1980 MHz, 122.08 W, 0 %, 5525 MiB
2026/09/27 10:28:17.818, 6, 37, 1980 MHz, 128.58 W, 0 %, 5525 MiB
2026/09/27 10:28:17.818, 7, 33, 1980 MHz, 128.32 W, 0 %, 5141 MiB
2026/09/27 10:28:19.818, 0, 38, 1980 MHz, 124.88 W, 0 %, 5507 MiB
2026/09/27 10:28:19.818, 1, 34, 1980 MHz, 119.71 W, 0 %, 5525 MiB
2026/09/27 10:28:19.818, 2, 33, 1980 MHz, 115.52 W, 0 %, 5589 MiB
2026/09/27 10:28:19.818, 3, 37, 1980 MHz, 126.66 W, 0 %, 5525 MiB
2026/09/27 10:28:19.818, 4, 39, 1980 MHz, 126.39 W, 0 %, 5525 MiB
2026/09/27 10:28:19.818, 5, 35, 1980 MHz, 120.28 W, 0 %, 5525 MiB
2026/09/27 10:28:19.818, 6, 37, 1980 MHz, 126.68 W, 0 %, 5525 MiB
2026/09/27 10:28:19.819, 7, 33, 1980 MHz, 126.45 W, 0 %, 5141 MiB
2026/09/27 10:28:21.819, 0, 38, 1980 MHz, 130.12 W, 3 %, 5507 MiB
2026/09/27 10:28:21.819, 1, 34, 1980 MHz, 125.00 W, 0 %, 5525 MiB
2026/09/27 10:28:21.819, 2, 33, 1980 MHz, 120.54 W, 0 %, 5589 MiB
2026/09/27 10:28:21.819, 3, 38, 1980 MHz, 131.78 W, 0 %, 5525 MiB
2026/09/27 10:28:21.819, 4, 39, 1980 MHz, 131.52 W, 1 %, 5525 MiB
2026/09/27 10:28:21.819, 5, 35, 1980 MHz, 125.42 W, 0 %, 5525 MiB
2026/09/27 10:28:21.819, 6, 37, 1980 MHz, 131.86 W, 0 %, 5525 MiB
2026/09/27 10:28:21.820, 7, 34, 1980 MHz, 131.86 W, 1 %, 5141 MiB
2026/09/27 10:28:23.820, 0, 38, 1980 MHz, 124.89 W, 0 %, 5507 MiB
2026/09/27 10:28:23.820, 1, 34, 1980 MHz, 119.71 W, 0 %, 5525 MiB
2026/09/27 10:28:23.820, 2, 33, 1980 MHz, 115.52 W, 0 %, 5589 MiB
2026/09/27 10:28:23.820, 3, 37, 1980 MHz, 126.65 W, 0 %, 5525 MiB
2026/09/27 10:28:23.820, 4, 39, 1980 MHz, 126.36 W, 0 %, 5525 MiB
2026/09/27 10:28:23.820, 5, 35, 1980 MHz, 120.28 W, 0 %, 5525 MiB
2026/09/27 10:28:23.820, 6, 37, 1980 MHz, 126.68 W, 0 %, 5525 MiB
2026/09/27 10:28:23.821, 7, 33, 1980 MHz, 126.46 W, 0 %, 5141 MiB
2026/09/27 10:28:25.821, 0, 38, 1980 MHz, 124.88 W, 0 %, 5507 MiB
2026/09/27 10:28:25.821, 1, 34, 1980 MHz, 120.13 W, 0 %, 5525 MiB
2026/09/27 10:28:25.821, 2, 33, 1980 MHz, 115.53 W, 0 %, 5589 MiB
2026/09/27 10:28:25.821, 3, 37, 1980 MHz, 126.67 W, 0 %, 5525 MiB
2026/09/27 10:28:25.821, 4, 39, 1980 MHz, 127.58 W, 0 %, 5525 MiB
2026/09/27 10:28:25.821, 5, 35, 1980 MHz, 120.72 W, 0 %, 5525 MiB
2026/09/27 10:28:25.821, 6, 37, 1980 MHz, 126.70 W, 1 %, 5525 MiB
2026/09/27 10:28:25.821, 7, 34, 1980 MHz, 128.05 W, 0 %, 5141 MiB
2026/09/27 10:28:27.822, 0, 38, 1980 MHz, 124.83 W, 0 %, 5507 MiB
2026/09/27 10:28:27.822, 1, 34, 1980 MHz, 119.75 W, 0 %, 5525 MiB
2026/09/27 10:28:27.822, 2, 33, 1980 MHz, 115.44 W, 0 %, 5589 MiB
2026/09/27 10:28:27.822, 3, 37, 1980 MHz, 126.60 W, 0 %, 5525 MiB
2026/09/27 10:28:27.822, 4, 39, 1980 MHz, 126.37 W, 0 %, 5525 MiB
2026/09/27 10:28:27.822, 5, 35, 1980 MHz, 120.22 W, 0 %, 5525 MiB
2026/09/27 10:28:27.822, 6, 37, 1980 MHz, 126.65 W, 0 %, 5525 MiB
2026/09/27 10:28:27.822, 7, 33, 1980 MHz, 126.41 W, 0 %, 5141 MiB
2026/09/27 10:28:29.823, 0, 38, 1980 MHz, 124.86 W, 0 %, 5507 MiB
2026/09/27 10:28:29.823, 1, 34, 1980 MHz, 119.72 W, 0 %, 5525 MiB
2026/09/27 10:28:29.823, 2, 33, 1980 MHz, 115.48 W, 0 %, 5589 MiB
2026/09/27 10:28:29.823, 3, 37, 1980 MHz, 126.65 W, 0 %, 5525 MiB
2026/09/27 10:28:29.823, 4, 39, 1980 MHz, 126.39 W, 0 %, 5525 MiB
2026/09/27 10:28:29.823, 5, 35, 1980 MHz, 120.26 W, 0 %, 5525 MiB
2026/09/27 10:28:29.823, 6, 37, 1980 MHz, 126.69 W, 0 %, 5525 MiB
2026/09/27 10:28:29.823, 7, 33, 1980 MHz, 126.44 W, 0 %, 5141 MiB
2026/09/27 10:28:31.824, 0, 38, 1980 MHz, 124.90 W, 0 %, 5507 MiB
2026/09/27 10:28:31.824, 1, 34, 1980 MHz, 119.66 W, 0 %, 5525 MiB
2026/09/27 10:28:31.824, 2, 33, 1980 MHz, 115.52 W, 0 %, 5589 MiB
2026/09/27 10:28:31.824, 3, 37, 1980 MHz, 126.65 W, 0 %, 5525 MiB
2026/09/27 10:28:31.824, 4, 39, 1980 MHz, 126.36 W, 0 %, 5525 MiB
2026/09/27 10:28:31.824, 5, 35, 1980 MHz, 120.28 W, 0 %, 5525 MiB
2026/09/27 10:28:31.824, 6, 37, 1980 MHz, 126.65 W, 0 %, 5525 MiB
2026/09/27 10:28:31.824, 7, 33, 1980 MHz, 126.44 W, 0 %, 5141 MiB
2026/09/27 10:28:33.824, 0, 38, 1980 MHz, 124.86 W, 0 %, 5507 MiB
2026/09/27 10:28:33.825, 1, 34, 1980 MHz, 119.72 W, 0 %, 5525 MiB
2026/09/27 10:28:33.825, 2, 33, 1980 MHz, 115.51 W, 0 %, 5589 MiB
2026/09/27 10:28:33.825, 3, 37, 1980 MHz, 126.67 W, 0 %, 5525 MiB
2026/09/27 10:28:33.825, 4, 39, 1980 MHz, 126.35 W, 0 %, 5525 MiB
2026/09/27 10:28:33.825, 5, 35, 1980 MHz, 120.27 W, 0 %, 5525 MiB
2026/09/27 10:28:33.825, 6, 37, 1980 MHz, 126.67 W, 0 %, 5525 MiB
2026/09/27 10:28:33.825, 7, 33, 1980 MHz, 126.46 W, 0 %, 5141 MiB
2026/09/27 10:28:35.825, 0, 38, 1980 MHz, 124.88 W, 0 %, 5507 MiB
2026/09/27 10:28:35.825, 1, 34, 1980 MHz, 119.73 W, 0 %, 5525 MiB
2026/09/27 10:28:35.826, 2, 33, 1980 MHz, 115.55 W, 0 %, 5589 MiB
2026/09/27 10:28:35.826, 3, 37, 1980 MHz, 126.65 W, 0 %, 5525 MiB
2026/09/27 10:28:35.826, 4, 39, 1980 MHz, 126.42 W, 0 %, 5525 MiB
2026/09/27 10:28:35.826, 5, 35, 1980 MHz, 120.28 W, 0 %, 5525 MiB
2026/09/27 10:28:35.826, 6, 37, 1980 MHz, 126.62 W, 0 %, 5525 MiB
2026/09/27 10:28:35.826, 7, 33, 1980 MHz, 126.44 W, 0 %, 5141 MiB
2026/09/27 10:28:37.826, 0, 38, 1980 MHz, 124.85 W, 0 %, 5507 MiB
2026/09/27 10:28:37.826, 1, 34, 1980 MHz, 119.72 W, 0 %, 5525 MiB
2026/09/27 10:28:37.826, 2, 33, 1980 MHz, 115.52 W, 0 %, 5589 MiB
2026/09/27 10:28:37.826, 3, 37, 1980 MHz, 126.65 W, 0 %, 5525 MiB
2026/09/27 10:28:37.826, 4, 39, 1980 MHz, 126.40 W, 0 %, 5525 MiB
2026/09/27 10:28:37.827, 5, 35, 1980 MHz, 120.26 W, 0 %, 5525 MiB
2026/09/27 10:28:37.827, 6, 37, 1980 MHz, 126.66 W, 0 %, 5525 MiB
2026/09/27 10:28:37.827, 7, 33, 1980 MHz, 126.46 W, 0 %, 5141 MiB
2026/09/27 10:28:39.827, 0, 38, 1980 MHz, 125.97 W, 0 %, 5507 MiB
2026/09/27 10:28:39.827, 1, 34, 1980 MHz, 119.71 W, 0 %, 5525 MiB
2026/09/27 10:28:39.827, 2, 33, 1980 MHz, 115.65 W, 0 %, 5589 MiB
2026/09/27 10:28:39.827, 3, 37, 1980 MHz, 127.64 W, 0 %, 5525 MiB
2026/09/27 10:28:39.827, 4, 39, 1980 MHz, 126.38 W, 0 %, 5525 MiB
2026/09/27 10:28:39.828, 5, 35, 1980 MHz, 120.27 W, 0 %, 5525 MiB
2026/09/27 10:28:39.828, 6, 37, 1980 MHz, 127.32 W, 0 %, 5525 MiB
2026/09/27 10:28:39.828, 7, 33, 1980 MHz, 126.46 W, 0 %, 5141 MiB
2026/09/27 10:28:41.828, 0, 38, 1980 MHz, 125.82 W, 0 %, 5507 MiB
2026/09/27 10:28:41.828, 1, 35, 1980 MHz, 121.99 W, 5 %, 5525 MiB
2026/09/27 10:28:41.828, 2, 33, 1980 MHz, 117.21 W, 0 %, 5589 MiB
2026/09/27 10:28:41.828, 3, 37, 1980 MHz, 127.55 W, 0 %, 5525 MiB
2026/09/27 10:28:41.828, 4, 39, 1980 MHz, 129.12 W, 0 %, 5525 MiB
2026/09/27 10:28:41.828, 5, 35, 1980 MHz, 122.48 W, 0 %, 5525 MiB
2026/09/27 10:28:41.829, 6, 37, 1980 MHz, 127.67 W, 6 %, 5525 MiB
2026/09/27 10:28:41.829, 7, 34, 1980 MHz, 129.63 W, 0 %, 5141 MiB
2026/09/27 10:28:43.829, 0, 38, 1980 MHz, 124.89 W, 0 %, 5507 MiB
2026/09/27 10:28:43.829, 1, 34, 1980 MHz, 119.73 W, 0 %, 5525 MiB
2026/09/27 10:28:43.829, 2, 33, 1980 MHz, 115.50 W, 0 %, 5589 MiB
2026/09/27 10:28:43.829, 3, 37, 1980 MHz, 126.66 W, 0 %, 5525 MiB
2026/09/27 10:28:43.829, 4, 39, 1980 MHz, 126.33 W, 0 %, 5525 MiB
2026/09/27 10:28:43.829, 5, 35, 1980 MHz, 120.26 W, 0 %, 5525 MiB
2026/09/27 10:28:43.830, 6, 37, 1980 MHz, 126.64 W, 0 %, 5525 MiB
2026/09/27 10:28:43.830, 7, 33, 1980 MHz, 126.47 W, 0 %, 5141 MiB
2026/09/27 10:28:45.830, 0, 38, 1980 MHz, 129.57 W, 7 %, 5507 MiB
2026/09/27 10:28:45.830, 1, 34, 1980 MHz, 122.88 W, 0 %, 5525 MiB
2026/09/27 10:28:45.830, 2, 33, 1980 MHz, 118.74 W, 0 %, 5589 MiB
2026/09/27 10:28:45.830, 3, 37, 1980 MHz, 129.99 W, 0 %, 5525 MiB
2026/09/27 10:28:45.830, 4, 39, 1980 MHz, 129.51 W, 0 %, 5525 MiB
2026/09/27 10:28:45.830, 5, 35, 1980 MHz, 123.46 W, 0 %, 5525 MiB
2026/09/27 10:28:45.830, 6, 37, 1980 MHz, 129.81 W, 0 %, 5525 MiB
2026/09/27 10:28:45.831, 7, 33, 1980 MHz, 129.92 W, 0 %, 5141 MiB
2026/09/27 10:28:47.831, 0, 38, 1980 MHz, 124.82 W, 0 %, 5507 MiB
2026/09/27 10:28:47.831, 1, 34, 1980 MHz, 119.68 W, 0 %, 5525 MiB
2026/09/27 10:28:47.831, 2, 33, 1980 MHz, 115.48 W, 0 %, 5589 MiB
2026/09/27 10:28:47.831, 3, 37, 1980 MHz, 126.64 W, 0 %, 5525 MiB
2026/09/27 10:28:47.831, 4, 38, 1980 MHz, 126.34 W, 0 %, 5525 MiB
2026/09/27 10:28:47.831, 5, 35, 1980 MHz, 120.26 W, 0 %, 5525 MiB
2026/09/27 10:28:47.831, 6, 37, 1980 MHz, 126.64 W, 0 %, 5525 MiB
2026/09/27 10:28:47.831, 7, 33, 1980 MHz, 126.43 W, 0 %, 5141 MiB
2026/09/27 10:28:49.832, 0, 38, 1980 MHz, 128.95 W, 7 %, 5507 MiB
2026/09/27 10:28:49.832, 1, 35, 1980 MHz, 124.42 W, 0 %, 5525 MiB
2026/09/27 10:28:49.832, 2, 33, 1980 MHz, 120.08 W, 0 %, 5589 MiB
2026/09/27 10:28:49.832, 3, 37, 1980 MHz, 130.77 W, 0 %, 5525 MiB
2026/09/27 10:28:49.832, 4, 39, 1980 MHz, 131.14 W, 0 %, 5525 MiB
2026/09/27 10:28:49.832, 5, 35, 1980 MHz, 124.83 W, 1 %, 5525 MiB
2026/09/27 10:28:49.832, 6, 37, 1980 MHz, 131.05 W, 1 %, 5525 MiB
2026/09/27 10:28:49.832, 7, 34, 1980 MHz, 131.35 W, 0 %, 5141 MiB
2026/09/27 10:28:51.833, 0, 38, 1980 MHz, 124.90 W, 0 %, 5507 MiB
2026/09/27 10:28:51.833, 1, 34, 1980 MHz, 119.75 W, 0 %, 5525 MiB
2026/09/27 10:28:51.833, 2, 33, 1980 MHz, 115.47 W, 0 %, 5589 MiB
2026/09/27 10:28:51.833, 3, 37, 1980 MHz, 126.64 W, 0 %, 5525 MiB
2026/09/27 10:28:51.833, 4, 39, 1980 MHz, 126.37 W, 0 %, 5525 MiB
2026/09/27 10:28:51.833, 5, 35, 1980 MHz, 120.27 W, 0 %, 5525 MiB
2026/09/27 10:28:51.833, 6, 37, 1980 MHz, 126.63 W, 0 %, 5525 MiB
2026/09/27 10:28:51.833, 7, 33, 1980 MHz, 126.47 W, 0 %, 5141 MiB
2026/09/27 10:28:53.834, 0, 38, 1980 MHz, 128.05 W, 0 %, 5507 MiB
2026/09/27 10:28:53.834, 1, 34, 1980 MHz, 122.93 W, 0 %, 5525 MiB
2026/09/27 10:28:53.834, 2, 33, 1980 MHz, 118.71 W, 0 %, 5589 MiB
2026/09/27 10:28:53.834, 3, 37, 1980 MHz, 129.91 W, 0 %, 5525 MiB
2026/09/27 10:28:53.834, 4, 39, 1980 MHz, 129.58 W, 0 %, 5525 MiB
2026/09/27 10:28:53.834, 5, 35, 1980 MHz, 123.34 W, 0 %, 5525 MiB
2026/09/27 10:28:53.834, 6, 37, 1980 MHz, 129.80 W, 0 %, 5525 MiB
2026/09/27 10:28:53.834, 7, 33, 1980 MHz, 129.77 W, 0 %, 5141 MiB
2026/09/27 10:28:55.835, 0, 38, 1980 MHz, 129.43 W, 0 %, 3069 MiB
2026/09/27 10:28:55.835, 1, 34, 1980 MHz, 121.38 W, 0 %, 3087 MiB
2026/09/27 10:28:55.836, 2, 33, 1980 MHz, 117.18 W, 0 %, 3151 MiB
2026/09/27 10:28:55.836, 3, 37, 1980 MHz, 128.67 W, 0 %, 3087 MiB
2026/09/27 10:28:55.837, 4, 39, 1980 MHz, 128.06 W, 0 %, 3087 MiB
2026/09/27 10:28:55.838, 5, 35, 1980 MHz, 121.95 W, 0 %, 3087 MiB
2026/09/27 10:28:55.839, 6, 37, 1980 MHz, 128.19 W, 0 %, 3087 MiB
2026/09/27 10:28:55.839, 7, 34, 1980 MHz, 128.38 W, 0 %, 2703 MiB
2026/09/27 10:28:57.840, 0, 38, 1980 MHz, 129.46 W, 0 %, 559 MiB
2026/09/27 10:28:57.840, 1, 34, 1980 MHz, 124.03 W, 0 %, 539 MiB
2026/09/27 10:28:57.840, 2, 33, 1980 MHz, 119.74 W, 0 %, 539 MiB
2026/09/27 10:28:57.840, 3, 37, 1980 MHz, 131.04 W, 0 %, 539 MiB
2026/09/27 10:28:57.841, 4, 39, 1980 MHz, 130.66 W, 0 %, 539 MiB
2026/09/27 10:28:57.841, 5, 35, 1980 MHz, 124.52 W, 0 %, 539 MiB
2026/09/27 10:28:57.841, 6, 37, 1980 MHz, 130.90 W, 0 %, 539 MiB
2026/09/27 10:28:57.841, 7, 34, 1980 MHz, 131.06 W, 0 %, 539 MiB
2026/09/27 10:28:59.841, 0, 38, 1980 MHz, 129.46 W, 0 %, 559 MiB
2026/09/27 10:28:59.841, 1, 34, 1980 MHz, 124.03 W, 0 %, 539 MiB
2026/09/27 10:28:59.841, 2, 33, 1980 MHz, 119.74 W, 0 %, 539 MiB
2026/09/27 10:28:59.841, 3, 37, 1980 MHz, 130.66 W, 0 %, 539 MiB
2026/09/27 10:28:59.841, 4, 39, 1980 MHz, 130.68 W, 0 %, 539 MiB
2026/09/27 10:28:59.841, 5, 35, 1980 MHz, 124.52 W, 0 %, 539 MiB
2026/09/27 10:28:59.841, 6, 37, 1980 MHz, 130.93 W, 0 %, 539 MiB
2026/09/27 10:28:59.841, 7, 34, 1980 MHz, 131.11 W, 0 %, 539 MiB
2026/09/27 10:29:01.842, 0, 38, 1980 MHz, 129.43 W, 0 %, 559 MiB
2026/09/27 10:29:01.842, 1, 34, 1980 MHz, 124.03 W, 0 %, 539 MiB
2026/09/27 10:29:01.842, 2, 33, 1980 MHz, 119.72 W, 0 %, 539 MiB
2026/09/27 10:29:01.842, 3, 37, 1980 MHz, 131.04 W, 0 %, 539 MiB
2026/09/27 10:29:01.842, 4, 39, 1980 MHz, 130.70 W, 0 %, 539 MiB
2026/09/27 10:29:01.842, 5, 35, 1980 MHz, 124.52 W, 0 %, 539 MiB
2026/09/27 10:29:01.842, 6, 37, 1980 MHz, 130.94 W, 0 %, 539 MiB
2026/09/27 10:29:01.842, 7, 34, 1980 MHz, 131.06 W, 0 %, 539 MiB
2026/09/27 10:29:03.842, 0, 38, 1980 MHz, 129.46 W, 0 %, 559 MiB
2026/09/27 10:29:03.842, 1, 34, 1980 MHz, 124.04 W, 0 %, 539 MiB
2026/09/27 10:29:03.843, 2, 33, 1980 MHz, 119.76 W, 0 %, 539 MiB
2026/09/27 10:29:03.843, 3, 38, 1980 MHz, 130.95 W, 0 %, 539 MiB
2026/09/27 10:29:03.843, 4, 39, 1980 MHz, 130.74 W, 0 %, 539 MiB
2026/09/27 10:29:03.843, 5, 35, 1980 MHz, 124.52 W, 0 %, 539 MiB
2026/09/27 10:29:03.843, 6, 37, 1980 MHz, 130.93 W, 0 %, 539 MiB
2026/09/27 10:29:03.843, 7, 34, 1980 MHz, 131.06 W, 0 %, 539 MiB
2026/09/27 10:29:05.843, 0, 38, 1980 MHz, 129.47 W, 0 %, 559 MiB
2026/09/27 10:29:05.843, 1, 34, 1980 MHz, 124.04 W, 0 %, 539 MiB
2026/09/27 10:29:05.843, 2, 33, 1980 MHz, 119.74 W, 0 %, 539 MiB
2026/09/27 10:29:05.843, 3, 38, 1980 MHz, 130.98 W, 0 %, 539 MiB
2026/09/27 10:29:05.843, 4, 39, 1980 MHz, 130.71 W, 0 %, 539 MiB
2026/09/27 10:29:05.843, 5, 35, 1980 MHz, 124.53 W, 0 %, 539 MiB
2026/09/27 10:29:05.844, 6, 37, 1980 MHz, 130.95 W, 0 %, 539 MiB
2026/09/27 10:29:05.844, 7, 34, 1980 MHz, 131.06 W, 0 %, 539 MiB
2026/09/27 10:29:07.844, 0, 38, 1980 MHz, 129.48 W, 0 %, 559 MiB
2026/09/27 10:29:07.844, 1, 34, 1980 MHz, 124.09 W, 0 %, 539 MiB
2026/09/27 10:29:07.844, 2, 33, 1980 MHz, 119.78 W, 0 %, 539 MiB
2026/09/27 10:29:07.844, 3, 38, 1980 MHz, 131.01 W, 0 %, 539 MiB
2026/09/27 10:29:07.844, 4, 39, 1980 MHz, 130.72 W, 0 %, 539 MiB
2026/09/27 10:29:07.844, 5, 35, 1980 MHz, 124.53 W, 0 %, 539 MiB
2026/09/27 10:29:07.844, 6, 37, 1980 MHz, 130.92 W, 0 %, 539 MiB
2026/09/27 10:29:07.844, 7, 34, 1980 MHz, 131.05 W, 0 %, 539 MiB
2026/09/27 10:29:09.845, 0, 38, 1980 MHz, 129.44 W, 0 %, 559 MiB
2026/09/27 10:29:09.845, 1, 34, 1980 MHz, 124.04 W, 0 %, 539 MiB
2026/09/27 10:29:09.845, 2, 33, 1980 MHz, 119.79 W, 0 %, 539 MiB
2026/09/27 10:29:09.845, 3, 38, 1980 MHz, 130.99 W, 0 %, 539 MiB
2026/09/27 10:29:09.845, 4, 39, 1980 MHz, 130.70 W, 0 %, 539 MiB
2026/09/27 10:29:09.845, 5, 35, 1980 MHz, 124.55 W, 0 %, 539 MiB
2026/09/27 10:29:09.845, 6, 37, 1980 MHz, 130.95 W, 0 %, 539 MiB
2026/09/27 10:29:09.845, 7, 34, 1980 MHz, 131.07 W, 0 %, 539 MiB
2026/09/27 10:29:11.845, 0, 38, 1980 MHz, 129.43 W, 0 %, 559 MiB
2026/09/27 10:29:11.846, 1, 34, 1980 MHz, 124.08 W, 0 %, 539 MiB
2026/09/27 10:29:11.846, 2, 33, 1980 MHz, 119.77 W, 0 %, 539 MiB
2026/09/27 10:29:11.846, 3, 38, 1980 MHz, 130.99 W, 0 %, 539 MiB
2026/09/27 10:29:11.846, 4, 39, 1980 MHz, 130.71 W, 0 %, 539 MiB
2026/09/27 10:29:11.846, 5, 35, 1980 MHz, 124.57 W, 0 %, 539 MiB
2026/09/27 10:29:11.846, 6, 37, 1980 MHz, 130.91 W, 0 %, 539 MiB
2026/09/27 10:29:11.846, 7, 34, 1980 MHz, 131.09 W, 0 %, 539 MiB
2026/09/27 10:29:13.846, 0, 38, 1980 MHz, 129.42 W, 0 %, 559 MiB
2026/09/27 10:29:13.846, 1, 34, 1980 MHz, 124.03 W, 0 %, 539 MiB
2026/09/27 10:29:13.846, 2, 33, 1980 MHz, 119.76 W, 0 %, 539 MiB
2026/09/27 10:29:13.846, 3, 38, 1980 MHz, 130.94 W, 0 %, 539 MiB
2026/09/27 10:29:13.846, 4, 39, 1980 MHz, 130.69 W, 0 %, 539 MiB
2026/09/27 10:29:13.847, 5, 35, 1980 MHz, 124.58 W, 0 %, 539 MiB
2026/09/27 10:29:13.847, 6, 37, 1980 MHz, 130.89 W, 0 %, 539 MiB
2026/09/27 10:29:13.847, 7, 34, 1980 MHz, 131.08 W, 0 %, 539 MiB
2026/09/27 10:29:15.847, 0, 38, 1980 MHz, 129.46 W, 0 %, 559 MiB
2026/09/27 10:29:15.847, 1, 34, 1980 MHz, 124.05 W, 0 %, 539 MiB
2026/09/27 10:29:15.847, 2, 33, 1980 MHz, 119.76 W, 0 %, 539 MiB
2026/09/27 10:29:15.847, 3, 38, 1980 MHz, 130.96 W, 0 %, 539 MiB
2026/09/27 10:29:15.847, 4, 39, 1980 MHz, 130.70 W, 0 %, 539 MiB
2026/09/27 10:29:15.847, 5, 35, 1980 MHz, 124.56 W, 0 %, 539 MiB
2026/09/27 10:29:15.847, 6, 37, 1980 MHz, 130.89 W, 0 %, 539 MiB
2026/09/27 10:29:15.847, 7, 34, 1980 MHz, 131.05 W, 0 %, 539 MiB
2026/09/27 10:29:17.848, 0, 38, 1980 MHz, 129.48 W, 0 %, 559 MiB
2026/09/27 10:29:17.848, 1, 34, 1980 MHz, 124.05 W, 0 %, 539 MiB
2026/09/27 10:29:17.848, 2, 33, 1980 MHz, 119.78 W, 0 %, 539 MiB
2026/09/27 10:29:17.848, 3, 38, 1980 MHz, 130.98 W, 0 %, 539 MiB
2026/09/27 10:29:17.848, 4, 39, 1980 MHz, 130.73 W, 0 %, 539 MiB
2026/09/27 10:29:17.848, 5, 35, 1980 MHz, 124.53 W, 0 %, 539 MiB
2026/09/27 10:29:17.848, 6, 37, 1980 MHz, 130.95 W, 0 %, 539 MiB
2026/09/27 10:29:17.848, 7, 34, 1980 MHz, 131.05 W, 0 %, 539 MiB
2026/09/27 10:29:19.848, 0, 38, 1980 MHz, 129.45 W, 0 %, 559 MiB
2026/09/27 10:29:19.848, 1, 34, 1980 MHz, 124.11 W, 0 %, 539 MiB
2026/09/27 10:29:19.849, 2, 33, 1980 MHz, 119.76 W, 0 %, 539 MiB
2026/09/27 10:29:19.849, 3, 38, 1980 MHz, 130.99 W, 0 %, 539 MiB
2026/09/27 10:29:19.849, 4, 39, 1980 MHz, 130.73 W, 0 %, 539 MiB
2026/09/27 10:29:19.849, 5, 35, 1980 MHz, 124.55 W, 0 %, 539 MiB
2026/09/27 10:29:19.849, 6, 37, 1980 MHz, 130.94 W, 0 %, 539 MiB
2026/09/27 10:29:19.849, 7, 34, 1980 MHz, 131.08 W, 0 %, 539 MiB
2026/09/27 10:29:21.849, 0, 38, 1980 MHz, 129.49 W, 0 %, 559 MiB
2026/09/27 10:29:21.849, 1, 34, 1980 MHz, 124.03 W, 0 %, 539 MiB
2026/09/27 10:29:21.849, 2, 33, 1980 MHz, 119.78 W, 0 %, 539 MiB
2026/09/27 10:29:21.850, 3, 38, 1980 MHz, 131.02 W, 0 %, 539 MiB
2026/09/27 10:29:21.850, 4, 39, 1980 MHz, 130.69 W, 0 %, 539 MiB
2026/09/27 10:29:21.850, 5, 35, 1980 MHz, 124.54 W, 0 %, 539 MiB
2026/09/27 10:29:21.850, 6, 37, 1980 MHz, 130.98 W, 0 %, 539 MiB
2026/09/27 10:29:21.850, 7, 34, 1980 MHz, 131.08 W, 0 %, 539 MiB
2026/09/27 10:29:23.850, 0, 38, 1980 MHz, 129.47 W, 0 %, 559 MiB
2026/09/27 10:29:23.850, 1, 34, 1980 MHz, 124.03 W, 0 %, 539 MiB
2026/09/27 10:29:23.850, 2, 33, 1980 MHz, 119.78 W, 0 %, 539 MiB
2026/09/27 10:29:23.850, 3, 38, 1980 MHz, 131.07 W, 0 %, 539 MiB
2026/09/27 10:29:23.850, 4, 39, 1980 MHz, 130.74 W, 0 %, 539 MiB
2026/09/27 10:29:23.850, 5, 35, 1980 MHz, 124.53 W, 0 %, 539 MiB
2026/09/27 10:29:23.850, 6, 37, 1980 MHz, 130.94 W, 0 %, 539 MiB
2026/09/27 10:29:23.850, 7, 34, 1980 MHz, 131.07 W, 0 %, 539 MiB
2026/09/27 10:29:25.851, 0, 38, 1980 MHz, 129.50 W, 0 %, 559 MiB
2026/09/27 10:29:25.851, 1, 34, 1980 MHz, 124.08 W, 0 %, 539 MiB
2026/09/27 10:29:25.851, 2, 33, 1980 MHz, 119.76 W, 0 %, 539 MiB
2026/09/27 10:29:25.851, 3, 38, 1980 MHz, 131.01 W, 0 %, 539 MiB
2026/09/27 10:29:25.851, 4, 39, 1980 MHz, 130.74 W, 0 %, 539 MiB
2026/09/27 10:29:25.851, 5, 35, 1980 MHz, 124.53 W, 0 %, 539 MiB
2026/09/27 10:29:25.851, 6, 37, 1980 MHz, 130.97 W, 0 %, 539 MiB
2026/09/27 10:29:25.851, 7, 34, 1980 MHz, 131.08 W, 0 %, 539 MiB
2026/09/27 10:29:27.852, 0, 38, 1980 MHz, 129.44 W, 0 %, 559 MiB
2026/09/27 10:29:27.852, 1, 34, 1980 MHz, 124.08 W, 0 %, 539 MiB
2026/09/27 10:29:27.852, 2, 33, 1980 MHz, 119.77 W, 0 %, 539 MiB
2026/09/27 10:29:27.852, 3, 38, 1980 MHz, 131.00 W, 0 %, 539 MiB
2026/09/27 10:29:27.852, 4, 39, 1980 MHz, 130.71 W, 0 %, 539 MiB
2026/09/27 10:29:27.852, 5, 35, 1980 MHz, 124.55 W, 0 %, 539 MiB
2026/09/27 10:29:27.852, 6, 37, 1980 MHz, 130.96 W, 0 %, 539 MiB
2026/09/27 10:29:27.852, 7, 34, 1980 MHz, 131.07 W, 0 %, 539 MiB
2026/09/27 10:29:29.852, 0, 38, 1980 MHz, 129.46 W, 0 %, 559 MiB
2026/09/27 10:29:29.853, 1, 34, 1980 MHz, 124.03 W, 0 %, 539 MiB
2026/09/27 10:29:29.853, 2, 33, 1980 MHz, 119.76 W, 0 %, 539 MiB
2026/09/27 10:29:29.853, 3, 38, 1980 MHz, 131.00 W, 0 %, 539 MiB
2026/09/27 10:29:29.853, 4, 39, 1980 MHz, 130.73 W, 0 %, 539 MiB
2026/09/27 10:29:29.853, 5, 35, 1980 MHz, 124.49 W, 0 %, 539 MiB
2026/09/27 10:29:29.853, 6, 37, 1980 MHz, 130.94 W, 0 %, 539 MiB
2026/09/27 10:29:29.853, 7, 34, 1980 MHz, 131.04 W, 0 %, 539 MiB
2026/09/27 10:29:31.853, 0, 38, 1980 MHz, 129.48 W, 0 %, 559 MiB
2026/09/27 10:29:31.853, 1, 34, 1980 MHz, 124.10 W, 0 %, 539 MiB
2026/09/27 10:29:31.854, 2, 33, 1980 MHz, 119.76 W, 0 %, 539 MiB
2026/09/27 10:29:31.854, 3, 38, 1980 MHz, 130.98 W, 0 %, 539 MiB
2026/09/27 10:29:31.854, 4, 39, 1980 MHz, 130.71 W, 0 %, 539 MiB
2026/09/27 10:29:31.854, 5, 35, 1980 MHz, 124.52 W, 0 %, 539 MiB
2026/09/27 10:29:31.854, 6, 37, 1980 MHz, 130.96 W, 0 %, 539 MiB
2026/09/27 10:29:31.854, 7, 34, 1980 MHz, 131.08 W, 0 %, 539 MiB
2026/09/27 10:29:33.854, 0, 38, 1980 MHz, 129.50 W, 0 %, 559 MiB
2026/09/27 10:29:33.854, 1, 34, 1980 MHz, 124.04 W, 0 %, 539 MiB
2026/09/27 10:29:33.854, 2, 33, 1980 MHz, 119.73 W, 0 %, 539 MiB
2026/09/27 10:29:33.854, 3, 38, 1980 MHz, 131.05 W, 0 %, 539 MiB
2026/09/27 10:29:33.854, 4, 39, 1980 MHz, 130.74 W, 0 %, 539 MiB
2026/09/27 10:29:33.855, 5, 35, 1980 MHz, 124.51 W, 0 %, 539 MiB
2026/09/27 10:29:33.855, 6, 37, 1980 MHz, 130.95 W, 0 %, 539 MiB
2026/09/27 10:29:33.855, 7, 34, 1980 MHz, 131.07 W, 0 %, 539 MiB
2026/09/27 10:29:35.855, 0, 38, 1980 MHz, 129.50 W, 0 %, 559 MiB
2026/09/27 10:29:35.855, 1, 34, 1980 MHz, 124.11 W, 0 %, 539 MiB
2026/09/27 10:29:35.855, 2, 33, 1980 MHz, 119.78 W, 0 %, 539 MiB
2026/09/27 10:29:35.855, 3, 38, 1980 MHz, 131.02 W, 0 %, 539 MiB
2026/09/27 10:29:35.855, 4, 39, 1980 MHz, 130.70 W, 0 %, 539 MiB
2026/09/27 10:29:35.855, 5, 35, 1980 MHz, 124.55 W, 0 %, 539 MiB
2026/09/27 10:29:35.855, 6, 37, 1980 MHz, 130.95 W, 0 %, 539 MiB
2026/09/27 10:29:35.855, 7, 34, 1980 MHz, 131.09 W, 0 %, 539 MiB
2026/09/27 10:29:37.856, 0, 38, 1980 MHz, 129.50 W, 0 %, 559 MiB
2026/09/27 10:29:37.856, 1, 34, 1980 MHz, 124.06 W, 0 %, 539 MiB
2026/09/27 10:29:37.856, 2, 33, 1980 MHz, 119.77 W, 0 %, 539 MiB
2026/09/27 10:29:37.856, 3, 38, 1980 MHz, 131.01 W, 0 %, 539 MiB
2026/09/27 10:29:37.856, 4, 39, 1980 MHz, 130.69 W, 0 %, 539 MiB
2026/09/27 10:29:37.856, 5, 35, 1980 MHz, 124.57 W, 0 %, 539 MiB
2026/09/27 10:29:37.856, 6, 37, 1980 MHz, 130.96 W, 0 %, 539 MiB
2026/09/27 10:29:37.856, 7, 34, 1980 MHz, 131.10 W, 0 %, 539 MiB
2026/09/27 10:29:39.857, 0, 38, 1980 MHz, 129.44 W, 0 %, 559 MiB
2026/09/27 10:29:39.857, 1, 34, 1980 MHz, 124.08 W, 0 %, 539 MiB
2026/09/27 10:29:39.857, 2, 33, 1980 MHz, 119.76 W, 0 %, 539 MiB
2026/09/27 10:29:39.857, 3, 38, 1980 MHz, 130.99 W, 0 %, 539 MiB
2026/09/27 10:29:39.857, 4, 39, 1980 MHz, 130.73 W, 0 %, 539 MiB
2026/09/27 10:29:39.857, 5, 35, 1980 MHz, 124.57 W, 0 %, 539 MiB
2026/09/27 10:29:39.857, 6, 37, 1980 MHz, 130.96 W, 0 %, 539 MiB
2026/09/27 10:29:39.857, 7, 34, 1980 MHz, 131.10 W, 0 %, 539 MiB
2026/09/27 10:29:41.857, 0, 38, 1980 MHz, 129.47 W, 0 %, 559 MiB
2026/09/27 10:29:41.858, 1, 34, 1980 MHz, 124.08 W, 0 %, 539 MiB
2026/09/27 10:29:41.858, 2, 33, 1980 MHz, 119.73 W, 0 %, 539 MiB
2026/09/27 10:29:41.858, 3, 38, 1980 MHz, 130.98 W, 0 %, 539 MiB
2026/09/27 10:29:41.858, 4, 39, 1980 MHz, 130.73 W, 0 %, 539 MiB
2026/09/27 10:29:41.858, 5, 35, 1980 MHz, 124.55 W, 0 %, 539 MiB
2026/09/27 10:29:41.858, 6, 37, 1980 MHz, 130.92 W, 0 %, 539 MiB
2026/09/27 10:29:41.858, 7, 34, 1980 MHz, 131.08 W, 0 %, 539 MiB
2026/09/27 10:29:43.858, 0, 38, 1980 MHz, 129.51 W, 0 %, 559 MiB
2026/09/27 10:29:43.859, 1, 34, 1980 MHz, 124.08 W, 0 %, 539 MiB
2026/09/27 10:29:43.859, 2, 33, 1980 MHz, 119.76 W, 0 %, 539 MiB
2026/09/27 10:29:43.859, 3, 38, 1980 MHz, 131.03 W, 0 %, 539 MiB
2026/09/27 10:29:43.859, 4, 39, 1980 MHz, 130.73 W, 0 %, 539 MiB
2026/09/27 10:29:43.859, 5, 35, 1980 MHz, 124.54 W, 0 %, 539 MiB
2026/09/27 10:29:43.859, 6, 37, 1980 MHz, 130.96 W, 0 %, 539 MiB
2026/09/27 10:29:43.859, 7, 34, 1980 MHz, 131.08 W, 0 %, 539 MiB
2026/09/27 10:29:45.859, 0, 38, 1980 MHz, 129.48 W, 0 %, 559 MiB
2026/09/27 10:29:45.859, 1, 34, 1980 MHz, 124.07 W, 0 %, 539 MiB
2026/09/27 10:29:45.859, 2, 33, 1980 MHz, 119.76 W, 0 %, 539 MiB
2026/09/27 10:29:45.860, 3, 38, 1980 MHz, 131.03 W, 0 %, 539 MiB
2026/09/27 10:29:45.860, 4, 39, 1980 MHz, 130.73 W, 0 %, 539 MiB
2026/09/27 10:29:45.860, 5, 35, 1980 MHz, 124.57 W, 0 %, 539 MiB
2026/09/27 10:29:45.860, 6, 37, 1980 MHz, 130.97 W, 0 %, 539 MiB
2026/09/27 10:29:45.860, 7, 34, 1980 MHz, 131.04 W, 0 %, 539 MiB
2026/09/27 10:29:47.860, 0, 38, 1980 MHz, 129.49 W, 0 %, 559 MiB
2026/09/27 10:29:47.860, 1, 34, 1980 MHz, 124.04 W, 0 %, 539 MiB
2026/09/27 10:29:47.860, 2, 33, 1980 MHz, 119.78 W, 0 %, 539 MiB
2026/09/27 10:29:47.860, 3, 38, 1980 MHz, 131.02 W, 0 %, 539 MiB
2026/09/27 10:29:47.860, 4, 39, 1980 MHz, 130.75 W, 0 %, 539 MiB
2026/09/27 10:29:47.860, 5, 35, 1980 MHz, 124.57 W, 0 %, 539 MiB
2026/09/27 10:29:47.861, 6, 37, 1980 MHz, 130.91 W, 0 %, 539 MiB
2026/09/27 10:29:47.861, 7, 34, 1980 MHz, 131.02 W, 0 %, 539 MiB
2026/09/27 10:29:49.861, 0, 38, 1980 MHz, 129.50 W, 0 %, 559 MiB
2026/09/27 10:29:49.861, 1, 34, 1980 MHz, 124.04 W, 0 %, 539 MiB
2026/09/27 10:29:49.861, 2, 33, 1980 MHz, 119.74 W, 0 %, 539 MiB
2026/09/27 10:29:49.861, 3, 38, 1980 MHz, 131.06 W, 0 %, 539 MiB
2026/09/27 10:29:49.861, 4, 39, 1980 MHz, 130.69 W, 0 %, 539 MiB
2026/09/27 10:29:49.861, 5, 35, 1980 MHz, 124.54 W, 0 %, 539 MiB
2026/09/27 10:29:49.861, 6, 37, 1980 MHz, 130.94 W, 0 %, 539 MiB
2026/09/27 10:29:49.861, 7, 34, 1980 MHz, 131.07 W, 0 %, 539 MiB
2026/09/27 10:29:51.862, 0, 38, 1980 MHz, 129.46 W, 0 %, 559 MiB
2026/09/27 10:29:51.862, 1, 34, 1980 MHz, 124.10 W, 0 %, 539 MiB
2026/09/27 10:29:51.862, 2, 33, 1980 MHz, 119.75 W, 0 %, 539 MiB
2026/09/27 10:29:51.862, 3, 38, 1980 MHz, 131.06 W, 0 %, 539 MiB
2026/09/27 10:29:51.862, 4, 39, 1980 MHz, 130.76 W, 0 %, 539 MiB
2026/09/27 10:29:51.862, 5, 35, 1980 MHz, 124.54 W, 0 %, 539 MiB
2026/09/27 10:29:51.862, 6, 37, 1980 MHz, 130.96 W, 0 %, 539 MiB
2026/09/27 10:29:51.862, 7, 34, 1980 MHz, 131.08 W, 0 %, 539 MiB
2026/09/27 10:29:53.863, 0, 38, 1980 MHz, 129.48 W, 0 %, 559 MiB
2026/09/27 10:29:53.863, 1, 34, 1980 MHz, 124.03 W, 0 %, 539 MiB
2026/09/27 10:29:53.863, 2, 33, 1980 MHz, 119.76 W, 0 %, 539 MiB
2026/09/27 10:29:53.863, 3, 38, 1980 MHz, 131.06 W, 0 %, 539 MiB
2026/09/27 10:29:53.863, 4, 39, 1980 MHz, 130.74 W, 0 %, 539 MiB
2026/09/27 10:29:53.863, 5, 35, 1980 MHz, 124.54 W, 0 %, 539 MiB
2026/09/27 10:29:53.863, 6, 37, 1980 MHz, 131.00 W, 0 %, 539 MiB
2026/09/27 10:29:53.863, 7, 34, 1980 MHz, 131.06 W, 0 %, 539 MiB
2026/09/27 10:29:55.863, 0, 38, 1980 MHz, 129.49 W, 0 %, 559 MiB
2026/09/27 10:29:55.863, 1, 34, 1980 MHz, 124.08 W, 0 %, 539 MiB
2026/09/27 10:29:55.864, 2, 33, 1980 MHz, 119.77 W, 0 %, 539 MiB
2026/09/27 10:29:55.864, 3, 38, 1980 MHz, 131.04 W, 0 %, 539 MiB
2026/09/27 10:29:55.864, 4, 39, 1980 MHz, 130.73 W, 0 %, 539 MiB
2026/09/27 10:29:55.864, 5, 35, 1980 MHz, 124.52 W, 0 %, 539 MiB
2026/09/27 10:29:55.864, 6, 37, 1980 MHz, 130.97 W, 0 %, 539 MiB
2026/09/27 10:29:55.864, 7, 34, 1980 MHz, 131.09 W, 0 %, 539 MiB
2026/09/27 10:29:57.864, 0, 38, 1980 MHz, 129.49 W, 0 %, 559 MiB
2026/09/27 10:29:57.864, 1, 34, 1980 MHz, 124.05 W, 0 %, 539 MiB
2026/09/27 10:29:57.864, 2, 33, 1980 MHz, 119.78 W, 0 %, 539 MiB
2026/09/27 10:29:57.864, 3, 38, 1980 MHz, 130.99 W, 0 %, 539 MiB
2026/09/27 10:29:57.864, 4, 39, 1980 MHz, 130.75 W, 0 %, 539 MiB
2026/09/27 10:29:57.864, 5, 35, 1980 MHz, 124.56 W, 0 %, 539 MiB
2026/09/27 10:29:57.865, 6, 37, 1980 MHz, 131.00 W, 0 %, 539 MiB
2026/09/27 10:29:57.865, 7, 34, 1980 MHz, 131.04 W, 0 %, 539 MiB
2026/09/27 10:29:59.865, 0, 38, 1980 MHz, 129.47 W, 0 %, 559 MiB
2026/09/27 10:29:59.865, 1, 34, 1980 MHz, 124.09 W, 0 %, 539 MiB
2026/09/27 10:29:59.865, 2, 33, 1980 MHz, 119.78 W, 0 %, 539 MiB
2026/09/27 10:29:59.865, 3, 38, 1980 MHz, 131.00 W, 0 %, 539 MiB
2026/09/27 10:29:59.865, 4, 39, 1980 MHz, 130.72 W, 0 %, 539 MiB
2026/09/27 10:29:59.865, 5, 35, 1980 MHz, 124.51 W, 0 %, 539 MiB
2026/09/27 10:29:59.865, 6, 37, 1980 MHz, 131.72 W, 0 %, 539 MiB
2026/09/27 10:29:59.866, 7, 34, 1980 MHz, 131.08 W, 0 %, 539 MiB
2026/09/27 10:30:01.866, 0, 38, 1980 MHz, 129.48 W, 0 %, 559 MiB
2026/09/27 10:30:01.866, 1, 34, 1980 MHz, 124.11 W, 0 %, 539 MiB
2026/09/27 10:30:01.866, 2, 33, 1980 MHz, 119.76 W, 0 %, 539 MiB
2026/09/27 10:30:01.866, 3, 38, 1980 MHz, 130.99 W, 0 %, 539 MiB
2026/09/27 10:30:01.866, 4, 39, 1980 MHz, 130.71 W, 0 %, 539 MiB
2026/09/27 10:30:01.866, 5, 35, 1980 MHz, 124.57 W, 0 %, 539 MiB
2026/09/27 10:30:01.866, 6, 37, 1980 MHz, 131.12 W, 0 %, 539 MiB
2026/09/27 10:30:01.866, 7, 34, 1980 MHz, 131.08 W, 0 %, 539 MiB
2026/09/27 10:30:03.867, 0, 38, 1980 MHz, 129.51 W, 0 %, 559 MiB
2026/09/27 10:30:03.867, 1, 34, 1980 MHz, 124.10 W, 0 %, 539 MiB
2026/09/27 10:30:03.867, 2, 33, 1980 MHz, 119.79 W, 0 %, 539 MiB
2026/09/27 10:30:03.868, 3, 38, 1980 MHz, 131.06 W, 0 %, 539 MiB
2026/09/27 10:30:03.868, 4, 39, 1980 MHz, 130.74 W, 0 %, 539 MiB
2026/09/27 10:30:03.869, 5, 35, 1980 MHz, 124.56 W, 0 %, 539 MiB
2026/09/27 10:30:03.869, 6, 37, 1980 MHz, 130.98 W, 0 %, 539 MiB
2026/09/27 10:30:03.870, 7, 34, 1980 MHz, 131.09 W, 0 %, 539 MiB
2026/09/27 10:30:05.870, 0, 38, 1980 MHz, 125.09 W, 0 %, 1087 MiB
2026/09/27 10:30:05.871, 1, 34, 1980 MHz, 120.90 W, 0 %, 1067 MiB
2026/09/27 10:30:05.871, 2, 33, 1980 MHz, 117.35 W, 0 %, 1067 MiB
2026/09/27 10:30:05.871, 3, 37, 1980 MHz, 129.10 W, 0 %, 1067 MiB
2026/09/27 10:30:05.901, 4, 39, 1980 MHz, 129.47 W, 1 %, 1067 MiB
2026/09/27 10:30:05.901, 5, 35, 1980 MHz, 123.65 W, 1 %, 1067 MiB
2026/09/27 10:30:05.901, 6, 37, 1980 MHz, 130.85 W, 0 %, 1067 MiB
2026/09/27 10:30:05.902, 7, 34, 1980 MHz, 130.37 W, 0 %, 558 MiB
2026/09/27 10:30:07.902, 0, 38, 1980 MHz, 129.52 W, 0 %, 559 MiB
2026/09/27 10:30:07.902, 1, 34, 1980 MHz, 124.12 W, 0 %, 539 MiB
2026/09/27 10:30:07.902, 2, 33, 1980 MHz, 119.80 W, 0 %, 539 MiB
2026/09/27 10:30:07.902, 3, 38, 1980 MHz, 131.10 W, 0 %, 539 MiB
2026/09/27 10:30:07.902, 4, 39, 1980 MHz, 130.79 W, 0 %, 539 MiB
2026/09/27 10:30:07.902, 5, 35, 1980 MHz, 124.57 W, 0 %, 539 MiB
2026/09/27 10:30:07.902, 6, 37, 1980 MHz, 131.04 W, 0 %, 539 MiB
2026/09/27 10:30:07.902, 7, 34, 1980 MHz, 130.39 W, 0 %, 539 MiB
2026/09/27 10:30:09.903, 0, 38, 1980 MHz, 129.49 W, 0 %, 559 MiB
2026/09/27 10:30:09.903, 1, 34, 1980 MHz, 124.11 W, 0 %, 539 MiB
2026/09/27 10:30:09.903, 2, 33, 1980 MHz, 119.74 W, 0 %, 539 MiB
2026/09/27 10:30:09.903, 3, 38, 1980 MHz, 131.05 W, 0 %, 539 MiB
2026/09/27 10:30:09.903, 4, 39, 1980 MHz, 130.76 W, 0 %, 539 MiB
2026/09/27 10:30:09.903, 5, 35, 1980 MHz, 124.58 W, 0 %, 539 MiB
2026/09/27 10:30:09.903, 6, 37, 1980 MHz, 130.98 W, 0 %, 539 MiB
2026/09/27 10:30:09.903, 7, 34, 1980 MHz, 130.40 W, 0 %, 539 MiB
2026/09/27 10:30:11.904, 0, 38, 1980 MHz, 129.53 W, 0 %, 559 MiB
2026/09/27 10:30:11.904, 1, 34, 1980 MHz, 124.10 W, 0 %, 539 MiB
2026/09/27 10:30:11.904, 2, 33, 1980 MHz, 119.76 W, 0 %, 539 MiB
2026/09/27 10:30:11.904, 3, 38, 1980 MHz, 131.06 W, 0 %, 539 MiB
2026/09/27 10:30:11.904, 4, 39, 1980 MHz, 130.73 W, 0 %, 539 MiB
2026/09/27 10:30:11.904, 5, 35, 1980 MHz, 124.54 W, 0 %, 539 MiB
2026/09/27 10:30:11.904, 6, 37, 1980 MHz, 130.98 W, 0 %, 539 MiB
2026/09/27 10:30:11.904, 7, 34, 1980 MHz, 130.39 W, 0 %, 539 MiB
2026/09/27 10:30:13.905, 0, 38, 1980 MHz, 129.46 W, 0 %, 559 MiB
2026/09/27 10:30:13.905, 1, 34, 1980 MHz, 124.04 W, 0 %, 539 MiB
2026/09/27 10:30:13.905, 2, 33, 1980 MHz, 119.79 W, 0 %, 539 MiB
2026/09/27 10:30:13.905, 3, 38, 1980 MHz, 131.02 W, 0 %, 539 MiB
2026/09/27 10:30:13.905, 4, 39, 1980 MHz, 130.76 W, 0 %, 539 MiB
2026/09/27 10:30:13.905, 5, 35, 1980 MHz, 124.59 W, 0 %, 539 MiB
2026/09/27 10:30:13.905, 6, 37, 1980 MHz, 130.94 W, 0 %, 539 MiB
2026/09/27 10:30:13.905, 7, 34, 1980 MHz, 130.36 W, 0 %, 539 MiB
2026/09/27 10:30:15.905, 0, 38, 1980 MHz, 129.46 W, 0 %, 559 MiB
2026/09/27 10:30:15.906, 1, 34, 1980 MHz, 124.02 W, 0 %, 539 MiB
2026/09/27 10:30:15.906, 2, 33, 1980 MHz, 119.78 W, 0 %, 539 MiB
2026/09/27 10:30:15.906, 3, 38, 1980 MHz, 131.07 W, 0 %, 539 MiB
2026/09/27 10:30:15.906, 4, 39, 1980 MHz, 130.74 W, 0 %, 539 MiB
2026/09/27 10:30:15.906, 5, 35, 1980 MHz, 124.56 W, 0 %, 539 MiB
2026/09/27 10:30:15.906, 6, 37, 1980 MHz, 131.03 W, 0 %, 539 MiB
2026/09/27 10:30:15.906, 7, 34, 1980 MHz, 130.39 W, 0 %, 539 MiB
2026/09/27 10:30:17.906, 0, 38, 1980 MHz, 129.52 W, 0 %, 559 MiB
2026/09/27 10:30:17.906, 1, 34, 1980 MHz, 124.08 W, 0 %, 539 MiB
2026/09/27 10:30:17.906, 2, 33, 1980 MHz, 119.76 W, 0 %, 539 MiB
2026/09/27 10:30:17.907, 3, 38, 1980 MHz, 131.09 W, 0 %, 539 MiB
2026/09/27 10:30:17.907, 4, 39, 1980 MHz, 130.75 W, 0 %, 539 MiB
2026/09/27 10:30:17.907, 5, 35, 1980 MHz, 124.54 W, 0 %, 539 MiB
2026/09/27 10:30:17.907, 6, 37, 1980 MHz, 130.95 W, 0 %, 539 MiB
2026/09/27 10:30:17.907, 7, 34, 1980 MHz, 130.37 W, 0 %, 539 MiB
2026/09/27 10:30:19.907, 0, 38, 1980 MHz, 129.48 W, 0 %, 559 MiB
2026/09/27 10:30:19.907, 1, 34, 1980 MHz, 124.08 W, 0 %, 539 MiB
2026/09/27 10:30:19.907, 2, 33, 1980 MHz, 119.76 W, 0 %, 539 MiB
2026/09/27 10:30:19.907, 3, 38, 1980 MHz, 131.07 W, 0 %, 539 MiB
2026/09/27 10:30:19.907, 4, 39, 1980 MHz, 130.77 W, 0 %, 539 MiB
2026/09/27 10:30:19.907, 5, 35, 1980 MHz, 124.50 W, 0 %, 539 MiB
2026/09/27 10:30:19.907, 6, 37, 1980 MHz, 130.94 W, 0 %, 539 MiB
2026/09/27 10:30:19.908, 7, 34, 1980 MHz, 130.34 W, 0 %, 539 MiB
2026/09/27 10:30:21.908, 0, 38, 1980 MHz, 129.48 W, 0 %, 559 MiB
2026/09/27 10:30:21.908, 1, 34, 1980 MHz, 124.07 W, 0 %, 539 MiB
2026/09/27 10:30:21.908, 2, 33, 1980 MHz, 119.77 W, 0 %, 539 MiB
2026/09/27 10:30:21.908, 3, 38, 1980 MHz, 130.97 W, 0 %, 539 MiB
2026/09/27 10:30:21.908, 4, 39, 1980 MHz, 130.75 W, 0 %, 539 MiB
2026/09/27 10:30:21.908, 5, 35, 1980 MHz, 124.52 W, 0 %, 539 MiB
2026/09/27 10:30:21.908, 6, 37, 1980 MHz, 130.98 W, 0 %, 539 MiB
2026/09/27 10:30:21.908, 7, 34, 1980 MHz, 130.35 W, 0 %, 539 MiB
2026/09/27 10:30:23.908, 0, 38, 1980 MHz, 129.49 W, 0 %, 559 MiB
2026/09/27 10:30:23.909, 1, 34, 1980 MHz, 124.05 W, 0 %, 539 MiB
2026/09/27 10:30:23.909, 2, 33, 1980 MHz, 119.78 W, 0 %, 539 MiB
2026/09/27 10:30:23.909, 3, 38, 1980 MHz, 131.02 W, 0 %, 539 MiB
2026/09/27 10:30:23.909, 4, 39, 1980 MHz, 130.72 W, 0 %, 539 MiB
2026/09/27 10:30:23.909, 5, 35, 1980 MHz, 124.51 W, 0 %, 539 MiB
2026/09/27 10:30:23.909, 6, 37, 1980 MHz, 130.93 W, 0 %, 539 MiB
2026/09/27 10:30:23.909, 7, 34, 1980 MHz, 130.34 W, 0 %, 539 MiB
2026/09/27 10:30:25.909, 0, 38, 1980 MHz, 129.49 W, 0 %, 559 MiB
2026/09/27 10:30:25.909, 1, 34, 1980 MHz, 124.08 W, 0 %, 539 MiB
2026/09/27 10:30:25.909, 2, 33, 1980 MHz, 119.75 W, 0 %, 539 MiB
2026/09/27 10:30:25.909, 3, 38, 1980 MHz, 131.04 W, 0 %, 539 MiB
2026/09/27 10:30:25.909, 4, 39, 1980 MHz, 130.73 W, 0 %, 539 MiB
2026/09/27 10:30:25.910, 5, 35, 1980 MHz, 124.48 W, 0 %, 539 MiB
2026/09/27 10:30:25.910, 6, 37, 1980 MHz, 130.93 W, 0 %, 539 MiB
2026/09/27 10:30:25.910, 7, 34, 1980 MHz, 130.38 W, 0 %, 539 MiB
2026/09/27 10:30:27.910, 0, 38, 1980 MHz, 129.47 W, 0 %, 559 MiB
2026/09/27 10:30:27.910, 1, 34, 1980 MHz, 124.09 W, 0 %, 539 MiB
2026/09/27 10:30:27.910, 2, 33, 1980 MHz, 119.76 W, 0 %, 539 MiB
2026/09/27 10:30:27.910, 3, 38, 1980 MHz, 131.02 W, 0 %, 539 MiB
2026/09/27 10:30:27.910, 4, 39, 1980 MHz, 130.72 W, 0 %, 539 MiB
2026/09/27 10:30:27.910, 5, 35, 1980 MHz, 124.56 W, 0 %, 539 MiB
2026/09/27 10:30:27.910, 6, 37, 1980 MHz, 130.92 W, 0 %, 539 MiB
2026/09/27 10:30:27.910, 7, 34, 1980 MHz, 130.34 W, 0 %, 539 MiB
2026/09/27 10:30:29.911, 0, 38, 1980 MHz, 129.45 W, 0 %, 559 MiB
2026/09/27 10:30:29.911, 1, 34, 1980 MHz, 124.06 W, 0 %, 539 MiB
2026/09/27 10:30:29.911, 2, 33, 1980 MHz, 119.77 W, 0 %, 539 MiB
2026/09/27 10:30:29.911, 3, 38, 1980 MHz, 131.05 W, 0 %, 539 MiB
2026/09/27 10:30:29.911, 4, 39, 1980 MHz, 130.75 W, 0 %, 539 MiB
2026/09/27 10:30:29.911, 5, 35, 1980 MHz, 124.57 W, 0 %, 539 MiB
2026/09/27 10:30:29.911, 6, 37, 1980 MHz, 130.94 W, 0 %, 539 MiB
2026/09/27 10:30:29.911, 7, 34, 1980 MHz, 130.34 W, 0 %, 539 MiB
2026/09/27 10:30:31.911, 0, 38, 1980 MHz, 129.46 W, 0 %, 559 MiB
2026/09/27 10:30:31.912, 1, 34, 1980 MHz, 124.03 W, 0 %, 539 MiB
2026/09/27 10:30:31.912, 2, 33, 1980 MHz, 119.80 W, 0 %, 539 MiB
2026/09/27 10:30:31.912, 3, 38, 1980 MHz, 131.05 W, 0 %, 539 MiB
2026/09/27 10:30:31.912, 4, 39, 1980 MHz, 130.72 W, 0 %, 539 MiB
2026/09/27 10:30:31.912, 5, 35, 1980 MHz, 124.56 W, 0 %, 539 MiB
2026/09/27 10:30:31.912, 6, 37, 1980 MHz, 130.99 W, 0 %, 539 MiB
2026/09/27 10:30:31.912, 7, 34, 1980 MHz, 130.33 W, 0 %, 539 MiB
2026/09/27 10:30:33.912, 0, 38, 1980 MHz, 129.48 W, 0 %, 559 MiB
2026/09/27 10:30:33.912, 1, 34, 1980 MHz, 124.04 W, 0 %, 539 MiB
2026/09/27 10:30:33.912, 2, 33, 1980 MHz, 119.79 W, 0 %, 539 MiB
2026/09/27 10:30:33.913, 3, 38, 1980 MHz, 131.05 W, 0 %, 539 MiB
2026/09/27 10:30:33.913, 4, 39, 1980 MHz, 130.75 W, 0 %, 539 MiB
2026/09/27 10:30:33.913, 5, 35, 1980 MHz, 124.58 W, 0 %, 539 MiB
2026/09/27 10:30:33.913, 6, 37, 1980 MHz, 130.95 W, 0 %, 539 MiB
2026/09/27 10:30:33.913, 7, 34, 1980 MHz, 130.36 W, 0 %, 539 MiB
2026/09/27 10:30:35.913, 0, 38, 1980 MHz, 129.47 W, 0 %, 559 MiB
2026/09/27 10:30:35.913, 1, 34, 1980 MHz, 124.09 W, 0 %, 539 MiB
2026/09/27 10:30:35.913, 2, 33, 1980 MHz, 119.75 W, 0 %, 539 MiB
2026/09/27 10:30:35.913, 3, 38, 1980 MHz, 131.03 W, 0 %, 539 MiB
2026/09/27 10:30:35.913, 4, 39, 1980 MHz, 130.70 W, 0 %, 539 MiB
2026/09/27 10:30:35.913, 5, 35, 1980 MHz, 124.56 W, 0 %, 539 MiB
2026/09/27 10:30:35.913, 6, 37, 1980 MHz, 130.89 W, 0 %, 539 MiB
2026/09/27 10:30:35.914, 7, 34, 1980 MHz, 130.32 W, 0 %, 539 MiB
2026/09/27 10:30:37.914, 0, 38, 1980 MHz, 129.50 W, 0 %, 559 MiB
2026/09/27 10:30:37.914, 1, 34, 1980 MHz, 124.08 W, 0 %, 539 MiB
2026/09/27 10:30:37.914, 2, 33, 1980 MHz, 119.76 W, 0 %, 539 MiB
2026/09/27 10:30:37.914, 3, 38, 1980 MHz, 131.03 W, 0 %, 539 MiB
2026/09/27 10:30:37.914, 4, 39, 1980 MHz, 130.73 W, 0 %, 539 MiB
2026/09/27 10:30:37.914, 5, 35, 1980 MHz, 124.55 W, 0 %, 539 MiB
2026/09/27 10:30:37.914, 6, 37, 1980 MHz, 130.98 W, 0 %, 539 MiB
2026/09/27 10:30:37.914, 7, 34, 1980 MHz, 130.35 W, 0 %, 539 MiB
2026/09/27 10:30:39.915, 0, 38, 1980 MHz, 129.49 W, 0 %, 559 MiB
2026/09/27 10:30:39.915, 1, 34, 1980 MHz, 124.07 W, 0 %, 539 MiB
2026/09/27 10:30:39.915, 2, 33, 1980 MHz, 119.76 W, 0 %, 539 MiB
2026/09/27 10:30:39.915, 3, 38, 1980 MHz, 131.06 W, 0 %, 539 MiB
2026/09/27 10:30:39.915, 4, 39, 1980 MHz, 130.75 W, 0 %, 539 MiB
2026/09/27 10:30:39.915, 5, 35, 1980 MHz, 124.54 W, 0 %, 539 MiB
2026/09/27 10:30:39.915, 6, 37, 1980 MHz, 130.95 W, 0 %, 539 MiB
2026/09/27 10:30:39.915, 7, 34, 1980 MHz, 130.35 W, 0 %, 539 MiB
2026/09/27 10:30:41.915, 0, 38, 1980 MHz, 129.51 W, 0 %, 559 MiB
2026/09/27 10:30:41.916, 1, 34, 1980 MHz, 124.11 W, 0 %, 539 MiB
2026/09/27 10:30:41.916, 2, 33, 1980 MHz, 119.78 W, 0 %, 539 MiB
2026/09/27 10:30:41.916, 3, 38, 1980 MHz, 131.01 W, 0 %, 539 MiB
2026/09/27 10:30:41.916, 4, 39, 1980 MHz, 130.75 W, 0 %, 539 MiB
2026/09/27 10:30:41.916, 5, 35, 1980 MHz, 124.54 W, 0 %, 539 MiB
2026/09/27 10:30:41.916, 6, 37, 1980 MHz, 130.93 W, 0 %, 539 MiB
2026/09/27 10:30:41.916, 7, 34, 1980 MHz, 130.38 W, 0 %, 539 MiB
2026/09/27 10:30:43.916, 0, 38, 1980 MHz, 129.53 W, 0 %, 559 MiB
2026/09/27 10:30:43.916, 1, 34, 1980 MHz, 124.04 W, 0 %, 539 MiB
2026/09/27 10:30:43.916, 2, 33, 1980 MHz, 119.78 W, 0 %, 539 MiB
2026/09/27 10:30:43.916, 3, 38, 1980 MHz, 131.01 W, 0 %, 539 MiB
2026/09/27 10:30:43.917, 4, 39, 1980 MHz, 130.73 W, 0 %, 539 MiB
2026/09/27 10:30:43.917, 5, 35, 1980 MHz, 124.52 W, 0 %, 539 MiB
2026/09/27 10:30:43.917, 6, 37, 1980 MHz, 130.96 W, 0 %, 539 MiB
2026/09/27 10:30:43.917, 7, 34, 1980 MHz, 130.32 W, 0 %, 539 MiB
2026/09/27 10:30:45.917, 0, 38, 1980 MHz, 129.51 W, 0 %, 559 MiB
2026/09/27 10:30:45.917, 1, 34, 1980 MHz, 124.05 W, 0 %, 539 MiB
2026/09/27 10:30:45.917, 2, 33, 1980 MHz, 119.77 W, 0 %, 539 MiB
2026/09/27 10:30:45.917, 3, 38, 1980 MHz, 131.03 W, 0 %, 539 MiB
2026/09/27 10:30:45.918, 4, 39, 1980 MHz, 130.76 W, 0 %, 539 MiB
2026/09/27 10:30:45.918, 5, 35, 1980 MHz, 124.57 W, 0 %, 539 MiB
2026/09/27 10:30:45.918, 6, 37, 1980 MHz, 130.98 W, 0 %, 539 MiB
2026/09/27 10:30:45.918, 7, 34, 1980 MHz, 130.35 W, 0 %, 539 MiB
2026/09/27 10:30:47.918, 0, 38, 1980 MHz, 129.54 W, 0 %, 559 MiB
2026/09/27 10:30:47.918, 1, 34, 1980 MHz, 124.02 W, 0 %, 539 MiB
2026/09/27 10:30:47.918, 2, 33, 1980 MHz, 119.77 W, 0 %, 539 MiB
2026/09/27 10:30:47.918, 3, 38, 1980 MHz, 131.04 W, 0 %, 539 MiB
2026/09/27 10:30:47.919, 4, 39, 1980 MHz, 130.77 W, 0 %, 539 MiB
2026/09/27 10:30:47.919, 5, 35, 1980 MHz, 124.54 W, 0 %, 539 MiB
2026/09/27 10:30:47.919, 6, 37, 1980 MHz, 130.97 W, 0 %, 539 MiB
2026/09/27 10:30:47.919, 7, 34, 1980 MHz, 130.33 W, 0 %, 539 MiB
2026/09/27 10:30:49.919, 0, 38, 1980 MHz, 129.52 W, 0 %, 559 MiB
2026/09/27 10:30:49.919, 1, 34, 1980 MHz, 124.03 W, 0 %, 539 MiB
2026/09/27 10:30:49.919, 2, 33, 1980 MHz, 119.79 W, 0 %, 539 MiB
2026/09/27 10:30:49.919, 3, 38, 1980 MHz, 131.04 W, 0 %, 539 MiB
2026/09/27 10:30:49.919, 4, 39, 1980 MHz, 130.75 W, 0 %, 539 MiB
2026/09/27 10:30:49.920, 5, 35, 1980 MHz, 124.55 W, 0 %, 539 MiB
2026/09/27 10:30:49.920, 6, 37, 1980 MHz, 130.97 W, 0 %, 539 MiB
2026/09/27 10:30:49.920, 7, 34, 1980 MHz, 130.34 W, 0 %, 539 MiB
2026/09/27 10:30:51.920, 0, 38, 1980 MHz, 129.53 W, 0 %, 559 MiB
2026/09/27 10:30:51.920, 1, 34, 1980 MHz, 124.08 W, 0 %, 539 MiB
2026/09/27 10:30:51.920, 2, 33, 1980 MHz, 119.76 W, 0 %, 539 MiB
2026/09/27 10:30:51.920, 3, 38, 1980 MHz, 131.04 W, 0 %, 539 MiB
2026/09/27 10:30:51.921, 4, 39, 1980 MHz, 130.74 W, 0 %, 539 MiB
2026/09/27 10:30:51.921, 5, 35, 1980 MHz, 124.57 W, 0 %, 539 MiB
2026/09/27 10:30:51.921, 6, 37, 1980 MHz, 131.02 W, 0 %, 539 MiB
2026/09/27 10:30:51.921, 7, 34, 1980 MHz, 130.35 W, 0 %, 539 MiB
2026/09/27 10:30:53.921, 0, 38, 1980 MHz, 129.53 W, 0 %, 559 MiB
2026/09/27 10:30:53.921, 1, 34, 1980 MHz, 124.06 W, 0 %, 539 MiB
2026/09/27 10:30:53.921, 2, 33, 1980 MHz, 119.76 W, 0 %, 539 MiB
2026/09/27 10:30:53.921, 3, 38, 1980 MHz, 131.00 W, 0 %, 539 MiB
2026/09/27 10:30:53.921, 4, 39, 1980 MHz, 130.73 W, 0 %, 539 MiB
2026/09/27 10:30:53.921, 5, 35, 1980 MHz, 124.57 W, 0 %, 539 MiB
2026/09/27 10:30:53.921, 6, 37, 1980 MHz, 130.95 W, 0 %, 539 MiB
2026/09/27 10:30:53.922, 7, 34, 1980 MHz, 130.33 W, 0 %, 539 MiB
2026/09/27 10:30:55.922, 0, 38, 1980 MHz, 129.48 W, 0 %, 559 MiB
2026/09/27 10:30:55.922, 1, 34, 1980 MHz, 124.07 W, 0 %, 539 MiB
2026/09/27 10:30:55.922, 2, 33, 1980 MHz, 119.77 W, 0 %, 539 MiB
2026/09/27 10:30:55.922, 3, 38, 1980 MHz, 131.05 W, 0 %, 539 MiB
2026/09/27 10:30:55.922, 4, 39, 1980 MHz, 130.74 W, 0 %, 539 MiB
2026/09/27 10:30:55.922, 5, 35, 1980 MHz, 124.57 W, 0 %, 539 MiB
2026/09/27 10:30:55.922, 6, 37, 1980 MHz, 130.93 W, 0 %, 539 MiB
2026/09/27 10:30:55.922, 7, 34, 1980 MHz, 130.33 W, 0 %, 539 MiB
2026/09/27 10:30:57.923, 0, 38, 1980 MHz, 129.52 W, 0 %, 559 MiB
2026/09/27 10:30:57.923, 1, 34, 1980 MHz, 124.04 W, 0 %, 539 MiB
2026/09/27 10:30:57.923, 2, 33, 1980 MHz, 119.72 W, 0 %, 539 MiB
2026/09/27 10:30:57.923, 3, 38, 1980 MHz, 131.03 W, 0 %, 539 MiB
2026/09/27 10:30:57.923, 4, 39, 1980 MHz, 130.76 W, 0 %, 539 MiB
2026/09/27 10:30:57.923, 5, 35, 1980 MHz, 124.55 W, 0 %, 539 MiB
2026/09/27 10:30:57.923, 6, 37, 1980 MHz, 130.94 W, 0 %, 539 MiB
2026/09/27 10:30:57.923, 7, 34, 1980 MHz, 130.34 W, 0 %, 539 MiB
2026/09/27 10:30:59.924, 0, 38, 1980 MHz, 129.53 W, 0 %, 559 MiB
2026/09/27 10:30:59.924, 1, 34, 1980 MHz, 124.00 W, 0 %, 539 MiB
2026/09/27 10:30:59.924, 2, 33, 1980 MHz, 119.77 W, 0 %, 539 MiB
2026/09/27 10:30:59.924, 3, 38, 1980 MHz, 131.01 W, 0 %, 539 MiB
2026/09/27 10:30:59.924, 4, 39, 1980 MHz, 130.79 W, 0 %, 539 MiB
2026/09/27 10:30:59.924, 5, 35, 1980 MHz, 124.56 W, 0 %, 539 MiB
2026/09/27 10:30:59.924, 6, 37, 1980 MHz, 131.01 W, 0 %, 539 MiB
2026/09/27 10:30:59.924, 7, 34, 1980 MHz, 130.34 W, 0 %, 539 MiB
2026/09/27 10:31:01.924, 0, 38, 1980 MHz, 129.47 W, 0 %, 559 MiB
2026/09/27 10:31:01.925, 1, 34, 1980 MHz, 124.09 W, 0 %, 539 MiB
2026/09/27 10:31:01.925, 2, 33, 1980 MHz, 119.74 W, 0 %, 539 MiB
2026/09/27 10:31:01.925, 3, 38, 1980 MHz, 131.02 W, 0 %, 539 MiB
2026/09/27 10:31:01.925, 4, 39, 1980 MHz, 130.76 W, 0 %, 539 MiB
2026/09/27 10:31:01.925, 5, 35, 1980 MHz, 124.56 W, 0 %, 539 MiB
2026/09/27 10:31:01.925, 6, 37, 1980 MHz, 131.00 W, 0 %, 539 MiB
2026/09/27 10:31:01.925, 7, 34, 1980 MHz, 130.33 W, 0 %, 539 MiB
2026/09/27 10:31:03.925, 0, 38, 1980 MHz, 129.51 W, 0 %, 559 MiB
2026/09/27 10:31:03.925, 1, 34, 1980 MHz, 124.00 W, 0 %, 539 MiB
2026/09/27 10:31:03.926, 2, 33, 1980 MHz, 119.77 W, 0 %, 539 MiB
2026/09/27 10:31:03.926, 3, 38, 1980 MHz, 131.01 W, 0 %, 539 MiB
2026/09/27 10:31:03.926, 4, 39, 1980 MHz, 130.76 W, 0 %, 539 MiB
2026/09/27 10:31:03.926, 5, 35, 1980 MHz, 124.55 W, 0 %, 539 MiB
2026/09/27 10:31:03.926, 6, 37, 1980 MHz, 130.97 W, 0 %, 539 MiB
2026/09/27 10:31:03.926, 7, 34, 1980 MHz, 130.32 W, 0 %, 539 MiB
2026/09/27 10:31:05.926, 0, 38, 1980 MHz, 129.50 W, 0 %, 559 MiB
2026/09/27 10:31:05.926, 1, 34, 1980 MHz, 124.04 W, 0 %, 539 MiB
2026/09/27 10:31:05.926, 2, 33, 1980 MHz, 119.78 W, 0 %, 539 MiB
2026/09/27 10:31:05.926, 3, 38, 1980 MHz, 131.05 W, 0 %, 539 MiB
2026/09/27 10:31:05.926, 4, 39, 1980 MHz, 130.70 W, 0 %, 539 MiB
2026/09/27 10:31:05.927, 5, 35, 1980 MHz, 124.56 W, 0 %, 539 MiB
2026/09/27 10:31:05.927, 6, 37, 1980 MHz, 130.95 W, 0 %, 539 MiB
2026/09/27 10:31:05.927, 7, 34, 1980 MHz, 130.35 W, 0 %, 539 MiB
2026/09/27 10:31:07.927, 0, 38, 1980 MHz, 129.49 W, 0 %, 559 MiB
2026/09/27 10:31:07.927, 1, 34, 1980 MHz, 124.06 W, 0 %, 539 MiB
2026/09/27 10:31:07.927, 2, 33, 1980 MHz, 119.78 W, 0 %, 539 MiB
2026/09/27 10:31:07.927, 3, 38, 1980 MHz, 131.03 W, 0 %, 539 MiB
2026/09/27 10:31:07.927, 4, 39, 1980 MHz, 130.73 W, 0 %, 539 MiB
2026/09/27 10:31:07.927, 5, 35, 1980 MHz, 124.52 W, 0 %, 539 MiB
2026/09/27 10:31:07.927, 6, 37, 1980 MHz, 130.98 W, 0 %, 539 MiB
2026/09/27 10:31:07.928, 7, 34, 1980 MHz, 130.35 W, 0 %, 539 MiB
2026/09/27 10:31:09.928, 0, 38, 1980 MHz, 129.47 W, 0 %, 559 MiB
2026/09/27 10:31:09.928, 1, 34, 1980 MHz, 124.05 W, 0 %, 539 MiB
2026/09/27 10:31:09.928, 2, 33, 1980 MHz, 119.76 W, 0 %, 539 MiB
2026/09/27 10:31:09.928, 3, 38, 1980 MHz, 131.02 W, 0 %, 539 MiB
2026/09/27 10:31:09.928, 4, 39, 1980 MHz, 130.72 W, 0 %, 539 MiB
2026/09/27 10:31:09.928, 5, 35, 1980 MHz, 124.52 W, 0 %, 539 MiB
2026/09/27 10:31:09.928, 6, 37, 1980 MHz, 131.01 W, 0 %, 539 MiB
2026/09/27 10:31:09.928, 7, 34, 1980 MHz, 130.32 W, 0 %, 539 MiB
2026/09/27 10:31:11.928, 0, 38, 1980 MHz, 129.48 W, 0 %, 559 MiB
2026/09/27 10:31:11.929, 1, 34, 1980 MHz, 124.04 W, 0 %, 539 MiB
2026/09/27 10:31:11.929, 2, 33, 1980 MHz, 119.78 W, 0 %, 539 MiB
2026/09/27 10:31:11.929, 3, 38, 1980 MHz, 131.03 W, 0 %, 539 MiB
2026/09/27 10:31:11.929, 4, 39, 1980 MHz, 130.73 W, 0 %, 539 MiB
2026/09/27 10:31:11.929, 5, 35, 1980 MHz, 124.51 W, 0 %, 539 MiB
2026/09/27 10:31:11.929, 6, 37, 1980 MHz, 130.94 W, 0 %, 539 MiB
2026/09/27 10:31:11.929, 7, 34, 1980 MHz, 130.33 W, 0 %, 539 MiB
2026/09/27 10:31:13.929, 0, 38, 1980 MHz, 129.54 W, 0 %, 559 MiB
2026/09/27 10:31:13.929, 1, 34, 1980 MHz, 124.10 W, 0 %, 539 MiB
2026/09/27 10:31:13.930, 2, 33, 1980 MHz, 119.79 W, 0 %, 539 MiB
2026/09/27 10:31:13.930, 3, 38, 1980 MHz, 130.98 W, 0 %, 539 MiB
2026/09/27 10:31:13.930, 4, 39, 1980 MHz, 130.73 W, 0 %, 539 MiB
2026/09/27 10:31:13.930, 5, 35, 1980 MHz, 124.51 W, 0 %, 539 MiB
2026/09/27 10:31:13.930, 6, 37, 1980 MHz, 131.00 W, 0 %, 539 MiB
2026/09/27 10:31:13.930, 7, 34, 1980 MHz, 130.34 W, 0 %, 539 MiB
2026/09/27 10:31:15.930, 0, 38, 1980 MHz, 129.48 W, 0 %, 559 MiB
2026/09/27 10:31:15.930, 1, 34, 1980 MHz, 124.06 W, 0 %, 539 MiB
2026/09/27 10:31:15.930, 2, 33, 1980 MHz, 119.71 W, 0 %, 539 MiB
2026/09/27 10:31:15.930, 3, 38, 1980 MHz, 131.04 W, 0 %, 539 MiB
2026/09/27 10:31:15.930, 4, 39, 1980 MHz, 130.73 W, 0 %, 539 MiB
2026/09/27 10:31:15.930, 5, 35, 1980 MHz, 124.53 W, 0 %, 539 MiB
2026/09/27 10:31:15.930, 6, 37, 1980 MHz, 130.98 W, 0 %, 539 MiB
2026/09/27 10:31:15.931, 7, 34, 1980 MHz, 131.02 W, 0 %, 539 MiB
2026/09/27 10:31:17.931, 0, 38, 1980 MHz, 129.48 W, 0 %, 559 MiB
2026/09/27 10:31:17.931, 1, 34, 1980 MHz, 124.00 W, 0 %, 539 MiB
2026/09/27 10:31:17.931, 2, 33, 1980 MHz, 119.75 W, 0 %, 539 MiB
2026/09/27 10:31:17.931, 3, 38, 1980 MHz, 131.05 W, 0 %, 539 MiB
2026/09/27 10:31:17.931, 4, 39, 1980 MHz, 130.73 W, 0 %, 539 MiB
2026/09/27 10:31:17.931, 5, 35, 1980 MHz, 124.54 W, 0 %, 539 MiB
2026/09/27 10:31:17.931, 6, 37, 1980 MHz, 130.97 W, 0 %, 539 MiB
2026/09/27 10:31:17.931, 7, 34, 1980 MHz, 131.05 W, 0 %, 539 MiB
2026/09/27 10:31:19.932, 0, 38, 1980 MHz, 129.35 W, 0 %, 559 MiB
2026/09/27 10:31:19.932, 1, 34, 1980 MHz, 124.08 W, 0 %, 539 MiB
2026/09/27 10:31:19.932, 2, 33, 1980 MHz, 119.76 W, 0 %, 539 MiB
2026/09/27 10:31:19.932, 3, 38, 1980 MHz, 131.03 W, 0 %, 539 MiB
2026/09/27 10:31:19.932, 4, 39, 1980 MHz, 130.71 W, 0 %, 539 MiB
2026/09/27 10:31:19.932, 5, 35, 1980 MHz, 124.52 W, 0 %, 539 MiB
2026/09/27 10:31:19.932, 6, 37, 1980 MHz, 130.94 W, 0 %, 539 MiB
2026/09/27 10:31:19.932, 7, 34, 1980 MHz, 131.01 W, 0 %, 539 MiB
2026/09/27 10:31:21.932, 0, 38, 1980 MHz, 129.45 W, 0 %, 559 MiB
2026/09/27 10:31:21.932, 1, 34, 1980 MHz, 124.10 W, 0 %, 539 MiB
2026/09/27 10:31:21.933, 2, 33, 1980 MHz, 119.78 W, 0 %, 539 MiB
2026/09/27 10:31:21.933, 3, 38, 1980 MHz, 131.03 W, 0 %, 539 MiB
2026/09/27 10:31:21.933, 4, 39, 1980 MHz, 130.72 W, 0 %, 539 MiB
2026/09/27 10:31:21.933, 5, 35, 1980 MHz, 124.54 W, 0 %, 539 MiB
2026/09/27 10:31:21.933, 6, 37, 1980 MHz, 130.93 W, 0 %, 539 MiB
2026/09/27 10:31:21.933, 7, 34, 1980 MHz, 131.06 W, 0 %, 539 MiB
2026/09/27 10:31:23.933, 0, 38, 1980 MHz, 129.49 W, 0 %, 559 MiB
2026/09/27 10:31:23.933, 1, 34, 1980 MHz, 124.07 W, 0 %, 539 MiB
2026/09/27 10:31:23.933, 2, 33, 1980 MHz, 119.73 W, 0 %, 539 MiB
2026/09/27 10:31:23.933, 3, 38, 1980 MHz, 131.03 W, 0 %, 539 MiB
2026/09/27 10:31:23.933, 4, 39, 1980 MHz, 130.74 W, 0 %, 539 MiB
2026/09/27 10:31:23.933, 5, 35, 1980 MHz, 124.55 W, 0 %, 539 MiB
2026/09/27 10:31:23.933, 6, 37, 1980 MHz, 131.05 W, 0 %, 539 MiB
2026/09/27 10:31:23.934, 7, 34, 1980 MHz, 131.01 W, 0 %, 539 MiB
2026/09/27 10:31:25.934, 0, 38, 1980 MHz, 129.47 W, 0 %, 559 MiB
2026/09/27 10:31:25.934, 1, 34, 1980 MHz, 124.02 W, 0 %, 539 MiB
2026/09/27 10:31:25.934, 2, 33, 1980 MHz, 119.76 W, 0 %, 539 MiB
2026/09/27 10:31:25.934, 3, 38, 1980 MHz, 131.03 W, 0 %, 539 MiB
2026/09/27 10:31:25.934, 4, 39, 1980 MHz, 130.73 W, 0 %, 539 MiB
2026/09/27 10:31:25.934, 5, 35, 1980 MHz, 124.56 W, 0 %, 539 MiB
2026/09/27 10:31:25.934, 6, 37, 1980 MHz, 130.97 W, 0 %, 539 MiB
2026/09/27 10:31:25.934, 7, 34, 1980 MHz, 131.05 W, 0 %, 539 MiB
2026/09/27 10:31:27.935, 0, 38, 1980 MHz, 129.46 W, 0 %, 559 MiB
2026/09/27 10:31:27.935, 1, 34, 1980 MHz, 124.08 W, 0 %, 539 MiB
2026/09/27 10:31:27.935, 2, 33, 1980 MHz, 119.72 W, 0 %, 539 MiB
2026/09/27 10:31:27.935, 3, 38, 1980 MHz, 131.02 W, 0 %, 539 MiB
2026/09/27 10:31:27.935, 4, 39, 1980 MHz, 130.75 W, 0 %, 539 MiB
2026/09/27 10:31:27.935, 5, 35, 1980 MHz, 124.51 W, 0 %, 539 MiB
2026/09/27 10:31:27.935, 6, 37, 1980 MHz, 130.93 W, 0 %, 539 MiB
2026/09/27 10:31:27.935, 7, 34, 1980 MHz, 131.01 W, 0 %, 539 MiB
2026/09/27 10:31:29.935, 0, 38, 1980 MHz, 129.47 W, 0 %, 559 MiB
2026/09/27 10:31:29.936, 1, 34, 1980 MHz, 124.06 W, 0 %, 539 MiB
2026/09/27 10:31:29.936, 2, 33, 1980 MHz, 119.73 W, 0 %, 539 MiB
2026/09/27 10:31:29.936, 3, 38, 1980 MHz, 131.02 W, 0 %, 539 MiB
2026/09/27 10:31:29.936, 4, 39, 1980 MHz, 130.71 W, 0 %, 539 MiB
2026/09/27 10:31:29.936, 5, 35, 1980 MHz, 124.53 W, 0 %, 539 MiB
2026/09/27 10:31:29.936, 6, 37, 1980 MHz, 130.96 W, 0 %, 539 MiB
2026/09/27 10:31:29.936, 7, 34, 1980 MHz, 131.01 W, 0 %, 539 MiB
2026/09/27 10:31:31.936, 0, 38, 1980 MHz, 129.48 W, 0 %, 559 MiB
2026/09/27 10:31:31.937, 1, 34, 1980 MHz, 124.13 W, 0 %, 539 MiB
2026/09/27 10:31:31.937, 2, 33, 1980 MHz, 119.74 W, 0 %, 539 MiB
2026/09/27 10:31:31.937, 3, 38, 1980 MHz, 131.03 W, 0 %, 539 MiB
2026/09/27 10:31:31.937, 4, 39, 1980 MHz, 130.71 W, 0 %, 539 MiB
2026/09/27 10:31:31.937, 5, 35, 1980 MHz, 124.53 W, 0 %, 539 MiB
2026/09/27 10:31:31.937, 6, 37, 1980 MHz, 130.92 W, 0 %, 539 MiB
2026/09/27 10:31:31.937, 7, 34, 1980 MHz, 131.00 W, 0 %, 539 MiB
2026/09/27 10:31:33.937, 0, 38, 1980 MHz, 129.51 W, 0 %, 559 MiB
2026/09/27 10:31:33.937, 1, 34, 1980 MHz, 124.00 W, 0 %, 539 MiB
2026/09/27 10:31:33.937, 2, 33, 1980 MHz, 119.76 W, 0 %, 539 MiB
2026/09/27 10:31:33.938, 3, 38, 1980 MHz, 131.03 W, 0 %, 539 MiB
2026/09/27 10:31:33.938, 4, 39, 1980 MHz, 130.71 W, 0 %, 539 MiB
2026/09/27 10:31:33.938, 5, 35, 1980 MHz, 124.53 W, 0 %, 539 MiB
2026/09/27 10:31:33.938, 6, 37, 1980 MHz, 130.93 W, 0 %, 539 MiB
2026/09/27 10:31:33.938, 7, 34, 1980 MHz, 131.01 W, 0 %, 539 MiB
2026/09/27 10:31:35.938, 0, 38, 1980 MHz, 129.47 W, 0 %, 559 MiB
2026/09/27 10:31:35.938, 1, 34, 1980 MHz, 124.03 W, 0 %, 539 MiB
2026/09/27 10:31:35.938, 2, 33, 1980 MHz, 119.76 W, 0 %, 539 MiB
2026/09/27 10:31:35.938, 3, 38, 1980 MHz, 131.01 W, 0 %, 539 MiB
2026/09/27 10:31:35.938, 4, 39, 1980 MHz, 130.72 W, 0 %, 539 MiB
2026/09/27 10:31:35.939, 5, 35, 1980 MHz, 124.51 W, 0 %, 539 MiB
2026/09/27 10:31:35.939, 6, 37, 1980 MHz, 130.89 W, 0 %, 539 MiB
2026/09/27 10:31:35.939, 7, 34, 1980 MHz, 130.99 W, 0 %, 539 MiB
2026/09/27 10:31:37.939, 0, 38, 1980 MHz, 129.44 W, 0 %, 559 MiB
2026/09/27 10:31:37.939, 1, 34, 1980 MHz, 124.04 W, 0 %, 539 MiB
2026/09/27 10:31:37.939, 2, 33, 1980 MHz, 119.75 W, 0 %, 539 MiB
2026/09/27 10:31:37.939, 3, 38, 1980 MHz, 131.05 W, 0 %, 539 MiB
2026/09/27 10:31:37.939, 4, 39, 1980 MHz, 130.75 W, 0 %, 539 MiB
2026/09/27 10:31:37.940, 5, 35, 1980 MHz, 124.51 W, 0 %, 539 MiB
2026/09/27 10:31:37.940, 6, 37, 1980 MHz, 130.93 W, 0 %, 539 MiB
2026/09/27 10:31:37.940, 7, 34, 1980 MHz, 131.00 W, 0 %, 539 MiB
2026/09/27 10:31:39.940, 0, 38, 1980 MHz, 129.46 W, 0 %, 559 MiB
2026/09/27 10:31:39.940, 1, 34, 1980 MHz, 124.08 W, 0 %, 539 MiB
2026/09/27 10:31:39.940, 2, 33, 1980 MHz, 119.75 W, 0 %, 539 MiB
2026/09/27 10:31:39.940, 3, 38, 1980 MHz, 130.97 W, 0 %, 539 MiB
2026/09/27 10:31:39.940, 4, 39, 1980 MHz, 130.72 W, 0 %, 539 MiB
2026/09/27 10:31:39.940, 5, 35, 1980 MHz, 124.51 W, 0 %, 539 MiB
2026/09/27 10:31:39.941, 6, 37, 1980 MHz, 130.91 W, 0 %, 539 MiB
2026/09/27 10:31:39.941, 7, 34, 1980 MHz, 131.05 W, 0 %, 539 MiB
2026/09/27 10:31:41.941, 0, 38, 1980 MHz, 129.48 W, 0 %, 559 MiB
2026/09/27 10:31:41.941, 1, 34, 1980 MHz, 124.06 W, 0 %, 539 MiB
2026/09/27 10:31:41.941, 2, 33, 1980 MHz, 119.74 W, 0 %, 539 MiB
2026/09/27 10:31:41.941, 3, 38, 1980 MHz, 131.01 W, 0 %, 539 MiB
2026/09/27 10:31:41.941, 4, 39, 1980 MHz, 130.71 W, 0 %, 539 MiB
2026/09/27 10:31:41.941, 5, 35, 1980 MHz, 124.50 W, 0 %, 539 MiB
2026/09/27 10:31:41.942, 6, 37, 1980 MHz, 130.92 W, 0 %, 539 MiB
2026/09/27 10:31:41.942, 7, 34, 1980 MHz, 131.01 W, 0 %, 539 MiB
2026/09/27 10:31:43.942, 0, 38, 1980 MHz, 129.47 W, 0 %, 559 MiB
2026/09/27 10:31:43.942, 1, 34, 1980 MHz, 124.08 W, 0 %, 539 MiB
2026/09/27 10:31:43.942, 2, 33, 1980 MHz, 119.76 W, 0 %, 539 MiB
2026/09/27 10:31:43.942, 3, 38, 1980 MHz, 130.99 W, 0 %, 539 MiB
2026/09/27 10:31:43.942, 4, 39, 1980 MHz, 130.74 W, 0 %, 539 MiB
2026/09/27 10:31:43.942, 5, 35, 1980 MHz, 124.52 W, 0 %, 539 MiB
2026/09/27 10:31:43.942, 6, 37, 1980 MHz, 130.90 W, 0 %, 539 MiB
2026/09/27 10:31:43.942, 7, 34, 1980 MHz, 131.02 W, 0 %, 539 MiB
2026/09/27 10:31:45.943, 0, 38, 1980 MHz, 129.45 W, 0 %, 559 MiB
2026/09/27 10:31:45.943, 1, 34, 1980 MHz, 124.01 W, 0 %, 539 MiB
2026/09/27 10:31:45.944, 2, 33, 1980 MHz, 119.77 W, 0 %, 539 MiB
2026/09/27 10:31:45.945, 3, 38, 1980 MHz, 131.01 W, 0 %, 539 MiB
2026/09/27 10:31:45.946, 4, 39, 1980 MHz, 130.74 W, 0 %, 539 MiB
2026/09/27 10:31:45.947, 5, 35, 1980 MHz, 124.53 W, 0 %, 539 MiB
2026/09/27 10:31:45.948, 6, 37, 1980 MHz, 130.92 W, 0 %, 539 MiB
2026/09/27 10:31:45.949, 7, 34, 1980 MHz, 131.02 W, 0 %, 539 MiB
2026/09/27 10:31:47.950, 0, 38, 1980 MHz, 129.44 W, 0 %, 559 MiB
2026/09/27 10:31:47.950, 1, 34, 1980 MHz, 124.06 W, 0 %, 539 MiB
2026/09/27 10:31:47.950, 2, 33, 1980 MHz, 119.73 W, 0 %, 539 MiB
2026/09/27 10:31:47.950, 3, 38, 1980 MHz, 131.04 W, 0 %, 539 MiB
2026/09/27 10:31:47.950, 4, 39, 1980 MHz, 130.75 W, 0 %, 539 MiB
2026/09/27 10:31:47.950, 5, 35, 1980 MHz, 124.57 W, 0 %, 539 MiB
2026/09/27 10:31:47.950, 6, 37, 1980 MHz, 130.94 W, 0 %, 539 MiB
2026/09/27 10:31:47.951, 7, 34, 1980 MHz, 131.07 W, 0 %, 539 MiB
2026/09/27 10:31:49.951, 0, 38, 1980 MHz, 129.43 W, 0 %, 559 MiB
2026/09/27 10:31:49.951, 1, 34, 1980 MHz, 124.01 W, 0 %, 539 MiB
2026/09/27 10:31:49.951, 2, 33, 1980 MHz, 119.73 W, 0 %, 539 MiB
2026/09/27 10:31:49.951, 3, 38, 1980 MHz, 130.99 W, 0 %, 539 MiB
2026/09/27 10:31:49.951, 4, 39, 1980 MHz, 130.73 W, 0 %, 539 MiB
2026/09/27 10:31:49.951, 5, 35, 1980 MHz, 124.56 W, 0 %, 539 MiB
2026/09/27 10:31:49.951, 6, 37, 1980 MHz, 130.91 W, 0 %, 539 MiB
2026/09/27 10:31:49.952, 7, 34, 1980 MHz, 131.02 W, 0 %, 539 MiB
2026/09/27 10:31:51.952, 0, 38, 1980 MHz, 129.40 W, 0 %, 559 MiB
2026/09/27 10:31:51.952, 1, 34, 1980 MHz, 124.01 W, 0 %, 539 MiB
2026/09/27 10:31:51.952, 2, 33, 1980 MHz, 119.76 W, 0 %, 539 MiB
2026/09/27 10:31:51.952, 3, 38, 1980 MHz, 130.99 W, 0 %, 539 MiB
2026/09/27 10:31:51.952, 4, 39, 1980 MHz, 130.70 W, 0 %, 539 MiB
2026/09/27 10:31:51.952, 5, 35, 1980 MHz, 124.56 W, 0 %, 539 MiB
2026/09/27 10:31:51.952, 6, 37, 1980 MHz, 130.95 W, 0 %, 539 MiB
2026/09/27 10:31:51.952, 7, 34, 1980 MHz, 131.01 W, 0 %, 539 MiB
2026/09/27 10:31:53.953, 0, 38, 1980 MHz, 129.46 W, 0 %, 559 MiB
2026/09/27 10:31:53.953, 1, 34, 1980 MHz, 124.07 W, 0 %, 539 MiB
2026/09/27 10:31:53.953, 2, 33, 1980 MHz, 119.77 W, 0 %, 539 MiB
2026/09/27 10:31:53.953, 3, 38, 1980 MHz, 131.01 W, 0 %, 539 MiB
2026/09/27 10:31:53.953, 4, 39, 1980 MHz, 130.74 W, 0 %, 539 MiB
2026/09/27 10:31:53.953, 5, 35, 1980 MHz, 124.54 W, 0 %, 539 MiB
2026/09/27 10:31:53.953, 6, 37, 1980 MHz, 130.88 W, 0 %, 539 MiB
2026/09/27 10:31:53.953, 7, 34, 1980 MHz, 131.02 W, 0 %, 539 MiB
2026/09/27 10:31:55.954, 0, 38, 1980 MHz, 129.48 W, 0 %, 559 MiB
2026/09/27 10:31:55.954, 1, 34, 1980 MHz, 124.03 W, 0 %, 539 MiB
2026/09/27 10:31:55.954, 2, 33, 1980 MHz, 119.76 W, 0 %, 539 MiB
2026/09/27 10:31:55.954, 3, 38, 1980 MHz, 130.98 W, 0 %, 539 MiB
2026/09/27 10:31:55.954, 4, 39, 1980 MHz, 130.74 W, 0 %, 539 MiB
2026/09/27 10:31:55.954, 5, 35, 1980 MHz, 124.53 W, 0 %, 539 MiB
2026/09/27 10:31:55.954, 6, 37, 1980 MHz, 130.92 W, 0 %, 539 MiB
2026/09/27 10:31:55.954, 7, 34, 1980 MHz, 131.01 W, 0 %, 539 MiB
2026/09/27 10:31:57.955, 0, 38, 1980 MHz, 129.44 W, 0 %, 559 MiB
2026/09/27 10:31:57.955, 1, 34, 1980 MHz, 124.05 W, 0 %, 539 MiB
2026/09/27 10:31:57.955, 2, 33, 1980 MHz, 119.73 W, 0 %, 539 MiB
2026/09/27 10:31:57.955, 3, 38, 1980 MHz, 131.03 W, 0 %, 539 MiB
2026/09/27 10:31:57.955, 4, 39, 1980 MHz, 130.71 W, 0 %, 539 MiB
2026/09/27 10:31:57.955, 5, 35, 1980 MHz, 124.51 W, 0 %, 539 MiB
2026/09/27 10:31:57.955, 6, 37, 1980 MHz, 130.90 W, 0 %, 539 MiB
2026/09/27 10:31:57.955, 7, 34, 1980 MHz, 131.02 W, 0 %, 539 MiB
2026/09/27 10:31:59.955, 0, 38, 1980 MHz, 129.46 W, 0 %, 559 MiB
2026/09/27 10:31:59.955, 1, 34, 1980 MHz, 124.00 W, 0 %, 539 MiB
2026/09/27 10:31:59.956, 2, 33, 1980 MHz, 119.77 W, 0 %, 539 MiB
2026/09/27 10:31:59.956, 3, 38, 1980 MHz, 130.94 W, 0 %, 539 MiB
2026/09/27 10:31:59.956, 4, 39, 1980 MHz, 130.69 W, 0 %, 539 MiB
2026/09/27 10:31:59.956, 5, 35, 1980 MHz, 124.46 W, 0 %, 539 MiB
2026/09/27 10:31:59.956, 6, 37, 1980 MHz, 130.91 W, 0 %, 539 MiB
2026/09/27 10:31:59.956, 7, 34, 1980 MHz, 131.06 W, 0 %, 539 MiB
2026/09/27 10:32:01.956, 0, 38, 1980 MHz, 129.45 W, 0 %, 559 MiB
2026/09/27 10:32:01.956, 1, 34, 1980 MHz, 124.09 W, 0 %, 539 MiB
2026/09/27 10:32:01.956, 2, 33, 1980 MHz, 119.73 W, 0 %, 539 MiB
2026/09/27 10:32:01.957, 3, 38, 1980 MHz, 131.03 W, 0 %, 539 MiB
2026/09/27 10:32:01.957, 4, 39, 1980 MHz, 130.72 W, 0 %, 539 MiB
2026/09/27 10:32:01.957, 5, 35, 1980 MHz, 124.52 W, 0 %, 539 MiB
2026/09/27 10:32:01.957, 6, 37, 1980 MHz, 130.85 W, 0 %, 539 MiB
2026/09/27 10:32:01.957, 7, 34, 1980 MHz, 131.04 W, 0 %, 539 MiB
2026/09/27 10:32:03.957, 0, 38, 1980 MHz, 129.45 W, 0 %, 559 MiB
2026/09/27 10:32:03.957, 1, 34, 1980 MHz, 124.04 W, 0 %, 539 MiB
2026/09/27 10:32:03.957, 2, 33, 1980 MHz, 119.74 W, 0 %, 539 MiB
2026/09/27 10:32:03.957, 3, 38, 1980 MHz, 131.04 W, 0 %, 539 MiB
2026/09/27 10:32:03.958, 4, 39, 1980 MHz, 130.74 W, 0 %, 539 MiB
2026/09/27 10:32:03.958, 5, 35, 1980 MHz, 124.50 W, 0 %, 539 MiB
2026/09/27 10:32:03.958, 6, 37, 1980 MHz, 130.86 W, 0 %, 539 MiB
2026/09/27 10:32:03.958, 7, 34, 1980 MHz, 131.01 W, 0 %, 539 MiB
2026/09/27 10:32:05.958, 0, 38, 1980 MHz, 129.47 W, 0 %, 559 MiB
2026/09/27 10:32:05.958, 1, 34, 1980 MHz, 124.09 W, 0 %, 539 MiB
2026/09/27 10:32:05.958, 2, 33, 1980 MHz, 119.73 W, 0 %, 539 MiB
2026/09/27 10:32:05.958, 3, 38, 1980 MHz, 131.01 W, 0 %, 539 MiB
2026/09/27 10:32:05.958, 4, 39, 1980 MHz, 130.74 W, 0 %, 539 MiB
2026/09/27 10:32:05.958, 5, 35, 1980 MHz, 124.50 W, 0 %, 539 MiB
2026/09/27 10:32:05.959, 6, 37, 1980 MHz, 130.92 W, 0 %, 539 MiB
2026/09/27 10:32:05.959, 7, 34, 1980 MHz, 131.04 W, 0 %, 539 MiB
2026/09/27 10:32:07.959, 0, 38, 1980 MHz, 129.44 W, 0 %, 559 MiB
2026/09/27 10:32:07.959, 1, 34, 1980 MHz, 124.04 W, 0 %, 539 MiB
2026/09/27 10:32:07.959, 2, 33, 1980 MHz, 119.75 W, 0 %, 539 MiB
2026/09/27 10:32:07.959, 3, 38, 1980 MHz, 131.00 W, 0 %, 539 MiB
2026/09/27 10:32:07.959, 4, 39, 1980 MHz, 130.74 W, 0 %, 539 MiB
2026/09/27 10:32:07.959, 5, 35, 1980 MHz, 124.53 W, 0 %, 539 MiB
2026/09/27 10:32:07.959, 6, 37, 1980 MHz, 130.94 W, 0 %, 539 MiB
2026/09/27 10:32:07.960, 7, 34, 1980 MHz, 131.00 W, 0 %, 539 MiB
2026/09/27 10:32:09.960, 0, 38, 1980 MHz, 129.43 W, 0 %, 559 MiB
2026/09/27 10:32:09.960, 1, 34, 1980 MHz, 124.05 W, 0 %, 539 MiB
2026/09/27 10:32:09.960, 2, 33, 1980 MHz, 119.75 W, 0 %, 539 MiB
2026/09/27 10:32:09.960, 3, 38, 1980 MHz, 130.99 W, 0 %, 539 MiB
2026/09/27 10:32:09.960, 4, 39, 1980 MHz, 130.72 W, 0 %, 539 MiB
2026/09/27 10:32:09.960, 5, 35, 1980 MHz, 124.50 W, 0 %, 539 MiB
2026/09/27 10:32:09.960, 6, 37, 1980 MHz, 130.91 W, 0 %, 539 MiB
2026/09/27 10:32:09.960, 7, 34, 1980 MHz, 131.02 W, 0 %, 539 MiB
2026/09/27 10:32:11.961, 0, 38, 1980 MHz, 129.49 W, 0 %, 559 MiB
2026/09/27 10:32:11.961, 1, 34, 1980 MHz, 124.08 W, 0 %, 539 MiB
2026/09/27 10:32:11.961, 2, 33, 1980 MHz, 119.74 W, 0 %, 539 MiB
2026/09/27 10:32:11.961, 3, 38, 1980 MHz, 131.01 W, 0 %, 539 MiB
2026/09/27 10:32:11.961, 4, 39, 1980 MHz, 130.70 W, 0 %, 539 MiB
2026/09/27 10:32:11.961, 5, 35, 1980 MHz, 124.50 W, 0 %, 539 MiB
2026/09/27 10:32:11.961, 6, 37, 1980 MHz, 130.90 W, 0 %, 539 MiB
2026/09/27 10:32:11.961, 7, 34, 1980 MHz, 131.02 W, 0 %, 539 MiB
2026/09/27 10:32:13.961, 0, 38, 1980 MHz, 129.49 W, 0 %, 559 MiB
2026/09/27 10:32:13.961, 1, 34, 1980 MHz, 124.00 W, 0 %, 539 MiB
2026/09/27 10:32:13.962, 2, 33, 1980 MHz, 119.74 W, 0 %, 539 MiB
2026/09/27 10:32:13.962, 3, 38, 1980 MHz, 131.00 W, 0 %, 539 MiB
2026/09/27 10:32:13.962, 4, 39, 1980 MHz, 130.72 W, 0 %, 539 MiB
2026/09/27 10:32:13.962, 5, 35, 1980 MHz, 124.56 W, 0 %, 539 MiB
2026/09/27 10:32:13.962, 6, 37, 1980 MHz, 130.92 W, 0 %, 539 MiB
2026/09/27 10:32:13.962, 7, 34, 1980 MHz, 131.02 W, 0 %, 539 MiB
2026/09/27 10:32:15.962, 0, 38, 1980 MHz, 129.45 W, 0 %, 559 MiB
2026/09/27 10:32:15.962, 1, 34, 1980 MHz, 124.00 W, 0 %, 539 MiB
2026/09/27 10:32:15.962, 2, 33, 1980 MHz, 119.74 W, 0 %, 539 MiB
2026/09/27 10:32:15.962, 3, 38, 1980 MHz, 131.01 W, 0 %, 539 MiB
2026/09/27 10:32:15.962, 4, 39, 1980 MHz, 130.73 W, 0 %, 539 MiB
2026/09/27 10:32:15.962, 5, 35, 1980 MHz, 124.55 W, 0 %, 539 MiB
2026/09/27 10:32:15.963, 6, 37, 1980 MHz, 130.94 W, 0 %, 539 MiB
2026/09/27 10:32:15.963, 7, 34, 1980 MHz, 131.01 W, 0 %, 539 MiB
2026/09/27 10:32:17.963, 0, 38, 1980 MHz, 129.45 W, 0 %, 559 MiB
2026/09/27 10:32:17.963, 1, 34, 1980 MHz, 124.07 W, 0 %, 539 MiB
2026/09/27 10:32:17.963, 2, 33, 1980 MHz, 119.74 W, 0 %, 539 MiB
2026/09/27 10:32:17.963, 3, 38, 1980 MHz, 131.03 W, 0 %, 539 MiB
2026/09/27 10:32:17.963, 4, 39, 1980 MHz, 130.73 W, 0 %, 539 MiB
2026/09/27 10:32:17.963, 5, 35, 1980 MHz, 124.52 W, 0 %, 539 MiB
2026/09/27 10:32:17.963, 6, 37, 1980 MHz, 130.85 W, 0 %, 539 MiB
2026/09/27 10:32:17.963, 7, 34, 1980 MHz, 131.06 W, 0 %, 539 MiB
2026/09/27 10:32:19.964, 0, 38, 1980 MHz, 129.45 W, 0 %, 559 MiB
2026/09/27 10:32:19.964, 1, 34, 1980 MHz, 124.08 W, 0 %, 539 MiB
2026/09/27 10:32:19.964, 2, 33, 1980 MHz, 119.75 W, 0 %, 539 MiB
2026/09/27 10:32:19.964, 3, 38, 1980 MHz, 130.99 W, 0 %, 539 MiB
2026/09/27 10:32:19.964, 4, 39, 1980 MHz, 130.70 W, 0 %, 539 MiB
2026/09/27 10:32:19.964, 5, 35, 1980 MHz, 124.54 W, 0 %, 539 MiB
2026/09/27 10:32:19.964, 6, 37, 1980 MHz, 130.91 W, 0 %, 539 MiB
2026/09/27 10:32:19.964, 7, 34, 1980 MHz, 131.01 W, 0 %, 539 MiB
2026/09/27 10:32:21.964, 0, 38, 1980 MHz, 129.46 W, 0 %, 559 MiB
2026/09/27 10:32:21.964, 1, 34, 1980 MHz, 124.02 W, 0 %, 539 MiB
2026/09/27 10:32:21.965, 2, 33, 1980 MHz, 119.72 W, 0 %, 539 MiB
2026/09/27 10:32:21.965, 3, 38, 1980 MHz, 130.99 W, 0 %, 539 MiB
2026/09/27 10:32:21.965, 4, 39, 1980 MHz, 130.73 W, 0 %, 539 MiB
2026/09/27 10:32:21.965, 5, 35, 1980 MHz, 124.54 W, 0 %, 539 MiB
2026/09/27 10:32:21.965, 6, 37, 1980 MHz, 130.94 W, 0 %, 539 MiB
2026/09/27 10:32:21.965, 7, 34, 1980 MHz, 131.01 W, 0 %, 539 MiB
2026/09/27 10:32:23.965, 0, 38, 1980 MHz, 129.47 W, 0 %, 559 MiB
2026/09/27 10:32:23.965, 1, 34, 1980 MHz, 124.03 W, 0 %, 539 MiB
2026/09/27 10:32:23.965, 2, 33, 1980 MHz, 119.73 W, 0 %, 539 MiB
2026/09/27 10:32:23.965, 3, 38, 1980 MHz, 131.02 W, 0 %, 539 MiB
2026/09/27 10:32:23.966, 4, 39, 1980 MHz, 130.74 W, 0 %, 539 MiB
2026/09/27 10:32:23.966, 5, 35, 1980 MHz, 124.54 W, 0 %, 539 MiB
2026/09/27 10:32:23.966, 6, 37, 1980 MHz, 130.92 W, 0 %, 539 MiB
2026/09/27 10:32:23.966, 7, 34, 1980 MHz, 131.02 W, 0 %, 539 MiB
2026/09/27 10:32:25.966, 0, 38, 1980 MHz, 129.49 W, 0 %, 559 MiB
2026/09/27 10:32:25.966, 1, 34, 1980 MHz, 124.02 W, 0 %, 539 MiB
2026/09/27 10:32:25.966, 2, 33, 1980 MHz, 119.74 W, 0 %, 539 MiB
2026/09/27 10:32:25.966, 3, 38, 1980 MHz, 131.01 W, 0 %, 539 MiB
2026/09/27 10:32:25.966, 4, 39, 1980 MHz, 130.74 W, 0 %, 539 MiB
2026/09/27 10:32:25.966, 5, 35, 1980 MHz, 124.51 W, 0 %, 539 MiB
2026/09/27 10:32:25.966, 6, 37, 1980 MHz, 130.93 W, 0 %, 539 MiB
2026/09/27 10:32:25.967, 7, 34, 1980 MHz, 131.03 W, 0 %, 539 MiB
2026/09/27 10:32:27.967, 0, 38, 1980 MHz, 129.44 W, 0 %, 559 MiB
2026/09/27 10:32:27.967, 1, 34, 1980 MHz, 124.06 W, 0 %, 539 MiB
2026/09/27 10:32:27.967, 2, 33, 1980 MHz, 119.72 W, 0 %, 539 MiB
2026/09/27 10:32:27.967, 3, 38, 1980 MHz, 131.03 W, 0 %, 539 MiB
2026/09/27 10:32:27.967, 4, 39, 1980 MHz, 130.74 W, 0 %, 539 MiB
2026/09/27 10:32:27.967, 5, 35, 1980 MHz, 124.47 W, 0 %, 539 MiB
2026/09/27 10:32:27.967, 6, 37, 1980 MHz, 130.90 W, 0 %, 539 MiB
2026/09/27 10:32:27.967, 7, 34, 1980 MHz, 131.04 W, 0 %, 539 MiB
2026/09/27 10:32:29.968, 0, 38, 1980 MHz, 129.46 W, 0 %, 559 MiB
2026/09/27 10:32:29.968, 1, 34, 1980 MHz, 124.02 W, 0 %, 539 MiB
2026/09/27 10:32:29.968, 2, 33, 1980 MHz, 119.76 W, 0 %, 539 MiB
2026/09/27 10:32:29.968, 3, 38, 1980 MHz, 131.01 W, 0 %, 539 MiB
2026/09/27 10:32:29.968, 4, 39, 1980 MHz, 130.74 W, 0 %, 539 MiB
2026/09/27 10:32:29.968, 5, 35, 1980 MHz, 124.49 W, 0 %, 539 MiB
2026/09/27 10:32:29.968, 6, 37, 1980 MHz, 130.92 W, 0 %, 539 MiB
2026/09/27 10:32:29.968, 7, 34, 1980 MHz, 131.02 W, 0 %, 539 MiB
2026/09/27 10:32:31.969, 0, 38, 1980 MHz, 129.45 W, 0 %, 559 MiB
2026/09/27 10:32:31.969, 1, 34, 1980 MHz, 123.98 W, 0 %, 539 MiB
2026/09/27 10:32:31.969, 2, 33, 1980 MHz, 119.72 W, 0 %, 539 MiB
2026/09/27 10:32:31.969, 3, 38, 1980 MHz, 130.97 W, 0 %, 539 MiB
2026/09/27 10:32:31.969, 4, 39, 1980 MHz, 130.71 W, 0 %, 539 MiB
2026/09/27 10:32:31.969, 5, 35, 1980 MHz, 124.46 W, 0 %, 539 MiB
2026/09/27 10:32:31.969, 6, 37, 1980 MHz, 130.95 W, 0 %, 539 MiB
2026/09/27 10:32:31.969, 7, 34, 1980 MHz, 131.02 W, 0 %, 539 MiB
2026/09/27 10:32:33.969, 0, 38, 1980 MHz, 129.45 W, 0 %, 559 MiB
2026/09/27 10:32:33.969, 1, 34, 1980 MHz, 124.04 W, 0 %, 539 MiB
2026/09/27 10:32:33.970, 2, 33, 1980 MHz, 119.71 W, 0 %, 539 MiB
2026/09/27 10:32:33.970, 3, 38, 1980 MHz, 130.96 W, 0 %, 539 MiB
2026/09/27 10:32:33.970, 4, 39, 1980 MHz, 130.69 W, 0 %, 539 MiB
2026/09/27 10:32:33.970, 5, 35, 1980 MHz, 124.46 W, 0 %, 539 MiB
2026/09/27 10:32:33.970, 6, 37, 1980 MHz, 130.90 W, 0 %, 539 MiB
2026/09/27 10:32:33.970, 7, 34, 1980 MHz, 130.99 W, 0 %, 539 MiB
2026/09/27 10:32:35.970, 0, 38, 1980 MHz, 129.48 W, 0 %, 559 MiB
2026/09/27 10:32:35.970, 1, 34, 1980 MHz, 124.01 W, 0 %, 539 MiB
2026/09/27 10:32:35.970, 2, 33, 1980 MHz, 119.73 W, 0 %, 539 MiB
2026/09/27 10:32:35.971, 3, 38, 1980 MHz, 130.98 W, 0 %, 539 MiB
2026/09/27 10:32:35.971, 4, 39, 1980 MHz, 130.68 W, 0 %, 539 MiB
2026/09/27 10:32:35.971, 5, 35, 1980 MHz, 124.51 W, 0 %, 539 MiB
2026/09/27 10:32:35.971, 6, 37, 1980 MHz, 130.87 W, 0 %, 539 MiB
2026/09/27 10:32:35.971, 7, 34, 1980 MHz, 131.02 W, 0 %, 539 MiB
2026/09/27 10:32:37.971, 0, 38, 1980 MHz, 129.43 W, 0 %, 559 MiB
2026/09/27 10:32:37.971, 1, 34, 1980 MHz, 124.02 W, 0 %, 539 MiB
2026/09/27 10:32:37.971, 2, 33, 1980 MHz, 119.73 W, 0 %, 539 MiB
2026/09/27 10:32:37.972, 3, 38, 1980 MHz, 131.00 W, 0 %, 539 MiB
2026/09/27 10:32:37.972, 4, 39, 1980 MHz, 130.72 W, 0 %, 539 MiB
2026/09/27 10:32:37.972, 5, 35, 1980 MHz, 124.50 W, 0 %, 539 MiB
2026/09/27 10:32:37.972, 6, 37, 1980 MHz, 131.21 W, 0 %, 539 MiB
2026/09/27 10:32:37.972, 7, 34, 1980 MHz, 131.00 W, 0 %, 539 MiB
2026/09/27 10:32:39.972, 0, 38, 1980 MHz, 129.43 W, 0 %, 581 MiB
2026/09/27 10:32:39.972, 1, 34, 1980 MHz, 123.50 W, 1 %, 579 MiB
2026/09/27 10:32:39.972, 2, 33, 1980 MHz, 119.74 W, 0 %, 561 MiB
2026/09/27 10:32:39.973, 3, 38, 1980 MHz, 130.98 W, 0 %, 561 MiB
2026/09/27 10:32:39.973, 4, 39, 1980 MHz, 130.16 W, 0 %, 573 MiB
2026/09/27 10:32:39.973, 5, 35, 1980 MHz, 124.43 W, 0 %, 569 MiB
2026/09/27 10:32:39.973, 6, 37, 1980 MHz, 130.89 W, 0 %, 561 MiB
2026/09/27 10:32:39.973, 7, 34, 1980 MHz, 130.93 W, 2 %, 563 MiB
2026/09/27 10:32:41.973, 0, 38, 1980 MHz, 124.77 W, 0 %, 3555 MiB
2026/09/27 10:32:41.974, 1, 34, 1980 MHz, 119.65 W, 0 %, 1075 MiB
2026/09/27 10:32:41.974, 2, 33, 1980 MHz, 115.45 W, 0 %, 1075 MiB
2026/09/27 10:32:41.974, 3, 37, 1980 MHz, 126.59 W, 0 %, 1075 MiB
2026/09/27 10:32:41.974, 4, 39, 1980 MHz, 126.34 W, 0 %, 1075 MiB
2026/09/27 10:32:41.974, 5, 35, 1980 MHz, 120.19 W, 0 %, 1075 MiB
2026/09/27 10:32:41.974, 6, 37, 1980 MHz, 126.61 W, 0 %, 1075 MiB
2026/09/27 10:32:41.974, 7, 33, 1980 MHz, 126.34 W, 0 %, 1075 MiB
2026/09/27 10:32:43.974, 0, 38, 1980 MHz, 124.79 W, 0 %, 3555 MiB
2026/09/27 10:32:43.974, 1, 34, 1980 MHz, 119.62 W, 0 %, 1075 MiB
2026/09/27 10:32:43.975, 2, 33, 1980 MHz, 115.43 W, 0 %, 1075 MiB
2026/09/27 10:32:43.975, 3, 37, 1980 MHz, 126.60 W, 0 %, 1075 MiB
2026/09/27 10:32:43.975, 4, 39, 1980 MHz, 126.33 W, 0 %, 1075 MiB
2026/09/27 10:32:43.975, 5, 35, 1980 MHz, 120.21 W, 0 %, 1075 MiB
2026/09/27 10:32:43.975, 6, 37, 1980 MHz, 126.52 W, 0 %, 1075 MiB
2026/09/27 10:32:43.975, 7, 33, 1980 MHz, 126.33 W, 0 %, 1075 MiB
2026/09/27 10:32:45.975, 0, 38, 1980 MHz, 124.79 W, 0 %, 3555 MiB
2026/09/27 10:32:45.975, 1, 34, 1980 MHz, 119.65 W, 0 %, 1075 MiB
2026/09/27 10:32:45.975, 2, 33, 1980 MHz, 115.40 W, 0 %, 1075 MiB
2026/09/27 10:32:45.976, 3, 37, 1980 MHz, 126.58 W, 0 %, 1075 MiB
2026/09/27 10:32:45.976, 4, 39, 1980 MHz, 126.33 W, 0 %, 1075 MiB
2026/09/27 10:32:45.976, 5, 35, 1980 MHz, 120.20 W, 0 %, 1075 MiB
2026/09/27 10:32:45.976, 6, 37, 1980 MHz, 126.55 W, 0 %, 1075 MiB
2026/09/27 10:32:45.976, 7, 33, 1980 MHz, 126.31 W, 0 %, 1075 MiB
2026/09/27 10:32:47.976, 0, 38, 1980 MHz, 124.91 W, 0 %, 3559 MiB
2026/09/27 10:32:47.976, 1, 34, 1980 MHz, 119.63 W, 0 %, 1075 MiB
2026/09/27 10:32:47.976, 2, 33, 1980 MHz, 115.42 W, 0 %, 1075 MiB
2026/09/27 10:32:47.976, 3, 37, 1980 MHz, 126.60 W, 0 %, 1075 MiB
2026/09/27 10:32:47.977, 4, 39, 1980 MHz, 126.35 W, 0 %, 1075 MiB
2026/09/27 10:32:47.977, 5, 35, 1980 MHz, 120.19 W, 0 %, 1075 MiB
2026/09/27 10:32:47.977, 6, 37, 1980 MHz, 126.60 W, 0 %, 1075 MiB
2026/09/27 10:32:47.977, 7, 33, 1980 MHz, 126.32 W, 0 %, 1075 MiB
2026/09/27 10:32:49.977, 0, 38, 1980 MHz, 124.95 W, 0 %, 3559 MiB
2026/09/27 10:32:49.977, 1, 34, 1980 MHz, 119.64 W, 0 %, 1075 MiB
2026/09/27 10:32:49.977, 2, 33, 1980 MHz, 115.38 W, 0 %, 1075 MiB
2026/09/27 10:32:49.977, 3, 37, 1980 MHz, 126.55 W, 0 %, 1075 MiB
2026/09/27 10:32:49.977, 4, 39, 1980 MHz, 126.31 W, 0 %, 1075 MiB
2026/09/27 10:32:49.977, 5, 35, 1980 MHz, 120.20 W, 0 %, 1075 MiB
2026/09/27 10:32:49.977, 6, 37, 1980 MHz, 126.54 W, 0 %, 1075 MiB
2026/09/27 10:32:49.977, 7, 33, 1980 MHz, 126.31 W, 0 %, 1075 MiB
2026/09/27 10:32:51.977, 0, 38, 1980 MHz, 124.92 W, 0 %, 3559 MiB
2026/09/27 10:32:51.978, 1, 34, 1980 MHz, 119.59 W, 0 %, 1075 MiB
2026/09/27 10:32:51.978, 2, 33, 1980 MHz, 115.38 W, 0 %, 1075 MiB
2026/09/27 10:32:51.978, 3, 37, 1980 MHz, 126.55 W, 0 %, 1075 MiB
2026/09/27 10:32:51.978, 4, 39, 1980 MHz, 126.30 W, 0 %, 1075 MiB
2026/09/27 10:32:51.978, 5, 35, 1980 MHz, 120.15 W, 0 %, 1075 MiB
2026/09/27 10:32:51.978, 6, 37, 1980 MHz, 126.55 W, 0 %, 1075 MiB
2026/09/27 10:32:51.978, 7, 33, 1980 MHz, 126.28 W, 0 %, 1075 MiB
2026/09/27 10:32:53.978, 0, 38, 1980 MHz, 124.92 W, 0 %, 3559 MiB
2026/09/27 10:32:53.979, 1, 34, 1980 MHz, 119.60 W, 0 %, 1075 MiB
2026/09/27 10:32:53.979, 2, 33, 1980 MHz, 115.40 W, 0 %, 1075 MiB
2026/09/27 10:32:53.979, 3, 37, 1980 MHz, 126.57 W, 0 %, 1075 MiB
2026/09/27 10:32:53.979, 4, 39, 1980 MHz, 126.31 W, 0 %, 1075 MiB
2026/09/27 10:32:53.979, 5, 35, 1980 MHz, 120.18 W, 0 %, 1075 MiB
2026/09/27 10:32:53.979, 6, 37, 1980 MHz, 126.55 W, 0 %, 1075 MiB
2026/09/27 10:32:53.979, 7, 33, 1980 MHz, 126.29 W, 0 %, 1075 MiB
2026/09/27 10:32:55.979, 0, 38, 1980 MHz, 124.93 W, 0 %, 3559 MiB
2026/09/27 10:32:55.979, 1, 34, 1980 MHz, 119.63 W, 0 %, 1075 MiB
2026/09/27 10:32:55.979, 2, 33, 1980 MHz, 115.36 W, 0 %, 1075 MiB
2026/09/27 10:32:55.980, 3, 37, 1980 MHz, 126.53 W, 0 %, 1075 MiB
2026/09/27 10:32:55.980, 4, 39, 1980 MHz, 126.33 W, 0 %, 1075 MiB
2026/09/27 10:32:55.980, 5, 35, 1980 MHz, 120.15 W, 0 %, 1075 MiB
2026/09/27 10:32:55.980, 6, 37, 1980 MHz, 126.58 W, 0 %, 1075 MiB
2026/09/27 10:32:55.980, 7, 33, 1980 MHz, 126.32 W, 0 %, 1075 MiB
2026/09/27 10:32:57.980, 0, 38, 1980 MHz, 124.82 W, 0 %, 3559 MiB
2026/09/27 10:32:57.980, 1, 34, 1980 MHz, 119.59 W, 0 %, 1075 MiB
2026/09/27 10:32:57.980, 2, 33, 1980 MHz, 115.42 W, 0 %, 1075 MiB
2026/09/27 10:32:57.981, 3, 37, 1980 MHz, 126.55 W, 0 %, 1075 MiB
2026/09/27 10:32:57.981, 4, 39, 1980 MHz, 126.25 W, 0 %, 1075 MiB
2026/09/27 10:32:57.981, 5, 35, 1980 MHz, 120.17 W, 0 %, 1075 MiB
2026/09/27 10:32:57.981, 6, 37, 1980 MHz, 126.54 W, 0 %, 1075 MiB
2026/09/27 10:32:57.981, 7, 33, 1980 MHz, 126.28 W, 0 %, 1075 MiB
2026/09/27 10:32:59.981, 0, 38, 1980 MHz, 124.84 W, 0 %, 3559 MiB
2026/09/27 10:32:59.981, 1, 34, 1980 MHz, 119.64 W, 0 %, 1075 MiB
2026/09/27 10:32:59.981, 2, 33, 1980 MHz, 115.36 W, 0 %, 1075 MiB
2026/09/27 10:32:59.982, 3, 37, 1980 MHz, 126.57 W, 0 %, 1075 MiB
2026/09/27 10:32:59.982, 4, 38, 1980 MHz, 126.27 W, 0 %, 1075 MiB
2026/09/27 10:32:59.982, 5, 35, 1980 MHz, 120.14 W, 0 %, 1075 MiB
2026/09/27 10:32:59.982, 6, 37, 1980 MHz, 126.54 W, 0 %, 1075 MiB
2026/09/27 10:32:59.982, 7, 33, 1980 MHz, 126.30 W, 0 %, 1075 MiB
2026/09/27 10:33:01.982, 0, 38, 1980 MHz, 124.90 W, 0 %, 3559 MiB
2026/09/27 10:33:01.982, 1, 34, 1980 MHz, 119.58 W, 0 %, 1075 MiB
2026/09/27 10:33:01.982, 2, 33, 1980 MHz, 115.39 W, 0 %, 1075 MiB
2026/09/27 10:33:01.982, 3, 37, 1980 MHz, 126.53 W, 0 %, 1075 MiB
2026/09/27 10:33:01.983, 4, 39, 1980 MHz, 126.29 W, 0 %, 1075 MiB
2026/09/27 10:33:01.983, 5, 35, 1980 MHz, 120.13 W, 0 %, 1075 MiB
2026/09/27 10:33:01.983, 6, 37, 1980 MHz, 126.53 W, 0 %, 1075 MiB
2026/09/27 10:33:01.983, 7, 33, 1980 MHz, 126.28 W, 0 %, 1075 MiB
2026/09/27 10:33:03.983, 0, 38, 1980 MHz, 124.90 W, 0 %, 3559 MiB
2026/09/27 10:33:03.983, 1, 34, 1980 MHz, 119.64 W, 0 %, 1075 MiB
2026/09/27 10:33:03.983, 2, 33, 1980 MHz, 115.45 W, 0 %, 1075 MiB
2026/09/27 10:33:03.983, 3, 37, 1980 MHz, 126.56 W, 0 %, 1075 MiB
2026/09/27 10:33:03.984, 4, 39, 1980 MHz, 126.31 W, 0 %, 1075 MiB
2026/09/27 10:33:03.984, 5, 35, 1980 MHz, 120.17 W, 0 %, 1075 MiB
2026/09/27 10:33:03.984, 6, 37, 1980 MHz, 126.50 W, 0 %, 1075 MiB
2026/09/27 10:33:03.984, 7, 33, 1980 MHz, 126.30 W, 0 %, 1075 MiB
2026/09/27 10:33:05.984, 0, 38, 1980 MHz, 126.33 W, 5 %, 3559 MiB
2026/09/27 10:33:05.984, 1, 34, 1980 MHz, 119.62 W, 0 %, 1075 MiB
2026/09/27 10:33:05.984, 2, 33, 1980 MHz, 115.38 W, 0 %, 1075 MiB
2026/09/27 10:33:05.984, 3, 37, 1980 MHz, 126.55 W, 0 %, 1075 MiB
2026/09/27 10:33:05.984, 4, 38, 1980 MHz, 126.29 W, 0 %, 1075 MiB
2026/09/27 10:33:05.984, 5, 35, 1980 MHz, 120.16 W, 0 %, 1075 MiB
2026/09/27 10:33:05.985, 6, 37, 1980 MHz, 126.52 W, 0 %, 1075 MiB
2026/09/27 10:33:05.985, 7, 33, 1980 MHz, 126.30 W, 0 %, 1075 MiB
2026/09/27 10:33:07.985, 0, 38, 1980 MHz, 124.89 W, 0 %, 3561 MiB
2026/09/27 10:33:07.985, 1, 34, 1980 MHz, 119.67 W, 0 %, 3707 MiB
2026/09/27 10:33:07.985, 2, 33, 1980 MHz, 116.11 W, 0 %, 3707 MiB
2026/09/27 10:33:07.985, 3, 37, 1980 MHz, 126.61 W, 0 %, 3707 MiB
2026/09/27 10:33:07.985, 4, 38, 1980 MHz, 126.17 W, 0 %, 3533 MiB
2026/09/27 10:33:07.985, 5, 35, 1980 MHz, 120.25 W, 0 %, 3707 MiB
2026/09/27 10:33:07.986, 6, 37, 1980 MHz, 127.77 W, 4 %, 3707 MiB
2026/09/27 10:33:07.986, 7, 33, 1980 MHz, 126.42 W, 0 %, 3707 MiB
2026/09/27 10:33:09.986, 0, 38, 1980 MHz, 132.11 W, 0 %, 4479 MiB
2026/09/27 10:33:09.986, 1, 34, 1980 MHz, 126.91 W, 0 %, 4433 MiB
2026/09/27 10:33:09.986, 2, 33, 1980 MHz, 122.44 W, 0 %, 4433 MiB
2026/09/27 10:33:09.986, 3, 37, 1980 MHz, 133.64 W, 0 %, 4433 MiB
2026/09/27 10:33:09.986, 4, 39, 1980 MHz, 133.66 W, 0 %, 4433 MiB
2026/09/27 10:33:09.986, 5, 35, 1980 MHz, 127.50 W, 0 %, 4433 MiB
2026/09/27 10:33:09.987, 6, 37, 1980 MHz, 133.40 W, 0 %, 4433 MiB
2026/09/27 10:33:09.987, 7, 33, 1980 MHz, 134.36 W, 0 %, 4433 MiB
2026/09/27 10:33:11.987, 0, 38, 1980 MHz, 124.81 W, 0 %, 4479 MiB
2026/09/27 10:33:11.987, 1, 34, 1980 MHz, 119.68 W, 0 %, 4433 MiB
2026/09/27 10:33:11.987, 2, 33, 1980 MHz, 115.45 W, 0 %, 4433 MiB
2026/09/27 10:33:11.987, 3, 37, 1980 MHz, 126.60 W, 0 %, 4433 MiB
2026/09/27 10:33:11.987, 4, 38, 1980 MHz, 126.31 W, 0 %, 4433 MiB
2026/09/27 10:33:11.987, 5, 35, 1980 MHz, 120.19 W, 0 %, 4433 MiB
2026/09/27 10:33:11.988, 6, 37, 1980 MHz, 126.53 W, 0 %, 4433 MiB
2026/09/27 10:33:11.988, 7, 33, 1980 MHz, 126.37 W, 0 %, 4433 MiB
2026/09/27 10:33:13.988, 0, 38, 1980 MHz, 125.01 W, 0 %, 4479 MiB
2026/09/27 10:33:13.988, 1, 34, 1980 MHz, 119.67 W, 0 %, 4433 MiB
2026/09/27 10:33:13.988, 2, 33, 1980 MHz, 115.48 W, 0 %, 4433 MiB
2026/09/27 10:33:13.988, 3, 37, 1980 MHz, 126.62 W, 0 %, 4433 MiB
2026/09/27 10:33:13.988, 4, 38, 1980 MHz, 126.35 W, 0 %, 4433 MiB
2026/09/27 10:33:13.988, 5, 35, 1980 MHz, 120.22 W, 0 %, 4433 MiB
2026/09/27 10:33:13.988, 6, 37, 1980 MHz, 126.58 W, 0 %, 4433 MiB
2026/09/27 10:33:13.988, 7, 33, 1980 MHz, 126.38 W, 0 %, 4433 MiB
2026/09/27 10:33:15.989, 0, 38, 1980 MHz, 125.04 W, 0 %, 4479 MiB
2026/09/27 10:33:15.989, 1, 34, 1980 MHz, 119.71 W, 0 %, 4433 MiB
2026/09/27 10:33:15.989, 2, 33, 1980 MHz, 115.47 W, 0 %, 4433 MiB
2026/09/27 10:33:15.989, 3, 37, 1980 MHz, 126.61 W, 0 %, 4433 MiB
2026/09/27 10:33:15.989, 4, 38, 1980 MHz, 126.32 W, 0 %, 4433 MiB
2026/09/27 10:33:15.989, 5, 35, 1980 MHz, 120.26 W, 0 %, 4433 MiB
2026/09/27 10:33:15.989, 6, 37, 1980 MHz, 126.60 W, 0 %, 4433 MiB
2026/09/27 10:33:15.989, 7, 33, 1980 MHz, 126.42 W, 0 %, 4433 MiB
2026/09/27 10:33:17.989, 0, 38, 1980 MHz, 124.90 W, 0 %, 4479 MiB
2026/09/27 10:33:17.990, 1, 34, 1980 MHz, 119.65 W, 0 %, 4433 MiB
2026/09/27 10:33:17.990, 2, 33, 1980 MHz, 115.47 W, 0 %, 4433 MiB
2026/09/27 10:33:17.990, 3, 37, 1980 MHz, 126.59 W, 0 %, 4433 MiB
2026/09/27 10:33:17.990, 4, 38, 1980 MHz, 126.32 W, 0 %, 4433 MiB
2026/09/27 10:33:17.990, 5, 35, 1980 MHz, 120.24 W, 0 %, 4433 MiB
2026/09/27 10:33:17.990, 6, 37, 1980 MHz, 126.57 W, 0 %, 4433 MiB
2026/09/27 10:33:17.990, 7, 33, 1980 MHz, 126.40 W, 0 %, 4433 MiB
2026/09/27 10:33:19.990, 0, 38, 1980 MHz, 124.91 W, 1 %, 4865 MiB
2026/09/27 10:33:19.994, 1, 34, 1980 MHz, 119.66 W, 1 %, 4893 MiB
2026/09/27 10:33:19.995, 2, 33, 1980 MHz, 115.47 W, 1 %, 4893 MiB
2026/09/27 10:33:19.995, 3, 37, 1980 MHz, 126.58 W, 0 %, 4893 MiB
2026/09/27 10:33:19.995, 4, 38, 1980 MHz, 126.35 W, 0 %, 4903 MiB
2026/09/27 10:33:19.995, 5, 35, 1980 MHz, 120.19 W, 0 %, 4903 MiB
2026/09/27 10:33:19.995, 6, 37, 1980 MHz, 126.55 W, 0 %, 4893 MiB
2026/09/27 10:33:19.995, 7, 33, 1980 MHz, 126.35 W, 0 %, 4583 MiB
2026/09/27 10:33:21.996, 0, 38, 1980 MHz, 129.31 W, 3 %, 5183 MiB
2026/09/27 10:33:21.996, 1, 34, 1980 MHz, 124.73 W, 0 %, 5523 MiB
2026/09/27 10:33:21.996, 2, 33, 1980 MHz, 121.09 W, 0 %, 5523 MiB
2026/09/27 10:33:21.996, 3, 37, 1980 MHz, 130.93 W, 0 %, 5523 MiB
2026/09/27 10:33:21.996, 4, 39, 1980 MHz, 131.80 W, 0 %, 5523 MiB
2026/09/27 10:33:21.996, 5, 35, 1980 MHz, 125.70 W, 0 %, 5523 MiB
2026/09/27 10:33:21.996, 6, 37, 1980 MHz, 130.90 W, 0 %, 5523 MiB
2026/09/27 10:33:21.996, 7, 33, 1980 MHz, 130.50 W, 0 %, 5139 MiB
2026/09/27 10:33:23.997, 0, 38, 1980 MHz, 126.51 W, 0 %, 5183 MiB
2026/09/27 10:33:23.997, 1, 34, 1980 MHz, 121.33 W, 0 %, 5523 MiB
2026/09/27 10:33:23.997, 2, 33, 1980 MHz, 117.19 W, 0 %, 5523 MiB
2026/09/27 10:33:23.997, 3, 37, 1980 MHz, 128.34 W, 0 %, 5523 MiB
2026/09/27 10:33:23.997, 4, 38, 1980 MHz, 128.05 W, 0 %, 5523 MiB
2026/09/27 10:33:23.997, 5, 35, 1980 MHz, 121.88 W, 0 %, 5523 MiB
2026/09/27 10:33:23.997, 6, 37, 1980 MHz, 128.23 W, 0 %, 5523 MiB
2026/09/27 10:33:23.997, 7, 33, 1980 MHz, 127.48 W, 0 %, 5139 MiB
2026/09/27 10:33:25.998, 0, 38, 1980 MHz, 124.78 W, 0 %, 5183 MiB
2026/09/27 10:33:25.998, 1, 34, 1980 MHz, 119.72 W, 0 %, 5523 MiB
2026/09/27 10:33:25.998, 2, 33, 1980 MHz, 115.47 W, 0 %, 5523 MiB
2026/09/27 10:33:25.998, 3, 37, 1980 MHz, 126.64 W, 0 %, 5523 MiB
2026/09/27 10:33:25.998, 4, 38, 1980 MHz, 126.35 W, 0 %, 5523 MiB
2026/09/27 10:33:25.998, 5, 35, 1980 MHz, 120.19 W, 0 %, 5523 MiB
2026/09/27 10:33:25.998, 6, 37, 1980 MHz, 126.65 W, 0 %, 5523 MiB
2026/09/27 10:33:25.998, 7, 33, 1980 MHz, 125.75 W, 0 %, 5139 MiB
2026/09/27 10:33:27.999, 0, 38, 1980 MHz, 124.84 W, 0 %, 5183 MiB
2026/09/27 10:33:27.999, 1, 34, 1980 MHz, 119.72 W, 0 %, 5523 MiB
2026/09/27 10:33:27.999, 2, 33, 1980 MHz, 115.52 W, 0 %, 5523 MiB
2026/09/27 10:33:27.999, 3, 37, 1980 MHz, 126.65 W, 0 %, 5523 MiB
2026/09/27 10:33:27.999, 4, 38, 1980 MHz, 126.32 W, 0 %, 5523 MiB
2026/09/27 10:33:27.999, 5, 35, 1980 MHz, 120.22 W, 0 %, 5523 MiB
2026/09/27 10:33:27.999, 6, 37, 1980 MHz, 126.64 W, 0 %, 5523 MiB
2026/09/27 10:33:27.999, 7, 33, 1980 MHz, 125.71 W, 0 %, 5139 MiB
2026/09/27 10:33:29.999, 0, 38, 1980 MHz, 126.96 W, 0 %, 5185 MiB
2026/09/27 10:33:29.999, 1, 34, 1980 MHz, 121.55 W, 0 %, 5523 MiB
2026/09/27 10:33:29.999, 2, 33, 1980 MHz, 117.39 W, 0 %, 5523 MiB
2026/09/27 10:33:30.000, 3, 37, 1980 MHz, 128.51 W, 0 %, 5523 MiB
2026/09/27 10:33:30.000, 4, 38, 1980 MHz, 128.28 W, 0 %, 5523 MiB
2026/09/27 10:33:30.000, 5, 35, 1980 MHz, 122.00 W, 0 %, 5523 MiB
2026/09/27 10:33:30.000, 6, 37, 1980 MHz, 128.56 W, 0 %, 5523 MiB
2026/09/27 10:33:30.000, 7, 33, 1980 MHz, 127.60 W, 0 %, 5139 MiB
2026/09/27 10:33:32.000, 0, 38, 1980 MHz, 124.76 W, 0 %, 5185 MiB
2026/09/27 10:33:32.000, 1, 34, 1980 MHz, 119.68 W, 0 %, 5523 MiB
2026/09/27 10:33:32.000, 2, 33, 1980 MHz, 115.50 W, 0 %, 5523 MiB
2026/09/27 10:33:32.001, 3, 37, 1980 MHz, 126.61 W, 0 %, 5523 MiB
2026/09/27 10:33:32.001, 4, 38, 1980 MHz, 126.31 W, 0 %, 5523 MiB
2026/09/27 10:33:32.001, 5, 35, 1980 MHz, 120.21 W, 0 %, 5523 MiB
2026/09/27 10:33:32.001, 6, 37, 1980 MHz, 126.67 W, 0 %, 5523 MiB
2026/09/27 10:33:32.001, 7, 33, 1980 MHz, 125.72 W, 0 %, 5139 MiB
2026/09/27 10:33:34.001, 0, 38, 1980 MHz, 124.85 W, 0 %, 5185 MiB
2026/09/27 10:33:34.001, 1, 34, 1980 MHz, 120.75 W, 0 %, 5523 MiB
2026/09/27 10:33:34.001, 2, 33, 1980 MHz, 116.40 W, 0 %, 5523 MiB
2026/09/27 10:33:34.002, 3, 37, 1980 MHz, 126.87 W, 0 %, 5523 MiB
2026/09/27 10:33:34.002, 4, 38, 1980 MHz, 127.28 W, 0 %, 5523 MiB
2026/09/27 10:33:34.002, 5, 35, 1980 MHz, 121.28 W, 0 %, 5523 MiB
2026/09/27 10:33:34.002, 6, 37, 1980 MHz, 126.61 W, 0 %, 5523 MiB
2026/09/27 10:33:34.002, 7, 33, 1980 MHz, 125.74 W, 0 %, 5139 MiB
2026/09/27 10:33:36.002, 0, 38, 1980 MHz, 125.82 W, 0 %, 5185 MiB
2026/09/27 10:33:36.002, 1, 34, 1980 MHz, 119.73 W, 0 %, 5523 MiB
2026/09/27 10:33:36.002, 2, 33, 1980 MHz, 115.51 W, 0 %, 5523 MiB
2026/09/27 10:33:36.003, 3, 38, 1980 MHz, 127.12 W, 0 %, 5523 MiB
2026/09/27 10:33:36.003, 4, 38, 1980 MHz, 126.31 W, 0 %, 5523 MiB
2026/09/27 10:33:36.003, 5, 35, 1980 MHz, 120.24 W, 0 %, 5523 MiB
2026/09/27 10:33:36.003, 6, 37, 1980 MHz, 127.16 W, 0 %, 5523 MiB
2026/09/27 10:33:36.003, 7, 33, 1980 MHz, 126.26 W, 0 %, 5139 MiB
2026/09/27 10:33:38.003, 0, 38, 1980 MHz, 125.70 W, 6 %, 2749 MiB
2026/09/27 10:33:38.003, 1, 34, 1980 MHz, 119.94 W, 6 %, 3087 MiB
2026/09/27 10:33:38.003, 2, 33, 1980 MHz, 115.73 W, 6 %, 3087 MiB
2026/09/27 10:33:38.003, 3, 37, 1980 MHz, 126.91 W, 0 %, 3087 MiB
2026/09/27 10:33:38.003, 4, 38, 1980 MHz, 126.50 W, 0 %, 3087 MiB
2026/09/27 10:33:38.003, 5, 35, 1980 MHz, 120.45 W, 0 %, 3087 MiB
2026/09/27 10:33:38.003, 6, 37, 1980 MHz, 126.68 W, 0 %, 3087 MiB
2026/09/27 10:33:38.003, 7, 33, 1980 MHz, 125.98 W, 0 %, 2703 MiB
2026/09/27 10:33:40.004, 0, 38, 1980 MHz, 129.53 W, 0 %, 559 MiB
2026/09/27 10:33:40.004, 1, 34, 1980 MHz, 124.20 W, 0 %, 539 MiB
2026/09/27 10:33:40.004, 2, 33, 1980 MHz, 119.96 W, 0 %, 539 MiB
2026/09/27 10:33:40.004, 3, 37, 1980 MHz, 131.00 W, 0 %, 539 MiB
2026/09/27 10:33:40.004, 4, 39, 1980 MHz, 130.64 W, 0 %, 539 MiB
2026/09/27 10:33:40.004, 5, 35, 1980 MHz, 124.50 W, 0 %, 539 MiB
2026/09/27 10:33:40.004, 6, 37, 1980 MHz, 130.89 W, 0 %, 539 MiB
2026/09/27 10:33:40.004, 7, 34, 1980 MHz, 130.34 W, 0 %, 539 MiB
2026/09/27 10:33:42.005, 0, 38, 1980 MHz, 124.75 W, 0 %, 3549 MiB
2026/09/27 10:33:42.005, 1, 34, 1980 MHz, 124.09 W, 0 %, 539 MiB
2026/09/27 10:33:42.005, 2, 33, 1980 MHz, 119.76 W, 0 %, 539 MiB
2026/09/27 10:33:42.005, 3, 37, 1980 MHz, 130.98 W, 0 %, 539 MiB
2026/09/27 10:33:42.005, 4, 39, 1980 MHz, 130.65 W, 0 %, 539 MiB
2026/09/27 10:33:42.005, 5, 35, 1980 MHz, 124.50 W, 0 %, 539 MiB
2026/09/27 10:33:42.005, 6, 37, 1980 MHz, 130.87 W, 0 %, 539 MiB
2026/09/27 10:33:42.005, 7, 34, 1980 MHz, 130.33 W, 0 %, 539 MiB
2026/09/27 10:33:44.006, 0, 38, 1980 MHz, 124.73 W, 0 %, 3549 MiB
2026/09/27 10:33:44.006, 1, 34, 1980 MHz, 124.00 W, 0 %, 539 MiB
2026/09/27 10:33:44.006, 2, 33, 1980 MHz, 119.72 W, 0 %, 539 MiB
2026/09/27 10:33:44.006, 3, 37, 1980 MHz, 130.95 W, 0 %, 539 MiB
2026/09/27 10:33:44.006, 4, 39, 1980 MHz, 130.66 W, 0 %, 539 MiB
2026/09/27 10:33:44.006, 5, 35, 1980 MHz, 124.53 W, 0 %, 539 MiB
2026/09/27 10:33:44.006, 6, 37, 1980 MHz, 130.86 W, 0 %, 539 MiB
2026/09/27 10:33:44.006, 7, 34, 1980 MHz, 130.34 W, 0 %, 539 MiB
2026/09/27 10:33:46.006, 0, 38, 1980 MHz, 124.76 W, 0 %, 3551 MiB
2026/09/27 10:33:46.006, 1, 34, 1980 MHz, 124.07 W, 0 %, 539 MiB
2026/09/27 10:33:46.006, 2, 33, 1980 MHz, 119.72 W, 0 %, 539 MiB
2026/09/27 10:33:46.007, 3, 37, 1980 MHz, 130.99 W, 0 %, 539 MiB
2026/09/27 10:33:46.007, 4, 39, 1980 MHz, 130.65 W, 0 %, 539 MiB
2026/09/27 10:33:46.007, 5, 35, 1980 MHz, 124.51 W, 0 %, 539 MiB
2026/09/27 10:33:46.007, 6, 37, 1980 MHz, 130.86 W, 0 %, 539 MiB
2026/09/27 10:33:46.007, 7, 34, 1980 MHz, 130.34 W, 0 %, 539 MiB
2026/09/27 10:33:48.007, 0, 38, 1980 MHz, 124.85 W, 0 %, 3553 MiB
2026/09/27 10:33:48.007, 1, 34, 1980 MHz, 124.03 W, 0 %, 539 MiB
2026/09/27 10:33:48.007, 2, 33, 1980 MHz, 119.76 W, 0 %, 539 MiB
2026/09/27 10:33:48.008, 3, 37, 1980 MHz, 130.99 W, 0 %, 539 MiB
2026/09/27 10:33:48.008, 4, 39, 1980 MHz, 130.68 W, 0 %, 539 MiB
2026/09/27 10:33:48.008, 5, 35, 1980 MHz, 124.54 W, 0 %, 539 MiB
2026/09/27 10:33:48.008, 6, 37, 1980 MHz, 130.88 W, 0 %, 539 MiB
2026/09/27 10:33:48.008, 7, 34, 1980 MHz, 130.33 W, 0 %, 539 MiB
2026/09/27 10:33:50.008, 0, 38, 1980 MHz, 124.89 W, 0 %, 3553 MiB
2026/09/27 10:33:50.008, 1, 34, 1980 MHz, 124.04 W, 0 %, 539 MiB
2026/09/27 10:33:50.008, 2, 33, 1980 MHz, 119.76 W, 0 %, 539 MiB
2026/09/27 10:33:50.009, 3, 37, 1980 MHz, 130.99 W, 0 %, 539 MiB
2026/09/27 10:33:50.009, 4, 39, 1980 MHz, 130.68 W, 0 %, 539 MiB
2026/09/27 10:33:50.009, 5, 35, 1980 MHz, 124.53 W, 0 %, 539 MiB
2026/09/27 10:33:50.009, 6, 37, 1980 MHz, 130.92 W, 0 %, 539 MiB
2026/09/27 10:33:50.009, 7, 34, 1980 MHz, 130.34 W, 0 %, 539 MiB
2026/09/27 10:33:52.009, 0, 38, 1980 MHz, 124.87 W, 0 %, 3555 MiB
2026/09/27 10:33:52.009, 1, 34, 1980 MHz, 124.11 W, 0 %, 539 MiB
2026/09/27 10:33:52.009, 2, 33, 1980 MHz, 119.72 W, 0 %, 539 MiB
2026/09/27 10:33:52.010, 3, 37, 1980 MHz, 130.98 W, 0 %, 539 MiB
2026/09/27 10:33:52.010, 4, 39, 1980 MHz, 130.66 W, 0 %, 539 MiB
2026/09/27 10:33:52.010, 5, 35, 1980 MHz, 124.49 W, 0 %, 539 MiB
2026/09/27 10:33:52.010, 6, 37, 1980 MHz, 130.83 W, 0 %, 539 MiB
2026/09/27 10:33:52.010, 7, 34, 1980 MHz, 130.36 W, 0 %, 539 MiB
2026/09/27 10:33:54.010, 0, 38, 1980 MHz, 124.83 W, 0 %, 3555 MiB
2026/09/27 10:33:54.010, 1, 34, 1980 MHz, 124.01 W, 0 %, 539 MiB
2026/09/27 10:33:54.010, 2, 33, 1980 MHz, 119.74 W, 0 %, 539 MiB
2026/09/27 10:33:54.010, 3, 37, 1980 MHz, 130.94 W, 0 %, 539 MiB
2026/09/27 10:33:54.010, 4, 39, 1980 MHz, 130.68 W, 0 %, 539 MiB
2026/09/27 10:33:54.010, 5, 35, 1980 MHz, 124.47 W, 0 %, 539 MiB
2026/09/27 10:33:54.011, 6, 37, 1980 MHz, 130.84 W, 0 %, 539 MiB
2026/09/27 10:33:54.011, 7, 34, 1980 MHz, 130.34 W, 0 %, 539 MiB
2026/09/27 10:33:56.011, 0, 38, 1980 MHz, 124.85 W, 0 %, 3555 MiB
2026/09/27 10:33:56.011, 1, 34, 1980 MHz, 123.99 W, 0 %, 539 MiB
2026/09/27 10:33:56.011, 2, 33, 1980 MHz, 119.75 W, 0 %, 539 MiB
2026/09/27 10:33:56.011, 3, 38, 1980 MHz, 130.99 W, 0 %, 539 MiB
2026/09/27 10:33:56.011, 4, 39, 1980 MHz, 130.67 W, 0 %, 539 MiB
2026/09/27 10:33:56.011, 5, 35, 1980 MHz, 124.48 W, 0 %, 539 MiB
2026/09/27 10:33:56.011, 6, 37, 1980 MHz, 130.87 W, 0 %, 539 MiB
2026/09/27 10:33:56.011, 7, 34, 1980 MHz, 130.37 W, 0 %, 539 MiB
2026/09/27 10:33:58.012, 0, 38, 1980 MHz, 124.84 W, 0 %, 3555 MiB
2026/09/27 10:33:58.012, 1, 34, 1980 MHz, 124.11 W, 0 %, 539 MiB
2026/09/27 10:33:58.013, 2, 33, 1980 MHz, 119.75 W, 0 %, 539 MiB
2026/09/27 10:33:58.014, 3, 37, 1980 MHz, 130.95 W, 0 %, 539 MiB
2026/09/27 10:33:58.015, 4, 39, 1980 MHz, 130.62 W, 0 %, 539 MiB
2026/09/27 10:33:58.016, 5, 35, 1980 MHz, 124.48 W, 0 %, 539 MiB
2026/09/27 10:33:58.017, 6, 37, 1980 MHz, 130.88 W, 0 %, 539 MiB
2026/09/27 10:33:58.018, 7, 34, 1980 MHz, 130.33 W, 0 %, 539 MiB
2026/09/27 10:34:00.019, 0, 38, 1980 MHz, 124.79 W, 1 %, 3555 MiB
2026/09/27 10:34:00.019, 1, 34, 1980 MHz, 124.07 W, 0 %, 539 MiB
2026/09/27 10:34:00.019, 2, 33, 1980 MHz, 119.73 W, 0 %, 539 MiB
2026/09/27 10:34:00.019, 3, 38, 1980 MHz, 130.98 W, 0 %, 539 MiB
2026/09/27 10:34:00.019, 4, 39, 1980 MHz, 130.68 W, 0 %, 539 MiB
2026/09/27 10:34:00.019, 5, 35, 1980 MHz, 124.45 W, 0 %, 539 MiB
2026/09/27 10:34:00.020, 6, 37, 1980 MHz, 130.87 W, 0 %, 539 MiB
2026/09/27 10:34:00.020, 7, 34, 1980 MHz, 130.35 W, 0 %, 539 MiB
2026/09/27 10:34:02.020, 0, 38, 1980 MHz, 124.85 W, 0 %, 3555 MiB
2026/09/27 10:34:02.020, 1, 34, 1980 MHz, 124.10 W, 0 %, 539 MiB
2026/09/27 10:34:02.020, 2, 33, 1980 MHz, 119.76 W, 0 %, 539 MiB
2026/09/27 10:34:02.020, 3, 38, 1980 MHz, 130.99 W, 0 %, 539 MiB
2026/09/27 10:34:02.020, 4, 39, 1980 MHz, 130.69 W, 0 %, 539 MiB
2026/09/27 10:34:02.020, 5, 35, 1980 MHz, 124.50 W, 0 %, 539 MiB
2026/09/27 10:34:02.021, 6, 37, 1980 MHz, 130.87 W, 0 %, 539 MiB
2026/09/27 10:34:02.021, 7, 34, 1980 MHz, 130.35 W, 0 %, 539 MiB
2026/09/27 10:34:04.021, 0, 42, 1980 MHz, 266.46 W, 95 %, 3557 MiB
2026/09/27 10:34:04.021, 1, 34, 1980 MHz, 124.14 W, 0 %, 539 MiB
2026/09/27 10:34:04.021, 2, 33, 1980 MHz, 119.77 W, 0 %, 539 MiB
2026/09/27 10:34:04.021, 3, 38, 1980 MHz, 131.00 W, 0 %, 539 MiB
2026/09/27 10:34:04.021, 4, 39, 1980 MHz, 130.70 W, 0 %, 539 MiB
2026/09/27 10:34:04.021, 5, 35, 1980 MHz, 124.50 W, 0 %, 539 MiB
2026/09/27 10:34:04.021, 6, 37, 1980 MHz, 130.83 W, 0 %, 539 MiB
2026/09/27 10:34:04.021, 7, 34, 1980 MHz, 130.38 W, 0 %, 539 MiB
2026/09/27 10:34:06.022, 0, 38, 1980 MHz, 125.26 W, 0 %, 3557 MiB
2026/09/27 10:34:06.022, 1, 34, 1980 MHz, 124.03 W, 0 %, 539 MiB
2026/09/27 10:34:06.022, 2, 33, 1980 MHz, 119.75 W, 0 %, 539 MiB
2026/09/27 10:34:06.022, 3, 38, 1980 MHz, 130.96 W, 0 %, 539 MiB
2026/09/27 10:34:06.022, 4, 39, 1980 MHz, 130.69 W, 0 %, 539 MiB
2026/09/27 10:34:06.022, 5, 35, 1980 MHz, 124.52 W, 0 %, 539 MiB
2026/09/27 10:34:06.022, 6, 37, 1980 MHz, 130.88 W, 0 %, 539 MiB
2026/09/27 10:34:06.022, 7, 34, 1980 MHz, 130.36 W, 0 %, 539 MiB
2026/09/27 10:34:08.023, 0, 38, 1980 MHz, 125.08 W, 0 %, 3557 MiB
2026/09/27 10:34:08.023, 1, 34, 1980 MHz, 124.05 W, 0 %, 539 MiB
2026/09/27 10:34:08.023, 2, 33, 1980 MHz, 119.76 W, 0 %, 539 MiB
2026/09/27 10:34:08.023, 3, 38, 1980 MHz, 130.98 W, 0 %, 539 MiB
2026/09/27 10:34:08.023, 4, 39, 1980 MHz, 130.68 W, 0 %, 539 MiB
2026/09/27 10:34:08.023, 5, 35, 1980 MHz, 124.52 W, 0 %, 539 MiB
2026/09/27 10:34:08.023, 6, 37, 1980 MHz, 130.86 W, 0 %, 539 MiB
2026/09/27 10:34:08.023, 7, 34, 1980 MHz, 130.35 W, 0 %, 539 MiB
2026/09/27 10:34:10.023, 0, 38, 1980 MHz, 125.03 W, 0 %, 3557 MiB
2026/09/27 10:34:10.024, 1, 34, 1980 MHz, 124.09 W, 0 %, 539 MiB
2026/09/27 10:34:10.024, 2, 33, 1980 MHz, 119.79 W, 0 %, 539 MiB
2026/09/27 10:34:10.024, 3, 38, 1980 MHz, 130.99 W, 0 %, 539 MiB
2026/09/27 10:34:10.024, 4, 39, 1980 MHz, 130.66 W, 0 %, 539 MiB
2026/09/27 10:34:10.024, 5, 35, 1980 MHz, 124.55 W, 0 %, 539 MiB
2026/09/27 10:34:10.024, 6, 37, 1980 MHz, 130.88 W, 0 %, 539 MiB
2026/09/27 10:34:10.024, 7, 34, 1980 MHz, 130.34 W, 0 %, 539 MiB
2026/09/27 10:34:12.024, 0, 38, 1980 MHz, 129.54 W, 0 %, 578 MiB
2026/09/27 10:34:12.027, 1, 34, 1980 MHz, 124.04 W, 0 %, 558 MiB
2026/09/27 10:34:12.030, 2, 33, 1980 MHz, 119.78 W, 0 %, 558 MiB
2026/09/27 10:34:12.031, 3, 38, 1980 MHz, 131.02 W, 0 %, 558 MiB
2026/09/27 10:34:12.033, 4, 39, 1980 MHz, 130.69 W, 0 %, 558 MiB
2026/09/27 10:34:12.035, 5, 35, 1980 MHz, 124.46 W, 0 %, 558 MiB
2026/09/27 10:34:12.036, 6, 37, 1980 MHz, 130.90 W, 0 %, 558 MiB
2026/09/27 10:34:12.039, 7, 34, 1980 MHz, 130.39 W, 0 %, 558 MiB
2026/09/27 10:34:14.045, 0, 38, 1980 MHz, 124.93 W, 0 %, 3555 MiB
2026/09/27 10:34:14.045, 1, 34, 1980 MHz, 119.69 W, 0 %, 1075 MiB
2026/09/27 10:34:14.045, 2, 33, 1980 MHz, 115.47 W, 0 %, 1075 MiB
2026/09/27 10:34:14.045, 3, 37, 1980 MHz, 126.60 W, 0 %, 1075 MiB
2026/09/27 10:34:14.045, 4, 39, 1980 MHz, 126.36 W, 0 %, 1075 MiB
2026/09/27 10:34:14.045, 5, 35, 1980 MHz, 120.25 W, 0 %, 1075 MiB
2026/09/27 10:34:14.045, 6, 37, 1980 MHz, 126.60 W, 0 %, 1075 MiB
2026/09/27 10:34:14.045, 7, 33, 1980 MHz, 125.68 W, 0 %, 1075 MiB
2026/09/27 10:34:16.046, 0, 38, 1980 MHz, 124.84 W, 0 %, 3555 MiB
2026/09/27 10:34:16.046, 1, 34, 1980 MHz, 119.72 W, 0 %, 1075 MiB
2026/09/27 10:34:16.046, 2, 33, 1980 MHz, 115.48 W, 0 %, 1075 MiB
2026/09/27 10:34:16.046, 3, 37, 1980 MHz, 126.63 W, 0 %, 1075 MiB
2026/09/27 10:34:16.046, 4, 39, 1980 MHz, 126.30 W, 0 %, 1075 MiB
2026/09/27 10:34:16.046, 5, 35, 1980 MHz, 120.23 W, 0 %, 1075 MiB
2026/09/27 10:34:16.046, 6, 37, 1980 MHz, 126.58 W, 0 %, 1075 MiB
2026/09/27 10:34:16.046, 7, 33, 1980 MHz, 125.65 W, 0 %, 1075 MiB
2026/09/27 10:34:18.046, 0, 38, 1980 MHz, 124.88 W, 0 %, 3555 MiB
2026/09/27 10:34:18.046, 1, 34, 1980 MHz, 119.68 W, 0 %, 1075 MiB
2026/09/27 10:34:18.047, 2, 33, 1980 MHz, 115.43 W, 0 %, 1075 MiB
2026/09/27 10:34:18.047, 3, 37, 1980 MHz, 126.62 W, 0 %, 1075 MiB
2026/09/27 10:34:18.047, 4, 39, 1980 MHz, 126.30 W, 0 %, 1075 MiB
2026/09/27 10:34:18.047, 5, 35, 1980 MHz, 120.17 W, 0 %, 1075 MiB
2026/09/27 10:34:18.047, 6, 37, 1980 MHz, 126.61 W, 0 %, 1075 MiB
2026/09/27 10:34:18.047, 7, 33, 1980 MHz, 125.63 W, 0 %, 1075 MiB
2026/09/27 10:34:20.047, 0, 38, 1980 MHz, 125.02 W, 0 %, 3559 MiB
2026/09/27 10:34:20.047, 1, 34, 1980 MHz, 119.69 W, 0 %, 1075 MiB
2026/09/27 10:34:20.047, 2, 33, 1980 MHz, 115.44 W, 0 %, 1075 MiB
2026/09/27 10:34:20.047, 3, 37, 1980 MHz, 126.56 W, 0 %, 1075 MiB
2026/09/27 10:34:20.047, 4, 39, 1980 MHz, 126.31 W, 0 %, 1075 MiB
2026/09/27 10:34:20.048, 5, 35, 1980 MHz, 120.18 W, 0 %, 1075 MiB
2026/09/27 10:34:20.048, 6, 37, 1980 MHz, 126.56 W, 0 %, 1075 MiB
2026/09/27 10:34:20.048, 7, 33, 1980 MHz, 125.66 W, 0 %, 1075 MiB
2026/09/27 10:34:22.048, 0, 38, 1980 MHz, 124.99 W, 0 %, 3559 MiB
2026/09/27 10:34:22.048, 1, 34, 1980 MHz, 119.74 W, 0 %, 1075 MiB
2026/09/27 10:34:22.048, 2, 33, 1980 MHz, 115.45 W, 0 %, 1075 MiB
2026/09/27 10:34:22.048, 3, 37, 1980 MHz, 126.59 W, 0 %, 1075 MiB
2026/09/27 10:34:22.048, 4, 39, 1980 MHz, 126.32 W, 0 %, 1075 MiB
2026/09/27 10:34:22.048, 5, 35, 1980 MHz, 120.19 W, 0 %, 1075 MiB
2026/09/27 10:34:22.048, 6, 37, 1980 MHz, 126.56 W, 0 %, 1075 MiB
2026/09/27 10:34:22.048, 7, 33, 1980 MHz, 125.63 W, 0 %, 1075 MiB
2026/09/27 10:34:24.048, 0, 38, 1980 MHz, 124.94 W, 0 %, 3559 MiB
2026/09/27 10:34:24.048, 1, 34, 1980 MHz, 119.65 W, 0 %, 1075 MiB
2026/09/27 10:34:24.048, 2, 33, 1980 MHz, 115.47 W, 0 %, 1075 MiB
2026/09/27 10:34:24.049, 3, 37, 1980 MHz, 126.57 W, 0 %, 1075 MiB
2026/09/27 10:34:24.049, 4, 39, 1980 MHz, 126.33 W, 0 %, 1075 MiB
2026/09/27 10:34:24.049, 5, 35, 1980 MHz, 120.17 W, 0 %, 1075 MiB
2026/09/27 10:34:24.049, 6, 37, 1980 MHz, 126.56 W, 0 %, 1075 MiB
2026/09/27 10:34:24.049, 7, 33, 1980 MHz, 125.68 W, 0 %, 1075 MiB
2026/09/27 10:34:26.049, 0, 38, 1980 MHz, 124.95 W, 0 %, 3559 MiB
2026/09/27 10:34:26.049, 1, 34, 1980 MHz, 119.69 W, 0 %, 1075 MiB
2026/09/27 10:34:26.049, 2, 33, 1980 MHz, 115.46 W, 0 %, 1075 MiB
2026/09/27 10:34:26.049, 3, 37, 1980 MHz, 126.59 W, 0 %, 1075 MiB
2026/09/27 10:34:26.049, 4, 39, 1980 MHz, 126.32 W, 0 %, 1075 MiB
2026/09/27 10:34:26.050, 5, 35, 1980 MHz, 120.14 W, 0 %, 1075 MiB
2026/09/27 10:34:26.050, 6, 37, 1980 MHz, 126.56 W, 0 %, 1075 MiB
2026/09/27 10:34:26.050, 7, 33, 1980 MHz, 125.66 W, 0 %, 1075 MiB
2026/09/27 10:34:28.050, 0, 38, 1980 MHz, 125.01 W, 0 %, 3559 MiB
2026/09/27 10:34:28.050, 1, 34, 1980 MHz, 119.66 W, 0 %, 1075 MiB
2026/09/27 10:34:28.050, 2, 33, 1980 MHz, 115.44 W, 0 %, 1075 MiB
2026/09/27 10:34:28.050, 3, 37, 1980 MHz, 126.60 W, 0 %, 1075 MiB
2026/09/27 10:34:28.050, 4, 39, 1980 MHz, 126.23 W, 0 %, 1075 MiB
2026/09/27 10:34:28.050, 5, 35, 1980 MHz, 120.14 W, 0 %, 1075 MiB
2026/09/27 10:34:28.050, 6, 37, 1980 MHz, 127.17 W, 0 %, 1075 MiB
2026/09/27 10:34:28.051, 7, 33, 1980 MHz, 125.65 W, 0 %, 1075 MiB
2026/09/27 10:34:30.051, 0, 38, 1980 MHz, 125.00 W, 0 %, 3559 MiB
2026/09/27 10:34:30.051, 1, 34, 1980 MHz, 119.67 W, 0 %, 1075 MiB
2026/09/27 10:34:30.051, 2, 33, 1980 MHz, 115.47 W, 0 %, 1075 MiB
2026/09/27 10:34:30.051, 3, 37, 1980 MHz, 126.55 W, 0 %, 1075 MiB
2026/09/27 10:34:30.051, 4, 38, 1980 MHz, 126.25 W, 0 %, 1075 MiB
2026/09/27 10:34:30.051, 5, 35, 1980 MHz, 120.16 W, 0 %, 1075 MiB
2026/09/27 10:34:30.051, 6, 37, 1980 MHz, 127.25 W, 0 %, 1075 MiB
2026/09/27 10:34:30.051, 7, 33, 1980 MHz, 125.67 W, 0 %, 1075 MiB
2026/09/27 10:34:32.052, 0, 38, 1980 MHz, 124.86 W, 0 %, 3559 MiB
2026/09/27 10:34:32.052, 1, 34, 1980 MHz, 119.67 W, 0 %, 1075 MiB
2026/09/27 10:34:32.052, 2, 33, 1980 MHz, 115.43 W, 0 %, 1075 MiB
2026/09/27 10:34:32.052, 3, 37, 1980 MHz, 126.56 W, 0 %, 1075 MiB
2026/09/27 10:34:32.052, 4, 38, 1980 MHz, 126.26 W, 0 %, 1075 MiB
2026/09/27 10:34:32.052, 5, 35, 1980 MHz, 120.15 W, 0 %, 1075 MiB
2026/09/27 10:34:32.052, 6, 37, 1980 MHz, 127.17 W, 0 %, 1075 MiB
2026/09/27 10:34:32.052, 7, 33, 1980 MHz, 125.64 W, 0 %, 1075 MiB
2026/09/27 10:34:34.053, 0, 38, 1980 MHz, 128.31 W, 0 %, 3561 MiB
2026/09/27 10:34:34.053, 1, 35, 1980 MHz, 121.20 W, 0 %, 3511 MiB
2026/09/27 10:34:34.053, 2, 33, 1980 MHz, 116.81 W, 0 %, 3511 MiB
2026/09/27 10:34:34.053, 3, 37, 1980 MHz, 127.36 W, 0 %, 3511 MiB
2026/09/27 10:34:34.053, 4, 39, 1980 MHz, 126.25 W, 0 %, 3511 MiB
2026/09/27 10:34:34.053, 5, 35, 1980 MHz, 120.43 W, 0 %, 3511 MiB
2026/09/27 10:34:34.053, 6, 37, 1980 MHz, 126.53 W, 0 %, 3509 MiB
2026/09/27 10:34:34.053, 7, 33, 1980 MHz, 125.65 W, 0 %, 1075 MiB
2026/09/27 10:34:36.053, 0, 38, 1980 MHz, 124.92 W, 4 %, 3759 MiB
2026/09/27 10:34:36.054, 1, 34, 1980 MHz, 119.80 W, 0 %, 3715 MiB
2026/09/27 10:34:36.054, 2, 33, 1980 MHz, 115.54 W, 8 %, 3715 MiB
2026/09/27 10:34:36.054, 3, 37, 1980 MHz, 126.69 W, 0 %, 3715 MiB
2026/09/27 10:34:36.054, 4, 39, 1980 MHz, 126.34 W, 0 %, 3715 MiB
2026/09/27 10:34:36.054, 5, 35, 1980 MHz, 120.30 W, 0 %, 3715 MiB
2026/09/27 10:34:36.054, 6, 37, 1980 MHz, 126.60 W, 0 %, 3715 MiB
2026/09/27 10:34:36.054, 7, 33, 1980 MHz, 125.70 W, 0 %, 3715 MiB
2026/09/27 10:34:38.054, 0, 38, 1980 MHz, 131.98 W, 0 %, 4477 MiB
2026/09/27 10:34:38.055, 1, 34, 1980 MHz, 126.66 W, 0 %, 4433 MiB
2026/09/27 10:34:38.055, 2, 33, 1980 MHz, 120.83 W, 0 %, 4433 MiB
2026/09/27 10:34:38.055, 3, 37, 1980 MHz, 133.79 W, 0 %, 4433 MiB
2026/09/27 10:34:38.055, 4, 39, 1980 MHz, 133.91 W, 0 %, 4433 MiB
2026/09/27 10:34:38.055, 5, 35, 1980 MHz, 125.90 W, 0 %, 4433 MiB
2026/09/27 10:34:38.055, 6, 37, 1980 MHz, 133.08 W, 0 %, 4433 MiB
2026/09/27 10:34:38.055, 7, 33, 1980 MHz, 133.04 W, 0 %, 4433 MiB
2026/09/27 10:34:40.055, 0, 38, 1980 MHz, 124.84 W, 0 %, 4477 MiB
2026/09/27 10:34:40.056, 1, 34, 1980 MHz, 119.75 W, 0 %, 4433 MiB
2026/09/27 10:34:40.056, 2, 33, 1980 MHz, 115.48 W, 0 %, 4433 MiB
2026/09/27 10:34:40.056, 3, 37, 1980 MHz, 126.66 W, 0 %, 4433 MiB
2026/09/27 10:34:40.056, 4, 39, 1980 MHz, 126.35 W, 0 %, 4433 MiB
2026/09/27 10:34:40.056, 5, 35, 1980 MHz, 120.25 W, 0 %, 4433 MiB
2026/09/27 10:34:40.056, 6, 37, 1980 MHz, 126.58 W, 0 %, 4433 MiB
2026/09/27 10:34:40.056, 7, 33, 1980 MHz, 125.72 W, 0 %, 4433 MiB
2026/09/27 10:34:42.056, 0, 40, 1980 MHz, 178.83 W, 91 %, 5181 MiB
2026/09/27 10:34:42.057, 1, 37, 1980 MHz, 165.99 W, 91 %, 5523 MiB
2026/09/27 10:34:42.057, 2, 35, 1980 MHz, 164.00 W, 90 %, 5523 MiB
2026/09/27 10:34:42.057, 3, 40, 1980 MHz, 175.63 W, 92 %, 5523 MiB
2026/09/27 10:34:42.057, 4, 41, 1980 MHz, 172.82 W, 91 %, 5523 MiB
2026/09/27 10:34:42.057, 5, 36, 1980 MHz, 169.76 W, 76 %, 5523 MiB
2026/09/27 10:34:42.057, 6, 39, 1980 MHz, 175.37 W, 90 %, 5523 MiB
2026/09/27 10:34:42.057, 7, 36, 1980 MHz, 172.21 W, 92 %, 5139 MiB
2026/09/27 10:34:44.057, 0, 38, 1980 MHz, 135.42 W, 0 %, 7485 MiB
2026/09/27 10:34:44.057, 1, 35, 1980 MHz, 128.84 W, 0 %, 7443 MiB
2026/09/27 10:34:44.057, 2, 33, 1980 MHz, 125.88 W, 0 %, 7443 MiB
2026/09/27 10:34:44.058, 3, 38, 1980 MHz, 136.79 W, 0 %, 7443 MiB
2026/09/27 10:34:44.058, 4, 39, 1980 MHz, 135.71 W, 0 %, 7443 MiB
2026/09/27 10:34:44.058, 5, 35, 1980 MHz, 130.54 W, 0 %, 7443 MiB
2026/09/27 10:34:44.058, 6, 38, 1980 MHz, 136.82 W, 0 %, 7443 MiB
2026/09/27 10:34:44.058, 7, 34, 1980 MHz, 135.98 W, 0 %, 7443 MiB
2026/09/27 10:34:46.058, 0, 38, 1980 MHz, 126.07 W, 1 %, 7485 MiB
2026/09/27 10:34:46.058, 1, 34, 1980 MHz, 120.96 W, 0 %, 7443 MiB
2026/09/27 10:34:46.058, 2, 33, 1980 MHz, 116.42 W, 1 %, 7443 MiB
2026/09/27 10:34:46.058, 3, 37, 1980 MHz, 127.75 W, 1 %, 7443 MiB
2026/09/27 10:34:46.058, 4, 39, 1980 MHz, 127.48 W, 1 %, 7443 MiB
2026/09/27 10:34:46.059, 5, 35, 1980 MHz, 121.24 W, 0 %, 7443 MiB
2026/09/27 10:34:46.059, 6, 37, 1980 MHz, 127.87 W, 1 %, 7443 MiB
2026/09/27 10:34:46.059, 7, 33, 1980 MHz, 126.96 W, 0 %, 7443 MiB
2026/09/27 10:34:48.059, 0, 38, 1980 MHz, 125.06 W, 0 %, 7485 MiB
2026/09/27 10:34:48.059, 1, 34, 1980 MHz, 119.71 W, 0 %, 7443 MiB
2026/09/27 10:34:48.059, 2, 33, 1980 MHz, 115.50 W, 0 %, 7443 MiB
2026/09/27 10:34:48.059, 3, 37, 1980 MHz, 126.70 W, 0 %, 7443 MiB
2026/09/27 10:34:48.059, 4, 39, 1980 MHz, 126.34 W, 0 %, 7443 MiB
2026/09/27 10:34:48.059, 5, 35, 1980 MHz, 120.26 W, 0 %, 7443 MiB
2026/09/27 10:34:48.060, 6, 37, 1980 MHz, 126.66 W, 0 %, 7443 MiB
2026/09/27 10:34:48.060, 7, 33, 1980 MHz, 125.77 W, 0 %, 7443 MiB
2026/09/27 10:34:50.060, 0, 38, 1980 MHz, 124.94 W, 0 %, 7485 MiB
2026/09/27 10:34:50.060, 1, 34, 1980 MHz, 119.71 W, 0 %, 7443 MiB
2026/09/27 10:34:50.060, 2, 33, 1980 MHz, 115.50 W, 0 %, 7443 MiB
2026/09/27 10:34:50.060, 3, 37, 1980 MHz, 126.67 W, 0 %, 7443 MiB
2026/09/27 10:34:50.060, 4, 39, 1980 MHz, 126.36 W, 0 %, 7443 MiB
2026/09/27 10:34:50.061, 5, 35, 1980 MHz, 120.25 W, 0 %, 7443 MiB
2026/09/27 10:34:50.061, 6, 37, 1980 MHz, 126.65 W, 0 %, 7443 MiB
2026/09/27 10:34:50.061, 7, 33, 1980 MHz, 125.75 W, 0 %, 7443 MiB
2026/09/27 10:34:52.061, 0, 38, 1980 MHz, 129.72 W, 0 %, 559 MiB
2026/09/27 10:34:52.068, 1, 34, 1980 MHz, 124.31 W, 0 %, 539 MiB
2026/09/27 10:34:52.068, 2, 33, 1980 MHz, 120.00 W, 12 %, 539 MiB
2026/09/27 10:34:52.068, 3, 38, 1980 MHz, 131.37 W, 0 %, 539 MiB
2026/09/27 10:34:52.068, 4, 39, 1980 MHz, 130.97 W, 0 %, 539 MiB
2026/09/27 10:34:52.068, 5, 35, 1980 MHz, 124.83 W, 0 %, 539 MiB
2026/09/27 10:34:52.068, 6, 37, 1980 MHz, 131.30 W, 0 %, 539 MiB
2026/09/27 10:34:52.069, 7, 34, 1980 MHz, 130.71 W, 0 %, 539 MiB
2026/09/27 10:34:54.069, 0, 38, 1980 MHz, 129.51 W, 0 %, 579 MiB
2026/09/27 10:34:54.075, 1, 34, 1980 MHz, 124.06 W, 0 %, 559 MiB
2026/09/27 10:34:54.082, 2, 33, 1980 MHz, 119.80 W, 0 %, 559 MiB
2026/09/27 10:34:54.088, 3, 38, 1980 MHz, 131.08 W, 0 %, 559 MiB
2026/09/27 10:34:54.090, 4, 39, 1980 MHz, 130.71 W, 0 %, 559 MiB
2026/09/27 10:34:54.097, 5, 35, 1980 MHz, 124.54 W, 0 %, 559 MiB
2026/09/27 10:34:54.099, 6, 37, 1980 MHz, 130.98 W, 0 %, 559 MiB
2026/09/27 10:34:54.104, 7, 34, 1980 MHz, 130.39 W, 0 %, 559 MiB
2026/09/27 10:34:56.111, 0, 38, 1980 MHz, 124.79 W, 0 %, 3553 MiB
2026/09/27 10:34:56.111, 1, 34, 1980 MHz, 119.75 W, 0 %, 1075 MiB
2026/09/27 10:34:56.111, 2, 33, 1980 MHz, 115.53 W, 0 %, 1075 MiB
2026/09/27 10:34:56.112, 3, 37, 1980 MHz, 126.67 W, 0 %, 1075 MiB
2026/09/27 10:34:56.112, 4, 39, 1980 MHz, 126.37 W, 0 %, 1075 MiB
2026/09/27 10:34:56.112, 5, 35, 1980 MHz, 120.24 W, 0 %, 1075 MiB
2026/09/27 10:34:56.112, 6, 37, 1980 MHz, 126.63 W, 0 %, 1075 MiB
2026/09/27 10:34:56.112, 7, 33, 1980 MHz, 125.73 W, 0 %, 1075 MiB
2026/09/27 10:34:58.112, 0, 38, 1980 MHz, 124.84 W, 0 %, 3553 MiB
2026/09/27 10:34:58.112, 1, 34, 1980 MHz, 119.71 W, 0 %, 1075 MiB
2026/09/27 10:34:58.112, 2, 33, 1980 MHz, 115.50 W, 0 %, 1075 MiB
2026/09/27 10:34:58.112, 3, 37, 1980 MHz, 126.67 W, 0 %, 1075 MiB
2026/09/27 10:34:58.112, 4, 39, 1980 MHz, 126.33 W, 0 %, 1075 MiB
2026/09/27 10:34:58.112, 5, 35, 1980 MHz, 120.24 W, 0 %, 1075 MiB
2026/09/27 10:34:58.112, 6, 37, 1980 MHz, 126.67 W, 0 %, 1075 MiB
2026/09/27 10:34:58.112, 7, 33, 1980 MHz, 125.71 W, 0 %, 1075 MiB
2026/09/27 10:35:00.113, 0, 38, 1980 MHz, 124.82 W, 0 %, 3553 MiB
2026/09/27 10:35:00.113, 1, 34, 1980 MHz, 119.72 W, 0 %, 1075 MiB
2026/09/27 10:35:00.113, 2, 33, 1980 MHz, 115.48 W, 0 %, 1075 MiB
2026/09/27 10:35:00.113, 3, 37, 1980 MHz, 126.63 W, 0 %, 1075 MiB
2026/09/27 10:35:00.113, 4, 39, 1980 MHz, 126.33 W, 0 %, 1075 MiB
2026/09/27 10:35:00.113, 5, 35, 1980 MHz, 120.22 W, 0 %, 1075 MiB
2026/09/27 10:35:00.113, 6, 37, 1980 MHz, 126.61 W, 0 %, 1075 MiB
2026/09/27 10:35:00.113, 7, 33, 1980 MHz, 125.70 W, 0 %, 1075 MiB
2026/09/27 10:35:02.113, 0, 38, 1980 MHz, 124.91 W, 0 %, 3557 MiB
2026/09/27 10:35:02.114, 1, 34, 1980 MHz, 119.67 W, 0 %, 1075 MiB
2026/09/27 10:35:02.114, 2, 33, 1980 MHz, 115.47 W, 0 %, 1075 MiB
2026/09/27 10:35:02.114, 3, 37, 1980 MHz, 126.65 W, 0 %, 1075 MiB
2026/09/27 10:35:02.114, 4, 39, 1980 MHz, 126.33 W, 0 %, 1075 MiB
2026/09/27 10:35:02.114, 5, 35, 1980 MHz, 120.24 W, 0 %, 1075 MiB
2026/09/27 10:35:02.114, 6, 37, 1980 MHz, 126.61 W, 0 %, 1075 MiB
2026/09/27 10:35:02.114, 7, 33, 1980 MHz, 125.73 W, 0 %, 1075 MiB
2026/09/27 10:35:04.114, 0, 38, 1980 MHz, 124.92 W, 0 %, 3557 MiB
2026/09/27 10:35:04.114, 1, 34, 1980 MHz, 119.72 W, 0 %, 1075 MiB
2026/09/27 10:35:04.114, 2, 33, 1980 MHz, 115.46 W, 0 %, 1075 MiB
2026/09/27 10:35:04.115, 3, 37, 1980 MHz, 126.60 W, 0 %, 1075 MiB
2026/09/27 10:35:04.115, 4, 39, 1980 MHz, 126.30 W, 0 %, 1075 MiB
2026/09/27 10:35:04.115, 5, 35, 1980 MHz, 120.22 W, 0 %, 1075 MiB
2026/09/27 10:35:04.115, 6, 37, 1980 MHz, 126.67 W, 0 %, 1075 MiB
2026/09/27 10:35:04.115, 7, 33, 1980 MHz, 125.68 W, 0 %, 1075 MiB
2026/09/27 10:35:06.115, 0, 38, 1980 MHz, 124.93 W, 0 %, 3559 MiB
2026/09/27 10:35:06.115, 1, 34, 1980 MHz, 119.66 W, 0 %, 1075 MiB
2026/09/27 10:35:06.115, 2, 33, 1980 MHz, 115.48 W, 0 %, 1075 MiB
2026/09/27 10:35:06.115, 3, 37, 1980 MHz, 126.63 W, 0 %, 1075 MiB
2026/09/27 10:35:06.115, 4, 39, 1980 MHz, 126.32 W, 0 %, 1075 MiB
2026/09/27 10:35:06.115, 5, 35, 1980 MHz, 120.22 W, 0 %, 1075 MiB
2026/09/27 10:35:06.116, 6, 37, 1980 MHz, 126.63 W, 0 %, 1075 MiB
2026/09/27 10:35:06.116, 7, 33, 1980 MHz, 125.70 W, 0 %, 1075 MiB
2026/09/27 10:35:08.116, 0, 38, 1980 MHz, 124.96 W, 0 %, 3559 MiB
2026/09/27 10:35:08.116, 1, 34, 1980 MHz, 119.71 W, 0 %, 1075 MiB
2026/09/27 10:35:08.116, 2, 33, 1980 MHz, 115.46 W, 0 %, 1075 MiB
2026/09/27 10:35:08.116, 3, 37, 1980 MHz, 126.60 W, 0 %, 1075 MiB
2026/09/27 10:35:08.116, 4, 39, 1980 MHz, 126.32 W, 0 %, 1075 MiB
2026/09/27 10:35:08.116, 5, 35, 1980 MHz, 120.22 W, 0 %, 1075 MiB
2026/09/27 10:35:08.116, 6, 37, 1980 MHz, 126.63 W, 0 %, 1075 MiB
2026/09/27 10:35:08.116, 7, 33, 1980 MHz, 125.70 W, 0 %, 1075 MiB
2026/09/27 10:35:10.117, 0, 38, 1980 MHz, 124.92 W, 0 %, 3559 MiB
2026/09/27 10:35:10.117, 1, 34, 1980 MHz, 119.66 W, 0 %, 1075 MiB
2026/09/27 10:35:10.117, 2, 33, 1980 MHz, 115.47 W, 0 %, 1075 MiB
2026/09/27 10:35:10.117, 3, 37, 1980 MHz, 126.56 W, 0 %, 1075 MiB
2026/09/27 10:35:10.117, 4, 39, 1980 MHz, 126.28 W, 0 %, 1075 MiB
2026/09/27 10:35:10.117, 5, 35, 1980 MHz, 120.22 W, 0 %, 1075 MiB
2026/09/27 10:35:10.117, 6, 37, 1980 MHz, 126.59 W, 0 %, 1075 MiB
2026/09/27 10:35:10.117, 7, 33, 1980 MHz, 125.67 W, 0 %, 1075 MiB
2026/09/27 10:35:12.117, 0, 38, 1980 MHz, 124.93 W, 0 %, 3559 MiB
2026/09/27 10:35:12.117, 1, 34, 1980 MHz, 119.73 W, 0 %, 1075 MiB
2026/09/27 10:35:12.118, 2, 33, 1980 MHz, 115.51 W, 0 %, 1075 MiB
2026/09/27 10:35:12.118, 3, 37, 1980 MHz, 126.60 W, 0 %, 1075 MiB
2026/09/27 10:35:12.118, 4, 38, 1980 MHz, 126.33 W, 0 %, 1075 MiB
2026/09/27 10:35:12.118, 5, 35, 1980 MHz, 120.22 W, 0 %, 1075 MiB
2026/09/27 10:35:12.118, 6, 37, 1980 MHz, 126.60 W, 0 %, 1075 MiB
2026/09/27 10:35:12.118, 7, 33, 1980 MHz, 125.68 W, 0 %, 1075 MiB
2026/09/27 10:35:14.118, 0, 38, 1980 MHz, 124.91 W, 0 %, 3559 MiB
2026/09/27 10:35:14.118, 1, 34, 1980 MHz, 119.67 W, 0 %, 1075 MiB
2026/09/27 10:35:14.118, 2, 33, 1980 MHz, 115.50 W, 0 %, 1075 MiB
2026/09/27 10:35:14.118, 3, 37, 1980 MHz, 126.59 W, 0 %, 1075 MiB
2026/09/27 10:35:14.118, 4, 39, 1980 MHz, 126.29 W, 0 %, 1075 MiB
2026/09/27 10:35:14.118, 5, 35, 1980 MHz, 120.24 W, 0 %, 1075 MiB
2026/09/27 10:35:14.119, 6, 37, 1980 MHz, 126.58 W, 0 %, 1075 MiB
2026/09/27 10:35:14.119, 7, 33, 1980 MHz, 125.68 W, 0 %, 1075 MiB
2026/09/27 10:35:16.119, 0, 38, 1980 MHz, 138.81 W, 0 %, 3561 MiB
2026/09/27 10:35:16.119, 1, 34, 1980 MHz, 125.80 W, 0 %, 3513 MiB
2026/09/27 10:35:16.119, 2, 33, 1980 MHz, 123.02 W, 0 %, 3513 MiB
2026/09/27 10:35:16.119, 3, 37, 1980 MHz, 133.96 W, 0 %, 3513 MiB
2026/09/27 10:35:16.119, 4, 39, 1980 MHz, 133.74 W, 0 %, 3515 MiB
2026/09/27 10:35:16.119, 5, 35, 1980 MHz, 127.65 W, 9 %, 3707 MiB
2026/09/27 10:35:16.119, 6, 37, 1980 MHz, 133.86 W, 0 %, 3707 MiB
2026/09/27 10:35:16.119, 7, 33, 1980 MHz, 133.15 W, 0 %, 3513 MiB
2026/09/27 10:35:18.119, 0, 38, 1980 MHz, 125.16 W, 1 %, 4477 MiB
2026/09/27 10:35:18.120, 1, 34, 1980 MHz, 120.43 W, 0 %, 4433 MiB
2026/09/27 10:35:18.120, 2, 33, 1980 MHz, 115.58 W, 0 %, 4433 MiB
2026/09/27 10:35:18.120, 3, 38, 1980 MHz, 128.01 W, 1 %, 4433 MiB
2026/09/27 10:35:18.120, 4, 39, 1980 MHz, 126.82 W, 1 %, 4433 MiB
2026/09/27 10:35:18.120, 5, 35, 1980 MHz, 120.32 W, 0 %, 4433 MiB
2026/09/27 10:35:18.120, 6, 37, 1980 MHz, 126.97 W, 1 %, 4433 MiB
2026/09/27 10:35:18.120, 7, 34, 1980 MHz, 127.46 W, 1 %, 4433 MiB
2026/09/27 10:35:20.120, 0, 38, 1980 MHz, 124.88 W, 0 %, 4477 MiB
2026/09/27 10:35:20.120, 1, 34, 1980 MHz, 119.71 W, 0 %, 4433 MiB
2026/09/27 10:35:20.120, 2, 33, 1980 MHz, 115.53 W, 0 %, 4433 MiB
2026/09/27 10:35:20.120, 3, 37, 1980 MHz, 126.67 W, 0 %, 4433 MiB
2026/09/27 10:35:20.120, 4, 39, 1980 MHz, 126.31 W, 0 %, 4433 MiB
2026/09/27 10:35:20.121, 5, 35, 1980 MHz, 120.25 W, 0 %, 4433 MiB
2026/09/27 10:35:20.121, 6, 37, 1980 MHz, 126.63 W, 0 %, 4433 MiB
2026/09/27 10:35:20.121, 7, 33, 1980 MHz, 125.69 W, 0 %, 4433 MiB
2026/09/27 10:35:22.121, 0, 38, 1980 MHz, 124.83 W, 0 %, 4477 MiB
2026/09/27 10:35:22.121, 1, 34, 1980 MHz, 119.75 W, 0 %, 4433 MiB
2026/09/27 10:35:22.121, 2, 33, 1980 MHz, 115.54 W, 0 %, 4433 MiB
2026/09/27 10:35:22.121, 3, 37, 1980 MHz, 126.67 W, 0 %, 4433 MiB
2026/09/27 10:35:22.121, 4, 39, 1980 MHz, 126.37 W, 0 %, 4433 MiB
2026/09/27 10:35:22.121, 5, 35, 1980 MHz, 120.28 W, 0 %, 4433 MiB
2026/09/27 10:35:22.121, 6, 37, 1980 MHz, 126.63 W, 0 %, 4433 MiB
2026/09/27 10:35:22.121, 7, 33, 1980 MHz, 126.03 W, 0 %, 4433 MiB
2026/09/27 10:35:24.122, 0, 38, 1980 MHz, 124.88 W, 0 %, 4477 MiB
2026/09/27 10:35:24.122, 1, 34, 1980 MHz, 119.70 W, 0 %, 4433 MiB
2026/09/27 10:35:24.122, 2, 33, 1980 MHz, 115.52 W, 0 %, 4433 MiB
2026/09/27 10:35:24.122, 3, 37, 1980 MHz, 126.66 W, 0 %, 4433 MiB
2026/09/27 10:35:24.122, 4, 39, 1980 MHz, 126.37 W, 0 %, 4433 MiB
2026/09/27 10:35:24.122, 5, 35, 1980 MHz, 120.26 W, 0 %, 4433 MiB
2026/09/27 10:35:24.122, 6, 37, 1980 MHz, 126.67 W, 0 %, 4433 MiB
2026/09/27 10:35:24.122, 7, 33, 1980 MHz, 126.45 W, 0 %, 4433 MiB
2026/09/27 10:35:26.123, 0, 38, 1980 MHz, 168.17 W, 0 %, 7287 MiB
2026/09/27 10:35:26.123, 1, 35, 1980 MHz, 156.66 W, 0 %, 7229 MiB
2026/09/27 10:35:26.123, 2, 33, 1980 MHz, 153.65 W, 0 %, 7289 MiB
2026/09/27 10:35:26.123, 3, 38, 1980 MHz, 162.16 W, 0 %, 7229 MiB
2026/09/27 10:35:26.124, 4, 39, 1980 MHz, 162.85 W, 0 %, 7329 MiB
2026/09/27 10:35:26.124, 5, 35, 1980 MHz, 160.60 W, 0 %, 7319 MiB
2026/09/27 10:35:26.124, 6, 37, 1980 MHz, 167.93 W, 0 %, 7219 MiB
2026/09/27 10:35:26.124, 7, 34, 1980 MHz, 161.95 W, 0 %, 6989 MiB
2026/09/27 10:35:28.124, 0, 38, 1980 MHz, 135.80 W, 1 %, 7485 MiB
2026/09/27 10:35:28.125, 1, 34, 1980 MHz, 129.88 W, 0 %, 7443 MiB
2026/09/27 10:35:28.125, 2, 33, 1980 MHz, 125.71 W, 0 %, 7443 MiB
2026/09/27 10:35:28.125, 3, 38, 1980 MHz, 135.90 W, 0 %, 7443 MiB
2026/09/27 10:35:28.125, 4, 39, 1980 MHz, 136.18 W, 0 %, 7443 MiB
2026/09/27 10:35:28.125, 5, 35, 1980 MHz, 130.47 W, 0 %, 7443 MiB
2026/09/27 10:35:28.125, 6, 37, 1980 MHz, 136.87 W, 0 %, 7443 MiB
2026/09/27 10:35:28.125, 7, 34, 1980 MHz, 135.18 W, 0 %, 7443 MiB
2026/09/27 10:35:30.125, 0, 38, 1980 MHz, 126.05 W, 1 %, 7485 MiB
2026/09/27 10:35:30.126, 1, 34, 1980 MHz, 120.73 W, 0 %, 7443 MiB
2026/09/27 10:35:30.126, 2, 33, 1980 MHz, 116.56 W, 0 %, 7443 MiB
2026/09/27 10:35:30.126, 3, 38, 1980 MHz, 127.57 W, 1 %, 7443 MiB
2026/09/27 10:35:30.126, 4, 39, 1980 MHz, 127.27 W, 1 %, 7443 MiB
2026/09/27 10:35:30.126, 5, 35, 1980 MHz, 121.34 W, 0 %, 7443 MiB
2026/09/27 10:35:30.126, 6, 37, 1980 MHz, 127.66 W, 0 %, 7443 MiB
2026/09/27 10:35:30.126, 7, 34, 1980 MHz, 126.79 W, 1 %, 7443 MiB
2026/09/27 10:35:32.126, 0, 38, 1980 MHz, 125.01 W, 0 %, 7487 MiB
2026/09/27 10:35:32.126, 1, 34, 1980 MHz, 119.79 W, 0 %, 7443 MiB
2026/09/27 10:35:32.127, 2, 33, 1980 MHz, 115.52 W, 0 %, 7443 MiB
2026/09/27 10:35:32.127, 3, 37, 1980 MHz, 126.75 W, 0 %, 7443 MiB
2026/09/27 10:35:32.127, 4, 39, 1980 MHz, 126.40 W, 0 %, 7443 MiB
2026/09/27 10:35:32.127, 5, 35, 1980 MHz, 120.31 W, 0 %, 7443 MiB
2026/09/27 10:35:32.127, 6, 37, 1980 MHz, 126.66 W, 0 %, 7443 MiB
2026/09/27 10:35:32.127, 7, 34, 1980 MHz, 125.79 W, 0 %, 7443 MiB
2026/09/27 10:35:34.127, 0, 38, 1980 MHz, 127.46 W, 0 %, 5051 MiB
2026/09/27 10:35:34.127, 1, 34, 1980 MHz, 119.94 W, 6 %, 5007 MiB
2026/09/27 10:35:34.127, 2, 33, 1980 MHz, 115.77 W, 0 %, 5007 MiB
2026/09/27 10:35:34.127, 3, 37, 1980 MHz, 126.91 W, 0 %, 5007 MiB
2026/09/27 10:35:34.127, 4, 39, 1980 MHz, 126.49 W, 0 %, 5007 MiB
2026/09/27 10:35:34.128, 5, 35, 1980 MHz, 120.38 W, 0 %, 5007 MiB
2026/09/27 10:35:34.128, 6, 37, 1980 MHz, 126.82 W, 6 %, 5007 MiB
2026/09/27 10:35:34.128, 7, 33, 1980 MHz, 125.97 W, 0 %, 5007 MiB
2026/09/27 10:35:36.128, 0, 38, 1980 MHz, 129.83 W, 0 %, 559 MiB
2026/09/27 10:35:36.128, 1, 34, 1980 MHz, 124.38 W, 0 %, 539 MiB
2026/09/27 10:35:36.128, 2, 33, 1980 MHz, 120.01 W, 0 %, 539 MiB
2026/09/27 10:35:36.128, 3, 38, 1980 MHz, 131.38 W, 0 %, 539 MiB
2026/09/27 10:35:36.128, 4, 39, 1980 MHz, 131.04 W, 0 %, 539 MiB
2026/09/27 10:35:36.128, 5, 35, 1980 MHz, 124.86 W, 0 %, 539 MiB
2026/09/27 10:35:36.128, 6, 37, 1980 MHz, 131.30 W, 0 %, 539 MiB
2026/09/27 10:35:36.129, 7, 34, 1980 MHz, 130.77 W, 0 %, 539 MiB
2026/09/27 10:35:38.129, 0, 38, 1980 MHz, 129.57 W, 0 %, 578 MiB
2026/09/27 10:35:38.135, 1, 34, 1980 MHz, 124.15 W, 0 %, 558 MiB
2026/09/27 10:35:38.135, 2, 33, 1980 MHz, 119.80 W, 0 %, 558 MiB
2026/09/27 10:35:38.136, 3, 38, 1980 MHz, 131.12 W, 0 %, 558 MiB
2026/09/27 10:35:38.138, 4, 39, 1980 MHz, 130.77 W, 0 %, 558 MiB
2026/09/27 10:35:38.140, 5, 35, 1980 MHz, 124.64 W, 0 %, 558 MiB
2026/09/27 10:35:38.147, 6, 37, 1980 MHz, 130.99 W, 0 %, 558 MiB
2026/09/27 10:35:38.148, 7, 34, 1980 MHz, 130.45 W, 0 %, 558 MiB
2026/09/27 10:35:40.148, 0, 38, 1980 MHz, 124.83 W, 0 %, 3555 MiB
2026/09/27 10:35:40.148, 1, 34, 1980 MHz, 119.71 W, 0 %, 1075 MiB
2026/09/27 10:35:40.148, 2, 33, 1980 MHz, 115.53 W, 0 %, 1075 MiB
2026/09/27 10:35:40.149, 3, 37, 1980 MHz, 126.69 W, 0 %, 1075 MiB
2026/09/27 10:35:40.149, 4, 39, 1980 MHz, 126.33 W, 0 %, 1075 MiB
2026/09/27 10:35:40.149, 5, 35, 1980 MHz, 120.25 W, 0 %, 1075 MiB
2026/09/27 10:35:40.149, 6, 37, 1980 MHz, 126.70 W, 0 %, 1075 MiB
2026/09/27 10:35:40.149, 7, 34, 1980 MHz, 125.74 W, 0 %, 1075 MiB
2026/09/27 10:35:42.149, 0, 38, 1980 MHz, 124.81 W, 0 %, 3555 MiB
2026/09/27 10:35:42.149, 1, 34, 1980 MHz, 119.75 W, 0 %, 1075 MiB
2026/09/27 10:35:42.149, 2, 33, 1980 MHz, 115.53 W, 0 %, 1075 MiB
2026/09/27 10:35:42.149, 3, 37, 1980 MHz, 126.65 W, 0 %, 1075 MiB
2026/09/27 10:35:42.150, 4, 39, 1980 MHz, 126.35 W, 0 %, 1075 MiB
2026/09/27 10:35:42.150, 5, 35, 1980 MHz, 120.28 W, 0 %, 1075 MiB
2026/09/27 10:35:42.150, 6, 37, 1980 MHz, 126.64 W, 0 %, 1075 MiB
2026/09/27 10:35:42.150, 7, 33, 1980 MHz, 125.71 W, 0 %, 1075 MiB
2026/09/27 10:35:44.150, 0, 38, 1980 MHz, 124.79 W, 0 %, 3555 MiB
2026/09/27 10:35:44.150, 1, 34, 1980 MHz, 119.72 W, 0 %, 1075 MiB
2026/09/27 10:35:44.150, 2, 33, 1980 MHz, 115.54 W, 0 %, 1075 MiB
2026/09/27 10:35:44.150, 3, 37, 1980 MHz, 126.64 W, 0 %, 1075 MiB
2026/09/27 10:35:44.150, 4, 39, 1980 MHz, 126.33 W, 0 %, 1075 MiB
2026/09/27 10:35:44.150, 5, 35, 1980 MHz, 120.25 W, 0 %, 1075 MiB
2026/09/27 10:35:44.150, 6, 37, 1980 MHz, 126.57 W, 0 %, 1075 MiB
2026/09/27 10:35:44.150, 7, 33, 1980 MHz, 125.71 W, 0 %, 1075 MiB
2026/09/27 10:35:46.151, 0, 38, 1980 MHz, 124.92 W, 0 %, 3559 MiB
2026/09/27 10:35:46.151, 1, 34, 1980 MHz, 119.71 W, 0 %, 1075 MiB
2026/09/27 10:35:46.151, 2, 33, 1980 MHz, 115.50 W, 0 %, 1075 MiB
2026/09/27 10:35:46.151, 3, 37, 1980 MHz, 126.67 W, 0 %, 1075 MiB
2026/09/27 10:35:46.151, 4, 39, 1980 MHz, 126.34 W, 0 %, 1075 MiB
2026/09/27 10:35:46.151, 5, 35, 1980 MHz, 120.25 W, 0 %, 1075 MiB
2026/09/27 10:35:46.151, 6, 37, 1980 MHz, 126.65 W, 0 %, 1075 MiB
2026/09/27 10:35:46.151, 7, 33, 1980 MHz, 125.74 W, 0 %, 1075 MiB
2026/09/27 10:35:48.151, 0, 38, 1980 MHz, 125.00 W, 0 %, 3559 MiB
2026/09/27 10:35:48.152, 1, 34, 1980 MHz, 119.74 W, 0 %, 1075 MiB
2026/09/27 10:35:48.152, 2, 33, 1980 MHz, 115.51 W, 0 %, 1075 MiB
2026/09/27 10:35:48.152, 3, 37, 1980 MHz, 126.65 W, 0 %, 1075 MiB
2026/09/27 10:35:48.152, 4, 39, 1980 MHz, 126.34 W, 0 %, 1075 MiB
2026/09/27 10:35:48.152, 5, 35, 1980 MHz, 120.28 W, 0 %, 1075 MiB
2026/09/27 10:35:48.152, 6, 37, 1980 MHz, 126.64 W, 0 %, 1075 MiB
2026/09/27 10:35:48.152, 7, 33, 1980 MHz, 125.86 W, 0 %, 1075 MiB
2026/09/27 10:35:50.152, 0, 38, 1980 MHz, 124.99 W, 0 %, 3559 MiB
2026/09/27 10:35:50.152, 1, 34, 1980 MHz, 119.72 W, 0 %, 1075 MiB
2026/09/27 10:35:50.153, 2, 33, 1980 MHz, 115.49 W, 0 %, 1075 MiB
2026/09/27 10:35:50.153, 3, 37, 1980 MHz, 126.61 W, 0 %, 1075 MiB
2026/09/27 10:35:50.153, 4, 39, 1980 MHz, 126.32 W, 0 %, 1075 MiB
2026/09/27 10:35:50.153, 5, 35, 1980 MHz, 120.22 W, 0 %, 1075 MiB
2026/09/27 10:35:50.153, 6, 37, 1980 MHz, 126.61 W, 0 %, 1075 MiB
2026/09/27 10:35:50.153, 7, 33, 1980 MHz, 126.41 W, 0 %, 1075 MiB
2026/09/27 10:35:52.153, 0, 38, 1980 MHz, 125.01 W, 0 %, 3559 MiB
2026/09/27 10:35:52.153, 1, 34, 1980 MHz, 119.71 W, 0 %, 1075 MiB
2026/09/27 10:35:52.153, 2, 33, 1980 MHz, 115.49 W, 0 %, 1075 MiB
2026/09/27 10:35:52.154, 3, 37, 1980 MHz, 126.64 W, 0 %, 1075 MiB
2026/09/27 10:35:52.154, 4, 39, 1980 MHz, 126.36 W, 0 %, 1075 MiB
2026/09/27 10:35:52.154, 5, 35, 1980 MHz, 120.22 W, 0 %, 1075 MiB
2026/09/27 10:35:52.154, 6, 37, 1980 MHz, 126.58 W, 0 %, 1075 MiB
2026/09/27 10:35:52.154, 7, 33, 1980 MHz, 126.41 W, 0 %, 1075 MiB
2026/09/27 10:35:54.154, 0, 38, 1980 MHz, 124.94 W, 0 %, 3559 MiB
2026/09/27 10:35:54.154, 1, 34, 1980 MHz, 119.74 W, 0 %, 1075 MiB
2026/09/27 10:35:54.154, 2, 33, 1980 MHz, 115.50 W, 0 %, 1075 MiB
2026/09/27 10:35:54.154, 3, 37, 1980 MHz, 126.63 W, 0 %, 1075 MiB
2026/09/27 10:35:54.154, 4, 39, 1980 MHz, 126.36 W, 0 %, 1075 MiB
2026/09/27 10:35:54.154, 5, 35, 1980 MHz, 120.25 W, 0 %, 1075 MiB
2026/09/27 10:35:54.155, 6, 37, 1980 MHz, 126.66 W, 0 %, 1075 MiB
2026/09/27 10:35:54.155, 7, 33, 1980 MHz, 126.40 W, 0 %, 1075 MiB
2026/09/27 10:35:56.155, 0, 38, 1980 MHz, 124.93 W, 0 %, 3559 MiB
2026/09/27 10:35:56.155, 1, 34, 1980 MHz, 119.69 W, 0 %, 1075 MiB
2026/09/27 10:35:56.155, 2, 33, 1980 MHz, 115.51 W, 0 %, 1075 MiB
2026/09/27 10:35:56.155, 3, 37, 1980 MHz, 126.63 W, 0 %, 1075 MiB
2026/09/27 10:35:56.155, 4, 39, 1980 MHz, 126.33 W, 0 %, 1075 MiB
2026/09/27 10:35:56.155, 5, 35, 1980 MHz, 120.24 W, 0 %, 1075 MiB
2026/09/27 10:35:56.155, 6, 37, 1980 MHz, 126.68 W, 0 %, 1075 MiB
2026/09/27 10:35:56.155, 7, 33, 1980 MHz, 126.39 W, 0 %, 1075 MiB
2026/09/27 10:35:58.155, 0, 38, 1980 MHz, 124.87 W, 0 %, 3559 MiB
2026/09/27 10:35:58.156, 1, 34, 1980 MHz, 119.74 W, 0 %, 1075 MiB
2026/09/27 10:35:58.156, 2, 33, 1980 MHz, 115.50 W, 0 %, 1075 MiB
2026/09/27 10:35:58.156, 3, 37, 1980 MHz, 126.63 W, 0 %, 1075 MiB
2026/09/27 10:35:58.156, 4, 39, 1980 MHz, 126.32 W, 0 %, 1075 MiB
2026/09/27 10:35:58.156, 5, 35, 1980 MHz, 120.26 W, 0 %, 1075 MiB
2026/09/27 10:35:58.156, 6, 37, 1980 MHz, 126.55 W, 0 %, 1075 MiB
2026/09/27 10:35:58.156, 7, 33, 1980 MHz, 126.36 W, 0 %, 1075 MiB
2026/09/27 10:36:00.156, 0, 38, 1980 MHz, 124.95 W, 0 %, 3559 MiB
2026/09/27 10:36:00.156, 1, 34, 1980 MHz, 119.69 W, 0 %, 1075 MiB
2026/09/27 10:36:00.157, 2, 33, 1980 MHz, 115.49 W, 0 %, 1075 MiB
2026/09/27 10:36:00.157, 3, 37, 1980 MHz, 126.61 W, 0 %, 1075 MiB
2026/09/27 10:36:00.158, 4, 39, 1980 MHz, 126.33 W, 0 %, 1075 MiB
2026/09/27 10:36:00.158, 5, 35, 1980 MHz, 120.27 W, 0 %, 1075 MiB
2026/09/27 10:36:00.158, 6, 37, 1980 MHz, 126.59 W, 0 %, 1075 MiB
2026/09/27 10:36:00.159, 7, 33, 1980 MHz, 126.37 W, 0 %, 1075 MiB
2026/09/27 10:36:02.159, 0, 38, 1980 MHz, 124.92 W, 0 %, 3559 MiB
2026/09/27 10:36:02.159, 1, 34, 1980 MHz, 119.74 W, 0 %, 1075 MiB
2026/09/27 10:36:02.160, 2, 33, 1980 MHz, 115.51 W, 0 %, 1075 MiB
2026/09/27 10:36:02.160, 3, 37, 1980 MHz, 126.58 W, 0 %, 1075 MiB
2026/09/27 10:36:02.160, 4, 39, 1980 MHz, 126.29 W, 0 %, 1075 MiB
2026/09/27 10:36:02.160, 5, 35, 1980 MHz, 120.25 W, 0 %, 1075 MiB
2026/09/27 10:36:02.160, 6, 37, 1980 MHz, 126.59 W, 0 %, 1075 MiB
2026/09/27 10:36:02.160, 7, 33, 1980 MHz, 126.36 W, 0 %, 1075 MiB
2026/09/27 10:36:04.160, 0, 38, 1980 MHz, 124.89 W, 0 %, 3559 MiB
2026/09/27 10:36:04.160, 1, 34, 1980 MHz, 119.69 W, 0 %, 1075 MiB
2026/09/27 10:36:04.160, 2, 33, 1980 MHz, 115.51 W, 0 %, 1075 MiB
2026/09/27 10:36:04.160, 3, 37, 1980 MHz, 126.55 W, 0 %, 1075 MiB
2026/09/27 10:36:04.160, 4, 39, 1980 MHz, 126.28 W, 0 %, 1075 MiB
2026/09/27 10:36:04.161, 5, 35, 1980 MHz, 120.25 W, 0 %, 1075 MiB
2026/09/27 10:36:04.161, 6, 37, 1980 MHz, 126.63 W, 0 %, 1075 MiB
2026/09/27 10:36:04.161, 7, 33, 1980 MHz, 126.37 W, 0 %, 1075 MiB
2026/09/27 10:36:06.161, 0, 38, 1980 MHz, 125.04 W, 0 %, 3559 MiB
2026/09/27 10:36:06.161, 1, 34, 1980 MHz, 119.70 W, 0 %, 3511 MiB
2026/09/27 10:36:06.161, 2, 33, 1980 MHz, 115.49 W, 0 %, 3511 MiB
2026/09/27 10:36:06.161, 3, 37, 1980 MHz, 126.60 W, 0 %, 3511 MiB
2026/09/27 10:36:06.161, 4, 39, 1980 MHz, 126.29 W, 0 %, 3511 MiB
2026/09/27 10:36:06.161, 5, 35, 1980 MHz, 120.20 W, 0 %, 3511 MiB
2026/09/27 10:36:06.161, 6, 37, 1980 MHz, 126.61 W, 0 %, 3511 MiB
2026/09/27 10:36:06.161, 7, 33, 1980 MHz, 126.42 W, 0 %, 3511 MiB
2026/09/27 10:36:08.162, 0, 38, 1980 MHz, 125.06 W, 0 %, 3773 MiB
2026/09/27 10:36:08.162, 1, 34, 1980 MHz, 119.68 W, 0 %, 3727 MiB
2026/09/27 10:36:08.162, 2, 33, 1980 MHz, 115.56 W, 0 %, 3727 MiB
2026/09/27 10:36:08.162, 3, 37, 1980 MHz, 126.67 W, 0 %, 3727 MiB
2026/09/27 10:36:08.162, 4, 39, 1980 MHz, 126.27 W, 0 %, 3727 MiB
2026/09/27 10:36:08.162, 5, 35, 1980 MHz, 120.23 W, 0 %, 3727 MiB
2026/09/27 10:36:08.162, 6, 37, 1980 MHz, 126.67 W, 0 %, 3727 MiB
2026/09/27 10:36:08.162, 7, 33, 1980 MHz, 126.37 W, 0 %, 3727 MiB
2026/09/27 10:36:10.163, 0, 38, 1980 MHz, 130.53 W, 0 %, 4479 MiB
2026/09/27 10:36:10.163, 1, 34, 1980 MHz, 125.80 W, 0 %, 4433 MiB
2026/09/27 10:36:10.163, 2, 33, 1980 MHz, 120.65 W, 0 %, 4433 MiB
2026/09/27 10:36:10.163, 3, 37, 1980 MHz, 132.14 W, 0 %, 4433 MiB
2026/09/27 10:36:10.163, 4, 39, 1980 MHz, 132.52 W, 0 %, 4433 MiB
2026/09/27 10:36:10.163, 5, 35, 1980 MHz, 126.28 W, 0 %, 4433 MiB
2026/09/27 10:36:10.163, 6, 37, 1980 MHz, 132.68 W, 0 %, 4433 MiB
2026/09/27 10:36:10.163, 7, 33, 1980 MHz, 132.49 W, 0 %, 4433 MiB
2026/09/27 10:36:12.164, 0, 38, 1980 MHz, 124.84 W, 0 %, 4479 MiB
2026/09/27 10:36:12.164, 1, 34, 1980 MHz, 119.71 W, 0 %, 4433 MiB
2026/09/27 10:36:12.164, 2, 33, 1980 MHz, 115.54 W, 0 %, 4433 MiB
2026/09/27 10:36:12.164, 3, 37, 1980 MHz, 126.64 W, 0 %, 4433 MiB
2026/09/27 10:36:12.164, 4, 39, 1980 MHz, 126.35 W, 0 %, 4433 MiB
2026/09/27 10:36:12.164, 5, 35, 1980 MHz, 120.26 W, 0 %, 4433 MiB
2026/09/27 10:36:12.164, 6, 37, 1980 MHz, 126.64 W, 0 %, 4433 MiB
2026/09/27 10:36:12.164, 7, 33, 1980 MHz, 126.43 W, 0 %, 4433 MiB
2026/09/27 10:36:14.165, 0, 38, 1980 MHz, 125.71 W, 6 %, 5213 MiB
2026/09/27 10:36:14.165, 1, 34, 1980 MHz, 119.75 W, 0 %, 5033 MiB
2026/09/27 10:36:14.165, 2, 33, 1980 MHz, 116.70 W, 11 %, 5127 MiB
2026/09/27 10:36:14.165, 3, 37, 1980 MHz, 126.69 W, 1 %, 5033 MiB
2026/09/27 10:36:14.166, 4, 39, 1980 MHz, 126.39 W, 1 %, 5093 MiB
2026/09/27 10:36:14.166, 5, 35, 1980 MHz, 120.27 W, 0 %, 5033 MiB
2026/09/27 10:36:14.166, 6, 37, 1980 MHz, 126.65 W, 0 %, 5033 MiB
2026/09/27 10:36:14.166, 7, 33, 1980 MHz, 126.46 W, 1 %, 4713 MiB
2026/09/27 10:36:16.166, 0, 38, 1980 MHz, 128.47 W, 0 %, 5503 MiB
2026/09/27 10:36:16.167, 1, 34, 1980 MHz, 124.09 W, 0 %, 5523 MiB
2026/09/27 10:36:16.167, 2, 33, 1980 MHz, 119.19 W, 0 %, 5587 MiB
2026/09/27 10:36:16.167, 3, 37, 1980 MHz, 129.92 W, 0 %, 5523 MiB
2026/09/27 10:36:16.167, 4, 39, 1980 MHz, 130.68 W, 0 %, 5523 MiB
2026/09/27 10:36:16.167, 5, 35, 1980 MHz, 124.56 W, 0 %, 5523 MiB
2026/09/27 10:36:16.167, 6, 37, 1980 MHz, 131.57 W, 0 %, 5523 MiB
2026/09/27 10:36:16.167, 7, 34, 1980 MHz, 129.70 W, 0 %, 5139 MiB
2026/09/27 10:36:18.167, 0, 38, 1980 MHz, 128.97 W, 1 %, 5503 MiB
2026/09/27 10:36:18.167, 1, 34, 1980 MHz, 124.14 W, 0 %, 5523 MiB
2026/09/27 10:36:18.167, 2, 33, 1980 MHz, 119.69 W, 0 %, 5587 MiB
2026/09/27 10:36:18.168, 3, 37, 1980 MHz, 130.83 W, 0 %, 5523 MiB
2026/09/27 10:36:18.168, 4, 39, 1980 MHz, 130.71 W, 0 %, 5523 MiB
2026/09/27 10:36:18.168, 5, 35, 1980 MHz, 125.56 W, 0 %, 5523 MiB
2026/09/27 10:36:18.168, 6, 37, 1980 MHz, 132.11 W, 0 %, 5523 MiB
2026/09/27 10:36:18.168, 7, 34, 1980 MHz, 130.80 W, 0 %, 5139 MiB
2026/09/27 10:36:20.168, 0, 38, 1980 MHz, 126.66 W, 0 %, 5503 MiB
2026/09/27 10:36:20.168, 1, 34, 1980 MHz, 121.40 W, 0 %, 5523 MiB
2026/09/27 10:36:20.168, 2, 33, 1980 MHz, 117.22 W, 0 %, 5587 MiB
2026/09/27 10:36:20.168, 3, 37, 1980 MHz, 128.40 W, 0 %, 5523 MiB
2026/09/27 10:36:20.168, 4, 39, 1980 MHz, 128.09 W, 0 %, 5523 MiB
2026/09/27 10:36:20.168, 5, 35, 1980 MHz, 121.98 W, 0 %, 5523 MiB
2026/09/27 10:36:20.169, 6, 37, 1980 MHz, 129.05 W, 0 %, 5523 MiB
2026/09/27 10:36:20.169, 7, 33, 1980 MHz, 128.23 W, 0 %, 5139 MiB
2026/09/27 10:36:22.169, 0, 38, 1980 MHz, 124.94 W, 0 %, 5503 MiB
2026/09/27 10:36:22.169, 1, 34, 1980 MHz, 119.79 W, 0 %, 5523 MiB
2026/09/27 10:36:22.169, 2, 33, 1980 MHz, 115.51 W, 0 %, 5587 MiB
2026/09/27 10:36:22.169, 3, 37, 1980 MHz, 126.72 W, 0 %, 5523 MiB
2026/09/27 10:36:22.169, 4, 39, 1980 MHz, 126.38 W, 0 %, 5523 MiB
2026/09/27 10:36:22.169, 5, 35, 1980 MHz, 120.32 W, 0 %, 5523 MiB
2026/09/27 10:36:22.169, 6, 37, 1980 MHz, 127.27 W, 0 %, 5523 MiB
2026/09/27 10:36:22.169, 7, 33, 1980 MHz, 126.50 W, 0 %, 5139 MiB
2026/09/27 10:36:24.170, 0, 38, 1980 MHz, 128.86 W, 4 %, 5503 MiB
2026/09/27 10:36:24.170, 1, 35, 1980 MHz, 123.54 W, 22 %, 5523 MiB
2026/09/27 10:36:24.170, 2, 33, 1980 MHz, 119.41 W, 0 %, 5587 MiB
2026/09/27 10:36:24.170, 3, 38, 1980 MHz, 130.55 W, 20 %, 5523 MiB
2026/09/27 10:36:24.170, 4, 39, 1980 MHz, 130.21 W, 14 %, 5523 MiB
2026/09/27 10:36:24.170, 5, 35, 1980 MHz, 124.05 W, 21 %, 5523 MiB
2026/09/27 10:36:24.170, 6, 37, 1980 MHz, 131.15 W, 6 %, 5523 MiB
2026/09/27 10:36:24.170, 7, 34, 1980 MHz, 130.41 W, 20 %, 5139 MiB
2026/09/27 10:36:26.170, 0, 38, 1980 MHz, 132.49 W, 0 %, 5503 MiB
2026/09/27 10:36:26.170, 1, 34, 1980 MHz, 127.06 W, 0 %, 5523 MiB
2026/09/27 10:36:26.171, 2, 33, 1980 MHz, 123.12 W, 0 %, 5587 MiB
2026/09/27 10:36:26.171, 3, 37, 1980 MHz, 133.98 W, 0 %, 5523 MiB
2026/09/27 10:36:26.171, 4, 39, 1980 MHz, 134.07 W, 0 %, 5523 MiB
2026/09/27 10:36:26.171, 5, 35, 1980 MHz, 127.74 W, 0 %, 5523 MiB
2026/09/27 10:36:26.171, 6, 37, 1980 MHz, 134.87 W, 0 %, 5523 MiB
2026/09/27 10:36:26.171, 7, 34, 1980 MHz, 133.54 W, 0 %, 5139 MiB
2026/09/27 10:36:28.171, 0, 38, 1980 MHz, 124.89 W, 0 %, 5503 MiB
2026/09/27 10:36:28.171, 1, 34, 1980 MHz, 119.68 W, 0 %, 5523 MiB
2026/09/27 10:36:28.171, 2, 33, 1980 MHz, 115.53 W, 0 %, 5587 MiB
2026/09/27 10:36:28.171, 3, 37, 1980 MHz, 126.64 W, 0 %, 5523 MiB
2026/09/27 10:36:28.172, 4, 39, 1980 MHz, 126.36 W, 0 %, 5523 MiB
2026/09/27 10:36:28.172, 5, 35, 1980 MHz, 120.31 W, 0 %, 5523 MiB
2026/09/27 10:36:28.172, 6, 37, 1980 MHz, 127.31 W, 0 %, 5523 MiB
2026/09/27 10:36:28.172, 7, 33, 1980 MHz, 125.80 W, 0 %, 5139 MiB
2026/09/27 10:36:30.172, 0, 38, 1980 MHz, 124.90 W, 0 %, 5503 MiB
2026/09/27 10:36:30.172, 1, 34, 1980 MHz, 119.72 W, 0 %, 5523 MiB
2026/09/27 10:36:30.172, 2, 33, 1980 MHz, 115.52 W, 0 %, 5587 MiB
2026/09/27 10:36:30.172, 3, 37, 1980 MHz, 126.66 W, 0 %, 5523 MiB
2026/09/27 10:36:30.172, 4, 39, 1980 MHz, 126.39 W, 0 %, 5523 MiB
2026/09/27 10:36:30.172, 5, 35, 1980 MHz, 120.30 W, 0 %, 5523 MiB
2026/09/27 10:36:30.172, 6, 37, 1980 MHz, 127.31 W, 0 %, 5523 MiB
2026/09/27 10:36:30.172, 7, 33, 1980 MHz, 125.77 W, 0 %, 5139 MiB
2026/09/27 10:36:32.173, 0, 38, 1980 MHz, 141.40 W, 2 %, 5503 MiB
2026/09/27 10:36:32.173, 1, 35, 1980 MHz, 134.65 W, 0 %, 5523 MiB
2026/09/27 10:36:32.173, 2, 33, 1980 MHz, 131.89 W, 0 %, 5587 MiB
2026/09/27 10:36:32.173, 3, 38, 1980 MHz, 141.96 W, 0 %, 5523 MiB
2026/09/27 10:36:32.173, 4, 39, 1980 MHz, 141.27 W, 0 %, 5523 MiB
2026/09/27 10:36:32.173, 5, 35, 1980 MHz, 135.16 W, 0 %, 5523 MiB
2026/09/27 10:36:32.173, 6, 38, 1980 MHz, 143.86 W, 0 %, 5523 MiB
2026/09/27 10:36:32.173, 7, 34, 1980 MHz, 142.09 W, 0 %, 5139 MiB
2026/09/27 10:36:34.173, 0, 38, 1980 MHz, 126.75 W, 0 %, 5503 MiB
2026/09/27 10:36:34.174, 1, 34, 1980 MHz, 121.41 W, 0 %, 5523 MiB
2026/09/27 10:36:34.174, 2, 33, 1980 MHz, 117.27 W, 0 %, 5587 MiB
2026/09/27 10:36:34.174, 3, 37, 1980 MHz, 128.41 W, 0 %, 5523 MiB
2026/09/27 10:36:34.174, 4, 39, 1980 MHz, 128.16 W, 0 %, 5523 MiB
2026/09/27 10:36:34.174, 5, 35, 1980 MHz, 121.99 W, 0 %, 5523 MiB
2026/09/27 10:36:34.174, 6, 37, 1980 MHz, 129.07 W, 0 %, 5523 MiB
2026/09/27 10:36:34.174, 7, 33, 1980 MHz, 127.60 W, 0 %, 5139 MiB
2026/09/27 10:36:36.174, 0, 38, 1980 MHz, 124.90 W, 0 %, 5503 MiB
2026/09/27 10:36:36.174, 1, 34, 1980 MHz, 119.75 W, 0 %, 5523 MiB
2026/09/27 10:36:36.175, 2, 33, 1980 MHz, 115.56 W, 0 %, 5587 MiB
2026/09/27 10:36:36.175, 3, 37, 1980 MHz, 126.70 W, 0 %, 5523 MiB
2026/09/27 10:36:36.175, 4, 39, 1980 MHz, 126.40 W, 0 %, 5523 MiB
2026/09/27 10:36:36.175, 5, 35, 1980 MHz, 120.29 W, 0 %, 5523 MiB
2026/09/27 10:36:36.175, 6, 37, 1980 MHz, 127.36 W, 0 %, 5523 MiB
2026/09/27 10:36:36.175, 7, 33, 1980 MHz, 125.81 W, 0 %, 5139 MiB
2026/09/27 10:36:38.175, 0, 38, 1980 MHz, 124.92 W, 0 %, 5503 MiB
2026/09/27 10:36:38.176, 1, 34, 1980 MHz, 119.73 W, 0 %, 5523 MiB
2026/09/27 10:36:38.177, 2, 33, 1980 MHz, 115.55 W, 0 %, 5587 MiB
2026/09/27 10:36:38.178, 3, 37, 1980 MHz, 126.72 W, 0 %, 5523 MiB
2026/09/27 10:36:38.179, 4, 39, 1980 MHz, 126.40 W, 0 %, 5523 MiB
2026/09/27 10:36:38.180, 5, 35, 1980 MHz, 120.30 W, 0 %, 5523 MiB
2026/09/27 10:36:38.181, 6, 37, 1980 MHz, 127.32 W, 0 %, 5523 MiB
2026/09/27 10:36:38.182, 7, 33, 1980 MHz, 125.78 W, 0 %, 5139 MiB
2026/09/27 10:36:40.183, 0, 38, 1980 MHz, 131.81 W, 7 %, 5505 MiB
2026/09/27 10:36:40.183, 1, 34, 1980 MHz, 123.03 W, 0 %, 5525 MiB
2026/09/27 10:36:40.183, 2, 33, 1980 MHz, 120.81 W, 1 %, 5589 MiB
2026/09/27 10:36:40.183, 3, 37, 1980 MHz, 130.79 W, 0 %, 5525 MiB
2026/09/27 10:36:40.183, 4, 39, 1980 MHz, 129.86 W, 0 %, 5525 MiB
2026/09/27 10:36:40.183, 5, 35, 1980 MHz, 125.34 W, 0 %, 5525 MiB
2026/09/27 10:36:40.183, 6, 38, 1980 MHz, 132.55 W, 0 %, 5525 MiB
2026/09/27 10:36:40.183, 7, 33, 1980 MHz, 129.72 W, 0 %, 5141 MiB
2026/09/27 10:36:42.183, 0, 38, 1980 MHz, 124.91 W, 0 %, 5505 MiB
2026/09/27 10:36:42.184, 1, 34, 1980 MHz, 119.72 W, 0 %, 5525 MiB
2026/09/27 10:36:42.184, 2, 33, 1980 MHz, 115.52 W, 0 %, 5589 MiB
2026/09/27 10:36:42.184, 3, 37, 1980 MHz, 126.70 W, 0 %, 5525 MiB
2026/09/27 10:36:42.184, 4, 39, 1980 MHz, 126.39 W, 0 %, 5525 MiB
2026/09/27 10:36:42.184, 5, 35, 1980 MHz, 120.26 W, 0 %, 5525 MiB
2026/09/27 10:36:42.184, 6, 37, 1980 MHz, 127.31 W, 0 %, 5525 MiB
2026/09/27 10:36:42.184, 7, 33, 1980 MHz, 125.79 W, 0 %, 5141 MiB
2026/09/27 10:36:44.184, 0, 38, 1980 MHz, 128.34 W, 3 %, 5507 MiB
2026/09/27 10:36:44.184, 1, 35, 1980 MHz, 123.03 W, 5 %, 5525 MiB
2026/09/27 10:36:44.184, 2, 33, 1980 MHz, 118.92 W, 0 %, 5589 MiB
2026/09/27 10:36:44.184, 3, 38, 1980 MHz, 129.98 W, 0 %, 5525 MiB
2026/09/27 10:36:44.185, 4, 39, 1980 MHz, 129.73 W, 0 %, 5525 MiB
2026/09/27 10:36:44.185, 5, 35, 1980 MHz, 123.70 W, 5 %, 5525 MiB
2026/09/27 10:36:44.185, 6, 37, 1980 MHz, 130.71 W, 5 %, 5525 MiB
2026/09/27 10:36:44.185, 7, 34, 1980 MHz, 129.17 W, 0 %, 5141 MiB
2026/09/27 10:36:46.185, 0, 38, 1980 MHz, 124.88 W, 0 %, 5507 MiB
2026/09/27 10:36:46.185, 1, 34, 1980 MHz, 119.74 W, 0 %, 5525 MiB
2026/09/27 10:36:46.186, 2, 33, 1980 MHz, 115.50 W, 0 %, 5589 MiB
2026/09/27 10:36:46.186, 3, 37, 1980 MHz, 126.68 W, 0 %, 5525 MiB
2026/09/27 10:36:46.186, 4, 39, 1980 MHz, 126.40 W, 0 %, 5525 MiB
2026/09/27 10:36:46.186, 5, 35, 1980 MHz, 120.32 W, 0 %, 5525 MiB
2026/09/27 10:36:46.186, 6, 37, 1980 MHz, 127.32 W, 0 %, 5525 MiB
2026/09/27 10:36:46.187, 7, 33, 1980 MHz, 125.79 W, 0 %, 5141 MiB
2026/09/27 10:36:48.187, 0, 38, 1980 MHz, 124.90 W, 0 %, 5507 MiB
2026/09/27 10:36:48.187, 1, 34, 1980 MHz, 119.79 W, 0 %, 5525 MiB
2026/09/27 10:36:48.187, 2, 33, 1980 MHz, 115.57 W, 0 %, 5589 MiB
2026/09/27 10:36:48.187, 3, 37, 1980 MHz, 126.72 W, 0 %, 5525 MiB
2026/09/27 10:36:48.187, 4, 39, 1980 MHz, 126.43 W, 0 %, 5525 MiB
2026/09/27 10:36:48.187, 5, 35, 1980 MHz, 120.30 W, 0 %, 5525 MiB
2026/09/27 10:36:48.188, 6, 37, 1980 MHz, 127.38 W, 0 %, 5525 MiB
2026/09/27 10:36:48.188, 7, 33, 1980 MHz, 125.82 W, 0 %, 5141 MiB
2026/09/27 10:36:50.188, 0, 38, 1980 MHz, 125.05 W, 0 %, 5507 MiB
2026/09/27 10:36:50.188, 1, 34, 1980 MHz, 121.46 W, 0 %, 5525 MiB
2026/09/27 10:36:50.188, 2, 33, 1980 MHz, 115.56 W, 0 %, 5589 MiB
2026/09/27 10:36:50.188, 3, 37, 1980 MHz, 128.24 W, 0 %, 5525 MiB
2026/09/27 10:36:50.188, 4, 39, 1980 MHz, 128.17 W, 0 %, 5525 MiB
2026/09/27 10:36:50.188, 5, 35, 1980 MHz, 120.35 W, 0 %, 5525 MiB
2026/09/27 10:36:50.189, 6, 37, 1980 MHz, 127.51 W, 0 %, 5525 MiB
2026/09/27 10:36:50.189, 7, 33, 1980 MHz, 126.71 W, 0 %, 5141 MiB
2026/09/27 10:36:52.189, 0, 38, 1980 MHz, 124.91 W, 0 %, 5507 MiB
2026/09/27 10:36:52.189, 1, 34, 1980 MHz, 119.74 W, 0 %, 5525 MiB
2026/09/27 10:36:52.189, 2, 33, 1980 MHz, 115.55 W, 0 %, 5589 MiB
2026/09/27 10:36:52.189, 3, 37, 1980 MHz, 126.68 W, 0 %, 5525 MiB
2026/09/27 10:36:52.190, 4, 39, 1980 MHz, 126.42 W, 0 %, 5525 MiB
2026/09/27 10:36:52.190, 5, 35, 1980 MHz, 120.31 W, 0 %, 5525 MiB
2026/09/27 10:36:52.190, 6, 37, 1980 MHz, 127.33 W, 0 %, 5525 MiB
2026/09/27 10:36:52.190, 7, 33, 1980 MHz, 125.83 W, 0 %, 5141 MiB
2026/09/27 10:36:54.190, 0, 38, 1980 MHz, 124.91 W, 0 %, 5507 MiB
2026/09/27 10:36:54.191, 1, 34, 1980 MHz, 119.69 W, 0 %, 5525 MiB
2026/09/27 10:36:54.191, 2, 33, 1980 MHz, 115.55 W, 0 %, 5589 MiB
2026/09/27 10:36:54.191, 3, 37, 1980 MHz, 126.66 W, 0 %, 5525 MiB
2026/09/27 10:36:54.191, 4, 39, 1980 MHz, 126.39 W, 0 %, 5525 MiB
2026/09/27 10:36:54.191, 5, 35, 1980 MHz, 120.28 W, 0 %, 5525 MiB
2026/09/27 10:36:54.191, 6, 37, 1980 MHz, 127.31 W, 0 %, 5525 MiB
2026/09/27 10:36:54.191, 7, 33, 1980 MHz, 125.81 W, 0 %, 5141 MiB
2026/09/27 10:36:56.191, 0, 38, 1980 MHz, 128.03 W, 6 %, 5507 MiB
2026/09/27 10:36:56.192, 1, 35, 1980 MHz, 123.10 W, 0 %, 5525 MiB
2026/09/27 10:36:56.192, 2, 33, 1980 MHz, 118.70 W, 0 %, 5589 MiB
2026/09/27 10:36:56.192, 3, 38, 1980 MHz, 129.82 W, 7 %, 5525 MiB
2026/09/27 10:36:56.192, 4, 39, 1980 MHz, 129.58 W, 7 %, 5525 MiB
2026/09/27 10:36:56.192, 5, 35, 1980 MHz, 123.51 W, 3 %, 5525 MiB
2026/09/27 10:36:56.192, 6, 37, 1980 MHz, 130.55 W, 0 %, 5525 MiB
2026/09/27 10:36:56.192, 7, 34, 1980 MHz, 129.24 W, 7 %, 5141 MiB
2026/09/27 10:36:58.192, 0, 38, 1980 MHz, 125.16 W, 0 %, 5507 MiB
2026/09/27 10:36:58.193, 1, 34, 1980 MHz, 119.84 W, 0 %, 5525 MiB
2026/09/27 10:36:58.193, 2, 33, 1980 MHz, 115.82 W, 0 %, 5589 MiB
2026/09/27 10:36:58.193, 3, 37, 1980 MHz, 128.48 W, 0 %, 5525 MiB
2026/09/27 10:36:58.193, 4, 39, 1980 MHz, 128.25 W, 0 %, 5525 MiB
2026/09/27 10:36:58.193, 5, 35, 1980 MHz, 120.33 W, 0 %, 5525 MiB
2026/09/27 10:36:58.193, 6, 37, 1980 MHz, 127.65 W, 0 %, 5525 MiB
2026/09/27 10:36:58.193, 7, 33, 1980 MHz, 126.94 W, 0 %, 5141 MiB
2026/09/27 10:37:00.193, 0, 38, 1980 MHz, 124.90 W, 0 %, 5507 MiB
2026/09/27 10:37:00.194, 1, 34, 1980 MHz, 119.79 W, 0 %, 5525 MiB
2026/09/27 10:37:00.194, 2, 33, 1980 MHz, 115.53 W, 0 %, 5589 MiB
2026/09/27 10:37:00.194, 3, 37, 1980 MHz, 126.64 W, 0 %, 5525 MiB
2026/09/27 10:37:00.194, 4, 39, 1980 MHz, 126.40 W, 0 %, 5525 MiB
2026/09/27 10:37:00.194, 5, 35, 1980 MHz, 120.31 W, 0 %, 5525 MiB
2026/09/27 10:37:00.194, 6, 37, 1980 MHz, 127.38 W, 0 %, 5525 MiB
2026/09/27 10:37:00.194, 7, 33, 1980 MHz, 125.85 W, 0 %, 5141 MiB
2026/09/27 10:37:02.194, 0, 38, 1980 MHz, 130.34 W, 3 %, 5507 MiB
2026/09/27 10:37:02.194, 1, 35, 1980 MHz, 125.04 W, 0 %, 5525 MiB
2026/09/27 10:37:02.195, 2, 33, 1980 MHz, 120.90 W, 1 %, 5589 MiB
2026/09/27 10:37:02.195, 3, 37, 1980 MHz, 130.85 W, 0 %, 5525 MiB
2026/09/27 10:37:02.195, 4, 39, 1980 MHz, 130.29 W, 0 %, 5525 MiB
2026/09/27 10:37:02.195, 5, 35, 1980 MHz, 125.71 W, 0 %, 5525 MiB
2026/09/27 10:37:02.195, 6, 37, 1980 MHz, 132.66 W, 0 %, 5525 MiB
2026/09/27 10:37:02.195, 7, 33, 1980 MHz, 130.24 W, 0 %, 5141 MiB
2026/09/27 10:37:04.195, 0, 38, 1980 MHz, 124.89 W, 0 %, 5507 MiB
2026/09/27 10:37:04.195, 1, 34, 1980 MHz, 119.75 W, 0 %, 5525 MiB
2026/09/27 10:37:04.196, 2, 33, 1980 MHz, 115.54 W, 0 %, 5589 MiB
2026/09/27 10:37:04.196, 3, 37, 1980 MHz, 126.70 W, 0 %, 5525 MiB
2026/09/27 10:37:04.196, 4, 39, 1980 MHz, 126.35 W, 0 %, 5525 MiB
2026/09/27 10:37:04.196, 5, 35, 1980 MHz, 120.26 W, 0 %, 5525 MiB
2026/09/27 10:37:04.196, 6, 37, 1980 MHz, 127.32 W, 0 %, 5525 MiB
2026/09/27 10:37:04.196, 7, 33, 1980 MHz, 125.80 W, 0 %, 5141 MiB
2026/09/27 10:37:06.196, 0, 38, 1980 MHz, 124.89 W, 0 %, 5507 MiB
2026/09/27 10:37:06.196, 1, 34, 1980 MHz, 119.75 W, 0 %, 5525 MiB
2026/09/27 10:37:06.196, 2, 33, 1980 MHz, 115.54 W, 0 %, 5589 MiB
2026/09/27 10:37:06.196, 3, 37, 1980 MHz, 126.68 W, 0 %, 5525 MiB
2026/09/27 10:37:06.196, 4, 39, 1980 MHz, 126.41 W, 0 %, 5525 MiB
2026/09/27 10:37:06.197, 5, 35, 1980 MHz, 120.29 W, 0 %, 5525 MiB
2026/09/27 10:37:06.197, 6, 37, 1980 MHz, 127.35 W, 0 %, 5525 MiB
2026/09/27 10:37:06.197, 7, 33, 1980 MHz, 125.82 W, 0 %, 5141 MiB
2026/09/27 10:37:08.197, 0, 38, 1980 MHz, 126.84 W, 0 %, 5507 MiB
2026/09/27 10:37:08.197, 1, 34, 1980 MHz, 121.63 W, 0 %, 5525 MiB
2026/09/27 10:37:08.197, 2, 33, 1980 MHz, 117.36 W, 0 %, 5589 MiB
2026/09/27 10:37:08.197, 3, 37, 1980 MHz, 128.54 W, 0 %, 5525 MiB
2026/09/27 10:37:08.197, 4, 39, 1980 MHz, 128.16 W, 0 %, 5525 MiB
2026/09/27 10:37:08.197, 5, 35, 1980 MHz, 122.10 W, 0 %, 5525 MiB
2026/09/27 10:37:08.197, 6, 37, 1980 MHz, 129.07 W, 0 %, 5525 MiB
2026/09/27 10:37:08.198, 7, 33, 1980 MHz, 127.67 W, 0 %, 5141 MiB
2026/09/27 10:37:10.198, 0, 38, 1980 MHz, 124.92 W, 0 %, 5507 MiB
2026/09/27 10:37:10.198, 1, 34, 1980 MHz, 119.74 W, 0 %, 5525 MiB
2026/09/27 10:37:10.198, 2, 33, 1980 MHz, 115.56 W, 0 %, 5589 MiB
2026/09/27 10:37:10.198, 3, 37, 1980 MHz, 126.67 W, 0 %, 5525 MiB
2026/09/27 10:37:10.198, 4, 39, 1980 MHz, 126.38 W, 0 %, 5525 MiB
2026/09/27 10:37:10.198, 5, 35, 1980 MHz, 120.29 W, 0 %, 5525 MiB
2026/09/27 10:37:10.198, 6, 37, 1980 MHz, 127.34 W, 0 %, 5525 MiB
2026/09/27 10:37:10.199, 7, 33, 1980 MHz, 125.74 W, 0 %, 5141 MiB
2026/09/27 10:37:12.199, 0, 38, 1980 MHz, 124.91 W, 0 %, 5507 MiB
2026/09/27 10:37:12.199, 1, 34, 1980 MHz, 119.73 W, 0 %, 5525 MiB
2026/09/27 10:37:12.199, 2, 33, 1980 MHz, 115.57 W, 0 %, 5589 MiB
2026/09/27 10:37:12.199, 3, 37, 1980 MHz, 126.70 W, 0 %, 5525 MiB
2026/09/27 10:37:12.199, 4, 39, 1980 MHz, 126.38 W, 0 %, 5525 MiB
2026/09/27 10:37:12.199, 5, 35, 1980 MHz, 120.33 W, 0 %, 5525 MiB
2026/09/27 10:37:12.199, 6, 37, 1980 MHz, 127.36 W, 0 %, 5525 MiB
2026/09/27 10:37:12.199, 7, 33, 1980 MHz, 125.75 W, 0 %, 5141 MiB
2026/09/27 10:37:14.200, 0, 38, 1980 MHz, 126.78 W, 0 %, 5507 MiB
2026/09/27 10:37:14.200, 1, 34, 1980 MHz, 121.46 W, 0 %, 5525 MiB
2026/09/27 10:37:14.200, 2, 33, 1980 MHz, 117.31 W, 0 %, 5589 MiB
2026/09/27 10:37:14.200, 3, 37, 1980 MHz, 128.46 W, 0 %, 5525 MiB
2026/09/27 10:37:14.200, 4, 39, 1980 MHz, 128.13 W, 0 %, 5525 MiB
2026/09/27 10:37:14.200, 5, 35, 1980 MHz, 122.00 W, 0 %, 5525 MiB
2026/09/27 10:37:14.200, 6, 37, 1980 MHz, 129.14 W, 0 %, 5525 MiB
2026/09/27 10:37:14.201, 7, 33, 1980 MHz, 127.60 W, 0 %, 5141 MiB
2026/09/27 10:37:16.201, 0, 38, 1980 MHz, 124.89 W, 0 %, 5507 MiB
2026/09/27 10:37:16.201, 1, 34, 1980 MHz, 119.76 W, 0 %, 5525 MiB
2026/09/27 10:37:16.201, 2, 33, 1980 MHz, 115.55 W, 0 %, 5589 MiB
2026/09/27 10:37:16.201, 3, 37, 1980 MHz, 126.69 W, 0 %, 5525 MiB
2026/09/27 10:37:16.201, 4, 39, 1980 MHz, 126.40 W, 0 %, 5525 MiB
2026/09/27 10:37:16.201, 5, 35, 1980 MHz, 120.26 W, 0 %, 5525 MiB
2026/09/27 10:37:16.202, 6, 37, 1980 MHz, 127.34 W, 0 %, 5525 MiB
2026/09/27 10:37:16.202, 7, 33, 1980 MHz, 125.77 W, 0 %, 5141 MiB
2026/09/27 10:37:18.202, 0, 38, 1980 MHz, 124.93 W, 0 %, 5507 MiB
2026/09/27 10:37:18.202, 1, 34, 1980 MHz, 119.75 W, 0 %, 5525 MiB
2026/09/27 10:37:18.202, 2, 33, 1980 MHz, 115.54 W, 0 %, 5589 MiB
2026/09/27 10:37:18.202, 3, 37, 1980 MHz, 126.68 W, 0 %, 5525 MiB
2026/09/27 10:37:18.202, 4, 39, 1980 MHz, 126.38 W, 0 %, 5525 MiB
2026/09/27 10:37:18.202, 5, 35, 1980 MHz, 120.32 W, 0 %, 5525 MiB
2026/09/27 10:37:18.202, 6, 37, 1980 MHz, 127.39 W, 0 %, 5525 MiB
2026/09/27 10:37:18.203, 7, 33, 1980 MHz, 125.81 W, 0 %, 5141 MiB
2026/09/27 10:37:20.203, 0, 38, 1980 MHz, 129.75 W, 0 %, 5507 MiB
2026/09/27 10:37:20.203, 1, 34, 1980 MHz, 123.14 W, 0 %, 5525 MiB
2026/09/27 10:37:20.203, 2, 33, 1980 MHz, 119.10 W, 0 %, 5589 MiB
2026/09/27 10:37:20.203, 3, 37, 1980 MHz, 130.01 W, 0 %, 5525 MiB
2026/09/27 10:37:20.203, 4, 39, 1980 MHz, 129.99 W, 0 %, 5525 MiB
2026/09/27 10:37:20.203, 5, 35, 1980 MHz, 123.77 W, 0 %, 5525 MiB
2026/09/27 10:37:20.203, 6, 37, 1980 MHz, 130.83 W, 0 %, 5525 MiB
2026/09/27 10:37:20.204, 7, 33, 1980 MHz, 129.36 W, 0 %, 5141 MiB
2026/09/27 10:37:22.204, 0, 38, 1980 MHz, 124.89 W, 0 %, 5507 MiB
2026/09/27 10:37:22.204, 1, 34, 1980 MHz, 119.72 W, 0 %, 5525 MiB
2026/09/27 10:37:22.204, 2, 33, 1980 MHz, 115.51 W, 0 %, 5589 MiB
2026/09/27 10:37:22.204, 3, 37, 1980 MHz, 126.67 W, 0 %, 5525 MiB
2026/09/27 10:37:22.204, 4, 39, 1980 MHz, 126.38 W, 0 %, 5525 MiB
2026/09/27 10:37:22.204, 5, 35, 1980 MHz, 120.28 W, 0 %, 5525 MiB
2026/09/27 10:37:22.204, 6, 37, 1980 MHz, 127.33 W, 0 %, 5525 MiB
2026/09/27 10:37:22.205, 7, 33, 1980 MHz, 125.78 W, 0 %, 5141 MiB
2026/09/27 10:37:24.205, 0, 38, 1980 MHz, 129.96 W, 1 %, 5507 MiB
2026/09/27 10:37:24.205, 1, 34, 1980 MHz, 124.55 W, 1 %, 5525 MiB
2026/09/27 10:37:24.205, 2, 33, 1980 MHz, 120.27 W, 0 %, 5589 MiB
2026/09/27 10:37:24.205, 3, 38, 1980 MHz, 131.81 W, 0 %, 5525 MiB
2026/09/27 10:37:24.205, 4, 39, 1980 MHz, 131.34 W, 0 %, 5525 MiB
2026/09/27 10:37:24.205, 5, 35, 1980 MHz, 124.99 W, 0 %, 5525 MiB
2026/09/27 10:37:24.205, 6, 37, 1980 MHz, 132.28 W, 1 %, 5525 MiB
2026/09/27 10:37:24.205, 7, 34, 1980 MHz, 130.89 W, 0 %, 5141 MiB
2026/09/27 10:37:26.206, 0, 38, 1980 MHz, 124.90 W, 0 %, 5507 MiB
2026/09/27 10:37:26.206, 1, 34, 1980 MHz, 119.72 W, 0 %, 5525 MiB
2026/09/27 10:37:26.206, 2, 33, 1980 MHz, 115.54 W, 0 %, 5589 MiB
2026/09/27 10:37:26.206, 3, 37, 1980 MHz, 126.72 W, 0 %, 5525 MiB
2026/09/27 10:37:26.206, 4, 39, 1980 MHz, 126.38 W, 0 %, 5525 MiB
2026/09/27 10:37:26.206, 5, 35, 1980 MHz, 120.29 W, 0 %, 5525 MiB
2026/09/27 10:37:26.206, 6, 37, 1980 MHz, 127.32 W, 0 %, 5525 MiB
2026/09/27 10:37:26.206, 7, 33, 1980 MHz, 125.82 W, 0 %, 5141 MiB
2026/09/27 10:37:28.207, 0, 38, 1980 MHz, 131.83 W, 6 %, 5507 MiB
2026/09/27 10:37:28.207, 1, 34, 1980 MHz, 124.25 W, 0 %, 5525 MiB
2026/09/27 10:37:28.207, 2, 33, 1980 MHz, 120.46 W, 0 %, 5589 MiB
2026/09/27 10:37:28.207, 3, 38, 1980 MHz, 131.55 W, 0 %, 5525 MiB
2026/09/27 10:37:28.207, 4, 39, 1980 MHz, 130.84 W, 0 %, 5525 MiB
2026/09/27 10:37:28.207, 5, 35, 1980 MHz, 125.16 W, 0 %, 5525 MiB
2026/09/27 10:37:28.207, 6, 37, 1980 MHz, 132.31 W, 1 %, 5525 MiB
2026/09/27 10:37:28.207, 7, 34, 1980 MHz, 131.07 W, 0 %, 5141 MiB
2026/09/27 10:37:30.207, 0, 38, 1980 MHz, 124.93 W, 0 %, 5507 MiB
2026/09/27 10:37:30.208, 1, 34, 1980 MHz, 119.73 W, 0 %, 5525 MiB
2026/09/27 10:37:30.208, 2, 33, 1980 MHz, 115.55 W, 0 %, 5589 MiB
2026/09/27 10:37:30.208, 3, 37, 1980 MHz, 126.70 W, 0 %, 5525 MiB
2026/09/27 10:37:30.208, 4, 39, 1980 MHz, 126.39 W, 0 %, 5525 MiB
2026/09/27 10:37:30.208, 5, 35, 1980 MHz, 120.29 W, 0 %, 5525 MiB
2026/09/27 10:37:30.208, 6, 37, 1980 MHz, 127.33 W, 0 %, 5525 MiB
2026/09/27 10:37:30.208, 7, 33, 1980 MHz, 125.81 W, 0 %, 5141 MiB
2026/09/27 10:37:32.208, 0, 38, 1980 MHz, 129.76 W, 4 %, 5507 MiB
2026/09/27 10:37:32.209, 1, 35, 1980 MHz, 124.43 W, 0 %, 5525 MiB
2026/09/27 10:37:32.209, 2, 33, 1980 MHz, 120.11 W, 1 %, 5589 MiB
2026/09/27 10:37:32.209, 3, 37, 1980 MHz, 130.36 W, 0 %, 5525 MiB
2026/09/27 10:37:32.209, 4, 39, 1980 MHz, 131.14 W, 0 %, 5525 MiB
2026/09/27 10:37:32.209, 5, 35, 1980 MHz, 124.91 W, 0 %, 5525 MiB
2026/09/27 10:37:32.209, 6, 37, 1980 MHz, 131.96 W, 0 %, 5525 MiB
2026/09/27 10:37:32.209, 7, 33, 1980 MHz, 129.77 W, 0 %, 5141 MiB
2026/09/27 10:37:34.209, 0, 38, 1980 MHz, 124.92 W, 0 %, 5507 MiB
2026/09/27 10:37:34.210, 1, 34, 1980 MHz, 119.75 W, 0 %, 5525 MiB
2026/09/27 10:37:34.210, 2, 33, 1980 MHz, 115.54 W, 0 %, 5589 MiB
2026/09/27 10:37:34.210, 3, 37, 1980 MHz, 126.72 W, 0 %, 5525 MiB
2026/09/27 10:37:34.210, 4, 39, 1980 MHz, 126.39 W, 0 %, 5525 MiB
2026/09/27 10:37:34.210, 5, 35, 1980 MHz, 120.31 W, 0 %, 5525 MiB
2026/09/27 10:37:34.210, 6, 37, 1980 MHz, 127.33 W, 0 %, 5525 MiB
2026/09/27 10:37:34.210, 7, 33, 1980 MHz, 125.81 W, 0 %, 5141 MiB
2026/09/27 10:37:36.210, 0, 38, 1980 MHz, 128.37 W, 0 %, 5507 MiB
2026/09/27 10:37:36.210, 1, 34, 1980 MHz, 122.96 W, 0 %, 5525 MiB
2026/09/27 10:37:36.210, 2, 33, 1980 MHz, 118.85 W, 0 %, 5589 MiB
2026/09/27 10:37:36.210, 3, 37, 1980 MHz, 130.08 W, 0 %, 5525 MiB
2026/09/27 10:37:36.210, 4, 39, 1980 MHz, 129.68 W, 0 %, 5525 MiB
2026/09/27 10:37:36.210, 5, 35, 1980 MHz, 123.51 W, 0 %, 5525 MiB
2026/09/27 10:37:36.210, 6, 37, 1980 MHz, 130.65 W, 0 %, 5525 MiB
2026/09/27 10:37:36.210, 7, 33, 1980 MHz, 129.11 W, 0 %, 5141 MiB
2026/09/27 10:37:38.211, 0, 38, 1980 MHz, 129.54 W, 0 %, 3069 MiB
2026/09/27 10:37:38.211, 1, 34, 1980 MHz, 121.94 W, 0 %, 3087 MiB
2026/09/27 10:37:38.212, 2, 33, 1980 MHz, 117.62 W, 1 %, 3151 MiB
2026/09/27 10:37:38.212, 3, 37, 1980 MHz, 128.57 W, 0 %, 3087 MiB
2026/09/27 10:37:38.213, 4, 39, 1980 MHz, 128.46 W, 0 %, 3087 MiB
2026/09/27 10:37:38.213, 5, 35, 1980 MHz, 122.39 W, 0 %, 3087 MiB
2026/09/27 10:37:38.214, 6, 37, 1980 MHz, 129.29 W, 0 %, 3087 MiB
2026/09/27 10:37:38.215, 7, 34, 1980 MHz, 127.69 W, 0 %, 2703 MiB
2026/09/27 10:37:40.216, 0, 38, 1980 MHz, 129.47 W, 0 %, 559 MiB
2026/09/27 10:37:40.216, 1, 34, 1980 MHz, 124.12 W, 0 %, 539 MiB
2026/09/27 10:37:40.216, 2, 33, 1980 MHz, 119.84 W, 0 %, 539 MiB
2026/09/27 10:37:40.216, 3, 38, 1980 MHz, 131.08 W, 0 %, 539 MiB
2026/09/27 10:37:40.216, 4, 39, 1980 MHz, 130.71 W, 0 %, 539 MiB
2026/09/27 10:37:40.216, 5, 35, 1980 MHz, 124.59 W, 0 %, 539 MiB
2026/09/27 10:37:40.216, 6, 37, 1980 MHz, 131.44 W, 0 %, 539 MiB
2026/09/27 10:37:40.216, 7, 34, 1980 MHz, 130.43 W, 0 %, 539 MiB
2026/09/27 10:37:42.216, 0, 38, 1980 MHz, 129.52 W, 0 %, 559 MiB
2026/09/27 10:37:42.216, 1, 34, 1980 MHz, 124.12 W, 0 %, 539 MiB
2026/09/27 10:37:42.217, 2, 33, 1980 MHz, 119.77 W, 0 %, 539 MiB
2026/09/27 10:37:42.217, 3, 38, 1980 MHz, 131.02 W, 0 %, 539 MiB
2026/09/27 10:37:42.217, 4, 39, 1980 MHz, 130.71 W, 0 %, 539 MiB
2026/09/27 10:37:42.217, 5, 35, 1980 MHz, 124.56 W, 0 %, 539 MiB
2026/09/27 10:37:42.217, 6, 37, 1980 MHz, 130.97 W, 0 %, 539 MiB
2026/09/27 10:37:42.217, 7, 34, 1980 MHz, 130.43 W, 0 %, 539 MiB
2026/09/27 10:37:44.217, 0, 38, 1980 MHz, 129.50 W, 0 %, 559 MiB
2026/09/27 10:37:44.217, 1, 34, 1980 MHz, 124.11 W, 0 %, 539 MiB
2026/09/27 10:37:44.217, 2, 33, 1980 MHz, 119.79 W, 0 %, 539 MiB
2026/09/27 10:37:44.217, 3, 38, 1980 MHz, 131.06 W, 0 %, 539 MiB
2026/09/27 10:37:44.217, 4, 39, 1980 MHz, 130.68 W, 0 %, 539 MiB
2026/09/27 10:37:44.217, 5, 35, 1980 MHz, 124.58 W, 0 %, 539 MiB
2026/09/27 10:37:44.218, 6, 37, 1980 MHz, 130.93 W, 0 %, 539 MiB
2026/09/27 10:37:44.218, 7, 34, 1980 MHz, 130.43 W, 0 %, 539 MiB
2026/09/27 10:37:46.218, 0, 38, 1980 MHz, 129.47 W, 0 %, 559 MiB
2026/09/27 10:37:46.218, 1, 34, 1980 MHz, 124.08 W, 0 %, 539 MiB
2026/09/27 10:37:46.218, 2, 33, 1980 MHz, 119.78 W, 0 %, 539 MiB
2026/09/27 10:37:46.218, 3, 38, 1980 MHz, 131.05 W, 0 %, 539 MiB
2026/09/27 10:37:46.218, 4, 39, 1980 MHz, 130.71 W, 0 %, 539 MiB
2026/09/27 10:37:46.218, 5, 35, 1980 MHz, 124.59 W, 0 %, 539 MiB
2026/09/27 10:37:46.218, 6, 37, 1980 MHz, 130.95 W, 0 %, 539 MiB
2026/09/27 10:37:46.218, 7, 34, 1980 MHz, 130.40 W, 0 %, 539 MiB
2026/09/27 10:37:48.219, 0, 38, 1980 MHz, 129.51 W, 0 %, 559 MiB
2026/09/27 10:37:48.219, 1, 34, 1980 MHz, 124.10 W, 0 %, 539 MiB
2026/09/27 10:37:48.219, 2, 33, 1980 MHz, 119.78 W, 0 %, 539 MiB
2026/09/27 10:37:48.219, 3, 38, 1980 MHz, 131.09 W, 0 %, 539 MiB
2026/09/27 10:37:48.219, 4, 39, 1980 MHz, 130.71 W, 0 %, 539 MiB
2026/09/27 10:37:48.219, 5, 35, 1980 MHz, 124.58 W, 0 %, 539 MiB
2026/09/27 10:37:48.219, 6, 37, 1980 MHz, 130.97 W, 0 %, 539 MiB
2026/09/27 10:37:48.219, 7, 34, 1980 MHz, 130.40 W, 0 %, 539 MiB
2026/09/27 10:37:50.219, 0, 38, 1980 MHz, 129.51 W, 0 %, 559 MiB
2026/09/27 10:37:50.220, 1, 34, 1980 MHz, 124.10 W, 0 %, 539 MiB
2026/09/27 10:37:50.220, 2, 33, 1980 MHz, 119.81 W, 0 %, 539 MiB
2026/09/27 10:37:50.220, 3, 38, 1980 MHz, 131.06 W, 0 %, 539 MiB
2026/09/27 10:37:50.220, 4, 39, 1980 MHz, 130.73 W, 0 %, 539 MiB
2026/09/27 10:37:50.220, 5, 35, 1980 MHz, 124.58 W, 0 %, 539 MiB
2026/09/27 10:37:50.220, 6, 37, 1980 MHz, 130.93 W, 0 %, 539 MiB
2026/09/27 10:37:50.220, 7, 34, 1980 MHz, 130.41 W, 0 %, 539 MiB
2026/09/27 10:37:52.220, 0, 38, 1980 MHz, 129.50 W, 0 %, 559 MiB
2026/09/27 10:37:52.221, 1, 34, 1980 MHz, 124.10 W, 0 %, 539 MiB
2026/09/27 10:37:52.221, 2, 33, 1980 MHz, 119.79 W, 0 %, 539 MiB
2026/09/27 10:37:52.222, 3, 38, 1980 MHz, 131.06 W, 0 %, 539 MiB
2026/09/27 10:37:52.222, 4, 39, 1980 MHz, 130.70 W, 0 %, 539 MiB
2026/09/27 10:37:52.222, 5, 35, 1980 MHz, 124.60 W, 0 %, 539 MiB
2026/09/27 10:37:52.223, 6, 37, 1980 MHz, 131.01 W, 0 %, 539 MiB
2026/09/27 10:37:52.223, 7, 34, 1980 MHz, 130.39 W, 0 %, 539 MiB
2026/09/27 10:37:54.223, 0, 38, 1980 MHz, 129.47 W, 0 %, 559 MiB
2026/09/27 10:37:54.223, 1, 34, 1980 MHz, 124.12 W, 0 %, 539 MiB
2026/09/27 10:37:54.224, 2, 33, 1980 MHz, 119.80 W, 0 %, 539 MiB
2026/09/27 10:37:54.224, 3, 38, 1980 MHz, 131.04 W, 0 %, 539 MiB
2026/09/27 10:37:54.224, 4, 39, 1980 MHz, 130.72 W, 0 %, 539 MiB
2026/09/27 10:37:54.224, 5, 35, 1980 MHz, 124.63 W, 0 %, 539 MiB
2026/09/27 10:37:54.224, 6, 37, 1980 MHz, 130.95 W, 0 %, 539 MiB
2026/09/27 10:37:54.224, 7, 34, 1980 MHz, 130.38 W, 0 %, 539 MiB
2026/09/27 10:37:56.224, 0, 38, 1980 MHz, 129.55 W, 0 %, 559 MiB
2026/09/27 10:37:56.224, 1, 34, 1980 MHz, 124.11 W, 0 %, 539 MiB
2026/09/27 10:37:56.224, 2, 33, 1980 MHz, 119.80 W, 0 %, 539 MiB
2026/09/27 10:37:56.224, 3, 38, 1980 MHz, 131.02 W, 0 %, 539 MiB
2026/09/27 10:37:56.224, 4, 39, 1980 MHz, 130.74 W, 0 %, 539 MiB
2026/09/27 10:37:56.225, 5, 35, 1980 MHz, 124.60 W, 0 %, 539 MiB
2026/09/27 10:37:56.225, 6, 37, 1980 MHz, 130.98 W, 0 %, 539 MiB
2026/09/27 10:37:56.225, 7, 34, 1980 MHz, 130.42 W, 0 %, 539 MiB
2026/09/27 10:37:58.225, 0, 38, 1980 MHz, 129.50 W, 0 %, 559 MiB
2026/09/27 10:37:58.225, 1, 34, 1980 MHz, 124.10 W, 0 %, 539 MiB
2026/09/27 10:37:58.225, 2, 33, 1980 MHz, 119.78 W, 0 %, 539 MiB
2026/09/27 10:37:58.225, 3, 38, 1980 MHz, 131.07 W, 0 %, 539 MiB
2026/09/27 10:37:58.225, 4, 39, 1980 MHz, 130.72 W, 0 %, 539 MiB
2026/09/27 10:37:58.225, 5, 35, 1980 MHz, 124.60 W, 0 %, 539 MiB
2026/09/27 10:37:58.225, 6, 37, 1980 MHz, 130.99 W, 0 %, 539 MiB
2026/09/27 10:37:58.226, 7, 34, 1980 MHz, 130.40 W, 0 %, 539 MiB
2026/09/27 10:38:00.226, 0, 38, 1980 MHz, 129.46 W, 0 %, 559 MiB
2026/09/27 10:38:00.226, 1, 34, 1980 MHz, 124.12 W, 0 %, 539 MiB
2026/09/27 10:38:00.226, 2, 33, 1980 MHz, 119.83 W, 0 %, 539 MiB
2026/09/27 10:38:00.226, 3, 38, 1980 MHz, 131.05 W, 0 %, 539 MiB
2026/09/27 10:38:00.226, 4, 39, 1980 MHz, 130.75 W, 0 %, 539 MiB
2026/09/27 10:38:00.226, 5, 35, 1980 MHz, 124.58 W, 0 %, 539 MiB
2026/09/27 10:38:00.226, 6, 37, 1980 MHz, 130.98 W, 0 %, 539 MiB
2026/09/27 10:38:00.227, 7, 34, 1980 MHz, 130.39 W, 0 %, 539 MiB
2026/09/27 10:38:02.227, 0, 38, 1980 MHz, 129.54 W, 0 %, 559 MiB
2026/09/27 10:38:02.227, 1, 34, 1980 MHz, 124.12 W, 0 %, 539 MiB
2026/09/27 10:38:02.227, 2, 33, 1980 MHz, 119.81 W, 0 %, 539 MiB
2026/09/27 10:38:02.227, 3, 38, 1980 MHz, 131.09 W, 0 %, 539 MiB
2026/09/27 10:38:02.227, 4, 39, 1980 MHz, 130.76 W, 0 %, 539 MiB
2026/09/27 10:38:02.227, 5, 35, 1980 MHz, 124.59 W, 0 %, 539 MiB
2026/09/27 10:38:02.227, 6, 37, 1980 MHz, 130.97 W, 0 %, 539 MiB
2026/09/27 10:38:02.228, 7, 34, 1980 MHz, 130.39 W, 0 %, 539 MiB
2026/09/27 10:38:04.228, 0, 38, 1980 MHz, 129.54 W, 0 %, 559 MiB
2026/09/27 10:38:04.228, 1, 34, 1980 MHz, 124.08 W, 0 %, 539 MiB
2026/09/27 10:38:04.228, 2, 33, 1980 MHz, 119.82 W, 0 %, 539 MiB
2026/09/27 10:38:04.228, 3, 38, 1980 MHz, 131.06 W, 0 %, 539 MiB
2026/09/27 10:38:04.228, 4, 39, 1980 MHz, 130.73 W, 0 %, 539 MiB
2026/09/27 10:38:04.228, 5, 35, 1980 MHz, 124.58 W, 0 %, 539 MiB
2026/09/27 10:38:04.228, 6, 37, 1980 MHz, 130.98 W, 0 %, 539 MiB
2026/09/27 10:38:04.228, 7, 34, 1980 MHz, 130.37 W, 0 %, 539 MiB
2026/09/27 10:38:06.228, 0, 38, 1980 MHz, 129.54 W, 0 %, 559 MiB
2026/09/27 10:38:06.229, 1, 34, 1980 MHz, 124.08 W, 0 %, 539 MiB
2026/09/27 10:38:06.229, 2, 33, 1980 MHz, 119.78 W, 0 %, 539 MiB
2026/09/27 10:38:06.229, 3, 38, 1980 MHz, 131.03 W, 0 %, 539 MiB
2026/09/27 10:38:06.229, 4, 39, 1980 MHz, 130.75 W, 0 %, 539 MiB
2026/09/27 10:38:06.229, 5, 35, 1980 MHz, 124.60 W, 0 %, 539 MiB
2026/09/27 10:38:06.229, 6, 37, 1980 MHz, 130.90 W, 0 %, 539 MiB
2026/09/27 10:38:06.229, 7, 34, 1980 MHz, 130.42 W, 0 %, 539 MiB
2026/09/27 10:38:08.229, 0, 38, 1980 MHz, 129.52 W, 0 %, 559 MiB
2026/09/27 10:38:08.230, 1, 34, 1980 MHz, 124.11 W, 0 %, 539 MiB
2026/09/27 10:38:08.230, 2, 33, 1980 MHz, 119.81 W, 0 %, 539 MiB
2026/09/27 10:38:08.230, 3, 38, 1980 MHz, 131.05 W, 0 %, 539 MiB
2026/09/27 10:38:08.230, 4, 39, 1980 MHz, 130.76 W, 0 %, 539 MiB
2026/09/27 10:38:08.230, 5, 35, 1980 MHz, 124.60 W, 0 %, 539 MiB
2026/09/27 10:38:08.230, 6, 37, 1980 MHz, 130.99 W, 0 %, 539 MiB
2026/09/27 10:38:08.230, 7, 34, 1980 MHz, 130.39 W, 0 %, 539 MiB
2026/09/27 10:38:10.230, 0, 38, 1980 MHz, 129.52 W, 0 %, 559 MiB
2026/09/27 10:38:10.231, 1, 35, 1980 MHz, 124.13 W, 0 %, 539 MiB
2026/09/27 10:38:10.231, 2, 33, 1980 MHz, 119.80 W, 0 %, 539 MiB
2026/09/27 10:38:10.231, 3, 38, 1980 MHz, 131.12 W, 0 %, 539 MiB
2026/09/27 10:38:10.231, 4, 39, 1980 MHz, 130.77 W, 0 %, 539 MiB
2026/09/27 10:38:10.231, 5, 35, 1980 MHz, 124.59 W, 0 %, 539 MiB
2026/09/27 10:38:10.231, 6, 37, 1980 MHz, 131.00 W, 0 %, 539 MiB
2026/09/27 10:38:10.231, 7, 34, 1980 MHz, 130.41 W, 0 %, 539 MiB
2026/09/27 10:38:12.231, 0, 38, 1980 MHz, 129.55 W, 0 %, 559 MiB
2026/09/27 10:38:12.231, 1, 34, 1980 MHz, 124.12 W, 0 %, 539 MiB
2026/09/27 10:38:12.232, 2, 33, 1980 MHz, 119.79 W, 0 %, 539 MiB
2026/09/27 10:38:12.232, 3, 38, 1980 MHz, 131.12 W, 0 %, 539 MiB
2026/09/27 10:38:12.232, 4, 39, 1980 MHz, 130.77 W, 0 %, 539 MiB
2026/09/27 10:38:12.232, 5, 35, 1980 MHz, 124.62 W, 0 %, 539 MiB
2026/09/27 10:38:12.232, 6, 37, 1980 MHz, 131.00 W, 0 %, 539 MiB
2026/09/27 10:38:12.232, 7, 34, 1980 MHz, 130.41 W, 0 %, 539 MiB
2026/09/27 10:38:14.232, 0, 38, 1980 MHz, 129.51 W, 0 %, 559 MiB
2026/09/27 10:38:14.232, 1, 34, 1980 MHz, 124.12 W, 0 %, 539 MiB
2026/09/27 10:38:14.232, 2, 33, 1980 MHz, 119.79 W, 0 %, 539 MiB
2026/09/27 10:38:14.232, 3, 38, 1980 MHz, 131.11 W, 0 %, 539 MiB
2026/09/27 10:38:14.233, 4, 39, 1980 MHz, 130.78 W, 0 %, 539 MiB
2026/09/27 10:38:14.233, 5, 35, 1980 MHz, 124.61 W, 0 %, 539 MiB
2026/09/27 10:38:14.233, 6, 37, 1980 MHz, 130.98 W, 0 %, 539 MiB
2026/09/27 10:38:14.233, 7, 34, 1980 MHz, 130.41 W, 0 %, 539 MiB
2026/09/27 10:38:16.233, 0, 38, 1980 MHz, 129.54 W, 0 %, 559 MiB
2026/09/27 10:38:16.233, 1, 34, 1980 MHz, 124.09 W, 0 %, 539 MiB
2026/09/27 10:38:16.233, 2, 33, 1980 MHz, 119.79 W, 0 %, 539 MiB
2026/09/27 10:38:16.233, 3, 38, 1980 MHz, 131.09 W, 0 %, 539 MiB
2026/09/27 10:38:16.233, 4, 39, 1980 MHz, 130.80 W, 0 %, 539 MiB
2026/09/27 10:38:16.233, 5, 35, 1980 MHz, 124.61 W, 0 %, 539 MiB
2026/09/27 10:38:16.234, 6, 37, 1980 MHz, 131.02 W, 0 %, 539 MiB
2026/09/27 10:38:16.234, 7, 34, 1980 MHz, 130.43 W, 0 %, 539 MiB
2026/09/27 10:38:18.234, 0, 38, 1980 MHz, 129.51 W, 0 %, 559 MiB
2026/09/27 10:38:18.234, 1, 34, 1980 MHz, 124.13 W, 0 %, 539 MiB
2026/09/27 10:38:18.234, 2, 33, 1980 MHz, 119.81 W, 0 %, 539 MiB
2026/09/27 10:38:18.234, 3, 38, 1980 MHz, 131.10 W, 0 %, 539 MiB
2026/09/27 10:38:18.234, 4, 39, 1980 MHz, 130.79 W, 0 %, 539 MiB
2026/09/27 10:38:18.234, 5, 35, 1980 MHz, 124.61 W, 0 %, 539 MiB
2026/09/27 10:38:18.234, 6, 37, 1980 MHz, 130.99 W, 0 %, 539 MiB
2026/09/27 10:38:18.235, 7, 34, 1980 MHz, 131.12 W, 0 %, 539 MiB
2026/09/27 10:38:20.235, 0, 38, 1980 MHz, 129.54 W, 0 %, 559 MiB
2026/09/27 10:38:20.235, 1, 34, 1980 MHz, 124.13 W, 0 %, 539 MiB
2026/09/27 10:38:20.235, 2, 33, 1980 MHz, 119.79 W, 0 %, 539 MiB
2026/09/27 10:38:20.235, 3, 38, 1980 MHz, 131.08 W, 0 %, 539 MiB
2026/09/27 10:38:20.235, 4, 39, 1980 MHz, 130.79 W, 0 %, 539 MiB
2026/09/27 10:38:20.235, 5, 35, 1980 MHz, 124.61 W, 0 %, 539 MiB
2026/09/27 10:38:20.235, 6, 37, 1980 MHz, 130.94 W, 0 %, 539 MiB
2026/09/27 10:38:20.235, 7, 34, 1980 MHz, 131.13 W, 0 %, 539 MiB
2026/09/27 10:38:22.236, 0, 38, 1980 MHz, 129.55 W, 0 %, 559 MiB
2026/09/27 10:38:22.236, 1, 35, 1980 MHz, 124.09 W, 0 %, 539 MiB
2026/09/27 10:38:22.236, 2, 33, 1980 MHz, 119.81 W, 0 %, 539 MiB
2026/09/27 10:38:22.236, 3, 38, 1980 MHz, 131.09 W, 0 %, 539 MiB
2026/09/27 10:38:22.236, 4, 39, 1980 MHz, 130.81 W, 0 %, 539 MiB
2026/09/27 10:38:22.236, 5, 35, 1980 MHz, 124.60 W, 0 %, 539 MiB
2026/09/27 10:38:22.236, 6, 37, 1980 MHz, 130.98 W, 0 %, 539 MiB
2026/09/27 10:38:22.236, 7, 34, 1980 MHz, 131.15 W, 0 %, 539 MiB
2026/09/27 10:38:24.237, 0, 38, 1980 MHz, 129.54 W, 0 %, 559 MiB
2026/09/27 10:38:24.237, 1, 35, 1980 MHz, 124.13 W, 0 %, 539 MiB
2026/09/27 10:38:24.237, 2, 33, 1980 MHz, 119.81 W, 0 %, 539 MiB
2026/09/27 10:38:24.237, 3, 38, 1980 MHz, 131.07 W, 0 %, 539 MiB
2026/09/27 10:38:24.237, 4, 39, 1980 MHz, 130.78 W, 0 %, 539 MiB
2026/09/27 10:38:24.237, 5, 35, 1980 MHz, 124.60 W, 0 %, 539 MiB
2026/09/27 10:38:24.237, 6, 37, 1980 MHz, 130.97 W, 0 %, 539 MiB
2026/09/27 10:38:24.237, 7, 34, 1980 MHz, 131.15 W, 0 %, 539 MiB
2026/09/27 10:38:26.238, 0, 38, 1980 MHz, 129.56 W, 0 %, 559 MiB
2026/09/27 10:38:26.238, 1, 35, 1980 MHz, 124.10 W, 0 %, 539 MiB
2026/09/27 10:38:26.238, 2, 33, 1980 MHz, 119.81 W, 0 %, 539 MiB
2026/09/27 10:38:26.238, 3, 38, 1980 MHz, 131.12 W, 0 %, 539 MiB
2026/09/27 10:38:26.238, 4, 39, 1980 MHz, 130.77 W, 0 %, 539 MiB
2026/09/27 10:38:26.238, 5, 35, 1980 MHz, 124.60 W, 0 %, 539 MiB
2026/09/27 10:38:26.238, 6, 37, 1980 MHz, 131.00 W, 0 %, 539 MiB
2026/09/27 10:38:26.238, 7, 34, 1980 MHz, 131.14 W, 0 %, 539 MiB
2026/09/27 10:38:28.238, 0, 38, 1980 MHz, 129.53 W, 0 %, 559 MiB
2026/09/27 10:38:28.239, 1, 35, 1980 MHz, 124.12 W, 0 %, 539 MiB
2026/09/27 10:38:28.239, 2, 33, 1980 MHz, 119.82 W, 0 %, 539 MiB
2026/09/27 10:38:28.239, 3, 38, 1980 MHz, 131.11 W, 0 %, 539 MiB
2026/09/27 10:38:28.239, 4, 39, 1980 MHz, 130.79 W, 0 %, 539 MiB
2026/09/27 10:38:28.239, 5, 35, 1980 MHz, 124.57 W, 0 %, 539 MiB
2026/09/27 10:38:28.239, 6, 37, 1980 MHz, 131.07 W, 0 %, 539 MiB
2026/09/27 10:38:28.239, 7, 34, 1980 MHz, 131.14 W, 0 %, 539 MiB
2026/09/27 10:38:30.239, 0, 38, 1980 MHz, 129.58 W, 0 %, 559 MiB
2026/09/27 10:38:30.239, 1, 35, 1980 MHz, 124.10 W, 0 %, 539 MiB
2026/09/27 10:38:30.240, 2, 33, 1980 MHz, 119.81 W, 0 %, 539 MiB
2026/09/27 10:38:30.240, 3, 38, 1980 MHz, 131.12 W, 0 %, 539 MiB
2026/09/27 10:38:30.240, 4, 39, 1980 MHz, 130.82 W, 0 %, 539 MiB
2026/09/27 10:38:30.240, 5, 35, 1980 MHz, 124.61 W, 0 %, 539 MiB
2026/09/27 10:38:30.240, 6, 37, 1980 MHz, 131.03 W, 0 %, 539 MiB
2026/09/27 10:38:30.240, 7, 34, 1980 MHz, 131.13 W, 0 %, 539 MiB
2026/09/27 10:38:32.240, 0, 38, 1980 MHz, 129.59 W, 0 %, 559 MiB
2026/09/27 10:38:32.241, 1, 35, 1980 MHz, 124.12 W, 0 %, 539 MiB
2026/09/27 10:38:32.241, 2, 33, 1980 MHz, 119.81 W, 0 %, 539 MiB
2026/09/27 10:38:32.241, 3, 38, 1980 MHz, 131.12 W, 0 %, 539 MiB
2026/09/27 10:38:32.241, 4, 39, 1980 MHz, 130.79 W, 0 %, 539 MiB
2026/09/27 10:38:32.241, 5, 35, 1980 MHz, 124.62 W, 0 %, 539 MiB
2026/09/27 10:38:32.241, 6, 37, 1980 MHz, 131.04 W, 0 %, 539 MiB
2026/09/27 10:38:32.241, 7, 34, 1980 MHz, 131.14 W, 0 %, 539 MiB
2026/09/27 10:38:34.241, 0, 38, 1980 MHz, 129.46 W, 0 %, 559 MiB
2026/09/27 10:38:34.242, 1, 35, 1980 MHz, 124.08 W, 0 %, 539 MiB
2026/09/27 10:38:34.242, 2, 33, 1980 MHz, 119.81 W, 0 %, 539 MiB
2026/09/27 10:38:34.242, 3, 38, 1980 MHz, 131.11 W, 0 %, 539 MiB
2026/09/27 10:38:34.242, 4, 39, 1980 MHz, 130.81 W, 0 %, 539 MiB
2026/09/27 10:38:34.242, 5, 35, 1980 MHz, 124.65 W, 0 %, 539 MiB
2026/09/27 10:38:34.242, 6, 37, 1980 MHz, 131.04 W, 0 %, 539 MiB
2026/09/27 10:38:34.242, 7, 34, 1980 MHz, 131.14 W, 0 %, 539 MiB
2026/09/27 10:38:36.242, 0, 38, 1980 MHz, 129.57 W, 0 %, 559 MiB
2026/09/27 10:38:36.243, 1, 35, 1980 MHz, 124.14 W, 0 %, 539 MiB
2026/09/27 10:38:36.243, 2, 33, 1980 MHz, 119.83 W, 0 %, 539 MiB
2026/09/27 10:38:36.243, 3, 38, 1980 MHz, 131.12 W, 0 %, 539 MiB
2026/09/27 10:38:36.243, 4, 39, 1980 MHz, 130.81 W, 0 %, 539 MiB
2026/09/27 10:38:36.243, 5, 35, 1980 MHz, 124.63 W, 0 %, 539 MiB
2026/09/27 10:38:36.243, 6, 37, 1980 MHz, 130.97 W, 0 %, 539 MiB
2026/09/27 10:38:36.243, 7, 34, 1980 MHz, 131.14 W, 0 %, 539 MiB
2026/09/27 10:38:38.243, 0, 38, 1980 MHz, 129.57 W, 0 %, 559 MiB
2026/09/27 10:38:38.244, 1, 35, 1980 MHz, 124.11 W, 0 %, 539 MiB
2026/09/27 10:38:38.244, 2, 33, 1980 MHz, 119.82 W, 0 %, 539 MiB
2026/09/27 10:38:38.244, 3, 38, 1980 MHz, 131.11 W, 0 %, 539 MiB
2026/09/27 10:38:38.244, 4, 39, 1980 MHz, 130.81 W, 0 %, 539 MiB
2026/09/27 10:38:38.244, 5, 35, 1980 MHz, 124.67 W, 0 %, 539 MiB
2026/09/27 10:38:38.244, 6, 37, 1980 MHz, 130.98 W, 0 %, 539 MiB
2026/09/27 10:38:38.244, 7, 34, 1980 MHz, 131.16 W, 0 %, 539 MiB
2026/09/27 10:38:40.244, 0, 38, 1980 MHz, 129.56 W, 0 %, 559 MiB
2026/09/27 10:38:40.245, 1, 35, 1980 MHz, 124.08 W, 0 %, 539 MiB
2026/09/27 10:38:40.245, 2, 33, 1980 MHz, 119.83 W, 0 %, 539 MiB
2026/09/27 10:38:40.245, 3, 38, 1980 MHz, 131.12 W, 0 %, 539 MiB
2026/09/27 10:38:40.245, 4, 39, 1980 MHz, 130.79 W, 0 %, 539 MiB
2026/09/27 10:38:40.245, 5, 35, 1980 MHz, 124.66 W, 0 %, 539 MiB
2026/09/27 10:38:40.245, 6, 37, 1980 MHz, 131.00 W, 0 %, 539 MiB
2026/09/27 10:38:40.245, 7, 34, 1980 MHz, 131.12 W, 0 %, 539 MiB
2026/09/27 10:38:42.245, 0, 38, 1980 MHz, 129.55 W, 0 %, 559 MiB
2026/09/27 10:38:42.245, 1, 35, 1980 MHz, 124.17 W, 0 %, 539 MiB
2026/09/27 10:38:42.246, 2, 33, 1980 MHz, 119.81 W, 0 %, 539 MiB
2026/09/27 10:38:42.246, 3, 38, 1980 MHz, 131.12 W, 0 %, 539 MiB
2026/09/27 10:38:42.246, 4, 39, 1980 MHz, 130.81 W, 0 %, 539 MiB
2026/09/27 10:38:42.246, 5, 35, 1980 MHz, 124.61 W, 0 %, 539 MiB
2026/09/27 10:38:42.246, 6, 37, 1980 MHz, 131.02 W, 0 %, 539 MiB
2026/09/27 10:38:42.246, 7, 34, 1980 MHz, 131.13 W, 0 %, 539 MiB
2026/09/27 10:38:44.246, 0, 38, 1980 MHz, 129.60 W, 0 %, 559 MiB
2026/09/27 10:38:44.246, 1, 35, 1980 MHz, 124.10 W, 0 %, 539 MiB
2026/09/27 10:38:44.246, 2, 33, 1980 MHz, 119.82 W, 0 %, 539 MiB
2026/09/27 10:38:44.246, 3, 38, 1980 MHz, 131.10 W, 0 %, 539 MiB
2026/09/27 10:38:44.247, 4, 39, 1980 MHz, 130.85 W, 0 %, 539 MiB
2026/09/27 10:38:44.247, 5, 35, 1980 MHz, 124.59 W, 0 %, 539 MiB
2026/09/27 10:38:44.247, 6, 37, 1980 MHz, 131.03 W, 0 %, 539 MiB
2026/09/27 10:38:44.247, 7, 34, 1980 MHz, 131.10 W, 0 %, 539 MiB
2026/09/27 10:38:46.247, 0, 38, 1980 MHz, 129.54 W, 0 %, 559 MiB
2026/09/27 10:38:46.247, 1, 35, 1980 MHz, 124.09 W, 0 %, 539 MiB
2026/09/27 10:38:46.247, 2, 33, 1980 MHz, 119.81 W, 0 %, 539 MiB
2026/09/27 10:38:46.247, 3, 38, 1980 MHz, 131.09 W, 0 %, 539 MiB
2026/09/27 10:38:46.247, 4, 39, 1980 MHz, 130.81 W, 0 %, 539 MiB
2026/09/27 10:38:46.247, 5, 35, 1980 MHz, 124.59 W, 0 %, 539 MiB
2026/09/27 10:38:46.248, 6, 37, 1980 MHz, 131.02 W, 0 %, 539 MiB
2026/09/27 10:38:46.248, 7, 34, 1980 MHz, 131.13 W, 0 %, 539 MiB
2026/09/27 10:38:48.248, 0, 38, 1980 MHz, 129.50 W, 0 %, 559 MiB
2026/09/27 10:38:48.248, 1, 35, 1980 MHz, 124.14 W, 0 %, 539 MiB
2026/09/27 10:38:48.248, 2, 33, 1980 MHz, 119.82 W, 0 %, 539 MiB
2026/09/27 10:38:48.248, 3, 38, 1980 MHz, 131.10 W, 0 %, 539 MiB
2026/09/27 10:38:48.248, 4, 39, 1980 MHz, 130.84 W, 0 %, 539 MiB
2026/09/27 10:38:48.248, 5, 35, 1980 MHz, 124.61 W, 0 %, 539 MiB
2026/09/27 10:38:48.248, 6, 37, 1980 MHz, 131.04 W, 0 %, 539 MiB
2026/09/27 10:38:48.249, 7, 34, 1980 MHz, 131.11 W, 0 %, 539 MiB
2026/09/27 10:38:50.249, 0, 38, 1980 MHz, 129.53 W, 0 %, 559 MiB
2026/09/27 10:38:50.249, 1, 35, 1980 MHz, 124.12 W, 0 %, 539 MiB
2026/09/27 10:38:50.249, 2, 33, 1980 MHz, 119.81 W, 0 %, 539 MiB
2026/09/27 10:38:50.249, 3, 38, 1980 MHz, 131.12 W, 0 %, 539 MiB
2026/09/27 10:38:50.249, 4, 39, 1980 MHz, 130.84 W, 0 %, 539 MiB
2026/09/27 10:38:50.249, 5, 35, 1980 MHz, 124.59 W, 0 %, 539 MiB
2026/09/27 10:38:50.249, 6, 37, 1980 MHz, 130.99 W, 0 %, 539 MiB
2026/09/27 10:38:50.250, 7, 34, 1980 MHz, 131.15 W, 0 %, 539 MiB
2026/09/27 10:38:52.250, 0, 38, 1980 MHz, 129.57 W, 0 %, 559 MiB
2026/09/27 10:38:52.250, 1, 35, 1980 MHz, 124.14 W, 0 %, 539 MiB
2026/09/27 10:38:52.250, 2, 33, 1980 MHz, 119.79 W, 0 %, 539 MiB
2026/09/27 10:38:52.250, 3, 38, 1980 MHz, 131.14 W, 0 %, 539 MiB
2026/09/27 10:38:52.250, 4, 39, 1980 MHz, 130.79 W, 0 %, 539 MiB
2026/09/27 10:38:52.250, 5, 35, 1980 MHz, 124.59 W, 0 %, 539 MiB
2026/09/27 10:38:52.250, 6, 37, 1980 MHz, 131.01 W, 0 %, 539 MiB
2026/09/27 10:38:52.250, 7, 34, 1980 MHz, 131.11 W, 0 %, 539 MiB
2026/09/27 10:38:54.251, 0, 38, 1980 MHz, 129.61 W, 0 %, 559 MiB
2026/09/27 10:38:54.251, 1, 35, 1980 MHz, 124.11 W, 0 %, 539 MiB
2026/09/27 10:38:54.251, 2, 33, 1980 MHz, 119.82 W, 0 %, 539 MiB
2026/09/27 10:38:54.251, 3, 38, 1980 MHz, 131.14 W, 0 %, 539 MiB
2026/09/27 10:38:54.251, 4, 39, 1980 MHz, 130.81 W, 0 %, 539 MiB
2026/09/27 10:38:54.251, 5, 35, 1980 MHz, 124.61 W, 0 %, 539 MiB
2026/09/27 10:38:54.251, 6, 37, 1980 MHz, 130.99 W, 0 %, 539 MiB
2026/09/27 10:38:54.252, 7, 34, 1980 MHz, 131.12 W, 0 %, 539 MiB
2026/09/27 10:38:56.252, 0, 38, 1980 MHz, 129.53 W, 0 %, 559 MiB
2026/09/27 10:38:56.252, 1, 35, 1980 MHz, 124.09 W, 0 %, 539 MiB
2026/09/27 10:38:56.252, 2, 33, 1980 MHz, 119.82 W, 0 %, 539 MiB
2026/09/27 10:38:56.252, 3, 38, 1980 MHz, 131.10 W, 0 %, 539 MiB
2026/09/27 10:38:56.252, 4, 39, 1980 MHz, 130.80 W, 0 %, 539 MiB
2026/09/27 10:38:56.252, 5, 35, 1980 MHz, 124.65 W, 0 %, 539 MiB
2026/09/27 10:38:56.252, 6, 37, 1980 MHz, 131.00 W, 0 %, 539 MiB
2026/09/27 10:38:56.252, 7, 34, 1980 MHz, 131.13 W, 0 %, 539 MiB
2026/09/27 10:38:58.253, 0, 38, 1980 MHz, 129.60 W, 0 %, 559 MiB
2026/09/27 10:38:58.253, 1, 35, 1980 MHz, 124.12 W, 0 %, 539 MiB
2026/09/27 10:38:58.253, 2, 33, 1980 MHz, 119.81 W, 0 %, 539 MiB
2026/09/27 10:38:58.253, 3, 38, 1980 MHz, 131.10 W, 0 %, 539 MiB
2026/09/27 10:38:58.253, 4, 39, 1980 MHz, 130.85 W, 0 %, 539 MiB
2026/09/27 10:38:58.253, 5, 35, 1980 MHz, 124.63 W, 0 %, 539 MiB
2026/09/27 10:38:58.253, 6, 37, 1980 MHz, 131.10 W, 0 %, 539 MiB
2026/09/27 10:38:58.253, 7, 34, 1980 MHz, 131.13 W, 0 %, 539 MiB
2026/09/27 10:39:00.253, 0, 38, 1980 MHz, 129.63 W, 0 %, 559 MiB
2026/09/27 10:39:00.254, 1, 35, 1980 MHz, 124.07 W, 0 %, 539 MiB
2026/09/27 10:39:00.254, 2, 33, 1980 MHz, 119.81 W, 0 %, 539 MiB
2026/09/27 10:39:00.254, 3, 38, 1980 MHz, 131.10 W, 0 %, 539 MiB
2026/09/27 10:39:00.254, 4, 39, 1980 MHz, 130.81 W, 0 %, 539 MiB
2026/09/27 10:39:00.254, 5, 35, 1980 MHz, 124.61 W, 0 %, 539 MiB
2026/09/27 10:39:00.254, 6, 37, 1980 MHz, 130.98 W, 0 %, 539 MiB
2026/09/27 10:39:00.254, 7, 34, 1980 MHz, 131.13 W, 0 %, 539 MiB
2026/09/27 10:39:02.254, 0, 38, 1980 MHz, 129.56 W, 0 %, 559 MiB
2026/09/27 10:39:02.254, 1, 35, 1980 MHz, 124.14 W, 0 %, 539 MiB
2026/09/27 10:39:02.255, 2, 33, 1980 MHz, 119.82 W, 0 %, 539 MiB
2026/09/27 10:39:02.255, 3, 38, 1980 MHz, 131.15 W, 0 %, 539 MiB
2026/09/27 10:39:02.255, 4, 39, 1980 MHz, 130.82 W, 0 %, 539 MiB
2026/09/27 10:39:02.255, 5, 35, 1980 MHz, 124.60 W, 0 %, 539 MiB
2026/09/27 10:39:02.255, 6, 37, 1980 MHz, 131.03 W, 0 %, 539 MiB
2026/09/27 10:39:02.255, 7, 34, 1980 MHz, 131.13 W, 0 %, 539 MiB
2026/09/27 10:39:04.255, 0, 38, 1980 MHz, 129.56 W, 0 %, 559 MiB
2026/09/27 10:39:04.255, 1, 35, 1980 MHz, 124.15 W, 0 %, 539 MiB
2026/09/27 10:39:04.255, 2, 33, 1980 MHz, 119.84 W, 0 %, 539 MiB
2026/09/27 10:39:04.255, 3, 38, 1980 MHz, 131.11 W, 0 %, 539 MiB
2026/09/27 10:39:04.255, 4, 39, 1980 MHz, 130.83 W, 0 %, 539 MiB
2026/09/27 10:39:04.256, 5, 35, 1980 MHz, 124.60 W, 0 %, 539 MiB
2026/09/27 10:39:04.256, 6, 37, 1980 MHz, 131.06 W, 0 %, 539 MiB
2026/09/27 10:39:04.256, 7, 34, 1980 MHz, 131.14 W, 0 %, 539 MiB
2026/09/27 10:39:06.256, 0, 38, 1980 MHz, 129.56 W, 0 %, 559 MiB
2026/09/27 10:39:06.256, 1, 35, 1980 MHz, 124.15 W, 0 %, 539 MiB
2026/09/27 10:39:06.256, 2, 33, 1980 MHz, 119.83 W, 0 %, 539 MiB
2026/09/27 10:39:06.256, 3, 38, 1980 MHz, 131.13 W, 0 %, 539 MiB
2026/09/27 10:39:06.256, 4, 39, 1980 MHz, 130.81 W, 0 %, 539 MiB
2026/09/27 10:39:06.256, 5, 35, 1980 MHz, 124.62 W, 0 %, 539 MiB
2026/09/27 10:39:06.256, 6, 37, 1980 MHz, 131.07 W, 0 %, 539 MiB
2026/09/27 10:39:06.256, 7, 34, 1980 MHz, 131.14 W, 0 %, 539 MiB
2026/09/27 10:39:08.257, 0, 38, 1980 MHz, 129.57 W, 0 %, 559 MiB
2026/09/27 10:39:08.257, 1, 35, 1980 MHz, 124.11 W, 0 %, 539 MiB
2026/09/27 10:39:08.257, 2, 33, 1980 MHz, 119.83 W, 0 %, 539 MiB
2026/09/27 10:39:08.257, 3, 38, 1980 MHz, 131.16 W, 0 %, 539 MiB
2026/09/27 10:39:08.257, 4, 39, 1980 MHz, 130.80 W, 0 %, 539 MiB
2026/09/27 10:39:08.257, 5, 35, 1980 MHz, 124.61 W, 0 %, 539 MiB
2026/09/27 10:39:08.257, 6, 37, 1980 MHz, 131.03 W, 0 %, 539 MiB
2026/09/27 10:39:08.257, 7, 34, 1980 MHz, 131.15 W, 0 %, 539 MiB
2026/09/27 10:39:10.257, 0, 38, 1980 MHz, 129.54 W, 0 %, 559 MiB
2026/09/27 10:39:10.258, 1, 35, 1980 MHz, 124.09 W, 0 %, 539 MiB
2026/09/27 10:39:10.258, 2, 33, 1980 MHz, 119.81 W, 0 %, 539 MiB
2026/09/27 10:39:10.258, 3, 38, 1980 MHz, 131.10 W, 0 %, 539 MiB
2026/09/27 10:39:10.258, 4, 39, 1980 MHz, 130.82 W, 0 %, 539 MiB
2026/09/27 10:39:10.258, 5, 35, 1980 MHz, 124.60 W, 0 %, 539 MiB
2026/09/27 10:39:10.258, 6, 37, 1980 MHz, 131.00 W, 0 %, 539 MiB
2026/09/27 10:39:10.258, 7, 34, 1980 MHz, 131.12 W, 0 %, 539 MiB
2026/09/27 10:39:12.259, 0, 38, 1980 MHz, 129.54 W, 0 %, 559 MiB
2026/09/27 10:39:12.259, 1, 35, 1980 MHz, 124.08 W, 0 %, 539 MiB
2026/09/27 10:39:12.259, 2, 33, 1980 MHz, 119.82 W, 0 %, 539 MiB
2026/09/27 10:39:12.259, 3, 38, 1980 MHz, 131.08 W, 0 %, 539 MiB
2026/09/27 10:39:12.259, 4, 39, 1980 MHz, 130.83 W, 0 %, 539 MiB
2026/09/27 10:39:12.259, 5, 35, 1980 MHz, 124.64 W, 0 %, 539 MiB
2026/09/27 10:39:12.259, 6, 37, 1980 MHz, 131.04 W, 0 %, 539 MiB
2026/09/27 10:39:12.259, 7, 34, 1980 MHz, 131.15 W, 0 %, 539 MiB
2026/09/27 10:39:14.259, 0, 38, 1980 MHz, 129.53 W, 0 %, 559 MiB
2026/09/27 10:39:14.259, 1, 35, 1980 MHz, 124.17 W, 0 %, 539 MiB
2026/09/27 10:39:14.259, 2, 33, 1980 MHz, 119.83 W, 0 %, 539 MiB
2026/09/27 10:39:14.260, 3, 38, 1980 MHz, 131.05 W, 0 %, 539 MiB
2026/09/27 10:39:14.260, 4, 39, 1980 MHz, 130.86 W, 0 %, 539 MiB
2026/09/27 10:39:14.260, 5, 35, 1980 MHz, 124.59 W, 0 %, 539 MiB
2026/09/27 10:39:14.260, 6, 37, 1980 MHz, 131.05 W, 0 %, 539 MiB
2026/09/27 10:39:14.260, 7, 34, 1980 MHz, 131.15 W, 0 %, 539 MiB
2026/09/27 10:39:16.260, 0, 38, 1980 MHz, 129.55 W, 0 %, 559 MiB
2026/09/27 10:39:16.260, 1, 35, 1980 MHz, 124.05 W, 0 %, 539 MiB
2026/09/27 10:39:16.260, 2, 33, 1980 MHz, 119.80 W, 0 %, 539 MiB
2026/09/27 10:39:16.260, 3, 38, 1980 MHz, 131.15 W, 0 %, 539 MiB
2026/09/27 10:39:16.260, 4, 39, 1980 MHz, 130.82 W, 0 %, 539 MiB
2026/09/27 10:39:16.260, 5, 35, 1980 MHz, 124.60 W, 0 %, 539 MiB
2026/09/27 10:39:16.260, 6, 37, 1980 MHz, 131.05 W, 0 %, 539 MiB
2026/09/27 10:39:16.261, 7, 34, 1980 MHz, 131.14 W, 0 %, 539 MiB
2026/09/27 10:39:18.261, 0, 38, 1980 MHz, 129.56 W, 0 %, 559 MiB
2026/09/27 10:39:18.261, 1, 35, 1980 MHz, 124.11 W, 0 %, 539 MiB
2026/09/27 10:39:18.261, 2, 33, 1980 MHz, 119.80 W, 0 %, 539 MiB
2026/09/27 10:39:18.261, 3, 38, 1980 MHz, 130.99 W, 0 %, 539 MiB
2026/09/27 10:39:18.261, 4, 39, 1980 MHz, 130.82 W, 0 %, 539 MiB
2026/09/27 10:39:18.261, 5, 35, 1980 MHz, 124.62 W, 0 %, 539 MiB
2026/09/27 10:39:18.261, 6, 37, 1980 MHz, 131.01 W, 0 %, 539 MiB
2026/09/27 10:39:18.261, 7, 34, 1980 MHz, 131.15 W, 0 %, 539 MiB
2026/09/27 10:39:20.261, 0, 38, 1980 MHz, 129.58 W, 0 %, 559 MiB
2026/09/27 10:39:20.261, 1, 35, 1980 MHz, 124.08 W, 0 %, 539 MiB
2026/09/27 10:39:20.262, 2, 33, 1980 MHz, 119.78 W, 0 %, 539 MiB
2026/09/27 10:39:20.262, 3, 38, 1980 MHz, 130.97 W, 0 %, 539 MiB
2026/09/27 10:39:20.262, 4, 39, 1980 MHz, 130.82 W, 0 %, 539 MiB
2026/09/27 10:39:20.262, 5, 35, 1980 MHz, 124.63 W, 0 %, 539 MiB
2026/09/27 10:39:20.262, 6, 37, 1980 MHz, 131.11 W, 0 %, 539 MiB
2026/09/27 10:39:20.262, 7, 34, 1980 MHz, 131.14 W, 0 %, 539 MiB
2026/09/27 10:39:22.262, 0, 38, 1980 MHz, 129.56 W, 0 %, 559 MiB
2026/09/27 10:39:22.262, 1, 35, 1980 MHz, 124.12 W, 0 %, 539 MiB
2026/09/27 10:39:22.262, 2, 33, 1980 MHz, 119.82 W, 0 %, 539 MiB
2026/09/27 10:39:22.262, 3, 38, 1980 MHz, 131.14 W, 0 %, 539 MiB
2026/09/27 10:39:22.262, 4, 39, 1980 MHz, 130.85 W, 0 %, 539 MiB
2026/09/27 10:39:22.262, 5, 35, 1980 MHz, 124.62 W, 0 %, 539 MiB
2026/09/27 10:39:22.263, 6, 37, 1980 MHz, 131.05 W, 0 %, 539 MiB
2026/09/27 10:39:22.263, 7, 34, 1980 MHz, 131.16 W, 0 %, 539 MiB
2026/09/27 10:39:24.263, 0, 38, 1980 MHz, 129.57 W, 0 %, 559 MiB
2026/09/27 10:39:24.263, 1, 35, 1980 MHz, 124.15 W, 0 %, 539 MiB
2026/09/27 10:39:24.263, 2, 33, 1980 MHz, 119.80 W, 0 %, 539 MiB
2026/09/27 10:39:24.263, 3, 38, 1980 MHz, 131.15 W, 0 %, 539 MiB
2026/09/27 10:39:24.263, 4, 39, 1980 MHz, 130.82 W, 0 %, 539 MiB
2026/09/27 10:39:24.263, 5, 35, 1980 MHz, 124.64 W, 0 %, 539 MiB
2026/09/27 10:39:24.263, 6, 37, 1980 MHz, 131.04 W, 0 %, 539 MiB
2026/09/27 10:39:24.263, 7, 34, 1980 MHz, 131.15 W, 0 %, 539 MiB
2026/09/27 10:39:26.264, 0, 38, 1980 MHz, 129.57 W, 0 %, 559 MiB
2026/09/27 10:39:26.264, 1, 35, 1980 MHz, 124.10 W, 0 %, 539 MiB
2026/09/27 10:39:26.264, 2, 33, 1980 MHz, 119.81 W, 0 %, 539 MiB
2026/09/27 10:39:26.264, 3, 38, 1980 MHz, 131.13 W, 0 %, 539 MiB
2026/09/27 10:39:26.264, 4, 39, 1980 MHz, 130.87 W, 0 %, 539 MiB
2026/09/27 10:39:26.264, 5, 35, 1980 MHz, 124.57 W, 0 %, 539 MiB
2026/09/27 10:39:26.264, 6, 37, 1980 MHz, 131.07 W, 0 %, 539 MiB
2026/09/27 10:39:26.264, 7, 34, 1980 MHz, 131.13 W, 0 %, 539 MiB
2026/09/27 10:39:28.264, 0, 38, 1980 MHz, 129.61 W, 0 %, 559 MiB
2026/09/27 10:39:28.264, 1, 35, 1980 MHz, 124.07 W, 0 %, 539 MiB
2026/09/27 10:39:28.264, 2, 33, 1980 MHz, 119.80 W, 0 %, 539 MiB
2026/09/27 10:39:28.264, 3, 38, 1980 MHz, 131.13 W, 0 %, 539 MiB
2026/09/27 10:39:28.264, 4, 39, 1980 MHz, 130.82 W, 0 %, 539 MiB
2026/09/27 10:39:28.265, 5, 35, 1980 MHz, 124.58 W, 0 %, 539 MiB
2026/09/27 10:39:28.265, 6, 37, 1980 MHz, 131.09 W, 0 %, 539 MiB
2026/09/27 10:39:28.265, 7, 34, 1980 MHz, 131.11 W, 0 %, 539 MiB
2026/09/27 10:39:30.265, 0, 38, 1980 MHz, 129.56 W, 0 %, 559 MiB
2026/09/27 10:39:30.265, 1, 35, 1980 MHz, 124.12 W, 0 %, 539 MiB
2026/09/27 10:39:30.265, 2, 33, 1980 MHz, 119.82 W, 0 %, 539 MiB
2026/09/27 10:39:30.265, 3, 38, 1980 MHz, 131.12 W, 0 %, 539 MiB
2026/09/27 10:39:30.265, 4, 39, 1980 MHz, 130.89 W, 0 %, 539 MiB
2026/09/27 10:39:30.265, 5, 35, 1980 MHz, 124.61 W, 0 %, 539 MiB
2026/09/27 10:39:30.265, 6, 37, 1980 MHz, 131.07 W, 0 %, 539 MiB
2026/09/27 10:39:30.265, 7, 34, 1980 MHz, 131.12 W, 0 %, 539 MiB
2026/09/27 10:39:32.266, 0, 38, 1980 MHz, 129.57 W, 0 %, 559 MiB
2026/09/27 10:39:32.266, 1, 35, 1980 MHz, 124.10 W, 0 %, 539 MiB
2026/09/27 10:39:32.266, 2, 33, 1980 MHz, 119.79 W, 0 %, 539 MiB
2026/09/27 10:39:32.266, 3, 38, 1980 MHz, 131.12 W, 0 %, 539 MiB
2026/09/27 10:39:32.266, 4, 39, 1980 MHz, 130.84 W, 0 %, 539 MiB
2026/09/27 10:39:32.266, 5, 35, 1980 MHz, 124.60 W, 0 %, 539 MiB
2026/09/27 10:39:32.266, 6, 37, 1980 MHz, 131.06 W, 0 %, 539 MiB
2026/09/27 10:39:32.266, 7, 34, 1980 MHz, 131.13 W, 0 %, 539 MiB
2026/09/27 10:39:34.266, 0, 38, 1980 MHz, 129.57 W, 0 %, 559 MiB
2026/09/27 10:39:34.267, 1, 35, 1980 MHz, 124.13 W, 0 %, 539 MiB
2026/09/27 10:39:34.267, 2, 33, 1980 MHz, 119.80 W, 0 %, 539 MiB
2026/09/27 10:39:34.267, 3, 38, 1980 MHz, 131.15 W, 0 %, 539 MiB
2026/09/27 10:39:34.267, 4, 39, 1980 MHz, 130.83 W, 0 %, 539 MiB
2026/09/27 10:39:34.267, 5, 35, 1980 MHz, 124.64 W, 0 %, 539 MiB
2026/09/27 10:39:34.267, 6, 37, 1980 MHz, 131.09 W, 0 %, 539 MiB
2026/09/27 10:39:34.267, 7, 34, 1980 MHz, 131.13 W, 0 %, 539 MiB
2026/09/27 10:39:36.267, 0, 38, 1980 MHz, 129.58 W, 0 %, 559 MiB
2026/09/27 10:39:36.267, 1, 35, 1980 MHz, 124.07 W, 0 %, 539 MiB
2026/09/27 10:39:36.267, 2, 33, 1980 MHz, 119.78 W, 0 %, 539 MiB
2026/09/27 10:39:36.267, 3, 38, 1980 MHz, 131.06 W, 0 %, 539 MiB
2026/09/27 10:39:36.268, 4, 39, 1980 MHz, 130.85 W, 0 %, 539 MiB
2026/09/27 10:39:36.268, 5, 35, 1980 MHz, 124.61 W, 0 %, 539 MiB
2026/09/27 10:39:36.268, 6, 37, 1980 MHz, 131.09 W, 0 %, 539 MiB
2026/09/27 10:39:36.268, 7, 34, 1980 MHz, 131.13 W, 0 %, 539 MiB
2026/09/27 10:39:38.268, 0, 38, 1980 MHz, 129.55 W, 0 %, 559 MiB
2026/09/27 10:39:38.268, 1, 35, 1980 MHz, 124.12 W, 0 %, 539 MiB
2026/09/27 10:39:38.268, 2, 33, 1980 MHz, 119.80 W, 0 %, 539 MiB
2026/09/27 10:39:38.269, 3, 38, 1980 MHz, 131.12 W, 0 %, 539 MiB
2026/09/27 10:39:38.269, 4, 39, 1980 MHz, 130.80 W, 0 %, 539 MiB
2026/09/27 10:39:38.269, 5, 35, 1980 MHz, 124.64 W, 0 %, 539 MiB
2026/09/27 10:39:38.269, 6, 37, 1980 MHz, 131.00 W, 0 %, 539 MiB
2026/09/27 10:39:38.269, 7, 34, 1980 MHz, 131.12 W, 0 %, 539 MiB
2026/09/27 10:39:40.269, 0, 38, 1980 MHz, 129.57 W, 0 %, 559 MiB
2026/09/27 10:39:40.269, 1, 35, 1980 MHz, 124.07 W, 0 %, 539 MiB
2026/09/27 10:39:40.269, 2, 33, 1980 MHz, 119.80 W, 0 %, 539 MiB
2026/09/27 10:39:40.269, 3, 38, 1980 MHz, 131.13 W, 0 %, 539 MiB
2026/09/27 10:39:40.269, 4, 39, 1980 MHz, 130.80 W, 0 %, 539 MiB
2026/09/27 10:39:40.270, 5, 35, 1980 MHz, 124.61 W, 0 %, 539 MiB
2026/09/27 10:39:40.270, 6, 37, 1980 MHz, 131.10 W, 0 %, 539 MiB
2026/09/27 10:39:40.270, 7, 34, 1980 MHz, 131.14 W, 0 %, 539 MiB
2026/09/27 10:39:42.270, 0, 38, 1980 MHz, 129.57 W, 0 %, 559 MiB
2026/09/27 10:39:42.270, 1, 35, 1980 MHz, 124.11 W, 0 %, 539 MiB
2026/09/27 10:39:42.270, 2, 33, 1980 MHz, 119.81 W, 0 %, 539 MiB
2026/09/27 10:39:42.270, 3, 38, 1980 MHz, 131.12 W, 0 %, 539 MiB
2026/09/27 10:39:42.270, 4, 39, 1980 MHz, 130.83 W, 0 %, 539 MiB
2026/09/27 10:39:42.270, 5, 35, 1980 MHz, 124.59 W, 0 %, 539 MiB
2026/09/27 10:39:42.270, 6, 37, 1980 MHz, 131.06 W, 0 %, 539 MiB
2026/09/27 10:39:42.271, 7, 34, 1980 MHz, 131.12 W, 0 %, 539 MiB
2026/09/27 10:39:44.271, 0, 38, 1980 MHz, 129.59 W, 0 %, 559 MiB
2026/09/27 10:39:44.271, 1, 35, 1980 MHz, 124.11 W, 0 %, 539 MiB
2026/09/27 10:39:44.271, 2, 33, 1980 MHz, 119.80 W, 0 %, 539 MiB
2026/09/27 10:39:44.271, 3, 38, 1980 MHz, 131.12 W, 0 %, 539 MiB
2026/09/27 10:39:44.271, 4, 39, 1980 MHz, 130.87 W, 0 %, 539 MiB
2026/09/27 10:39:44.271, 5, 35, 1980 MHz, 124.57 W, 0 %, 539 MiB
2026/09/27 10:39:44.271, 6, 37, 1980 MHz, 131.02 W, 0 %, 539 MiB
2026/09/27 10:39:44.271, 7, 34, 1980 MHz, 131.14 W, 0 %, 539 MiB
2026/09/27 10:39:46.271, 0, 38, 1980 MHz, 129.54 W, 0 %, 559 MiB
2026/09/27 10:39:46.272, 1, 35, 1980 MHz, 124.09 W, 0 %, 539 MiB
2026/09/27 10:39:46.272, 2, 33, 1980 MHz, 119.80 W, 0 %, 539 MiB
2026/09/27 10:39:46.272, 3, 38, 1980 MHz, 131.11 W, 0 %, 539 MiB
2026/09/27 10:39:46.272, 4, 39, 1980 MHz, 130.80 W, 0 %, 539 MiB
2026/09/27 10:39:46.272, 5, 35, 1980 MHz, 124.58 W, 0 %, 539 MiB
2026/09/27 10:39:46.272, 6, 37, 1980 MHz, 131.03 W, 0 %, 539 MiB
2026/09/27 10:39:46.272, 7, 34, 1980 MHz, 131.09 W, 0 %, 539 MiB
2026/09/27 10:39:48.272, 0, 38, 1980 MHz, 129.52 W, 0 %, 559 MiB
2026/09/27 10:39:48.272, 1, 35, 1980 MHz, 124.07 W, 0 %, 539 MiB
2026/09/27 10:39:48.272, 2, 33, 1980 MHz, 119.82 W, 0 %, 539 MiB
2026/09/27 10:39:48.272, 3, 38, 1980 MHz, 131.16 W, 0 %, 539 MiB
2026/09/27 10:39:48.272, 4, 39, 1980 MHz, 130.88 W, 0 %, 539 MiB
2026/09/27 10:39:48.273, 5, 35, 1980 MHz, 124.58 W, 0 %, 539 MiB
2026/09/27 10:39:48.273, 6, 37, 1980 MHz, 131.02 W, 0 %, 539 MiB
2026/09/27 10:39:48.273, 7, 34, 1980 MHz, 131.15 W, 0 %, 539 MiB
2026/09/27 10:39:50.273, 0, 38, 1980 MHz, 129.53 W, 0 %, 559 MiB
2026/09/27 10:39:50.273, 1, 35, 1980 MHz, 124.10 W, 0 %, 539 MiB
2026/09/27 10:39:50.274, 2, 33, 1980 MHz, 119.81 W, 0 %, 539 MiB
2026/09/27 10:39:50.275, 3, 38, 1980 MHz, 131.11 W, 0 %, 539 MiB
2026/09/27 10:39:50.276, 4, 39, 1980 MHz, 130.81 W, 0 %, 539 MiB
2026/09/27 10:39:50.277, 5, 35, 1980 MHz, 124.58 W, 0 %, 539 MiB
2026/09/27 10:39:50.278, 6, 37, 1980 MHz, 131.06 W, 0 %, 539 MiB
2026/09/27 10:39:50.279, 7, 34, 1980 MHz, 131.12 W, 0 %, 539 MiB
2026/09/27 10:39:52.280, 0, 38, 1980 MHz, 129.61 W, 0 %, 559 MiB
2026/09/27 10:39:52.280, 1, 35, 1980 MHz, 124.12 W, 0 %, 539 MiB
2026/09/27 10:39:52.280, 2, 33, 1980 MHz, 119.81 W, 0 %, 539 MiB
2026/09/27 10:39:52.280, 3, 38, 1980 MHz, 131.06 W, 0 %, 539 MiB
2026/09/27 10:39:52.280, 4, 39, 1980 MHz, 130.79 W, 0 %, 539 MiB
2026/09/27 10:39:52.280, 5, 35, 1980 MHz, 124.58 W, 0 %, 539 MiB
2026/09/27 10:39:52.280, 6, 37, 1980 MHz, 131.05 W, 0 %, 539 MiB
2026/09/27 10:39:52.281, 7, 34, 1980 MHz, 131.15 W, 0 %, 539 MiB
2026/09/27 10:39:54.281, 0, 38, 1980 MHz, 129.56 W, 0 %, 559 MiB
2026/09/27 10:39:54.281, 1, 35, 1980 MHz, 124.08 W, 0 %, 539 MiB
2026/09/27 10:39:54.281, 2, 33, 1980 MHz, 119.81 W, 0 %, 539 MiB
2026/09/27 10:39:54.281, 3, 38, 1980 MHz, 131.09 W, 0 %, 539 MiB
2026/09/27 10:39:54.281, 4, 39, 1980 MHz, 130.88 W, 0 %, 539 MiB
2026/09/27 10:39:54.281, 5, 35, 1980 MHz, 124.60 W, 0 %, 539 MiB
2026/09/27 10:39:54.281, 6, 37, 1980 MHz, 131.01 W, 0 %, 539 MiB
2026/09/27 10:39:54.282, 7, 34, 1980 MHz, 131.10 W, 0 %, 539 MiB
2026/09/27 10:39:56.282, 0, 38, 1980 MHz, 129.57 W, 0 %, 559 MiB
2026/09/27 10:39:56.282, 1, 35, 1980 MHz, 124.07 W, 0 %, 539 MiB
2026/09/27 10:39:56.282, 2, 33, 1980 MHz, 119.82 W, 0 %, 539 MiB
2026/09/27 10:39:56.282, 3, 38, 1980 MHz, 131.12 W, 0 %, 539 MiB
2026/09/27 10:39:56.282, 4, 39, 1980 MHz, 130.83 W, 0 %, 539 MiB
2026/09/27 10:39:56.282, 5, 35, 1980 MHz, 124.62 W, 0 %, 539 MiB
2026/09/27 10:39:56.282, 6, 37, 1980 MHz, 131.04 W, 0 %, 539 MiB
2026/09/27 10:39:56.282, 7, 34, 1980 MHz, 131.13 W, 0 %, 539 MiB
2026/09/27 10:39:58.282, 0, 38, 1980 MHz, 129.53 W, 0 %, 559 MiB
2026/09/27 10:39:58.283, 1, 34, 1980 MHz, 124.07 W, 0 %, 539 MiB
2026/09/27 10:39:58.283, 2, 33, 1980 MHz, 119.78 W, 0 %, 539 MiB
2026/09/27 10:39:58.283, 3, 38, 1980 MHz, 131.09 W, 0 %, 539 MiB
2026/09/27 10:39:58.283, 4, 39, 1980 MHz, 130.84 W, 0 %, 539 MiB
2026/09/27 10:39:58.283, 5, 35, 1980 MHz, 124.61 W, 0 %, 539 MiB
2026/09/27 10:39:58.283, 6, 37, 1980 MHz, 131.02 W, 0 %, 539 MiB
2026/09/27 10:39:58.283, 7, 34, 1980 MHz, 131.14 W, 0 %, 539 MiB
2026/09/27 10:40:00.283, 0, 38, 1980 MHz, 129.59 W, 0 %, 559 MiB
2026/09/27 10:40:00.283, 1, 35, 1980 MHz, 124.06 W, 0 %, 539 MiB
2026/09/27 10:40:00.283, 2, 33, 1980 MHz, 119.78 W, 0 %, 539 MiB
2026/09/27 10:40:00.284, 3, 38, 1980 MHz, 131.13 W, 0 %, 539 MiB
2026/09/27 10:40:00.284, 4, 39, 1980 MHz, 130.80 W, 0 %, 539 MiB
2026/09/27 10:40:00.284, 5, 35, 1980 MHz, 124.61 W, 0 %, 539 MiB
2026/09/27 10:40:00.284, 6, 37, 1980 MHz, 131.05 W, 0 %, 539 MiB
2026/09/27 10:40:00.284, 7, 34, 1980 MHz, 131.13 W, 0 %, 539 MiB
2026/09/27 10:40:02.284, 0, 38, 1980 MHz, 129.54 W, 0 %, 559 MiB
2026/09/27 10:40:02.284, 1, 34, 1980 MHz, 124.05 W, 0 %, 539 MiB
2026/09/27 10:40:02.284, 2, 33, 1980 MHz, 119.79 W, 0 %, 539 MiB
2026/09/27 10:40:02.284, 3, 38, 1980 MHz, 131.11 W, 0 %, 539 MiB
2026/09/27 10:40:02.284, 4, 39, 1980 MHz, 130.79 W, 0 %, 539 MiB
2026/09/27 10:40:02.284, 5, 35, 1980 MHz, 124.60 W, 0 %, 539 MiB
2026/09/27 10:40:02.284, 6, 37, 1980 MHz, 131.05 W, 0 %, 539 MiB
2026/09/27 10:40:02.285, 7, 34, 1980 MHz, 131.13 W, 0 %, 539 MiB
2026/09/27 10:40:04.285, 0, 38, 1980 MHz, 129.56 W, 0 %, 559 MiB
2026/09/27 10:40:04.285, 1, 34, 1980 MHz, 124.09 W, 0 %, 539 MiB
2026/09/27 10:40:04.285, 2, 33, 1980 MHz, 119.78 W, 0 %, 539 MiB
2026/09/27 10:40:04.285, 3, 38, 1980 MHz, 131.12 W, 0 %, 539 MiB
2026/09/27 10:40:04.285, 4, 39, 1980 MHz, 130.82 W, 0 %, 539 MiB
2026/09/27 10:40:04.285, 5, 35, 1980 MHz, 124.62 W, 0 %, 539 MiB
2026/09/27 10:40:04.285, 6, 37, 1980 MHz, 130.99 W, 0 %, 539 MiB
2026/09/27 10:40:04.285, 7, 34, 1980 MHz, 131.11 W, 0 %, 539 MiB
2026/09/27 10:40:06.286, 0, 38, 1980 MHz, 129.59 W, 0 %, 559 MiB
2026/09/27 10:40:06.286, 1, 34, 1980 MHz, 124.04 W, 0 %, 539 MiB
2026/09/27 10:40:06.286, 2, 33, 1980 MHz, 119.78 W, 0 %, 539 MiB
2026/09/27 10:40:06.286, 3, 38, 1980 MHz, 131.11 W, 0 %, 539 MiB
2026/09/27 10:40:06.286, 4, 39, 1980 MHz, 130.80 W, 0 %, 539 MiB
2026/09/27 10:40:06.286, 5, 35, 1980 MHz, 124.60 W, 0 %, 539 MiB
2026/09/27 10:40:06.286, 6, 37, 1980 MHz, 131.09 W, 0 %, 539 MiB
2026/09/27 10:40:06.286, 7, 34, 1980 MHz, 131.10 W, 0 %, 539 MiB
2026/09/27 10:40:08.286, 0, 38, 1980 MHz, 129.58 W, 0 %, 559 MiB
2026/09/27 10:40:08.287, 1, 34, 1980 MHz, 124.12 W, 0 %, 539 MiB
2026/09/27 10:40:08.287, 2, 33, 1980 MHz, 119.78 W, 0 %, 539 MiB
2026/09/27 10:40:08.287, 3, 38, 1980 MHz, 131.07 W, 0 %, 539 MiB
2026/09/27 10:40:08.287, 4, 39, 1980 MHz, 130.87 W, 0 %, 539 MiB
2026/09/27 10:40:08.287, 5, 35, 1980 MHz, 124.57 W, 0 %, 539 MiB
2026/09/27 10:40:08.287, 6, 37, 1980 MHz, 131.04 W, 0 %, 539 MiB
2026/09/27 10:40:08.287, 7, 34, 1980 MHz, 131.16 W, 0 %, 539 MiB
2026/09/27 10:40:10.287, 0, 38, 1980 MHz, 129.55 W, 0 %, 559 MiB
2026/09/27 10:40:10.287, 1, 34, 1980 MHz, 124.01 W, 0 %, 539 MiB
2026/09/27 10:40:10.287, 2, 33, 1980 MHz, 119.78 W, 0 %, 539 MiB
2026/09/27 10:40:10.288, 3, 38, 1980 MHz, 131.09 W, 0 %, 539 MiB
2026/09/27 10:40:10.288, 4, 39, 1980 MHz, 130.82 W, 0 %, 539 MiB
2026/09/27 10:40:10.288, 5, 35, 1980 MHz, 124.58 W, 0 %, 539 MiB
2026/09/27 10:40:10.288, 6, 37, 1980 MHz, 131.02 W, 0 %, 539 MiB
2026/09/27 10:40:10.288, 7, 34, 1980 MHz, 131.12 W, 0 %, 539 MiB
2026/09/27 10:40:12.288, 0, 38, 1980 MHz, 129.55 W, 0 %, 559 MiB
2026/09/27 10:40:12.288, 1, 34, 1980 MHz, 124.09 W, 0 %, 539 MiB
2026/09/27 10:40:12.288, 2, 33, 1980 MHz, 119.78 W, 0 %, 539 MiB
2026/09/27 10:40:12.288, 3, 38, 1980 MHz, 131.08 W, 0 %, 539 MiB
2026/09/27 10:40:12.288, 4, 39, 1980 MHz, 130.85 W, 0 %, 539 MiB
2026/09/27 10:40:12.289, 5, 35, 1980 MHz, 124.58 W, 0 %, 539 MiB
2026/09/27 10:40:12.289, 6, 37, 1980 MHz, 131.02 W, 0 %, 539 MiB
2026/09/27 10:40:12.289, 7, 34, 1980 MHz, 131.15 W, 0 %, 539 MiB
2026/09/27 10:40:14.289, 0, 38, 1980 MHz, 129.60 W, 0 %, 559 MiB
2026/09/27 10:40:14.289, 1, 34, 1980 MHz, 124.06 W, 0 %, 539 MiB
2026/09/27 10:40:14.289, 2, 33, 1980 MHz, 119.79 W, 0 %, 539 MiB
2026/09/27 10:40:14.289, 3, 38, 1980 MHz, 131.11 W, 0 %, 539 MiB
2026/09/27 10:40:14.289, 4, 39, 1980 MHz, 130.82 W, 0 %, 539 MiB
2026/09/27 10:40:14.289, 5, 35, 1980 MHz, 124.58 W, 0 %, 539 MiB
2026/09/27 10:40:14.289, 6, 37, 1980 MHz, 131.04 W, 0 %, 539 MiB
2026/09/27 10:40:14.289, 7, 34, 1980 MHz, 131.10 W, 0 %, 539 MiB
2026/09/27 10:40:16.290, 0, 38, 1980 MHz, 129.60 W, 0 %, 559 MiB
2026/09/27 10:40:16.290, 1, 34, 1980 MHz, 124.11 W, 0 %, 539 MiB
2026/09/27 10:40:16.290, 2, 33, 1980 MHz, 119.79 W, 0 %, 539 MiB
2026/09/27 10:40:16.290, 3, 38, 1980 MHz, 131.07 W, 0 %, 539 MiB
2026/09/27 10:40:16.290, 4, 39, 1980 MHz, 130.82 W, 0 %, 539 MiB
2026/09/27 10:40:16.290, 5, 35, 1980 MHz, 124.59 W, 0 %, 539 MiB
2026/09/27 10:40:16.290, 6, 37, 1980 MHz, 131.04 W, 0 %, 539 MiB
2026/09/27 10:40:16.290, 7, 34, 1980 MHz, 131.12 W, 0 %, 539 MiB
2026/09/27 10:40:18.290, 0, 38, 1980 MHz, 129.59 W, 0 %, 559 MiB
2026/09/27 10:40:18.290, 1, 34, 1980 MHz, 124.05 W, 0 %, 539 MiB
2026/09/27 10:40:18.291, 2, 33, 1980 MHz, 119.77 W, 0 %, 539 MiB
2026/09/27 10:40:18.291, 3, 38, 1980 MHz, 131.13 W, 0 %, 539 MiB
2026/09/27 10:40:18.291, 4, 39, 1980 MHz, 130.85 W, 0 %, 539 MiB
2026/09/27 10:40:18.291, 5, 35, 1980 MHz, 124.59 W, 0 %, 539 MiB
2026/09/27 10:40:18.291, 6, 37, 1980 MHz, 131.01 W, 0 %, 539 MiB
2026/09/27 10:40:18.291, 7, 34, 1980 MHz, 131.12 W, 0 %, 539 MiB
2026/09/27 10:40:20.291, 0, 38, 1980 MHz, 129.53 W, 0 %, 559 MiB
2026/09/27 10:40:20.291, 1, 34, 1980 MHz, 124.12 W, 0 %, 539 MiB
2026/09/27 10:40:20.291, 2, 33, 1980 MHz, 119.78 W, 0 %, 539 MiB
2026/09/27 10:40:20.291, 3, 38, 1980 MHz, 131.10 W, 0 %, 539 MiB
2026/09/27 10:40:20.291, 4, 39, 1980 MHz, 130.82 W, 0 %, 539 MiB
2026/09/27 10:40:20.291, 5, 35, 1980 MHz, 124.58 W, 0 %, 539 MiB
2026/09/27 10:40:20.292, 6, 37, 1980 MHz, 131.04 W, 0 %, 539 MiB
2026/09/27 10:40:20.292, 7, 34, 1980 MHz, 131.10 W, 0 %, 539 MiB
2026/09/27 10:40:22.292, 0, 38, 1980 MHz, 129.52 W, 0 %, 559 MiB
2026/09/27 10:40:22.292, 1, 34, 1980 MHz, 124.09 W, 0 %, 539 MiB
2026/09/27 10:40:22.292, 2, 33, 1980 MHz, 119.78 W, 0 %, 539 MiB
2026/09/27 10:40:22.292, 3, 38, 1980 MHz, 131.11 W, 0 %, 539 MiB
2026/09/27 10:40:22.292, 4, 39, 1980 MHz, 130.80 W, 0 %, 539 MiB
2026/09/27 10:40:22.292, 5, 35, 1980 MHz, 124.59 W, 0 %, 539 MiB
2026/09/27 10:40:22.292, 6, 37, 1980 MHz, 131.01 W, 0 %, 539 MiB
2026/09/27 10:40:22.292, 7, 34, 1980 MHz, 131.08 W, 0 %, 539 MiB
2026/09/27 10:40:24.293, 0, 38, 1980 MHz, 129.55 W, 0 %, 559 MiB
2026/09/27 10:40:24.293, 1, 34, 1980 MHz, 124.06 W, 0 %, 539 MiB
2026/09/27 10:40:24.293, 2, 33, 1980 MHz, 119.78 W, 0 %, 539 MiB
2026/09/27 10:40:24.293, 3, 38, 1980 MHz, 131.10 W, 0 %, 539 MiB
2026/09/27 10:40:24.293, 4, 39, 1980 MHz, 130.82 W, 0 %, 539 MiB
2026/09/27 10:40:24.293, 5, 35, 1980 MHz, 124.60 W, 0 %, 539 MiB
2026/09/27 10:40:24.293, 6, 37, 1980 MHz, 131.02 W, 0 %, 539 MiB
2026/09/27 10:40:24.293, 7, 34, 1980 MHz, 131.09 W, 0 %, 539 MiB
2026/09/27 10:40:26.293, 0, 38, 1980 MHz, 129.51 W, 0 %, 559 MiB
2026/09/27 10:40:26.293, 1, 34, 1980 MHz, 124.01 W, 0 %, 539 MiB
2026/09/27 10:40:26.294, 2, 33, 1980 MHz, 119.76 W, 0 %, 539 MiB
2026/09/27 10:40:26.294, 3, 38, 1980 MHz, 131.05 W, 0 %, 539 MiB
2026/09/27 10:40:26.294, 4, 39, 1980 MHz, 130.83 W, 0 %, 539 MiB
2026/09/27 10:40:26.294, 5, 35, 1980 MHz, 124.55 W, 0 %, 539 MiB
2026/09/27 10:40:26.294, 6, 37, 1980 MHz, 131.08 W, 0 %, 539 MiB
2026/09/27 10:40:26.294, 7, 34, 1980 MHz, 131.11 W, 0 %, 539 MiB
2026/09/27 10:40:28.294, 0, 38, 1980 MHz, 129.53 W, 0 %, 559 MiB
2026/09/27 10:40:28.294, 1, 34, 1980 MHz, 124.05 W, 0 %, 539 MiB
2026/09/27 10:40:28.294, 2, 33, 1980 MHz, 119.74 W, 0 %, 539 MiB
2026/09/27 10:40:28.294, 3, 38, 1980 MHz, 131.12 W, 0 %, 539 MiB
2026/09/27 10:40:28.294, 4, 39, 1980 MHz, 130.81 W, 0 %, 539 MiB
2026/09/27 10:40:28.294, 5, 35, 1980 MHz, 124.56 W, 0 %, 539 MiB
2026/09/27 10:40:28.295, 6, 37, 1980 MHz, 130.96 W, 0 %, 539 MiB
2026/09/27 10:40:28.295, 7, 34, 1980 MHz, 131.11 W, 0 %, 539 MiB
2026/09/27 10:40:30.295, 0, 38, 1980 MHz, 129.52 W, 0 %, 559 MiB
2026/09/27 10:40:30.295, 1, 34, 1980 MHz, 124.08 W, 0 %, 539 MiB
2026/09/27 10:40:30.296, 2, 33, 1980 MHz, 119.80 W, 0 %, 539 MiB
2026/09/27 10:40:30.297, 3, 38, 1980 MHz, 131.07 W, 0 %, 539 MiB
2026/09/27 10:40:30.298, 4, 39, 1980 MHz, 130.81 W, 0 %, 539 MiB
2026/09/27 10:40:30.299, 5, 35, 1980 MHz, 124.54 W, 0 %, 539 MiB
2026/09/27 10:40:30.300, 6, 37, 1980 MHz, 130.98 W, 0 %, 539 MiB
2026/09/27 10:40:30.301, 7, 34, 1980 MHz, 131.06 W, 0 %, 539 MiB
2026/09/27 10:40:32.302, 0, 38, 1980 MHz, 129.56 W, 0 %, 559 MiB
2026/09/27 10:40:32.302, 1, 34, 1980 MHz, 124.10 W, 0 %, 539 MiB
2026/09/27 10:40:32.303, 2, 33, 1980 MHz, 119.77 W, 0 %, 539 MiB
2026/09/27 10:40:32.303, 3, 38, 1980 MHz, 131.02 W, 0 %, 539 MiB
2026/09/27 10:40:32.303, 4, 39, 1980 MHz, 130.80 W, 0 %, 539 MiB
2026/09/27 10:40:32.303, 5, 35, 1980 MHz, 124.54 W, 0 %, 539 MiB
2026/09/27 10:40:32.303, 6, 37, 1980 MHz, 131.01 W, 0 %, 539 MiB
2026/09/27 10:40:32.303, 7, 34, 1980 MHz, 131.08 W, 0 %, 539 MiB
2026/09/27 10:40:34.303, 0, 38, 1980 MHz, 129.55 W, 0 %, 559 MiB
2026/09/27 10:40:34.303, 1, 34, 1980 MHz, 124.09 W, 0 %, 539 MiB
2026/09/27 10:40:34.303, 2, 33, 1980 MHz, 119.78 W, 0 %, 539 MiB
2026/09/27 10:40:34.303, 3, 38, 1980 MHz, 131.08 W, 0 %, 539 MiB
2026/09/27 10:40:34.303, 4, 39, 1980 MHz, 130.79 W, 0 %, 539 MiB
2026/09/27 10:40:34.303, 5, 35, 1980 MHz, 124.56 W, 0 %, 539 MiB
2026/09/27 10:40:34.304, 6, 37, 1980 MHz, 130.99 W, 0 %, 539 MiB
2026/09/27 10:40:34.304, 7, 34, 1980 MHz, 131.09 W, 0 %, 539 MiB
2026/09/27 10:40:36.304, 0, 38, 1980 MHz, 129.49 W, 0 %, 559 MiB
2026/09/27 10:40:36.305, 1, 34, 1980 MHz, 124.03 W, 0 %, 539 MiB
2026/09/27 10:40:36.305, 2, 33, 1980 MHz, 119.74 W, 0 %, 539 MiB
2026/09/27 10:40:36.305, 3, 38, 1980 MHz, 131.05 W, 0 %, 539 MiB
2026/09/27 10:40:36.305, 4, 39, 1980 MHz, 130.82 W, 0 %, 539 MiB
2026/09/27 10:40:36.305, 5, 35, 1980 MHz, 124.55 W, 0 %, 539 MiB
2026/09/27 10:40:36.305, 6, 37, 1980 MHz, 131.02 W, 0 %, 539 MiB
2026/09/27 10:40:36.305, 7, 34, 1980 MHz, 131.06 W, 0 %, 539 MiB
2026/09/27 10:40:38.305, 0, 38, 1980 MHz, 129.62 W, 0 %, 559 MiB
2026/09/27 10:40:38.305, 1, 34, 1980 MHz, 124.07 W, 0 %, 539 MiB
2026/09/27 10:40:38.305, 2, 33, 1980 MHz, 119.76 W, 0 %, 539 MiB
2026/09/27 10:40:38.305, 3, 38, 1980 MHz, 131.02 W, 0 %, 539 MiB
2026/09/27 10:40:38.306, 4, 39, 1980 MHz, 130.79 W, 0 %, 539 MiB
2026/09/27 10:40:38.306, 5, 35, 1980 MHz, 124.54 W, 0 %, 539 MiB
2026/09/27 10:40:38.306, 6, 37, 1980 MHz, 130.97 W, 0 %, 539 MiB
2026/09/27 10:40:38.306, 7, 34, 1980 MHz, 131.05 W, 0 %, 539 MiB
2026/09/27 10:40:40.306, 0, 38, 1980 MHz, 129.56 W, 0 %, 559 MiB
2026/09/27 10:40:40.306, 1, 34, 1980 MHz, 124.07 W, 0 %, 539 MiB
2026/09/27 10:40:40.306, 2, 33, 1980 MHz, 119.74 W, 0 %, 539 MiB
2026/09/27 10:40:40.306, 3, 38, 1980 MHz, 131.01 W, 0 %, 539 MiB
2026/09/27 10:40:40.306, 4, 39, 1980 MHz, 130.79 W, 0 %, 539 MiB
2026/09/27 10:40:40.306, 5, 35, 1980 MHz, 124.57 W, 0 %, 539 MiB
2026/09/27 10:40:40.306, 6, 37, 1980 MHz, 131.00 W, 0 %, 539 MiB
2026/09/27 10:40:40.307, 7, 34, 1980 MHz, 131.06 W, 0 %, 539 MiB
2026/09/27 10:40:42.307, 0, 38, 1980 MHz, 129.50 W, 0 %, 559 MiB
2026/09/27 10:40:42.307, 1, 34, 1980 MHz, 124.06 W, 0 %, 539 MiB
2026/09/27 10:40:42.307, 2, 33, 1980 MHz, 119.76 W, 0 %, 539 MiB
2026/09/27 10:40:42.307, 3, 38, 1980 MHz, 131.04 W, 0 %, 539 MiB
2026/09/27 10:40:42.307, 4, 39, 1980 MHz, 130.77 W, 0 %, 539 MiB
2026/09/27 10:40:42.307, 5, 35, 1980 MHz, 124.54 W, 0 %, 539 MiB
2026/09/27 10:40:42.307, 6, 37, 1980 MHz, 131.00 W, 0 %, 539 MiB
2026/09/27 10:40:42.307, 7, 34, 1980 MHz, 130.35 W, 0 %, 539 MiB
2026/09/27 10:40:44.307, 0, 38, 1980 MHz, 129.52 W, 0 %, 559 MiB
2026/09/27 10:40:44.307, 1, 34, 1980 MHz, 124.06 W, 0 %, 539 MiB
2026/09/27 10:40:44.308, 2, 33, 1980 MHz, 119.76 W, 0 %, 539 MiB
2026/09/27 10:40:44.308, 3, 38, 1980 MHz, 131.02 W, 0 %, 539 MiB
2026/09/27 10:40:44.308, 4, 39, 1980 MHz, 130.78 W, 0 %, 539 MiB
2026/09/27 10:40:44.308, 5, 35, 1980 MHz, 124.59 W, 0 %, 539 MiB
2026/09/27 10:40:44.308, 6, 37, 1980 MHz, 130.94 W, 0 %, 539 MiB
2026/09/27 10:40:44.308, 7, 34, 1980 MHz, 130.37 W, 0 %, 539 MiB
2026/09/27 10:40:46.308, 0, 38, 1980 MHz, 129.51 W, 0 %, 559 MiB
2026/09/27 10:40:46.308, 1, 34, 1980 MHz, 124.07 W, 0 %, 539 MiB
2026/09/27 10:40:46.308, 2, 33, 1980 MHz, 119.76 W, 0 %, 539 MiB
2026/09/27 10:40:46.308, 3, 38, 1980 MHz, 131.07 W, 0 %, 539 MiB
2026/09/27 10:40:46.308, 4, 39, 1980 MHz, 130.81 W, 0 %, 539 MiB
2026/09/27 10:40:46.308, 5, 35, 1980 MHz, 124.57 W, 0 %, 539 MiB
2026/09/27 10:40:46.309, 6, 37, 1980 MHz, 130.96 W, 0 %, 539 MiB
2026/09/27 10:40:46.309, 7, 34, 1980 MHz, 130.35 W, 0 %, 539 MiB
2026/09/27 10:40:48.309, 0, 38, 1980 MHz, 129.49 W, 0 %, 559 MiB
2026/09/27 10:40:48.309, 1, 34, 1980 MHz, 124.03 W, 0 %, 539 MiB
2026/09/27 10:40:48.309, 2, 33, 1980 MHz, 119.77 W, 0 %, 539 MiB
2026/09/27 10:40:48.309, 3, 38, 1980 MHz, 131.04 W, 0 %, 539 MiB
2026/09/27 10:40:48.309, 4, 39, 1980 MHz, 130.76 W, 0 %, 539 MiB
2026/09/27 10:40:48.309, 5, 35, 1980 MHz, 124.56 W, 0 %, 539 MiB
2026/09/27 10:40:48.309, 6, 37, 1980 MHz, 130.98 W, 0 %, 539 MiB
2026/09/27 10:40:48.309, 7, 34, 1980 MHz, 130.35 W, 0 %, 539 MiB
2026/09/27 10:40:50.310, 0, 38, 1980 MHz, 129.57 W, 0 %, 559 MiB
2026/09/27 10:40:50.310, 1, 34, 1980 MHz, 124.05 W, 0 %, 539 MiB
2026/09/27 10:40:50.310, 2, 33, 1980 MHz, 119.77 W, 0 %, 539 MiB
2026/09/27 10:40:50.310, 3, 38, 1980 MHz, 131.06 W, 0 %, 539 MiB
2026/09/27 10:40:50.310, 4, 39, 1980 MHz, 130.77 W, 0 %, 539 MiB
2026/09/27 10:40:50.310, 5, 35, 1980 MHz, 124.54 W, 0 %, 539 MiB
2026/09/27 10:40:50.310, 6, 37, 1980 MHz, 130.98 W, 0 %, 539 MiB
2026/09/27 10:40:50.310, 7, 34, 1980 MHz, 130.37 W, 0 %, 539 MiB
2026/09/27 10:40:52.310, 0, 38, 1980 MHz, 129.52 W, 0 %, 559 MiB
2026/09/27 10:40:52.311, 1, 34, 1980 MHz, 124.03 W, 0 %, 539 MiB
2026/09/27 10:40:52.311, 2, 33, 1980 MHz, 119.76 W, 0 %, 539 MiB
2026/09/27 10:40:52.311, 3, 38, 1980 MHz, 131.12 W, 0 %, 539 MiB
2026/09/27 10:40:52.311, 4, 39, 1980 MHz, 130.79 W, 0 %, 539 MiB
2026/09/27 10:40:52.311, 5, 35, 1980 MHz, 124.54 W, 0 %, 539 MiB
2026/09/27 10:40:52.311, 6, 37, 1980 MHz, 131.04 W, 0 %, 539 MiB
2026/09/27 10:40:52.311, 7, 34, 1980 MHz, 130.35 W, 0 %, 539 MiB
2026/09/27 10:40:54.311, 0, 38, 1980 MHz, 129.50 W, 0 %, 559 MiB
2026/09/27 10:40:54.311, 1, 34, 1980 MHz, 124.06 W, 0 %, 539 MiB
2026/09/27 10:40:54.311, 2, 33, 1980 MHz, 119.77 W, 0 %, 539 MiB
2026/09/27 10:40:54.311, 3, 38, 1980 MHz, 131.04 W, 0 %, 539 MiB
2026/09/27 10:40:54.312, 4, 39, 1980 MHz, 130.76 W, 0 %, 539 MiB
2026/09/27 10:40:54.312, 5, 35, 1980 MHz, 124.53 W, 0 %, 539 MiB
2026/09/27 10:40:54.312, 6, 37, 1980 MHz, 131.02 W, 0 %, 539 MiB
2026/09/27 10:40:54.312, 7, 34, 1980 MHz, 130.36 W, 0 %, 539 MiB
2026/09/27 10:40:56.312, 0, 38, 1980 MHz, 129.53 W, 0 %, 559 MiB
2026/09/27 10:40:56.312, 1, 34, 1980 MHz, 124.05 W, 0 %, 539 MiB
2026/09/27 10:40:56.312, 2, 33, 1980 MHz, 119.75 W, 0 %, 539 MiB
2026/09/27 10:40:56.312, 3, 38, 1980 MHz, 131.08 W, 0 %, 539 MiB
2026/09/27 10:40:56.312, 4, 39, 1980 MHz, 130.78 W, 0 %, 539 MiB
2026/09/27 10:40:56.312, 5, 35, 1980 MHz, 124.53 W, 0 %, 539 MiB
2026/09/27 10:40:56.312, 6, 37, 1980 MHz, 131.01 W, 0 %, 539 MiB
2026/09/27 10:40:56.312, 7, 34, 1980 MHz, 130.37 W, 0 %, 539 MiB
2026/09/27 10:40:58.313, 0, 38, 1980 MHz, 129.50 W, 0 %, 559 MiB
2026/09/27 10:40:58.313, 1, 34, 1980 MHz, 124.05 W, 0 %, 539 MiB
2026/09/27 10:40:58.313, 2, 33, 1980 MHz, 119.79 W, 0 %, 539 MiB
2026/09/27 10:40:58.313, 3, 38, 1980 MHz, 131.06 W, 0 %, 539 MiB
2026/09/27 10:40:58.313, 4, 39, 1980 MHz, 130.75 W, 0 %, 539 MiB
2026/09/27 10:40:58.313, 5, 35, 1980 MHz, 124.55 W, 0 %, 539 MiB
2026/09/27 10:40:58.313, 6, 37, 1980 MHz, 130.99 W, 0 %, 539 MiB
2026/09/27 10:40:58.313, 7, 34, 1980 MHz, 130.34 W, 0 %, 539 MiB
2026/09/27 10:41:00.313, 0, 38, 1980 MHz, 129.55 W, 0 %, 559 MiB
2026/09/27 10:41:00.314, 1, 34, 1980 MHz, 124.07 W, 0 %, 539 MiB
2026/09/27 10:41:00.314, 2, 33, 1980 MHz, 119.76 W, 0 %, 539 MiB
2026/09/27 10:41:00.314, 3, 38, 1980 MHz, 131.07 W, 0 %, 539 MiB
2026/09/27 10:41:00.314, 4, 39, 1980 MHz, 130.78 W, 0 %, 539 MiB
2026/09/27 10:41:00.314, 5, 35, 1980 MHz, 124.54 W, 0 %, 539 MiB
2026/09/27 10:41:00.314, 6, 37, 1980 MHz, 130.95 W, 0 %, 539 MiB
2026/09/27 10:41:00.314, 7, 34, 1980 MHz, 130.37 W, 0 %, 539 MiB
2026/09/27 10:41:02.314, 0, 38, 1980 MHz, 129.55 W, 0 %, 559 MiB
2026/09/27 10:41:02.314, 1, 34, 1980 MHz, 124.11 W, 0 %, 539 MiB
2026/09/27 10:41:02.314, 2, 33, 1980 MHz, 119.76 W, 0 %, 539 MiB
2026/09/27 10:41:02.315, 3, 38, 1980 MHz, 131.05 W, 0 %, 539 MiB
2026/09/27 10:41:02.315, 4, 39, 1980 MHz, 130.79 W, 0 %, 539 MiB
2026/09/27 10:41:02.315, 5, 35, 1980 MHz, 124.55 W, 0 %, 539 MiB
2026/09/27 10:41:02.315, 6, 37, 1980 MHz, 130.98 W, 0 %, 539 MiB
2026/09/27 10:41:02.315, 7, 34, 1980 MHz, 130.41 W, 0 %, 539 MiB
2026/09/27 10:41:04.315, 0, 38, 1980 MHz, 129.52 W, 0 %, 559 MiB
2026/09/27 10:41:04.315, 1, 34, 1980 MHz, 124.08 W, 0 %, 539 MiB
2026/09/27 10:41:04.315, 2, 33, 1980 MHz, 119.75 W, 0 %, 539 MiB
2026/09/27 10:41:04.315, 3, 38, 1980 MHz, 131.07 W, 0 %, 539 MiB
2026/09/27 10:41:04.315, 4, 39, 1980 MHz, 130.79 W, 0 %, 539 MiB
2026/09/27 10:41:04.315, 5, 35, 1980 MHz, 124.58 W, 0 %, 539 MiB
2026/09/27 10:41:04.315, 6, 37, 1980 MHz, 131.01 W, 0 %, 539 MiB
2026/09/27 10:41:04.316, 7, 34, 1980 MHz, 130.35 W, 0 %, 539 MiB
2026/09/27 10:41:06.316, 0, 38, 1980 MHz, 129.56 W, 0 %, 559 MiB
2026/09/27 10:41:06.316, 1, 34, 1980 MHz, 124.08 W, 0 %, 539 MiB
2026/09/27 10:41:06.316, 2, 33, 1980 MHz, 119.76 W, 0 %, 539 MiB
2026/09/27 10:41:06.316, 3, 38, 1980 MHz, 131.05 W, 0 %, 539 MiB
2026/09/27 10:41:06.316, 4, 39, 1980 MHz, 130.77 W, 0 %, 539 MiB
2026/09/27 10:41:06.316, 5, 35, 1980 MHz, 124.58 W, 0 %, 539 MiB
2026/09/27 10:41:06.316, 6, 37, 1980 MHz, 130.99 W, 0 %, 539 MiB
2026/09/27 10:41:06.317, 7, 34, 1980 MHz, 130.39 W, 0 %, 539 MiB
2026/09/27 10:41:08.317, 0, 38, 1980 MHz, 129.52 W, 0 %, 559 MiB
2026/09/27 10:41:08.317, 1, 34, 1980 MHz, 124.14 W, 0 %, 539 MiB
2026/09/27 10:41:08.317, 2, 33, 1980 MHz, 119.76 W, 0 %, 539 MiB
2026/09/27 10:41:08.317, 3, 38, 1980 MHz, 131.05 W, 0 %, 539 MiB
2026/09/27 10:41:08.318, 4, 39, 1980 MHz, 130.79 W, 0 %, 539 MiB
2026/09/27 10:41:08.318, 5, 35, 1980 MHz, 124.57 W, 0 %, 539 MiB
2026/09/27 10:41:08.318, 6, 37, 1980 MHz, 131.56 W, 0 %, 539 MiB
2026/09/27 10:41:08.318, 7, 34, 1980 MHz, 130.37 W, 0 %, 539 MiB
2026/09/27 10:41:10.318, 0, 38, 1980 MHz, 129.53 W, 0 %, 559 MiB
2026/09/27 10:41:10.318, 1, 34, 1980 MHz, 124.12 W, 0 %, 539 MiB
2026/09/27 10:41:10.318, 2, 33, 1980 MHz, 119.78 W, 0 %, 539 MiB
2026/09/27 10:41:10.318, 3, 38, 1980 MHz, 131.08 W, 0 %, 539 MiB
2026/09/27 10:41:10.318, 4, 39, 1980 MHz, 130.79 W, 0 %, 539 MiB
2026/09/27 10:41:10.319, 5, 35, 1980 MHz, 124.55 W, 0 %, 539 MiB
2026/09/27 10:41:10.319, 6, 37, 1980 MHz, 131.07 W, 0 %, 539 MiB
2026/09/27 10:41:10.319, 7, 34, 1980 MHz, 130.37 W, 0 %, 539 MiB
2026/09/27 10:41:12.319, 0, 38, 1980 MHz, 129.55 W, 0 %, 559 MiB
2026/09/27 10:41:12.319, 1, 34, 1980 MHz, 124.07 W, 0 %, 539 MiB
2026/09/27 10:41:12.319, 2, 33, 1980 MHz, 119.76 W, 0 %, 539 MiB
2026/09/27 10:41:12.319, 3, 38, 1980 MHz, 131.03 W, 0 %, 539 MiB
2026/09/27 10:41:12.319, 4, 39, 1980 MHz, 130.77 W, 0 %, 539 MiB
2026/09/27 10:41:12.319, 5, 35, 1980 MHz, 124.54 W, 0 %, 539 MiB
2026/09/27 10:41:12.319, 6, 37, 1980 MHz, 130.97 W, 0 %, 539 MiB
2026/09/27 10:41:12.319, 7, 34, 1980 MHz, 130.37 W, 0 %, 539 MiB
2026/09/27 10:41:14.320, 0, 38, 1980 MHz, 129.47 W, 0 %, 559 MiB
2026/09/27 10:41:14.320, 1, 34, 1980 MHz, 124.01 W, 0 %, 539 MiB
2026/09/27 10:41:14.320, 2, 33, 1980 MHz, 119.76 W, 0 %, 539 MiB
2026/09/27 10:41:14.320, 3, 38, 1980 MHz, 131.07 W, 0 %, 539 MiB
2026/09/27 10:41:14.320, 4, 39, 1980 MHz, 130.82 W, 0 %, 539 MiB
2026/09/27 10:41:14.320, 5, 35, 1980 MHz, 124.54 W, 0 %, 539 MiB
2026/09/27 10:41:14.320, 6, 37, 1980 MHz, 131.04 W, 0 %, 539 MiB
2026/09/27 10:41:14.321, 7, 34, 1980 MHz, 130.37 W, 0 %, 539 MiB
2026/09/27 10:41:16.321, 0, 38, 1980 MHz, 129.56 W, 0 %, 559 MiB
2026/09/27 10:41:16.321, 1, 34, 1980 MHz, 124.07 W, 0 %, 539 MiB
2026/09/27 10:41:16.321, 2, 33, 1980 MHz, 119.74 W, 0 %, 539 MiB
2026/09/27 10:41:16.321, 3, 38, 1980 MHz, 131.03 W, 0 %, 539 MiB
2026/09/27 10:41:16.321, 4, 39, 1980 MHz, 130.80 W, 0 %, 539 MiB
2026/09/27 10:41:16.321, 5, 35, 1980 MHz, 124.54 W, 0 %, 539 MiB
2026/09/27 10:41:16.321, 6, 37, 1980 MHz, 131.01 W, 0 %, 539 MiB
2026/09/27 10:41:16.322, 7, 34, 1980 MHz, 130.37 W, 0 %, 539 MiB
2026/09/27 10:41:18.322, 0, 38, 1980 MHz, 129.51 W, 0 %, 559 MiB
2026/09/27 10:41:18.322, 1, 34, 1980 MHz, 124.07 W, 0 %, 539 MiB
2026/09/27 10:41:18.322, 2, 33, 1980 MHz, 119.76 W, 0 %, 539 MiB
2026/09/27 10:41:18.322, 3, 38, 1980 MHz, 131.06 W, 0 %, 539 MiB
2026/09/27 10:41:18.322, 4, 39, 1980 MHz, 130.81 W, 0 %, 539 MiB
2026/09/27 10:41:18.322, 5, 35, 1980 MHz, 124.54 W, 0 %, 539 MiB
2026/09/27 10:41:18.322, 6, 37, 1980 MHz, 130.96 W, 0 %, 539 MiB
2026/09/27 10:41:18.322, 7, 34, 1980 MHz, 130.35 W, 0 %, 539 MiB
2026/09/27 10:41:20.322, 0, 38, 1980 MHz, 129.54 W, 0 %, 559 MiB
2026/09/27 10:41:20.323, 1, 34, 1980 MHz, 124.06 W, 0 %, 539 MiB
2026/09/27 10:41:20.323, 2, 33, 1980 MHz, 119.79 W, 0 %, 539 MiB
2026/09/27 10:41:20.323, 3, 38, 1980 MHz, 131.09 W, 0 %, 539 MiB
2026/09/27 10:41:20.323, 4, 39, 1980 MHz, 130.82 W, 0 %, 539 MiB
2026/09/27 10:41:20.323, 5, 35, 1980 MHz, 124.56 W, 0 %, 539 MiB
2026/09/27 10:41:20.323, 6, 37, 1980 MHz, 131.00 W, 0 %, 539 MiB
2026/09/27 10:41:20.323, 7, 34, 1980 MHz, 130.35 W, 0 %, 539 MiB
2026/09/27 10:41:22.323, 0, 38, 1980 MHz, 129.50 W, 0 %, 559 MiB
2026/09/27 10:41:22.324, 1, 34, 1980 MHz, 124.05 W, 0 %, 539 MiB
2026/09/27 10:41:22.324, 2, 33, 1980 MHz, 119.76 W, 0 %, 539 MiB
2026/09/27 10:41:22.324, 3, 38, 1980 MHz, 131.06 W, 0 %, 539 MiB
2026/09/27 10:41:22.324, 4, 39, 1980 MHz, 130.79 W, 0 %, 539 MiB
2026/09/27 10:41:22.324, 5, 35, 1980 MHz, 124.52 W, 0 %, 539 MiB
2026/09/27 10:41:22.324, 6, 37, 1980 MHz, 130.94 W, 0 %, 539 MiB
2026/09/27 10:41:22.324, 7, 34, 1980 MHz, 130.38 W, 0 %, 539 MiB
2026/09/27 10:41:24.324, 0, 38, 1980 MHz, 129.49 W, 0 %, 559 MiB
2026/09/27 10:41:24.324, 1, 34, 1980 MHz, 124.01 W, 0 %, 539 MiB
2026/09/27 10:41:24.324, 2, 33, 1980 MHz, 119.77 W, 0 %, 539 MiB
2026/09/27 10:41:24.325, 3, 38, 1980 MHz, 131.03 W, 0 %, 539 MiB
2026/09/27 10:41:24.325, 4, 39, 1980 MHz, 130.75 W, 0 %, 539 MiB
2026/09/27 10:41:24.325, 5, 35, 1980 MHz, 124.56 W, 0 %, 539 MiB
2026/09/27 10:41:24.325, 6, 37, 1980 MHz, 130.97 W, 0 %, 539 MiB
2026/09/27 10:41:24.325, 7, 34, 1980 MHz, 130.37 W, 0 %, 539 MiB
2026/09/27 10:41:26.325, 0, 38, 1980 MHz, 129.49 W, 0 %, 559 MiB
2026/09/27 10:41:26.325, 1, 34, 1980 MHz, 124.05 W, 0 %, 539 MiB
2026/09/27 10:41:26.325, 2, 33, 1980 MHz, 119.79 W, 0 %, 539 MiB
2026/09/27 10:41:26.325, 3, 38, 1980 MHz, 131.01 W, 0 %, 539 MiB
2026/09/27 10:41:26.325, 4, 39, 1980 MHz, 130.78 W, 0 %, 539 MiB
2026/09/27 10:41:26.325, 5, 35, 1980 MHz, 124.60 W, 0 %, 539 MiB
2026/09/27 10:41:26.326, 6, 37, 1980 MHz, 130.96 W, 0 %, 539 MiB
2026/09/27 10:41:26.326, 7, 34, 1980 MHz, 130.37 W, 0 %, 539 MiB
2026/09/27 10:41:28.326, 0, 38, 1980 MHz, 129.51 W, 0 %, 559 MiB
2026/09/27 10:41:28.326, 1, 34, 1980 MHz, 124.05 W, 0 %, 539 MiB
2026/09/27 10:41:28.326, 2, 33, 1980 MHz, 119.74 W, 0 %, 539 MiB
2026/09/27 10:41:28.326, 3, 38, 1980 MHz, 131.02 W, 0 %, 539 MiB
2026/09/27 10:41:28.326, 4, 39, 1980 MHz, 130.78 W, 0 %, 539 MiB
2026/09/27 10:41:28.326, 5, 35, 1980 MHz, 124.58 W, 0 %, 539 MiB
2026/09/27 10:41:28.326, 6, 37, 1980 MHz, 130.99 W, 0 %, 539 MiB
2026/09/27 10:41:28.326, 7, 34, 1980 MHz, 130.36 W, 0 %, 539 MiB
2026/09/27 10:41:30.327, 0, 38, 1980 MHz, 129.53 W, 0 %, 559 MiB
2026/09/27 10:41:30.327, 1, 34, 1980 MHz, 124.01 W, 0 %, 539 MiB
2026/09/27 10:41:30.327, 2, 33, 1980 MHz, 119.78 W, 0 %, 539 MiB
2026/09/27 10:41:30.327, 3, 38, 1980 MHz, 131.07 W, 0 %, 539 MiB
2026/09/27 10:41:30.327, 4, 39, 1980 MHz, 130.79 W, 0 %, 539 MiB
2026/09/27 10:41:30.327, 5, 35, 1980 MHz, 124.58 W, 0 %, 539 MiB
2026/09/27 10:41:30.327, 6, 37, 1980 MHz, 130.97 W, 0 %, 539 MiB
2026/09/27 10:41:30.327, 7, 34, 1980 MHz, 130.39 W, 0 %, 539 MiB
2026/09/27 10:41:32.327, 0, 38, 1980 MHz, 129.52 W, 0 %, 559 MiB
2026/09/27 10:41:32.328, 1, 34, 1980 MHz, 124.09 W, 0 %, 539 MiB
2026/09/27 10:41:32.328, 2, 33, 1980 MHz, 119.78 W, 0 %, 539 MiB
2026/09/27 10:41:32.328, 3, 38, 1980 MHz, 131.02 W, 0 %, 539 MiB
2026/09/27 10:41:32.328, 4, 39, 1980 MHz, 130.77 W, 0 %, 539 MiB
2026/09/27 10:41:32.328, 5, 35, 1980 MHz, 124.58 W, 0 %, 539 MiB
2026/09/27 10:41:32.328, 6, 37, 1980 MHz, 130.96 W, 0 %, 539 MiB
2026/09/27 10:41:32.328, 7, 34, 1980 MHz, 130.33 W, 0 %, 539 MiB
2026/09/27 10:41:34.328, 0, 38, 1980 MHz, 129.50 W, 0 %, 559 MiB
2026/09/27 10:41:34.328, 1, 34, 1980 MHz, 124.05 W, 0 %, 539 MiB
2026/09/27 10:41:34.328, 2, 33, 1980 MHz, 119.76 W, 0 %, 539 MiB
2026/09/27 10:41:34.328, 3, 38, 1980 MHz, 131.05 W, 0 %, 539 MiB
2026/09/27 10:41:34.329, 4, 39, 1980 MHz, 130.83 W, 0 %, 539 MiB
2026/09/27 10:41:34.329, 5, 35, 1980 MHz, 124.56 W, 0 %, 539 MiB
2026/09/27 10:41:34.329, 6, 37, 1980 MHz, 131.01 W, 0 %, 539 MiB
2026/09/27 10:41:34.329, 7, 34, 1980 MHz, 130.39 W, 0 %, 539 MiB
2026/09/27 10:41:36.329, 0, 38, 1980 MHz, 129.55 W, 0 %, 559 MiB
2026/09/27 10:41:36.329, 1, 34, 1980 MHz, 124.07 W, 0 %, 539 MiB
2026/09/27 10:41:36.329, 2, 33, 1980 MHz, 119.76 W, 0 %, 539 MiB
2026/09/27 10:41:36.329, 3, 38, 1980 MHz, 131.07 W, 0 %, 539 MiB
2026/09/27 10:41:36.329, 4, 39, 1980 MHz, 130.75 W, 0 %, 539 MiB
2026/09/27 10:41:36.329, 5, 35, 1980 MHz, 124.57 W, 0 %, 539 MiB
2026/09/27 10:41:36.329, 6, 37, 1980 MHz, 130.99 W, 0 %, 539 MiB
2026/09/27 10:41:36.330, 7, 34, 1980 MHz, 130.34 W, 0 %, 539 MiB
2026/09/27 10:41:38.330, 0, 38, 1980 MHz, 129.52 W, 0 %, 559 MiB
2026/09/27 10:41:38.330, 1, 34, 1980 MHz, 124.08 W, 0 %, 539 MiB
2026/09/27 10:41:38.330, 2, 33, 1980 MHz, 119.75 W, 0 %, 539 MiB
2026/09/27 10:41:38.330, 3, 38, 1980 MHz, 131.07 W, 0 %, 539 MiB
2026/09/27 10:41:38.330, 4, 39, 1980 MHz, 130.76 W, 0 %, 539 MiB
2026/09/27 10:41:38.330, 5, 35, 1980 MHz, 124.56 W, 0 %, 539 MiB
2026/09/27 10:41:38.330, 6, 37, 1980 MHz, 130.98 W, 0 %, 539 MiB
2026/09/27 10:41:38.330, 7, 34, 1980 MHz, 130.39 W, 0 %, 539 MiB
2026/09/27 10:41:40.331, 0, 38, 1980 MHz, 129.51 W, 0 %, 559 MiB
2026/09/27 10:41:40.331, 1, 34, 1980 MHz, 124.06 W, 0 %, 539 MiB
2026/09/27 10:41:40.331, 2, 33, 1980 MHz, 119.75 W, 0 %, 539 MiB
2026/09/27 10:41:40.331, 3, 38, 1980 MHz, 131.05 W, 0 %, 539 MiB
2026/09/27 10:41:40.331, 4, 39, 1980 MHz, 130.77 W, 0 %, 539 MiB
2026/09/27 10:41:40.331, 5, 35, 1980 MHz, 124.54 W, 0 %, 539 MiB
2026/09/27 10:41:40.331, 6, 37, 1980 MHz, 130.95 W, 0 %, 539 MiB
2026/09/27 10:41:40.331, 7, 34, 1980 MHz, 130.35 W, 0 %, 539 MiB
2026/09/27 10:41:42.331, 0, 38, 1980 MHz, 129.50 W, 0 %, 559 MiB
2026/09/27 10:41:42.332, 1, 34, 1980 MHz, 124.06 W, 0 %, 539 MiB
2026/09/27 10:41:42.332, 2, 33, 1980 MHz, 119.76 W, 0 %, 539 MiB
2026/09/27 10:41:42.332, 3, 38, 1980 MHz, 131.06 W, 0 %, 539 MiB
2026/09/27 10:41:42.332, 4, 39, 1980 MHz, 130.78 W, 0 %, 539 MiB
2026/09/27 10:41:42.332, 5, 35, 1980 MHz, 124.54 W, 0 %, 539 MiB
2026/09/27 10:41:42.332, 6, 37, 1980 MHz, 131.04 W, 0 %, 539 MiB
2026/09/27 10:41:42.332, 7, 34, 1980 MHz, 130.37 W, 0 %, 539 MiB
2026/09/27 10:41:44.332, 0, 38, 1980 MHz, 129.53 W, 0 %, 559 MiB
2026/09/27 10:41:44.332, 1, 34, 1980 MHz, 124.10 W, 0 %, 539 MiB
2026/09/27 10:41:44.333, 2, 33, 1980 MHz, 119.76 W, 0 %, 539 MiB
2026/09/27 10:41:44.333, 3, 38, 1980 MHz, 131.06 W, 0 %, 539 MiB
2026/09/27 10:41:44.333, 4, 39, 1980 MHz, 130.78 W, 0 %, 539 MiB
2026/09/27 10:41:44.333, 5, 35, 1980 MHz, 124.54 W, 0 %, 539 MiB
2026/09/27 10:41:44.333, 6, 37, 1980 MHz, 130.93 W, 0 %, 539 MiB
2026/09/27 10:41:44.333, 7, 34, 1980 MHz, 130.34 W, 0 %, 539 MiB
2026/09/27 10:41:46.333, 0, 38, 1980 MHz, 129.57 W, 0 %, 559 MiB
2026/09/27 10:41:46.333, 1, 34, 1980 MHz, 124.03 W, 0 %, 539 MiB
2026/09/27 10:41:46.333, 2, 33, 1980 MHz, 119.78 W, 0 %, 539 MiB
2026/09/27 10:41:46.333, 3, 38, 1980 MHz, 131.05 W, 0 %, 539 MiB
2026/09/27 10:41:46.333, 4, 39, 1980 MHz, 130.79 W, 0 %, 539 MiB
2026/09/27 10:41:46.333, 5, 35, 1980 MHz, 124.57 W, 0 %, 539 MiB
2026/09/27 10:41:46.334, 6, 37, 1980 MHz, 130.96 W, 0 %, 539 MiB
2026/09/27 10:41:46.334, 7, 34, 1980 MHz, 130.36 W, 0 %, 539 MiB
2026/09/27 10:41:48.334, 0, 38, 1980 MHz, 129.53 W, 0 %, 559 MiB
2026/09/27 10:41:48.334, 1, 34, 1980 MHz, 124.10 W, 0 %, 539 MiB
2026/09/27 10:41:48.334, 2, 33, 1980 MHz, 119.76 W, 0 %, 539 MiB
2026/09/27 10:41:48.334, 3, 38, 1980 MHz, 131.06 W, 0 %, 539 MiB
2026/09/27 10:41:48.335, 4, 39, 1980 MHz, 130.79 W, 0 %, 539 MiB
2026/09/27 10:41:48.335, 5, 35, 1980 MHz, 124.57 W, 0 %, 539 MiB
2026/09/27 10:41:48.335, 6, 37, 1980 MHz, 130.96 W, 0 %, 539 MiB
2026/09/27 10:41:48.335, 7, 34, 1980 MHz, 130.37 W, 0 %, 539 MiB
2026/09/27 10:41:50.335, 0, 38, 1980 MHz, 129.50 W, 0 %, 559 MiB
2026/09/27 10:41:50.335, 1, 34, 1980 MHz, 124.04 W, 0 %, 539 MiB
2026/09/27 10:41:50.335, 2, 33, 1980 MHz, 119.75 W, 0 %, 539 MiB
2026/09/27 10:41:50.335, 3, 38, 1980 MHz, 131.04 W, 0 %, 539 MiB
2026/09/27 10:41:50.335, 4, 39, 1980 MHz, 130.78 W, 0 %, 539 MiB
2026/09/27 10:41:50.335, 5, 35, 1980 MHz, 124.56 W, 0 %, 539 MiB
2026/09/27 10:41:50.335, 6, 37, 1980 MHz, 130.95 W, 0 %, 539 MiB
2026/09/27 10:41:50.335, 7, 34, 1980 MHz, 130.37 W, 0 %, 539 MiB
2026/09/27 10:41:52.336, 0, 38, 1980 MHz, 129.51 W, 0 %, 559 MiB
2026/09/27 10:41:52.336, 1, 34, 1980 MHz, 124.04 W, 0 %, 539 MiB
2026/09/27 10:41:52.336, 2, 33, 1980 MHz, 119.74 W, 0 %, 539 MiB
2026/09/27 10:41:52.336, 3, 38, 1980 MHz, 131.04 W, 0 %, 539 MiB
2026/09/27 10:41:52.336, 4, 39, 1980 MHz, 130.77 W, 0 %, 539 MiB
2026/09/27 10:41:52.336, 5, 35, 1980 MHz, 124.58 W, 0 %, 539 MiB
2026/09/27 10:41:52.336, 6, 37, 1980 MHz, 131.01 W, 0 %, 539 MiB
2026/09/27 10:41:52.336, 7, 34, 1980 MHz, 130.35 W, 0 %, 539 MiB
2026/09/27 10:41:54.337, 0, 38, 1980 MHz, 129.50 W, 0 %, 559 MiB
2026/09/27 10:41:54.337, 1, 34, 1980 MHz, 124.06 W, 0 %, 539 MiB
2026/09/27 10:41:54.337, 2, 33, 1980 MHz, 119.76 W, 0 %, 539 MiB
2026/09/27 10:41:54.337, 3, 38, 1980 MHz, 131.04 W, 0 %, 539 MiB
2026/09/27 10:41:54.337, 4, 39, 1980 MHz, 130.79 W, 0 %, 539 MiB
2026/09/27 10:41:54.337, 5, 35, 1980 MHz, 124.61 W, 0 %, 539 MiB
2026/09/27 10:41:54.337, 6, 37, 1980 MHz, 130.94 W, 0 %, 539 MiB
2026/09/27 10:41:54.337, 7, 34, 1980 MHz, 130.35 W, 0 %, 539 MiB
2026/09/27 10:41:56.338, 0, 38, 1980 MHz, 129.53 W, 0 %, 559 MiB
2026/09/27 10:41:56.338, 1, 34, 1980 MHz, 124.07 W, 0 %, 539 MiB
2026/09/27 10:41:56.338, 2, 33, 1980 MHz, 119.75 W, 0 %, 539 MiB
2026/09/27 10:41:56.338, 3, 38, 1980 MHz, 131.03 W, 0 %, 539 MiB
2026/09/27 10:41:56.338, 4, 39, 1980 MHz, 130.76 W, 0 %, 539 MiB
2026/09/27 10:41:56.338, 5, 35, 1980 MHz, 124.58 W, 0 %, 539 MiB
2026/09/27 10:41:56.338, 6, 37, 1980 MHz, 130.92 W, 0 %, 539 MiB
2026/09/27 10:41:56.338, 7, 34, 1980 MHz, 130.39 W, 0 %, 539 MiB
2026/09/27 10:41:58.339, 0, 38, 1980 MHz, 129.54 W, 0 %, 559 MiB
2026/09/27 10:41:58.339, 1, 34, 1980 MHz, 124.10 W, 0 %, 539 MiB
2026/09/27 10:41:58.339, 2, 33, 1980 MHz, 119.74 W, 0 %, 539 MiB
2026/09/27 10:41:58.339, 3, 38, 1980 MHz, 131.00 W, 0 %, 539 MiB
2026/09/27 10:41:58.339, 4, 39, 1980 MHz, 130.81 W, 0 %, 539 MiB
2026/09/27 10:41:58.339, 5, 35, 1980 MHz, 124.57 W, 0 %, 539 MiB
2026/09/27 10:41:58.339, 6, 37, 1980 MHz, 130.91 W, 0 %, 539 MiB
2026/09/27 10:41:58.339, 7, 34, 1980 MHz, 130.35 W, 0 %, 539 MiB
2026/09/27 10:42:00.339, 0, 38, 1980 MHz, 129.56 W, 0 %, 559 MiB
2026/09/27 10:42:00.339, 1, 34, 1980 MHz, 124.04 W, 0 %, 539 MiB
2026/09/27 10:42:00.340, 2, 33, 1980 MHz, 119.72 W, 0 %, 539 MiB
2026/09/27 10:42:00.340, 3, 38, 1980 MHz, 131.03 W, 0 %, 539 MiB
2026/09/27 10:42:00.340, 4, 39, 1980 MHz, 130.79 W, 0 %, 539 MiB
2026/09/27 10:42:00.340, 5, 35, 1980 MHz, 124.56 W, 0 %, 539 MiB
2026/09/27 10:42:00.340, 6, 37, 1980 MHz, 130.99 W, 0 %, 539 MiB
2026/09/27 10:42:00.340, 7, 34, 1980 MHz, 130.37 W, 0 %, 539 MiB
2026/09/27 10:42:02.340, 0, 38, 1980 MHz, 129.50 W, 0 %, 559 MiB
2026/09/27 10:42:02.340, 1, 34, 1980 MHz, 124.05 W, 0 %, 539 MiB
2026/09/27 10:42:02.340, 2, 33, 1980 MHz, 119.79 W, 0 %, 539 MiB
2026/09/27 10:42:02.340, 3, 38, 1980 MHz, 131.07 W, 0 %, 539 MiB
2026/09/27 10:42:02.340, 4, 39, 1980 MHz, 130.79 W, 0 %, 539 MiB
2026/09/27 10:42:02.341, 5, 35, 1980 MHz, 124.53 W, 0 %, 539 MiB
2026/09/27 10:42:02.341, 6, 37, 1980 MHz, 130.95 W, 0 %, 539 MiB
2026/09/27 10:42:02.341, 7, 34, 1980 MHz, 130.32 W, 0 %, 539 MiB
2026/09/27 10:42:04.341, 0, 38, 1980 MHz, 129.51 W, 0 %, 559 MiB
2026/09/27 10:42:04.341, 1, 34, 1980 MHz, 124.07 W, 0 %, 539 MiB
2026/09/27 10:42:04.341, 2, 33, 1980 MHz, 119.74 W, 0 %, 539 MiB
2026/09/27 10:42:04.341, 3, 38, 1980 MHz, 131.07 W, 0 %, 539 MiB
2026/09/27 10:42:04.341, 4, 39, 1980 MHz, 130.79 W, 0 %, 539 MiB
2026/09/27 10:42:04.341, 5, 35, 1980 MHz, 124.53 W, 0 %, 539 MiB
2026/09/27 10:42:04.341, 6, 37, 1980 MHz, 130.94 W, 0 %, 539 MiB
2026/09/27 10:42:04.341, 7, 34, 1980 MHz, 130.35 W, 0 %, 539 MiB
2026/09/27 10:42:06.342, 0, 38, 1980 MHz, 129.56 W, 0 %, 559 MiB
2026/09/27 10:42:06.342, 1, 34, 1980 MHz, 124.08 W, 0 %, 539 MiB
2026/09/27 10:42:06.342, 2, 33, 1980 MHz, 119.77 W, 0 %, 539 MiB
2026/09/27 10:42:06.342, 3, 38, 1980 MHz, 131.05 W, 0 %, 539 MiB
2026/09/27 10:42:06.342, 4, 39, 1980 MHz, 130.79 W, 0 %, 539 MiB
2026/09/27 10:42:06.342, 5, 35, 1980 MHz, 124.55 W, 0 %, 539 MiB
2026/09/27 10:42:06.342, 6, 37, 1980 MHz, 130.95 W, 0 %, 539 MiB
2026/09/27 10:42:06.342, 7, 34, 1980 MHz, 130.35 W, 0 %, 539 MiB
2026/09/27 10:42:08.342, 0, 38, 1980 MHz, 129.49 W, 0 %, 559 MiB
2026/09/27 10:42:08.343, 1, 34, 1980 MHz, 124.06 W, 0 %, 539 MiB
2026/09/27 10:42:08.343, 2, 33, 1980 MHz, 119.79 W, 0 %, 539 MiB
2026/09/27 10:42:08.343, 3, 38, 1980 MHz, 131.08 W, 0 %, 539 MiB
2026/09/27 10:42:08.343, 4, 39, 1980 MHz, 130.74 W, 0 %, 539 MiB
2026/09/27 10:42:08.343, 5, 35, 1980 MHz, 124.56 W, 0 %, 539 MiB
2026/09/27 10:42:08.343, 6, 37, 1980 MHz, 130.96 W, 0 %, 539 MiB
2026/09/27 10:42:08.343, 7, 34, 1980 MHz, 130.35 W, 0 %, 539 MiB
2026/09/27 10:42:10.343, 0, 38, 1980 MHz, 129.57 W, 0 %, 559 MiB
2026/09/27 10:42:10.344, 1, 34, 1980 MHz, 124.03 W, 0 %, 539 MiB
2026/09/27 10:42:10.344, 2, 33, 1980 MHz, 119.76 W, 0 %, 539 MiB
2026/09/27 10:42:10.344, 3, 38, 1980 MHz, 131.04 W, 0 %, 539 MiB
2026/09/27 10:42:10.344, 4, 39, 1980 MHz, 130.79 W, 0 %, 539 MiB
2026/09/27 10:42:10.344, 5, 35, 1980 MHz, 124.53 W, 0 %, 539 MiB
2026/09/27 10:42:10.344, 6, 37, 1980 MHz, 131.02 W, 0 %, 539 MiB
2026/09/27 10:42:10.344, 7, 34, 1980 MHz, 130.34 W, 0 %, 539 MiB
2026/09/27 10:42:12.344, 0, 38, 1980 MHz, 129.51 W, 0 %, 559 MiB
2026/09/27 10:42:12.344, 1, 34, 1980 MHz, 124.00 W, 0 %, 539 MiB
2026/09/27 10:42:12.344, 2, 33, 1980 MHz, 119.73 W, 0 %, 539 MiB
2026/09/27 10:42:12.345, 3, 38, 1980 MHz, 131.05 W, 0 %, 539 MiB
2026/09/27 10:42:12.345, 4, 39, 1980 MHz, 130.75 W, 0 %, 539 MiB
2026/09/27 10:42:12.345, 5, 35, 1980 MHz, 124.53 W, 0 %, 539 MiB
2026/09/27 10:42:12.345, 6, 37, 1980 MHz, 130.99 W, 0 %, 539 MiB
2026/09/27 10:42:12.345, 7, 34, 1980 MHz, 130.37 W, 0 %, 539 MiB
2026/09/27 10:42:14.345, 0, 38, 1980 MHz, 129.54 W, 0 %, 559 MiB
2026/09/27 10:42:14.345, 1, 34, 1980 MHz, 124.11 W, 0 %, 539 MiB
2026/09/27 10:42:14.345, 2, 33, 1980 MHz, 119.76 W, 0 %, 539 MiB
2026/09/27 10:42:14.345, 3, 38, 1980 MHz, 131.08 W, 0 %, 539 MiB
2026/09/27 10:42:14.345, 4, 39, 1980 MHz, 130.79 W, 0 %, 539 MiB
2026/09/27 10:42:14.345, 5, 35, 1980 MHz, 124.57 W, 0 %, 539 MiB
2026/09/27 10:42:14.345, 6, 37, 1980 MHz, 130.98 W, 0 %, 539 MiB
2026/09/27 10:42:14.346, 7, 34, 1980 MHz, 130.30 W, 0 %, 539 MiB
2026/09/27 10:42:16.346, 0, 38, 1980 MHz, 129.51 W, 0 %, 559 MiB
2026/09/27 10:42:16.346, 1, 34, 1980 MHz, 124.05 W, 0 %, 539 MiB
2026/09/27 10:42:16.346, 2, 33, 1980 MHz, 119.76 W, 0 %, 539 MiB
2026/09/27 10:42:16.346, 3, 38, 1980 MHz, 131.02 W, 0 %, 539 MiB
2026/09/27 10:42:16.346, 4, 39, 1980 MHz, 130.81 W, 0 %, 539 MiB
2026/09/27 10:42:16.346, 5, 35, 1980 MHz, 124.58 W, 0 %, 539 MiB
2026/09/27 10:42:16.346, 6, 37, 1980 MHz, 131.69 W, 0 %, 539 MiB
2026/09/27 10:42:16.346, 7, 34, 1980 MHz, 130.40 W, 0 %, 539 MiB
2026/09/27 10:42:18.347, 0, 38, 1980 MHz, 129.51 W, 0 %, 559 MiB
2026/09/27 10:42:18.347, 1, 34, 1980 MHz, 124.13 W, 0 %, 539 MiB
2026/09/27 10:42:18.347, 2, 33, 1980 MHz, 119.75 W, 0 %, 539 MiB
2026/09/27 10:42:18.347, 3, 38, 1980 MHz, 131.08 W, 0 %, 539 MiB
2026/09/27 10:42:18.347, 4, 39, 1980 MHz, 130.78 W, 0 %, 539 MiB
2026/09/27 10:42:18.347, 5, 35, 1980 MHz, 124.56 W, 0 %, 539 MiB
2026/09/27 10:42:18.347, 6, 37, 1980 MHz, 130.96 W, 0 %, 539 MiB
2026/09/27 10:42:18.347, 7, 34, 1980 MHz, 130.33 W, 0 %, 539 MiB
2026/09/27 10:42:20.347, 0, 38, 1980 MHz, 129.50 W, 0 %, 559 MiB
2026/09/27 10:42:20.348, 1, 34, 1980 MHz, 124.03 W, 0 %, 539 MiB
2026/09/27 10:42:20.348, 2, 33, 1980 MHz, 119.78 W, 0 %, 539 MiB
2026/09/27 10:42:20.348, 3, 38, 1980 MHz, 131.05 W, 0 %, 539 MiB
2026/09/27 10:42:20.348, 4, 39, 1980 MHz, 130.73 W, 0 %, 539 MiB
2026/09/27 10:42:20.348, 5, 35, 1980 MHz, 124.52 W, 0 %, 539 MiB
2026/09/27 10:42:20.348, 6, 37, 1980 MHz, 131.00 W, 0 %, 539 MiB
2026/09/27 10:42:20.348, 7, 34, 1980 MHz, 130.37 W, 0 %, 539 MiB
2026/09/27 10:42:22.348, 0, 38, 1980 MHz, 129.51 W, 0 %, 559 MiB
2026/09/27 10:42:22.349, 1, 34, 1980 MHz, 124.09 W, 0 %, 539 MiB
2026/09/27 10:42:22.349, 2, 33, 1980 MHz, 119.76 W, 0 %, 539 MiB
2026/09/27 10:42:22.349, 3, 38, 1980 MHz, 131.01 W, 0 %, 539 MiB
2026/09/27 10:42:22.349, 4, 39, 1980 MHz, 130.77 W, 0 %, 539 MiB
2026/09/27 10:42:22.349, 5, 35, 1980 MHz, 124.53 W, 0 %, 539 MiB
2026/09/27 10:42:22.349, 6, 37, 1980 MHz, 130.92 W, 0 %, 539 MiB
2026/09/27 10:42:22.349, 7, 34, 1980 MHz, 130.34 W, 0 %, 539 MiB
2026/09/27 10:42:24.349, 0, 38, 1980 MHz, 129.53 W, 0 %, 559 MiB
2026/09/27 10:42:24.349, 1, 34, 1980 MHz, 124.04 W, 0 %, 539 MiB
2026/09/27 10:42:24.349, 2, 33, 1980 MHz, 119.74 W, 0 %, 539 MiB
2026/09/27 10:42:24.350, 3, 38, 1980 MHz, 131.00 W, 0 %, 539 MiB
2026/09/27 10:42:24.350, 4, 39, 1980 MHz, 130.77 W, 0 %, 539 MiB
2026/09/27 10:42:24.350, 5, 35, 1980 MHz, 124.55 W, 0 %, 539 MiB
2026/09/27 10:42:24.350, 6, 37, 1980 MHz, 130.94 W, 0 %, 539 MiB
2026/09/27 10:42:24.350, 7, 34, 1980 MHz, 130.36 W, 0 %, 539 MiB
2026/09/27 10:42:26.350, 0, 38, 1980 MHz, 129.53 W, 0 %, 559 MiB
2026/09/27 10:42:26.350, 1, 34, 1980 MHz, 124.07 W, 0 %, 539 MiB
2026/09/27 10:42:26.350, 2, 33, 1980 MHz, 119.75 W, 0 %, 539 MiB
2026/09/27 10:42:26.350, 3, 38, 1980 MHz, 131.04 W, 0 %, 539 MiB
2026/09/27 10:42:26.350, 4, 39, 1980 MHz, 130.78 W, 0 %, 539 MiB
2026/09/27 10:42:26.350, 5, 35, 1980 MHz, 124.54 W, 0 %, 539 MiB
2026/09/27 10:42:26.350, 6, 37, 1980 MHz, 130.96 W, 0 %, 539 MiB
2026/09/27 10:42:26.351, 7, 34, 1980 MHz, 130.33 W, 0 %, 539 MiB
2026/09/27 10:42:28.351, 0, 38, 1980 MHz, 129.48 W, 0 %, 559 MiB
2026/09/27 10:42:28.351, 1, 34, 1980 MHz, 124.06 W, 0 %, 539 MiB
2026/09/27 10:42:28.351, 2, 33, 1980 MHz, 119.77 W, 0 %, 539 MiB
2026/09/27 10:42:28.351, 3, 38, 1980 MHz, 131.05 W, 0 %, 539 MiB
2026/09/27 10:42:28.351, 4, 39, 1980 MHz, 130.78 W, 0 %, 539 MiB
2026/09/27 10:42:28.351, 5, 35, 1980 MHz, 124.56 W, 0 %, 539 MiB
2026/09/27 10:42:28.351, 6, 37, 1980 MHz, 130.99 W, 0 %, 539 MiB
2026/09/27 10:42:28.351, 7, 34, 1980 MHz, 130.37 W, 0 %, 539 MiB
2026/09/27 10:42:30.351, 0, 38, 1980 MHz, 129.51 W, 0 %, 559 MiB
2026/09/27 10:42:30.352, 1, 34, 1980 MHz, 124.09 W, 0 %, 539 MiB
2026/09/27 10:42:30.352, 2, 33, 1980 MHz, 119.75 W, 0 %, 539 MiB
2026/09/27 10:42:30.352, 3, 38, 1980 MHz, 131.08 W, 0 %, 539 MiB
2026/09/27 10:42:30.352, 4, 39, 1980 MHz, 130.78 W, 0 %, 539 MiB
2026/09/27 10:42:30.352, 5, 35, 1980 MHz, 124.57 W, 0 %, 539 MiB
2026/09/27 10:42:30.352, 6, 37, 1980 MHz, 130.97 W, 0 %, 539 MiB
2026/09/27 10:42:30.352, 7, 34, 1980 MHz, 130.33 W, 0 %, 539 MiB
2026/09/27 10:42:32.352, 0, 38, 1980 MHz, 129.46 W, 0 %, 559 MiB
2026/09/27 10:42:32.352, 1, 34, 1980 MHz, 124.00 W, 0 %, 539 MiB
2026/09/27 10:42:32.352, 2, 33, 1980 MHz, 119.76 W, 0 %, 539 MiB
2026/09/27 10:42:32.353, 3, 38, 1980 MHz, 131.03 W, 0 %, 539 MiB
2026/09/27 10:42:32.353, 4, 39, 1980 MHz, 130.76 W, 0 %, 539 MiB
2026/09/27 10:42:32.353, 5, 35, 1980 MHz, 124.55 W, 0 %, 539 MiB
2026/09/27 10:42:32.353, 6, 37, 1980 MHz, 130.94 W, 0 %, 539 MiB
2026/09/27 10:42:32.353, 7, 34, 1980 MHz, 130.38 W, 0 %, 539 MiB
2026/09/27 10:42:34.353, 0, 38, 1980 MHz, 129.52 W, 0 %, 559 MiB
2026/09/27 10:42:34.353, 1, 34, 1980 MHz, 124.05 W, 0 %, 539 MiB
2026/09/27 10:42:34.353, 2, 33, 1980 MHz, 119.76 W, 0 %, 539 MiB
2026/09/27 10:42:34.353, 3, 38, 1980 MHz, 131.06 W, 0 %, 539 MiB
2026/09/27 10:42:34.354, 4, 39, 1980 MHz, 130.73 W, 0 %, 539 MiB
2026/09/27 10:42:34.354, 5, 35, 1980 MHz, 124.55 W, 0 %, 539 MiB
2026/09/27 10:42:34.354, 6, 37, 1980 MHz, 130.98 W, 0 %, 539 MiB
2026/09/27 10:42:34.354, 7, 34, 1980 MHz, 130.33 W, 0 %, 539 MiB
2026/09/27 10:42:36.354, 0, 38, 1980 MHz, 129.52 W, 0 %, 559 MiB
2026/09/27 10:42:36.354, 1, 34, 1980 MHz, 124.04 W, 0 %, 539 MiB
2026/09/27 10:42:36.354, 2, 33, 1980 MHz, 119.74 W, 0 %, 539 MiB
2026/09/27 10:42:36.354, 3, 38, 1980 MHz, 131.07 W, 0 %, 539 MiB
2026/09/27 10:42:36.355, 4, 39, 1980 MHz, 130.75 W, 0 %, 539 MiB
2026/09/27 10:42:36.355, 5, 35, 1980 MHz, 124.57 W, 0 %, 539 MiB
2026/09/27 10:42:36.355, 6, 37, 1980 MHz, 130.93 W, 0 %, 539 MiB
2026/09/27 10:42:36.355, 7, 34, 1980 MHz, 130.34 W, 0 %, 539 MiB
2026/09/27 10:42:38.355, 0, 38, 1980 MHz, 129.50 W, 0 %, 559 MiB
2026/09/27 10:42:38.355, 1, 34, 1980 MHz, 124.07 W, 0 %, 539 MiB
2026/09/27 10:42:38.355, 2, 33, 1980 MHz, 119.76 W, 0 %, 539 MiB
2026/09/27 10:42:38.355, 3, 38, 1980 MHz, 131.03 W, 0 %, 539 MiB
2026/09/27 10:42:38.355, 4, 39, 1980 MHz, 130.75 W, 0 %, 539 MiB
2026/09/27 10:42:38.356, 5, 35, 1980 MHz, 124.54 W, 0 %, 539 MiB
2026/09/27 10:42:38.356, 6, 37, 1980 MHz, 130.94 W, 0 %, 539 MiB
2026/09/27 10:42:38.356, 7, 34, 1980 MHz, 130.35 W, 0 %, 539 MiB
2026/09/27 10:42:40.356, 0, 38, 1980 MHz, 129.48 W, 0 %, 559 MiB
2026/09/27 10:42:40.356, 1, 34, 1980 MHz, 124.06 W, 0 %, 539 MiB
2026/09/27 10:42:40.356, 2, 33, 1980 MHz, 119.79 W, 0 %, 539 MiB
2026/09/27 10:42:40.356, 3, 38, 1980 MHz, 131.04 W, 0 %, 539 MiB
2026/09/27 10:42:40.356, 4, 39, 1980 MHz, 130.77 W, 0 %, 539 MiB
2026/09/27 10:42:40.356, 5, 35, 1980 MHz, 124.57 W, 0 %, 539 MiB
2026/09/27 10:42:40.357, 6, 37, 1980 MHz, 130.98 W, 0 %, 539 MiB
2026/09/27 10:42:40.357, 7, 34, 1980 MHz, 130.37 W, 0 %, 539 MiB
2026/09/27 10:42:42.357, 0, 38, 1980 MHz, 129.51 W, 0 %, 559 MiB
2026/09/27 10:42:42.357, 1, 34, 1980 MHz, 124.03 W, 0 %, 539 MiB
2026/09/27 10:42:42.357, 2, 33, 1980 MHz, 119.78 W, 0 %, 539 MiB
2026/09/27 10:42:42.357, 3, 38, 1980 MHz, 131.04 W, 0 %, 539 MiB
2026/09/27 10:42:42.357, 4, 39, 1980 MHz, 130.77 W, 0 %, 539 MiB
2026/09/27 10:42:42.357, 5, 35, 1980 MHz, 124.56 W, 0 %, 539 MiB
2026/09/27 10:42:42.357, 6, 37, 1980 MHz, 130.95 W, 0 %, 539 MiB
2026/09/27 10:42:42.358, 7, 34, 1980 MHz, 130.35 W, 0 %, 539 MiB
2026/09/27 10:42:44.358, 0, 38, 1980 MHz, 129.51 W, 0 %, 559 MiB
2026/09/27 10:42:44.358, 1, 34, 1980 MHz, 124.02 W, 0 %, 539 MiB
2026/09/27 10:42:44.358, 2, 33, 1980 MHz, 119.76 W, 0 %, 539 MiB
2026/09/27 10:42:44.358, 3, 38, 1980 MHz, 131.08 W, 0 %, 539 MiB
2026/09/27 10:42:44.358, 4, 39, 1980 MHz, 130.75 W, 0 %, 539 MiB
2026/09/27 10:42:44.358, 5, 35, 1980 MHz, 124.55 W, 0 %, 539 MiB
2026/09/27 10:42:44.358, 6, 37, 1980 MHz, 130.98 W, 0 %, 539 MiB
2026/09/27 10:42:44.358, 7, 34, 1980 MHz, 130.35 W, 0 %, 539 MiB
2026/09/27 10:42:46.359, 0, 38, 1980 MHz, 129.50 W, 0 %, 559 MiB
2026/09/27 10:42:46.359, 1, 34, 1980 MHz, 124.05 W, 0 %, 539 MiB
2026/09/27 10:42:46.359, 2, 33, 1980 MHz, 119.79 W, 0 %, 539 MiB
2026/09/27 10:42:46.359, 3, 38, 1980 MHz, 131.04 W, 0 %, 539 MiB
2026/09/27 10:42:46.359, 4, 39, 1980 MHz, 130.75 W, 0 %, 539 MiB
2026/09/27 10:42:46.359, 5, 35, 1980 MHz, 124.51 W, 0 %, 539 MiB
2026/09/27 10:42:46.359, 6, 37, 1980 MHz, 130.95 W, 0 %, 539 MiB
2026/09/27 10:42:46.359, 7, 34, 1980 MHz, 130.37 W, 0 %, 539 MiB
2026/09/27 10:42:48.359, 0, 38, 1980 MHz, 129.45 W, 0 %, 557 MiB
2026/09/27 10:42:48.360, 1, 34, 1980 MHz, 124.04 W, 0 %, 0 MiB
2026/09/27 10:42:48.360, 2, 33, 1980 MHz, 119.78 W, 0 %, 0 MiB
2026/09/27 10:42:48.360, 3, 38, 1980 MHz, 131.14 W, 0 %, 0 MiB
2026/09/27 10:42:48.360, 4, 39, 1980 MHz, 130.84 W, 0 %, 0 MiB
2026/09/27 10:42:48.361, 5, 35, 1980 MHz, 124.56 W, 0 %, 0 MiB
2026/09/27 10:42:48.361, 6, 37, 1980 MHz, 131.11 W, 0 %, 0 MiB
2026/09/27 10:42:48.361, 7, 34, 1980 MHz, 130.42 W, 0 %, 0 MiB
2026/09/27 10:42:50.361, 0, 38, 1980 MHz, 125.01 W, 0 %, 557 MiB
2026/09/27 10:42:50.361, 1, 33, 345 MHz, 70.16 W, 0 %, 0 MiB
2026/09/27 10:42:50.362, 2, 32, 345 MHz, 70.10 W, 0 %, 0 MiB
2026/09/27 10:42:50.362, 3, 36, 345 MHz, 77.71 W, 0 %, 0 MiB
2026/09/27 10:42:50.362, 4, 37, 345 MHz, 77.49 W, 0 %, 0 MiB
2026/09/27 10:42:50.362, 5, 33, 345 MHz, 73.75 W, 0 %, 0 MiB
2026/09/27 10:42:50.362, 6, 36, 345 MHz, 83.21 W, 0 %, 0 MiB
2026/09/27 10:42:50.362, 7, 32, 345 MHz, 83.86 W, 0 %, 0 MiB
2026/09/27 10:42:52.362, 0, 38, 1980 MHz, 124.96 W, 0 %, 557 MiB
2026/09/27 10:42:52.362, 1, 33, 345 MHz, 70.03 W, 0 %, 0 MiB
2026/09/27 10:42:52.363, 2, 31, 345 MHz, 69.91 W, 0 %, 0 MiB
2026/09/27 10:42:52.363, 3, 36, 345 MHz, 77.61 W, 0 %, 0 MiB
2026/09/27 10:42:52.363, 4, 37, 345 MHz, 74.71 W, 0 %, 0 MiB
2026/09/27 10:42:52.363, 5, 33, 345 MHz, 71.77 W, 0 %, 0 MiB
2026/09/27 10:42:52.363, 6, 36, 345 MHz, 75.83 W, 0 %, 0 MiB
2026/09/27 10:42:52.363, 7, 32, 345 MHz, 73.35 W, 0 %, 0 MiB
2026/09/27 10:42:54.363, 0, 38, 1980 MHz, 124.98 W, 0 %, 557 MiB
2026/09/27 10:42:54.363, 1, 33, 345 MHz, 69.98 W, 0 %, 0 MiB
2026/09/27 10:42:54.363, 2, 31, 345 MHz, 69.87 W, 0 %, 0 MiB
2026/09/27 10:42:54.364, 3, 36, 345 MHz, 77.63 W, 0 %, 0 MiB
2026/09/27 10:42:54.364, 4, 37, 345 MHz, 74.66 W, 0 %, 0 MiB
2026/09/27 10:42:54.364, 5, 33, 345 MHz, 71.73 W, 0 %, 0 MiB
2026/09/27 10:42:54.364, 6, 36, 345 MHz, 75.81 W, 0 %, 0 MiB
2026/09/27 10:42:54.364, 7, 32, 345 MHz, 73.32 W, 0 %, 0 MiB
2026/09/27 10:42:56.364, 0, 38, 1980 MHz, 124.97 W, 0 %, 557 MiB
2026/09/27 10:42:56.364, 1, 33, 345 MHz, 70.00 W, 0 %, 0 MiB
2026/09/27 10:42:56.364, 2, 31, 345 MHz, 69.86 W, 0 %, 0 MiB
2026/09/27 10:42:56.365, 3, 36, 345 MHz, 77.50 W, 0 %, 0 MiB
2026/09/27 10:42:56.365, 4, 37, 345 MHz, 74.57 W, 0 %, 0 MiB
2026/09/27 10:42:56.365, 5, 33, 345 MHz, 71.70 W, 0 %, 0 MiB
2026/09/27 10:42:56.365, 6, 35, 345 MHz, 75.79 W, 0 %, 0 MiB
2026/09/27 10:42:56.365, 7, 32, 345 MHz, 73.25 W, 0 %, 0 MiB
2026/09/27 10:42:58.365, 0, 38, 1980 MHz, 124.96 W, 0 %, 557 MiB
2026/09/27 10:42:58.365, 1, 32, 345 MHz, 69.89 W, 0 %, 0 MiB
2026/09/27 10:42:58.365, 2, 31, 345 MHz, 69.82 W, 0 %, 0 MiB
2026/09/27 10:42:58.366, 3, 36, 345 MHz, 77.47 W, 0 %, 0 MiB
2026/09/27 10:42:58.366, 4, 37, 345 MHz, 74.59 W, 0 %, 0 MiB
2026/09/27 10:42:58.366, 5, 33, 345 MHz, 71.71 W, 0 %, 0 MiB
2026/09/27 10:42:58.366, 6, 35, 345 MHz, 75.76 W, 0 %, 0 MiB
2026/09/27 10:42:58.366, 7, 32, 345 MHz, 73.25 W, 0 %, 0 MiB
2026/09/27 10:43:00.366, 0, 38, 1980 MHz, 124.93 W, 0 %, 557 MiB
2026/09/27 10:43:00.366, 1, 32, 345 MHz, 69.92 W, 0 %, 0 MiB
2026/09/27 10:43:00.366, 2, 31, 345 MHz, 69.80 W, 0 %, 0 MiB
2026/09/27 10:43:00.366, 3, 36, 345 MHz, 77.42 W, 0 %, 0 MiB
2026/09/27 10:43:00.366, 4, 37, 345 MHz, 74.57 W, 0 %, 0 MiB
2026/09/27 10:43:00.366, 5, 33, 345 MHz, 71.66 W, 0 %, 0 MiB
2026/09/27 10:43:00.367, 6, 35, 345 MHz, 75.64 W, 0 %, 0 MiB
2026/09/27 10:43:00.367, 7, 32, 345 MHz, 73.21 W, 0 %, 0 MiB
2026/09/27 10:43:02.367, 0, 38, 1980 MHz, 124.88 W, 0 %, 557 MiB
2026/09/27 10:43:02.367, 1, 32, 345 MHz, 69.90 W, 0 %, 0 MiB
2026/09/27 10:43:02.367, 2, 31, 345 MHz, 69.78 W, 0 %, 0 MiB
2026/09/27 10:43:02.367, 3, 35, 345 MHz, 77.36 W, 0 %, 0 MiB
2026/09/27 10:43:02.367, 4, 37, 345 MHz, 74.51 W, 0 %, 0 MiB
2026/09/27 10:43:02.367, 5, 33, 345 MHz, 71.62 W, 0 %, 0 MiB
2026/09/27 10:43:02.368, 6, 35, 345 MHz, 75.61 W, 0 %, 0 MiB
2026/09/27 10:43:02.368, 7, 31, 345 MHz, 73.22 W, 0 %, 0 MiB
2026/09/27 10:43:04.368, 0, 38, 1980 MHz, 124.89 W, 0 %, 557 MiB
2026/09/27 10:43:04.368, 1, 32, 345 MHz, 69.90 W, 0 %, 0 MiB
2026/09/27 10:43:04.368, 2, 31, 345 MHz, 69.75 W, 0 %, 0 MiB
2026/09/27 10:43:04.368, 3, 35, 345 MHz, 77.36 W, 0 %, 0 MiB
2026/09/27 10:43:04.368, 4, 36, 345 MHz, 74.40 W, 0 %, 0 MiB
2026/09/27 10:43:04.368, 5, 33, 345 MHz, 71.61 W, 0 %, 0 MiB
2026/09/27 10:43:04.369, 6, 35, 345 MHz, 75.56 W, 0 %, 0 MiB
2026/09/27 10:43:04.369, 7, 31, 345 MHz, 73.20 W, 0 %, 0 MiB
2026/09/27 10:43:06.369, 0, 38, 1980 MHz, 124.89 W, 0 %, 557 MiB
2026/09/27 10:43:06.369, 1, 32, 345 MHz, 69.89 W, 0 %, 0 MiB
2026/09/27 10:43:06.369, 2, 31, 345 MHz, 69.73 W, 0 %, 0 MiB
2026/09/27 10:43:06.369, 3, 35, 345 MHz, 77.29 W, 0 %, 0 MiB
2026/09/27 10:43:06.369, 4, 36, 345 MHz, 74.44 W, 0 %, 0 MiB
2026/09/27 10:43:06.369, 5, 33, 345 MHz, 71.60 W, 0 %, 0 MiB
2026/09/27 10:43:06.369, 6, 35, 345 MHz, 75.50 W, 0 %, 0 MiB
2026/09/27 10:43:06.370, 7, 31, 345 MHz, 73.16 W, 0 %, 0 MiB
2026/09/27 10:43:08.370, 0, 38, 1980 MHz, 124.84 W, 0 %, 557 MiB
2026/09/27 10:43:08.370, 1, 32, 345 MHz, 69.83 W, 0 %, 0 MiB
2026/09/27 10:43:08.370, 2, 31, 345 MHz, 69.71 W, 0 %, 0 MiB
2026/09/27 10:43:08.370, 3, 35, 345 MHz, 77.24 W, 0 %, 0 MiB
2026/09/27 10:43:08.370, 4, 36, 345 MHz, 74.37 W, 0 %, 0 MiB
2026/09/27 10:43:08.371, 5, 32, 345 MHz, 71.53 W, 0 %, 0 MiB
2026/09/27 10:43:08.371, 6, 35, 345 MHz, 75.50 W, 0 %, 0 MiB
2026/09/27 10:43:08.371, 7, 31, 345 MHz, 73.18 W, 0 %, 0 MiB
2026/09/27 10:43:10.371, 0, 38, 1980 MHz, 124.88 W, 0 %, 73531 MiB
2026/09/27 10:43:10.371, 1, 32, 345 MHz, 69.82 W, 0 %, 0 MiB
2026/09/27 10:43:10.371, 2, 31, 345 MHz, 69.69 W, 0 %, 0 MiB
2026/09/27 10:43:10.372, 3, 35, 345 MHz, 77.26 W, 0 %, 0 MiB
2026/09/27 10:43:10.372, 4, 36, 345 MHz, 74.32 W, 0 %, 0 MiB
2026/09/27 10:43:10.372, 5, 32, 345 MHz, 71.52 W, 0 %, 0 MiB
2026/09/27 10:43:10.372, 6, 35, 345 MHz, 75.44 W, 0 %, 0 MiB
2026/09/27 10:43:10.372, 7, 31, 345 MHz, 73.15 W, 0 %, 0 MiB
2026/09/27 10:43:12.372, 0, 40, 1980 MHz, 424.51 W, 0 %, 73541 MiB
2026/09/27 10:43:12.372, 1, 32, 345 MHz, 69.74 W, 0 %, 0 MiB
2026/09/27 10:43:12.372, 2, 31, 345 MHz, 69.61 W, 0 %, 0 MiB
2026/09/27 10:43:12.372, 3, 35, 345 MHz, 77.24 W, 0 %, 0 MiB
2026/09/27 10:43:12.372, 4, 36, 345 MHz, 74.32 W, 0 %, 0 MiB
2026/09/27 10:43:12.373, 5, 32, 345 MHz, 71.47 W, 0 %, 0 MiB
2026/09/27 10:43:12.373, 6, 35, 345 MHz, 75.36 W, 0 %, 0 MiB
2026/09/27 10:43:12.373, 7, 31, 345 MHz, 73.08 W, 0 %, 0 MiB
2026/09/27 10:43:14.373, 0, 38, 1980 MHz, 125.28 W, 0 %, 73541 MiB
2026/09/27 10:43:14.373, 1, 32, 345 MHz, 69.78 W, 0 %, 0 MiB
2026/09/27 10:43:14.373, 2, 31, 345 MHz, 69.67 W, 0 %, 0 MiB
2026/09/27 10:43:14.373, 3, 35, 345 MHz, 77.20 W, 0 %, 0 MiB
2026/09/27 10:43:14.373, 4, 36, 345 MHz, 74.32 W, 0 %, 0 MiB
2026/09/27 10:43:14.373, 5, 32, 345 MHz, 71.51 W, 0 %, 0 MiB
2026/09/27 10:43:14.373, 6, 35, 345 MHz, 75.46 W, 0 %, 0 MiB
2026/09/27 10:43:14.373, 7, 31, 345 MHz, 73.12 W, 0 %, 0 MiB
2026/09/27 10:43:16.374, 0, 38, 1980 MHz, 130.57 W, 66 %, 569 MiB
2026/09/27 10:43:16.374, 1, 32, 345 MHz, 69.78 W, 0 %, 0 MiB
2026/09/27 10:43:16.374, 2, 31, 345 MHz, 69.68 W, 0 %, 0 MiB
2026/09/27 10:43:16.374, 3, 35, 345 MHz, 77.15 W, 0 %, 0 MiB
2026/09/27 10:43:16.374, 4, 36, 345 MHz, 74.35 W, 0 %, 0 MiB
2026/09/27 10:43:16.374, 5, 32, 345 MHz, 71.50 W, 0 %, 0 MiB
2026/09/27 10:43:16.374, 6, 34, 345 MHz, 75.36 W, 0 %, 0 MiB
2026/09/27 10:43:16.374, 7, 31, 345 MHz, 73.11 W, 0 %, 0 MiB
2026/09/27 10:43:18.374, 0, 38, 1980 MHz, 128.90 W, 0 %, 557 MiB
2026/09/27 10:43:18.375, 1, 32, 345 MHz, 69.80 W, 0 %, 0 MiB
2026/09/27 10:43:18.375, 2, 31, 345 MHz, 69.68 W, 0 %, 0 MiB
2026/09/27 10:43:18.375, 3, 35, 345 MHz, 77.17 W, 0 %, 0 MiB
2026/09/27 10:43:18.375, 4, 36, 345 MHz, 74.33 W, 0 %, 0 MiB
2026/09/27 10:43:18.375, 5, 32, 345 MHz, 71.50 W, 0 %, 0 MiB
2026/09/27 10:43:18.375, 6, 34, 345 MHz, 75.33 W, 0 %, 0 MiB
2026/09/27 10:43:18.375, 7, 31, 345 MHz, 73.13 W, 0 %, 0 MiB
2026/09/27 10:43:20.375, 0, 38, 1980 MHz, 124.98 W, 0 %, 557 MiB
2026/09/27 10:43:20.375, 1, 32, 345 MHz, 69.74 W, 0 %, 0 MiB
2026/09/27 10:43:20.375, 2, 31, 345 MHz, 69.67 W, 0 %, 0 MiB
2026/09/27 10:43:20.375, 3, 35, 345 MHz, 77.11 W, 0 %, 0 MiB
2026/09/27 10:43:20.375, 4, 36, 345 MHz, 74.25 W, 0 %, 0 MiB
2026/09/27 10:43:20.375, 5, 32, 345 MHz, 71.44 W, 0 %, 0 MiB
2026/09/27 10:43:20.375, 6, 34, 345 MHz, 75.27 W, 0 %, 0 MiB
2026/09/27 10:43:20.375, 7, 31, 345 MHz, 73.09 W, 0 %, 0 MiB
2026/09/27 10:43:22.376, 0, 38, 1980 MHz, 124.93 W, 0 %, 557 MiB
2026/09/27 10:43:22.376, 1, 32, 345 MHz, 69.75 W, 0 %, 0 MiB
2026/09/27 10:43:22.376, 2, 31, 345 MHz, 69.64 W, 0 %, 0 MiB
2026/09/27 10:43:22.376, 3, 35, 345 MHz, 77.08 W, 0 %, 0 MiB
2026/09/27 10:43:22.376, 4, 36, 345 MHz, 74.20 W, 0 %, 0 MiB
2026/09/27 10:43:22.376, 5, 32, 345 MHz, 71.45 W, 0 %, 0 MiB
2026/09/27 10:43:22.376, 6, 34, 345 MHz, 75.23 W, 0 %, 0 MiB
2026/09/27 10:43:22.376, 7, 31, 345 MHz, 73.09 W, 0 %, 0 MiB
2026/09/27 10:43:24.377, 0, 38, 1980 MHz, 124.88 W, 0 %, 557 MiB
2026/09/27 10:43:24.377, 1, 32, 345 MHz, 69.71 W, 0 %, 0 MiB
2026/09/27 10:43:24.377, 2, 31, 345 MHz, 69.64 W, 0 %, 0 MiB
2026/09/27 10:43:24.377, 3, 35, 345 MHz, 77.03 W, 0 %, 0 MiB
2026/09/27 10:43:24.377, 4, 36, 345 MHz, 74.19 W, 0 %, 0 MiB
2026/09/27 10:43:24.377, 5, 32, 345 MHz, 71.43 W, 0 %, 0 MiB
2026/09/27 10:43:24.377, 6, 34, 345 MHz, 75.19 W, 0 %, 0 MiB
2026/09/27 10:43:24.377, 7, 31, 345 MHz, 73.06 W, 0 %, 0 MiB
2026/09/27 10:43:26.378, 0, 38, 1980 MHz, 124.86 W, 0 %, 557 MiB
2026/09/27 10:43:26.378, 1, 32, 345 MHz, 69.71 W, 0 %, 0 MiB
2026/09/27 10:43:26.378, 2, 31, 345 MHz, 69.59 W, 0 %, 0 MiB
2026/09/27 10:43:26.378, 3, 35, 345 MHz, 77.01 W, 0 %, 0 MiB
2026/09/27 10:43:26.378, 4, 36, 345 MHz, 74.18 W, 0 %, 0 MiB
2026/09/27 10:43:26.378, 5, 32, 345 MHz, 71.42 W, 0 %, 0 MiB
2026/09/27 10:43:26.378, 6, 34, 345 MHz, 75.17 W, 0 %, 0 MiB
2026/09/27 10:43:26.378, 7, 31, 345 MHz, 73.05 W, 0 %, 0 MiB
2026/09/27 10:43:28.378, 0, 38, 1980 MHz, 124.85 W, 0 %, 557 MiB
2026/09/27 10:43:28.378, 1, 32, 345 MHz, 69.73 W, 0 %, 0 MiB
2026/09/27 10:43:28.378, 2, 30, 345 MHz, 69.62 W, 0 %, 0 MiB
2026/09/27 10:43:28.379, 3, 34, 345 MHz, 77.01 W, 0 %, 0 MiB
2026/09/27 10:43:28.379, 4, 36, 345 MHz, 74.05 W, 0 %, 0 MiB
2026/09/27 10:43:28.379, 5, 32, 345 MHz, 71.40 W, 0 %, 0 MiB
2026/09/27 10:43:28.379, 6, 34, 345 MHz, 75.07 W, 0 %, 0 MiB
2026/09/27 10:43:28.379, 7, 31, 345 MHz, 73.04 W, 0 %, 0 MiB
2026/09/27 10:43:30.379, 0, 38, 1980 MHz, 124.78 W, 0 %, 557 MiB
2026/09/27 10:43:30.379, 1, 32, 345 MHz, 69.71 W, 0 %, 0 MiB
2026/09/27 10:43:30.379, 2, 30, 345 MHz, 69.64 W, 0 %, 0 MiB
2026/09/27 10:43:30.379, 3, 34, 345 MHz, 77.01 W, 0 %, 0 MiB
2026/09/27 10:43:30.379, 4, 35, 345 MHz, 74.12 W, 0 %, 0 MiB
2026/09/27 10:43:30.379, 5, 32, 345 MHz, 71.41 W, 0 %, 0 MiB
2026/09/27 10:43:30.379, 6, 34, 345 MHz, 75.17 W, 0 %, 0 MiB
2026/09/27 10:43:30.380, 7, 31, 345 MHz, 73.03 W, 0 %, 0 MiB
2026/09/27 10:43:32.380, 0, 37, 1980 MHz, 124.79 W, 0 %, 557 MiB
2026/09/27 10:43:32.380, 1, 32, 345 MHz, 69.71 W, 0 %, 0 MiB
2026/09/27 10:43:32.380, 2, 30, 345 MHz, 69.61 W, 0 %, 0 MiB
2026/09/27 10:43:32.380, 3, 34, 345 MHz, 76.96 W, 0 %, 0 MiB
2026/09/27 10:43:32.380, 4, 35, 345 MHz, 74.10 W, 0 %, 0 MiB
2026/09/27 10:43:32.380, 5, 32, 345 MHz, 71.42 W, 0 %, 0 MiB
2026/09/27 10:43:32.380, 6, 34, 345 MHz, 75.13 W, 0 %, 0 MiB
2026/09/27 10:43:32.381, 7, 31, 345 MHz, 73.03 W, 0 %, 0 MiB
2026/09/27 10:43:34.381, 0, 37, 1980 MHz, 124.73 W, 0 %, 557 MiB
2026/09/27 10:43:34.381, 1, 31, 345 MHz, 69.68 W, 0 %, 0 MiB
2026/09/27 10:43:34.381, 2, 30, 345 MHz, 69.59 W, 0 %, 0 MiB
2026/09/27 10:43:34.381, 3, 34, 345 MHz, 76.95 W, 0 %, 0 MiB
2026/09/27 10:43:34.381, 4, 35, 345 MHz, 74.10 W, 0 %, 0 MiB
2026/09/27 10:43:34.381, 5, 32, 345 MHz, 71.39 W, 0 %, 0 MiB
2026/09/27 10:43:34.381, 6, 34, 345 MHz, 75.11 W, 0 %, 0 MiB
2026/09/27 10:43:34.381, 7, 31, 345 MHz, 72.99 W, 0 %, 0 MiB
2026/09/27 10:43:36.382, 0, 37, 1980 MHz, 124.69 W, 0 %, 557 MiB
2026/09/27 10:43:36.382, 1, 31, 345 MHz, 69.70 W, 0 %, 0 MiB
2026/09/27 10:43:36.382, 2, 30, 345 MHz, 69.57 W, 0 %, 0 MiB
2026/09/27 10:43:36.382, 3, 34, 345 MHz, 76.89 W, 0 %, 0 MiB
2026/09/27 10:43:36.382, 4, 35, 345 MHz, 74.10 W, 0 %, 0 MiB
2026/09/27 10:43:36.382, 5, 32, 345 MHz, 71.39 W, 0 %, 0 MiB
2026/09/27 10:43:36.382, 6, 34, 345 MHz, 75.10 W, 0 %, 0 MiB
2026/09/27 10:43:36.382, 7, 31, 345 MHz, 72.99 W, 0 %, 0 MiB
2026/09/27 10:43:38.382, 0, 37, 1980 MHz, 124.66 W, 0 %, 557 MiB
2026/09/27 10:43:38.383, 1, 31, 345 MHz, 69.65 W, 0 %, 0 MiB
2026/09/27 10:43:38.383, 2, 30, 345 MHz, 69.58 W, 0 %, 0 MiB
2026/09/27 10:43:38.383, 3, 34, 345 MHz, 76.89 W, 0 %, 0 MiB
2026/09/27 10:43:38.383, 4, 35, 345 MHz, 74.13 W, 0 %, 0 MiB
2026/09/27 10:43:38.383, 5, 32, 345 MHz, 71.38 W, 0 %, 0 MiB
2026/09/27 10:43:38.383, 6, 34, 345 MHz, 75.12 W, 0 %, 0 MiB
2026/09/27 10:43:38.383, 7, 31, 345 MHz, 72.99 W, 0 %, 0 MiB
2026/09/27 10:43:40.383, 0, 37, 1980 MHz, 124.69 W, 0 %, 73531 MiB
2026/09/27 10:43:40.383, 1, 31, 345 MHz, 69.70 W, 0 %, 0 MiB
2026/09/27 10:43:40.383, 2, 30, 345 MHz, 69.57 W, 0 %, 0 MiB
2026/09/27 10:43:40.384, 3, 34, 345 MHz, 76.88 W, 0 %, 0 MiB
2026/09/27 10:43:40.384, 4, 35, 345 MHz, 74.10 W, 0 %, 0 MiB
2026/09/27 10:43:40.384, 5, 32, 345 MHz, 71.41 W, 0 %, 0 MiB
2026/09/27 10:43:40.384, 6, 34, 345 MHz, 75.05 W, 0 %, 0 MiB
2026/09/27 10:43:40.384, 7, 31, 345 MHz, 72.99 W, 0 %, 0 MiB
2026/09/27 10:43:42.384, 0, 40, 1980 MHz, 437.54 W, 0 %, 73541 MiB
2026/09/27 10:43:42.384, 1, 31, 345 MHz, 69.62 W, 0 %, 0 MiB
2026/09/27 10:43:42.384, 2, 30, 345 MHz, 69.49 W, 0 %, 0 MiB
2026/09/27 10:43:42.384, 3, 34, 345 MHz, 76.81 W, 0 %, 0 MiB
2026/09/27 10:43:42.384, 4, 35, 345 MHz, 74.01 W, 0 %, 0 MiB
2026/09/27 10:43:42.384, 5, 32, 345 MHz, 71.31 W, 0 %, 0 MiB
2026/09/27 10:43:42.385, 6, 34, 345 MHz, 74.90 W, 0 %, 0 MiB
2026/09/27 10:43:42.385, 7, 31, 345 MHz, 72.95 W, 0 %, 0 MiB
2026/09/27 10:43:44.385, 0, 38, 1980 MHz, 125.07 W, 0 %, 73541 MiB
2026/09/27 10:43:44.385, 1, 31, 345 MHz, 69.67 W, 0 %, 0 MiB
2026/09/27 10:43:44.385, 2, 30, 345 MHz, 69.58 W, 0 %, 0 MiB
2026/09/27 10:43:44.385, 3, 34, 345 MHz, 76.87 W, 0 %, 0 MiB
2026/09/27 10:43:44.385, 4, 35, 345 MHz, 74.10 W, 0 %, 0 MiB
2026/09/27 10:43:44.385, 5, 32, 345 MHz, 71.37 W, 0 %, 0 MiB
2026/09/27 10:43:44.385, 6, 34, 345 MHz, 74.90 W, 0 %, 0 MiB
2026/09/27 10:43:44.385, 7, 31, 345 MHz, 73.01 W, 0 %, 0 MiB
2026/09/27 10:43:46.386, 0, 38, 1980 MHz, 124.88 W, 0 %, 73541 MiB
2026/09/27 10:43:46.386, 1, 31, 345 MHz, 69.67 W, 0 %, 0 MiB
2026/09/27 10:43:46.386, 2, 30, 345 MHz, 69.58 W, 0 %, 0 MiB
2026/09/27 10:43:46.386, 3, 34, 345 MHz, 76.81 W, 0 %, 0 MiB
2026/09/27 10:43:46.386, 4, 35, 345 MHz, 73.97 W, 0 %, 0 MiB
2026/09/27 10:43:46.386, 5, 32, 345 MHz, 71.33 W, 0 %, 0 MiB
2026/09/27 10:43:46.386, 6, 34, 345 MHz, 74.96 W, 0 %, 0 MiB
2026/09/27 10:43:46.386, 7, 31, 345 MHz, 72.98 W, 0 %, 0 MiB
2026/09/27 10:43:48.386, 0, 38, 1980 MHz, 129.35 W, 0 %, 0 MiB
2026/09/27 10:43:48.387, 1, 31, 345 MHz, 69.64 W, 0 %, 0 MiB
2026/09/27 10:43:48.387, 2, 30, 345 MHz, 69.56 W, 0 %, 0 MiB
2026/09/27 10:43:48.387, 3, 34, 345 MHz, 76.85 W, 0 %, 0 MiB
2026/09/27 10:43:48.387, 4, 35, 345 MHz, 73.94 W, 0 %, 0 MiB
2026/09/27 10:43:48.387, 5, 32, 345 MHz, 71.31 W, 0 %, 0 MiB
2026/09/27 10:43:48.387, 6, 34, 345 MHz, 74.94 W, 0 %, 0 MiB
2026/09/27 10:43:48.387, 7, 30, 345 MHz, 72.96 W, 0 %, 0 MiB
2026/09/27 10:43:50.387, 0, 36, 345 MHz, 73.14 W, 0 %, 0 MiB
2026/09/27 10:43:50.387, 1, 31, 345 MHz, 69.66 W, 0 %, 0 MiB
2026/09/27 10:43:50.387, 2, 30, 345 MHz, 69.53 W, 0 %, 0 MiB
2026/09/27 10:43:50.387, 3, 34, 345 MHz, 76.84 W, 0 %, 0 MiB
2026/09/27 10:43:50.387, 4, 35, 345 MHz, 73.97 W, 0 %, 0 MiB
2026/09/27 10:43:50.388, 5, 32, 345 MHz, 71.33 W, 0 %, 0 MiB
2026/09/27 10:43:50.388, 6, 33, 345 MHz, 74.93 W, 0 %, 0 MiB
2026/09/27 10:43:50.388, 7, 30, 345 MHz, 72.95 W, 0 %, 0 MiB
2026/09/27 10:43:52.388, 0, 36, 345 MHz, 72.89 W, 0 %, 0 MiB
2026/09/27 10:43:52.388, 1, 31, 345 MHz, 69.63 W, 0 %, 0 MiB
2026/09/27 10:43:52.388, 2, 30, 345 MHz, 69.55 W, 0 %, 0 MiB
2026/09/27 10:43:52.388, 3, 34, 345 MHz, 76.85 W, 0 %, 0 MiB
2026/09/27 10:43:52.388, 4, 35, 345 MHz, 73.99 W, 0 %, 0 MiB
2026/09/27 10:43:52.388, 5, 32, 345 MHz, 71.34 W, 0 %, 0 MiB
2026/09/27 10:43:52.388, 6, 33, 345 MHz, 74.89 W, 0 %, 0 MiB
2026/09/27 10:43:52.388, 7, 30, 345 MHz, 72.96 W, 0 %, 0 MiB
2026/09/27 10:43:54.389, 0, 36, 345 MHz, 72.82 W, 0 %, 0 MiB
2026/09/27 10:43:54.389, 1, 31, 345 MHz, 69.63 W, 0 %, 0 MiB
2026/09/27 10:43:54.389, 2, 30, 345 MHz, 69.54 W, 0 %, 0 MiB
2026/09/27 10:43:54.389, 3, 34, 345 MHz, 76.83 W, 0 %, 0 MiB
2026/09/27 10:43:54.389, 4, 35, 345 MHz, 73.99 W, 0 %, 0 MiB
2026/09/27 10:43:54.389, 5, 32, 345 MHz, 71.32 W, 0 %, 0 MiB
2026/09/27 10:43:54.389, 6, 33, 345 MHz, 74.90 W, 0 %, 0 MiB
2026/09/27 10:43:54.389, 7, 30, 345 MHz, 72.94 W, 0 %, 0 MiB
2026/09/27 10:43:56.389, 0, 36, 345 MHz, 72.72 W, 0 %, 0 MiB
2026/09/27 10:43:56.389, 1, 31, 345 MHz, 69.65 W, 0 %, 0 MiB
2026/09/27 10:43:56.390, 2, 30, 345 MHz, 69.56 W, 0 %, 0 MiB
2026/09/27 10:43:56.390, 3, 34, 345 MHz, 76.83 W, 0 %, 0 MiB
2026/09/27 10:43:56.390, 4, 35, 345 MHz, 73.96 W, 0 %, 0 MiB
2026/09/27 10:43:56.390, 5, 32, 345 MHz, 71.34 W, 0 %, 0 MiB
2026/09/27 10:43:56.390, 6, 33, 345 MHz, 74.89 W, 0 %, 0 MiB
2026/09/27 10:43:56.390, 7, 30, 345 MHz, 72.96 W, 0 %, 0 MiB
2026/09/27 10:43:58.390, 0, 35, 345 MHz, 72.69 W, 0 %, 0 MiB
2026/09/27 10:43:58.390, 1, 31, 345 MHz, 69.62 W, 0 %, 0 MiB
2026/09/27 10:43:58.390, 2, 30, 345 MHz, 69.54 W, 0 %, 0 MiB
2026/09/27 10:43:58.390, 3, 34, 345 MHz, 76.80 W, 0 %, 0 MiB
2026/09/27 10:43:58.390, 4, 35, 345 MHz, 73.97 W, 0 %, 0 MiB
2026/09/27 10:43:58.390, 5, 32, 345 MHz, 71.31 W, 0 %, 0 MiB
2026/09/27 10:43:58.391, 6, 33, 345 MHz, 75.28 W, 0 %, 0 MiB
2026/09/27 10:43:58.391, 7, 30, 345 MHz, 72.91 W, 0 %, 0 MiB
2026/09/27 10:44:00.391, 0, 35, 345 MHz, 72.69 W, 0 %, 0 MiB
2026/09/27 10:44:00.391, 1, 31, 345 MHz, 69.61 W, 0 %, 0 MiB
2026/09/27 10:44:00.391, 2, 30, 345 MHz, 69.52 W, 0 %, 0 MiB
2026/09/27 10:44:00.391, 3, 34, 345 MHz, 76.81 W, 0 %, 0 MiB
2026/09/27 10:44:00.391, 4, 35, 345 MHz, 73.99 W, 0 %, 0 MiB
2026/09/27 10:44:00.391, 5, 32, 345 MHz, 71.30 W, 0 %, 0 MiB
2026/09/27 10:44:00.391, 6, 33, 345 MHz, 75.19 W, 0 %, 0 MiB
2026/09/27 10:44:00.391, 7, 30, 345 MHz, 72.96 W, 0 %, 0 MiB
2026/09/27 10:44:02.392, 0, 35, 345 MHz, 72.63 W, 0 %, 0 MiB
2026/09/27 10:44:02.392, 1, 31, 345 MHz, 69.62 W, 0 %, 0 MiB
2026/09/27 10:44:02.392, 2, 30, 345 MHz, 69.52 W, 0 %, 0 MiB
2026/09/27 10:44:02.392, 3, 34, 345 MHz, 76.78 W, 0 %, 0 MiB
2026/09/27 10:44:02.392, 4, 35, 345 MHz, 73.85 W, 0 %, 0 MiB
2026/09/27 10:44:02.392, 5, 32, 345 MHz, 71.31 W, 0 %, 0 MiB
2026/09/27 10:44:02.392, 6, 33, 345 MHz, 75.21 W, 0 %, 0 MiB
2026/09/27 10:44:02.392, 7, 30, 345 MHz, 72.94 W, 0 %, 0 MiB
2026/09/27 10:44:04.393, 0, 35, 345 MHz, 72.60 W, 0 %, 0 MiB
2026/09/27 10:44:04.393, 1, 31, 345 MHz, 69.62 W, 0 %, 0 MiB
2026/09/27 10:44:04.393, 2, 30, 345 MHz, 69.51 W, 0 %, 0 MiB
2026/09/27 10:44:04.393, 3, 34, 345 MHz, 76.77 W, 0 %, 0 MiB
2026/09/27 10:44:04.393, 4, 35, 345 MHz, 73.91 W, 0 %, 0 MiB
2026/09/27 10:44:04.393, 5, 32, 345 MHz, 71.31 W, 0 %, 0 MiB
2026/09/27 10:44:04.393, 6, 33, 345 MHz, 75.22 W, 0 %, 0 MiB
2026/09/27 10:44:04.393, 7, 30, 345 MHz, 72.94 W, 0 %, 0 MiB
2026/09/27 10:44:06.393, 0, 35, 345 MHz, 72.53 W, 0 %, 0 MiB
2026/09/27 10:44:06.393, 1, 31, 345 MHz, 69.63 W, 0 %, 0 MiB
2026/09/27 10:44:06.393, 2, 30, 345 MHz, 69.54 W, 0 %, 0 MiB
2026/09/27 10:44:06.393, 3, 34, 345 MHz, 76.78 W, 0 %, 0 MiB
2026/09/27 10:44:06.394, 4, 35, 345 MHz, 73.94 W, 0 %, 0 MiB
2026/09/27 10:44:06.394, 5, 32, 345 MHz, 71.31 W, 0 %, 0 MiB
2026/09/27 10:44:06.394, 6, 33, 345 MHz, 75.18 W, 0 %, 0 MiB
2026/09/27 10:44:06.394, 7, 30, 345 MHz, 72.95 W, 0 %, 0 MiB
2026/09/27 10:44:08.394, 0, 35, 345 MHz, 72.54 W, 0 %, 0 MiB
2026/09/27 10:44:08.394, 1, 31, 345 MHz, 69.60 W, 0 %, 0 MiB
2026/09/27 10:44:08.394, 2, 30, 345 MHz, 69.51 W, 0 %, 0 MiB
2026/09/27 10:44:08.394, 3, 34, 345 MHz, 76.74 W, 0 %, 0 MiB
2026/09/27 10:44:08.394, 4, 35, 345 MHz, 73.92 W, 0 %, 0 MiB
2026/09/27 10:44:08.394, 5, 32, 345 MHz, 71.32 W, 0 %, 0 MiB
2026/09/27 10:44:08.394, 6, 33, 345 MHz, 75.18 W, 0 %, 0 MiB
2026/09/27 10:44:08.395, 7, 30, 345 MHz, 72.92 W, 0 %, 0 MiB
2026/09/27 10:44:10.395, 0, 35, 345 MHz, 72.46 W, 0 %, 0 MiB
2026/09/27 10:44:10.395, 1, 31, 345 MHz, 69.60 W, 0 %, 0 MiB
2026/09/27 10:44:10.395, 2, 30, 345 MHz, 69.50 W, 0 %, 0 MiB
2026/09/27 10:44:10.395, 3, 34, 345 MHz, 76.75 W, 0 %, 0 MiB
2026/09/27 10:44:10.395, 4, 35, 345 MHz, 73.89 W, 0 %, 0 MiB
2026/09/27 10:44:10.395, 5, 32, 345 MHz, 71.29 W, 0 %, 0 MiB
2026/09/27 10:44:10.395, 6, 33, 345 MHz, 75.16 W, 0 %, 0 MiB
2026/09/27 10:44:10.395, 7, 30, 345 MHz, 72.93 W, 0 %, 0 MiB
2026/09/27 10:44:12.395, 0, 35, 345 MHz, 72.49 W, 0 %, 0 MiB
2026/09/27 10:44:12.395, 1, 31, 345 MHz, 69.65 W, 0 %, 0 MiB
2026/09/27 10:44:12.396, 2, 30, 345 MHz, 69.51 W, 0 %, 0 MiB
2026/09/27 10:44:12.396, 3, 34, 345 MHz, 76.76 W, 0 %, 0 MiB
2026/09/27 10:44:12.396, 4, 35, 345 MHz, 73.90 W, 0 %, 0 MiB
2026/09/27 10:44:12.396, 5, 32, 345 MHz, 71.27 W, 0 %, 0 MiB
2026/09/27 10:44:12.396, 6, 33, 345 MHz, 75.08 W, 0 %, 0 MiB
2026/09/27 10:44:12.396, 7, 30, 345 MHz, 72.90 W, 0 %, 0 MiB
2026/09/27 10:44:14.396, 0, 35, 345 MHz, 72.45 W, 0 %, 0 MiB
2026/09/27 10:44:14.396, 1, 31, 345 MHz, 69.61 W, 0 %, 0 MiB
2026/09/27 10:44:14.396, 2, 30, 345 MHz, 69.53 W, 0 %, 0 MiB
2026/09/27 10:44:14.396, 3, 34, 345 MHz, 76.74 W, 0 %, 0 MiB
2026/09/27 10:44:14.396, 4, 35, 345 MHz, 73.87 W, 0 %, 0 MiB
2026/09/27 10:44:14.396, 5, 32, 345 MHz, 71.29 W, 0 %, 0 MiB
2026/09/27 10:44:14.397, 6, 33, 345 MHz, 75.10 W, 0 %, 0 MiB
2026/09/27 10:44:14.397, 7, 30, 345 MHz, 72.92 W, 0 %, 0 MiB
2026/09/27 10:44:16.397, 0, 34, 345 MHz, 72.44 W, 0 %, 0 MiB
2026/09/27 10:44:16.397, 1, 31, 345 MHz, 69.60 W, 0 %, 0 MiB
2026/09/27 10:44:16.397, 2, 30, 345 MHz, 69.50 W, 0 %, 0 MiB
2026/09/27 10:44:16.397, 3, 34, 345 MHz, 76.75 W, 0 %, 0 MiB
2026/09/27 10:44:16.397, 4, 35, 345 MHz, 73.82 W, 0 %, 0 MiB
2026/09/27 10:44:16.397, 5, 32, 345 MHz, 71.28 W, 0 %, 0 MiB
2026/09/27 10:44:16.397, 6, 33, 345 MHz, 75.03 W, 0 %, 0 MiB
2026/09/27 10:44:16.397, 7, 30, 345 MHz, 72.90 W, 0 %, 0 MiB
2026/09/27 10:44:18.398, 0, 34, 345 MHz, 72.39 W, 0 %, 0 MiB
2026/09/27 10:44:18.398, 1, 31, 345 MHz, 69.62 W, 0 %, 0 MiB
2026/09/27 10:44:18.398, 2, 30, 345 MHz, 69.49 W, 0 %, 0 MiB
2026/09/27 10:44:18.398, 3, 33, 345 MHz, 76.69 W, 0 %, 0 MiB
2026/09/27 10:44:18.398, 4, 35, 345 MHz, 73.85 W, 0 %, 0 MiB
2026/09/27 10:44:18.398, 5, 32, 345 MHz, 71.29 W, 0 %, 0 MiB
2026/09/27 10:44:18.398, 6, 33, 345 MHz, 75.17 W, 0 %, 0 MiB
2026/09/27 10:44:18.398, 7, 30, 345 MHz, 72.88 W, 0 %, 0 MiB
2026/09/27 10:44:20.398, 0, 34, 345 MHz, 72.39 W, 0 %, 0 MiB
2026/09/27 10:44:20.398, 1, 31, 345 MHz, 69.60 W, 0 %, 0 MiB
2026/09/27 10:44:20.398, 2, 30, 345 MHz, 69.48 W, 0 %, 0 MiB
2026/09/27 10:44:20.399, 3, 33, 345 MHz, 76.74 W, 0 %, 0 MiB
2026/09/27 10:44:20.399, 4, 35, 345 MHz, 73.82 W, 0 %, 0 MiB
2026/09/27 10:44:20.399, 5, 32, 345 MHz, 71.27 W, 0 %, 0 MiB
2026/09/27 10:44:20.399, 6, 33, 345 MHz, 74.94 W, 0 %, 0 MiB
2026/09/27 10:44:20.399, 7, 30, 345 MHz, 72.89 W, 0 %, 0 MiB
2026/09/27 10:44:22.399, 0, 34, 345 MHz, 72.35 W, 0 %, 0 MiB
2026/09/27 10:44:22.399, 1, 31, 345 MHz, 69.60 W, 0 %, 0 MiB
2026/09/27 10:44:22.399, 2, 30, 345 MHz, 69.51 W, 0 %, 0 MiB
2026/09/27 10:44:22.399, 3, 33, 345 MHz, 76.70 W, 0 %, 0 MiB
2026/09/27 10:44:22.399, 4, 34, 345 MHz, 73.82 W, 0 %, 0 MiB
2026/09/27 10:44:22.399, 5, 32, 345 MHz, 71.27 W, 0 %, 0 MiB
2026/09/27 10:44:22.399, 6, 33, 345 MHz, 75.11 W, 0 %, 0 MiB
2026/09/27 10:44:22.400, 7, 30, 345 MHz, 72.96 W, 0 %, 0 MiB
2026/09/27 10:44:24.400, 0, 34, 345 MHz, 72.39 W, 0 %, 0 MiB
2026/09/27 10:44:24.400, 1, 31, 345 MHz, 69.61 W, 0 %, 0 MiB
2026/09/27 10:44:24.400, 2, 30, 345 MHz, 69.49 W, 0 %, 0 MiB
2026/09/27 10:44:24.400, 3, 33, 345 MHz, 76.68 W, 0 %, 0 MiB
2026/09/27 10:44:24.400, 4, 34, 345 MHz, 73.84 W, 0 %, 0 MiB
2026/09/27 10:44:24.400, 5, 32, 345 MHz, 71.26 W, 0 %, 0 MiB
2026/09/27 10:44:24.400, 6, 33, 345 MHz, 75.13 W, 0 %, 0 MiB
2026/09/27 10:44:24.400, 7, 30, 345 MHz, 72.91 W, 0 %, 0 MiB
2026/09/27 10:44:26.400, 0, 34, 345 MHz, 72.31 W, 0 %, 0 MiB
2026/09/27 10:44:26.401, 1, 31, 345 MHz, 69.57 W, 0 %, 0 MiB
2026/09/27 10:44:26.401, 2, 30, 345 MHz, 69.48 W, 0 %, 0 MiB
2026/09/27 10:44:26.401, 3, 33, 345 MHz, 76.65 W, 0 %, 0 MiB
2026/09/27 10:44:26.401, 4, 34, 345 MHz, 73.73 W, 0 %, 0 MiB
2026/09/27 10:44:26.401, 5, 32, 345 MHz, 71.28 W, 0 %, 0 MiB
2026/09/27 10:44:26.401, 6, 33, 345 MHz, 75.13 W, 0 %, 0 MiB
2026/09/27 10:44:26.401, 7, 30, 345 MHz, 72.89 W, 0 %, 0 MiB
2026/09/27 10:44:28.401, 0, 34, 345 MHz, 72.32 W, 0 %, 0 MiB
2026/09/27 10:44:28.401, 1, 31, 345 MHz, 69.62 W, 0 %, 0 MiB
2026/09/27 10:44:28.401, 2, 30, 345 MHz, 69.50 W, 0 %, 0 MiB
2026/09/27 10:44:28.401, 3, 33, 345 MHz, 76.69 W, 0 %, 0 MiB
2026/09/27 10:44:28.401, 4, 34, 345 MHz, 73.79 W, 0 %, 0 MiB
2026/09/27 10:44:28.402, 5, 32, 345 MHz, 71.28 W, 0 %, 0 MiB
2026/09/27 10:44:28.402, 6, 33, 345 MHz, 75.11 W, 0 %, 0 MiB
2026/09/27 10:44:28.402, 7, 30, 345 MHz, 72.90 W, 0 %, 0 MiB
2026/09/27 10:44:30.402, 0, 34, 345 MHz, 72.27 W, 0 %, 0 MiB
2026/09/27 10:44:30.402, 1, 31, 345 MHz, 69.80 W, 0 %, 0 MiB
2026/09/27 10:44:30.402, 2, 30, 345 MHz, 69.47 W, 0 %, 0 MiB
2026/09/27 10:44:30.402, 3, 33, 345 MHz, 76.65 W, 0 %, 0 MiB
2026/09/27 10:44:30.402, 4, 34, 345 MHz, 73.68 W, 0 %, 0 MiB
2026/09/27 10:44:30.402, 5, 32, 345 MHz, 71.31 W, 0 %, 0 MiB
2026/09/27 10:44:30.402, 6, 33, 345 MHz, 75.00 W, 0 %, 0 MiB
2026/09/27 10:44:30.403, 7, 30, 345 MHz, 72.87 W, 0 %, 0 MiB
2026/09/27 10:44:32.403, 0, 34, 345 MHz, 72.28 W, 0 %, 0 MiB
2026/09/27 10:44:32.403, 1, 31, 345 MHz, 69.77 W, 0 %, 0 MiB
2026/09/27 10:44:32.403, 2, 30, 345 MHz, 69.47 W, 0 %, 0 MiB
2026/09/27 10:44:32.403, 3, 33, 345 MHz, 76.68 W, 0 %, 0 MiB
2026/09/27 10:44:32.403, 4, 34, 345 MHz, 73.79 W, 0 %, 0 MiB
2026/09/27 10:44:32.403, 5, 32, 345 MHz, 71.34 W, 0 %, 0 MiB
2026/09/27 10:44:32.403, 6, 33, 345 MHz, 74.96 W, 0 %, 0 MiB
2026/09/27 10:44:32.403, 7, 30, 345 MHz, 72.91 W, 0 %, 0 MiB
2026/09/27 10:44:34.404, 0, 34, 345 MHz, 72.25 W, 0 %, 0 MiB
2026/09/27 10:44:34.404, 1, 31, 345 MHz, 69.77 W, 0 %, 0 MiB
2026/09/27 10:44:34.404, 2, 30, 345 MHz, 69.47 W, 0 %, 0 MiB
2026/09/27 10:44:34.404, 3, 33, 345 MHz, 76.63 W, 0 %, 0 MiB
2026/09/27 10:44:34.404, 4, 34, 345 MHz, 73.78 W, 0 %, 0 MiB
2026/09/27 10:44:34.404, 5, 32, 345 MHz, 71.36 W, 0 %, 0 MiB
2026/09/27 10:44:34.404, 6, 33, 345 MHz, 75.03 W, 0 %, 0 MiB
2026/09/27 10:44:34.404, 7, 30, 345 MHz, 72.91 W, 0 %, 0 MiB
2026/09/27 10:44:36.404, 0, 34, 345 MHz, 72.22 W, 0 %, 0 MiB
2026/09/27 10:44:36.404, 1, 31, 345 MHz, 69.79 W, 0 %, 0 MiB
2026/09/27 10:44:36.405, 2, 30, 345 MHz, 69.48 W, 0 %, 0 MiB
2026/09/27 10:44:36.405, 3, 33, 345 MHz, 76.68 W, 0 %, 0 MiB
2026/09/27 10:44:36.405, 4, 34, 345 MHz, 73.80 W, 0 %, 0 MiB
2026/09/27 10:44:36.405, 5, 32, 345 MHz, 71.32 W, 0 %, 0 MiB
2026/09/27 10:44:36.405, 6, 33, 345 MHz, 74.81 W, 0 %, 0 MiB
2026/09/27 10:44:36.405, 7, 30, 345 MHz, 72.86 W, 0 %, 0 MiB
2026/09/27 10:44:38.405, 0, 34, 345 MHz, 72.24 W, 0 %, 0 MiB
2026/09/27 10:44:38.405, 1, 31, 345 MHz, 69.79 W, 0 %, 0 MiB
2026/09/27 10:44:38.405, 2, 30, 345 MHz, 69.46 W, 0 %, 0 MiB
2026/09/27 10:44:38.406, 3, 33, 345 MHz, 76.62 W, 0 %, 0 MiB
2026/09/27 10:44:38.406, 4, 34, 345 MHz, 73.81 W, 0 %, 0 MiB
2026/09/27 10:44:38.406, 5, 32, 345 MHz, 71.31 W, 0 %, 0 MiB
2026/09/27 10:44:38.406, 6, 33, 345 MHz, 74.93 W, 0 %, 0 MiB
2026/09/27 10:44:38.406, 7, 30, 345 MHz, 72.90 W, 0 %, 0 MiB
2026/09/27 10:44:40.406, 0, 34, 345 MHz, 72.25 W, 0 %, 0 MiB
2026/09/27 10:44:40.406, 1, 31, 345 MHz, 69.76 W, 0 %, 0 MiB
2026/09/27 10:44:40.406, 2, 30, 345 MHz, 69.48 W, 0 %, 0 MiB
2026/09/27 10:44:40.406, 3, 33, 345 MHz, 76.64 W, 0 %, 0 MiB
2026/09/27 10:44:40.406, 4, 34, 345 MHz, 73.76 W, 0 %, 0 MiB
2026/09/27 10:44:40.406, 5, 32, 345 MHz, 71.31 W, 0 %, 0 MiB
2026/09/27 10:44:40.406, 6, 33, 345 MHz, 75.01 W, 0 %, 0 MiB
2026/09/27 10:44:40.407, 7, 30, 345 MHz, 72.89 W, 0 %, 0 MiB
2026/09/27 10:44:42.407, 0, 34, 345 MHz, 72.18 W, 0 %, 0 MiB
2026/09/27 10:44:42.407, 1, 31, 345 MHz, 69.79 W, 0 %, 0 MiB
2026/09/27 10:44:42.407, 2, 30, 345 MHz, 69.48 W, 0 %, 0 MiB
2026/09/27 10:44:42.407, 3, 33, 345 MHz, 76.63 W, 0 %, 0 MiB
2026/09/27 10:44:42.407, 4, 34, 345 MHz, 73.66 W, 0 %, 0 MiB
2026/09/27 10:44:42.407, 5, 31, 345 MHz, 71.30 W, 0 %, 0 MiB
2026/09/27 10:44:42.407, 6, 33, 345 MHz, 74.97 W, 0 %, 0 MiB
2026/09/27 10:44:42.407, 7, 30, 345 MHz, 72.90 W, 0 %, 0 MiB
2026/09/27 10:44:44.407, 0, 34, 345 MHz, 72.18 W, 0 %, 0 MiB
2026/09/27 10:44:44.407, 1, 31, 345 MHz, 69.75 W, 0 %, 0 MiB
2026/09/27 10:44:44.408, 2, 30, 345 MHz, 69.47 W, 0 %, 0 MiB
2026/09/27 10:44:44.408, 3, 33, 345 MHz, 76.63 W, 0 %, 0 MiB
2026/09/27 10:44:44.408, 4, 34, 345 MHz, 73.80 W, 0 %, 0 MiB
2026/09/27 10:44:44.408, 5, 31, 345 MHz, 71.33 W, 0 %, 0 MiB
2026/09/27 10:44:44.408, 6, 33, 345 MHz, 74.96 W, 0 %, 0 MiB
2026/09/27 10:44:44.408, 7, 30, 345 MHz, 72.88 W, 0 %, 0 MiB
2026/09/27 10:44:46.408, 0, 34, 345 MHz, 72.21 W, 0 %, 0 MiB
2026/09/27 10:44:46.408, 1, 31, 345 MHz, 69.76 W, 0 %, 0 MiB
2026/09/27 10:44:46.408, 2, 30, 345 MHz, 69.47 W, 0 %, 0 MiB
2026/09/27 10:44:46.408, 3, 33, 345 MHz, 76.59 W, 0 %, 0 MiB
2026/09/27 10:44:46.408, 4, 34, 345 MHz, 73.74 W, 0 %, 0 MiB
2026/09/27 10:44:46.408, 5, 31, 345 MHz, 71.29 W, 0 %, 0 MiB
2026/09/27 10:44:46.409, 6, 33, 345 MHz, 75.07 W, 0 %, 0 MiB
2026/09/27 10:44:46.409, 7, 30, 345 MHz, 72.90 W, 0 %, 0 MiB
2026/09/27 10:44:48.409, 0, 34, 345 MHz, 72.19 W, 0 %, 0 MiB
2026/09/27 10:44:48.409, 1, 31, 345 MHz, 69.82 W, 0 %, 0 MiB
2026/09/27 10:44:48.409, 2, 30, 345 MHz, 69.46 W, 0 %, 0 MiB
2026/09/27 10:44:48.409, 3, 33, 345 MHz, 76.60 W, 0 %, 0 MiB
2026/09/27 10:44:48.409, 4, 34, 345 MHz, 73.72 W, 0 %, 0 MiB
2026/09/27 10:44:48.409, 5, 31, 345 MHz, 71.31 W, 0 %, 0 MiB
2026/09/27 10:44:48.409, 6, 33, 345 MHz, 75.04 W, 0 %, 0 MiB
2026/09/27 10:44:48.409, 7, 30, 345 MHz, 72.88 W, 0 %, 0 MiB
2026/09/27 10:44:50.409, 0, 34, 345 MHz, 72.15 W, 0 %, 0 MiB
2026/09/27 10:44:50.410, 1, 31, 345 MHz, 69.77 W, 0 %, 0 MiB
2026/09/27 10:44:50.410, 2, 30, 345 MHz, 69.46 W, 0 %, 0 MiB
2026/09/27 10:44:50.410, 3, 33, 345 MHz, 76.60 W, 0 %, 0 MiB
2026/09/27 10:44:50.410, 4, 34, 345 MHz, 73.71 W, 0 %, 0 MiB
2026/09/27 10:44:50.410, 5, 31, 345 MHz, 71.32 W, 0 %, 0 MiB
2026/09/27 10:44:50.410, 6, 33, 345 MHz, 74.96 W, 0 %, 0 MiB
2026/09/27 10:44:50.410, 7, 30, 345 MHz, 72.91 W, 0 %, 0 MiB
2026/09/27 10:44:52.410, 0, 34, 345 MHz, 72.15 W, 0 %, 0 MiB
2026/09/27 10:44:52.410, 1, 31, 345 MHz, 69.74 W, 0 %, 0 MiB
2026/09/27 10:44:52.410, 2, 30, 345 MHz, 69.45 W, 0 %, 0 MiB
2026/09/27 10:44:52.410, 3, 33, 345 MHz, 76.64 W, 0 %, 0 MiB
2026/09/27 10:44:52.411, 4, 34, 345 MHz, 73.75 W, 0 %, 0 MiB
2026/09/27 10:44:52.411, 5, 31, 345 MHz, 71.34 W, 0 %, 0 MiB
2026/09/27 10:44:52.411, 6, 33, 345 MHz, 74.98 W, 0 %, 0 MiB
2026/09/27 10:44:52.411, 7, 30, 345 MHz, 72.89 W, 0 %, 0 MiB
2026/09/27 10:44:54.411, 0, 34, 345 MHz, 72.15 W, 0 %, 0 MiB
2026/09/27 10:44:54.411, 1, 31, 345 MHz, 69.78 W, 0 %, 0 MiB
2026/09/27 10:44:54.411, 2, 30, 345 MHz, 69.46 W, 0 %, 0 MiB
2026/09/27 10:44:54.411, 3, 33, 345 MHz, 76.63 W, 0 %, 0 MiB
2026/09/27 10:44:54.411, 4, 34, 345 MHz, 73.72 W, 0 %, 0 MiB
2026/09/27 10:44:54.411, 5, 31, 345 MHz, 71.33 W, 0 %, 0 MiB
2026/09/27 10:44:54.411, 6, 33, 345 MHz, 75.03 W, 0 %, 0 MiB
2026/09/27 10:44:54.411, 7, 30, 345 MHz, 72.88 W, 0 %, 0 MiB
