timestamp, index, temperature.gpu, clocks.current.sm [MHz], power.draw [W], utilization.gpu [%], memory.used [MiB]
2026/09/27 14:34:57.245, 0, 20, 345 MHz, 69.74 W, 0 %, 0 MiB
2026/09/27 14:34:57.246, 1, 22, 345 MHz, 80.27 W, 0 %, 0 MiB
2026/09/27 14:34:57.247, 2, 27, 345 MHz, 78.79 W, 0 %, 0 MiB
2026/09/27 14:34:57.248, 3, 22, 345 MHz, 90.91 W, 0 %, 0 MiB
2026/09/27 14:34:57.248, 4, 21, 360 MHz, 103.61 W, 0 %, 0 MiB
2026/09/27 14:34:57.249, 5, 23, 375 MHz, 109.74 W, 0 %, 0 MiB
2026/09/27 14:34:57.250, 6, 22, 345 MHz, 88.62 W, 0 %, 0 MiB
2026/09/27 14:34:57.250, 7, 21, 345 MHz, 71.03 W, 0 %, 0 MiB
2026/09/27 14:34:59.251, 0, 20, 345 MHz, 69.55 W, 0 %, 1 MiB
2026/09/27 14:34:59.326, 1, 22, 345 MHz, 68.70 W, 0 %, 1 MiB
2026/09/27 14:34:59.326, 2, 27, 345 MHz, 70.62 W, 0 %, 1 MiB
2026/09/27 14:34:59.326, 3, 22, 345 MHz, 71.15 W, 0 %, 1 MiB
2026/09/27 14:34:59.326, 4, 21, 345 MHz, 71.20 W, 0 %, 1 MiB
2026/09/27 14:34:59.326, 5, 23, 345 MHz, 71.30 W, 0 %, 1 MiB
2026/09/27 14:34:59.326, 6, 22, 345 MHz, 72.81 W, 0 %, 1 MiB
2026/09/27 14:34:59.326, 7, 21, 345 MHz, 70.86 W, 0 %, 1 MiB
2026/09/27 14:35:01.326, 0, 20, 345 MHz, 69.57 W, 0 %, 4 MiB
2026/09/27 14:35:01.335, 1, 22, 345 MHz, 68.78 W, 0 %, 4 MiB
2026/09/27 14:35:01.335, 2, 27, 345 MHz, 70.65 W, 0 %, 4 MiB
2026/09/27 14:35:01.335, 3, 21, 345 MHz, 71.22 W, 0 %, 4 MiB
2026/09/27 14:35:01.442, 4, 20, 345 MHz, 71.21 W, 0 %, 4 MiB
2026/09/27 14:35:01.442, 5, 23, 345 MHz, 71.37 W, 0 %, 4 MiB
2026/09/27 14:35:01.442, 6, 22, 345 MHz, 72.86 W, 0 %, 4 MiB
2026/09/27 14:35:01.442, 7, 21, 345 MHz, 70.80 W, 0 %, 1 MiB
2026/09/27 14:35:03.442, 0, 22, 1980 MHz, 113.80 W, 0 %, 915 MiB
2026/09/27 14:35:03.443, 1, 23, 1980 MHz, 114.91 W, 0 %, 787 MiB
2026/09/27 14:35:03.443, 2, 28, 1980 MHz, 118.33 W, 0 %, 787 MiB
2026/09/27 14:35:03.444, 3, 23, 1980 MHz, 108.86 W, 0 %, 787 MiB
2026/09/27 14:35:03.445, 4, 22, 1980 MHz, 93.19 W, 0 %, 529 MiB
2026/09/27 14:35:03.446, 5, 24, 1980 MHz, 85.15 W, 3 %, 659 MiB
2026/09/27 14:35:03.446, 6, 22, 1980 MHz, 74.02 W, 0 %, 23 MiB
2026/09/27 14:35:03.447, 7, 23, 1980 MHz, 115.31 W, 0 %, 787 MiB
2026/09/27 14:35:05.448, 0, 44, 1440 MHz, 692.03 W, 98 %, 1013 MiB
2026/09/27 14:35:05.448, 1, 45, 1440 MHz, 694.79 W, 98 %, 1013 MiB
2026/09/27 14:35:05.448, 2, 47, 1440 MHz, 689.41 W, 98 %, 1013 MiB
2026/09/27 14:35:05.448, 3, 43, 1335 MHz, 696.65 W, 97 %, 1013 MiB
2026/09/27 14:35:05.448, 4, 45, 1470 MHz, 691.68 W, 98 %, 1013 MiB
2026/09/27 14:35:05.448, 5, 47, 1350 MHz, 694.91 W, 98 %, 1013 MiB
2026/09/27 14:35:05.448, 6, 43, 1470 MHz, 691.00 W, 98 %, 1013 MiB
2026/09/27 14:35:05.448, 7, 46, 1470 MHz, 691.55 W, 98 %, 1013 MiB
2026/09/27 14:35:07.449, 0, 47, 1455 MHz, 690.03 W, 98 %, 1013 MiB
2026/09/27 14:35:07.449, 1, 49, 1455 MHz, 692.09 W, 98 %, 1013 MiB
2026/09/27 14:35:07.449, 2, 49, 1425 MHz, 693.16 W, 97 %, 1013 MiB
2026/09/27 14:35:07.449, 3, 45, 1425 MHz, 689.23 W, 98 %, 1013 MiB
2026/09/27 14:35:07.449, 4, 48, 1440 MHz, 692.15 W, 98 %, 1013 MiB
2026/09/27 14:35:07.449, 5, 50, 1350 MHz, 697.06 W, 98 %, 1013 MiB
2026/09/27 14:35:07.449, 6, 45, 1455 MHz, 693.04 W, 98 %, 1013 MiB
2026/09/27 14:35:07.450, 7, 48, 1440 MHz, 690.60 W, 98 %, 1013 MiB
2026/09/27 14:35:09.450, 0, 48, 1440 MHz, 690.55 W, 98 %, 1013 MiB
2026/09/27 14:35:09.450, 1, 51, 1440 MHz, 693.18 W, 98 %, 1013 MiB
2026/09/27 14:35:09.450, 2, 50, 1425 MHz, 691.68 W, 98 %, 1013 MiB
2026/09/27 14:35:09.450, 3, 46, 1395 MHz, 691.09 W, 98 %, 1013 MiB
2026/09/27 14:35:09.450, 4, 49, 1440 MHz, 689.81 W, 98 %, 1013 MiB
2026/09/27 14:35:09.450, 5, 51, 1320 MHz, 696.54 W, 98 %, 1013 MiB
2026/09/27 14:35:09.451, 6, 46, 1440 MHz, 694.60 W, 98 %, 1013 MiB
2026/09/27 14:35:09.451, 7, 50, 1440 MHz, 691.17 W, 98 %, 1013 MiB
2026/09/27 14:35:11.451, 0, 49, 1425 MHz, 692.74 W, 98 %, 1013 MiB
2026/09/27 14:35:11.451, 1, 52, 1440 MHz, 692.39 W, 98 %, 1013 MiB
2026/09/27 14:35:11.451, 2, 51, 1425 MHz, 690.53 W, 98 %, 1013 MiB
2026/09/27 14:35:11.451, 3, 47, 1395 MHz, 695.02 W, 98 %, 1013 MiB
2026/09/27 14:35:11.452, 4, 51, 1425 MHz, 691.47 W, 97 %, 1013 MiB
2026/09/27 14:35:11.452, 5, 52, 1410 MHz, 691.05 W, 98 %, 1013 MiB
2026/09/27 14:35:11.452, 6, 47, 1470 MHz, 691.09 W, 98 %, 1013 MiB
2026/09/27 14:35:11.452, 7, 50, 1455 MHz, 691.49 W, 98 %, 1013 MiB
2026/09/27 14:35:13.452, 0, 50, 1455 MHz, 693.13 W, 98 %, 1013 MiB
2026/09/27 14:35:13.452, 1, 53, 1425 MHz, 690.68 W, 98 %, 1013 MiB
2026/09/27 14:35:13.452, 2, 52, 1440 MHz, 691.42 W, 97 %, 1013 MiB
2026/09/27 14:35:13.453, 3, 48, 1380 MHz, 692.04 W, 98 %, 1013 MiB
2026/09/27 14:35:13.453, 4, 51, 1425 MHz, 689.97 W, 98 %, 1013 MiB
2026/09/27 14:35:13.453, 5, 53, 1410 MHz, 690.21 W, 98 %, 1013 MiB
2026/09/27 14:35:13.453, 6, 48, 1440 MHz, 692.89 W, 98 %, 1013 MiB
2026/09/27 14:35:13.453, 7, 51, 1425 MHz, 691.85 W, 97 %, 1013 MiB
2026/09/27 14:35:15.453, 0, 29, 1980 MHz, 122.29 W, 0 %, 0 MiB
2026/09/27 14:35:15.702, 1, 32, 1980 MHz, 122.33 W, 3 %, 0 MiB
2026/09/27 14:35:15.702, 2, 35, 1980 MHz, 126.82 W, 0 %, 0 MiB
2026/09/27 14:35:15.702, 3, 30, 1980 MHz, 127.32 W, 0 %, 0 MiB
2026/09/27 14:35:15.702, 4, 30, 1980 MHz, 124.66 W, 0 %, 0 MiB
2026/09/27 14:35:15.702, 5, 32, 1980 MHz, 127.74 W, 0 %, 0 MiB
2026/09/27 14:35:15.702, 6, 30, 1980 MHz, 126.95 W, 0 %, 0 MiB
2026/09/27 14:35:15.702, 7, 30, 1980 MHz, 125.81 W, 0 %, 0 MiB
2026/09/27 14:35:17.703, 0, 27, 345 MHz, 95.07 W, 0 %, 4 MiB
2026/09/27 14:35:17.742, 1, 29, 390 MHz, 103.32 W, 0 %, 4 MiB
2026/09/27 14:35:17.742, 2, 33, 405 MHz, 108.44 W, 0 %, 4 MiB
2026/09/27 14:35:17.742, 3, 27, 345 MHz, 71.58 W, 0 %, 4 MiB
2026/09/27 14:35:17.742, 4, 27, 345 MHz, 80.76 W, 0 %, 4 MiB
2026/09/27 14:35:17.742, 5, 29, 345 MHz, 88.58 W, 0 %, 1 MiB
2026/09/27 14:35:17.742, 6, 28, 345 MHz, 74.45 W, 0 %, 1 MiB
2026/09/27 14:35:17.742, 7, 28, 345 MHz, 88.33 W, 0 %, 1 MiB
2026/09/27 14:35:19.742, 0, 27, 1980 MHz, 112.55 W, 0 %, 23 MiB
2026/09/27 14:35:19.746, 1, 30, 1980 MHz, 114.81 W, 0 %, 23 MiB
2026/09/27 14:35:19.749, 2, 34, 1980 MHz, 113.46 W, 0 %, 22 MiB
2026/09/27 14:35:19.751, 3, 28, 1980 MHz, 119.26 W, 0 %, 23 MiB
2026/09/27 14:35:19.753, 4, 27, 1980 MHz, 116.64 W, 0 %, 23 MiB
2026/09/27 14:35:19.753, 5, 30, 1980 MHz, 115.38 W, 0 %, 23 MiB
2026/09/27 14:35:19.762, 6, 29, 1980 MHz, 116.12 W, 0 %, 22 MiB
2026/09/27 14:35:19.767, 7, 28, 1980 MHz, 115.88 W, 0 %, 23 MiB
2026/09/27 14:35:21.768, 0, 27, 1980 MHz, 115.79 W, 0 %, 557 MiB
2026/09/27 14:35:21.768, 1, 29, 1980 MHz, 118.08 W, 0 %, 537 MiB
2026/09/27 14:35:21.768, 2, 33, 1980 MHz, 121.34 W, 0 %, 537 MiB
2026/09/27 14:35:21.768, 3, 28, 1980 MHz, 121.75 W, 0 %, 537 MiB
2026/09/27 14:35:21.768, 4, 27, 1980 MHz, 119.36 W, 0 %, 537 MiB
2026/09/27 14:35:21.768, 5, 30, 1980 MHz, 121.87 W, 0 %, 537 MiB
2026/09/27 14:35:21.768, 6, 29, 1980 MHz, 121.53 W, 0 %, 537 MiB
2026/09/27 14:35:21.768, 7, 28, 1980 MHz, 117.11 W, 0 %, 537 MiB
2026/09/27 14:35:23.769, 0, 26, 1980 MHz, 116.08 W, 0 %, 557 MiB
2026/09/27 14:35:23.769, 1, 29, 1980 MHz, 117.94 W, 0 %, 537 MiB
2026/09/27 14:35:23.769, 2, 33, 1980 MHz, 121.17 W, 0 %, 537 MiB
2026/09/27 14:35:23.769, 3, 27, 1980 MHz, 121.53 W, 0 %, 537 MiB
2026/09/27 14:35:23.769, 4, 27, 1980 MHz, 119.26 W, 0 %, 537 MiB
2026/09/27 14:35:23.769, 5, 30, 1980 MHz, 121.74 W, 0 %, 537 MiB
2026/09/27 14:35:23.769, 6, 28, 1980 MHz, 121.38 W, 0 %, 537 MiB
2026/09/27 14:35:23.769, 7, 27, 1980 MHz, 116.97 W, 0 %, 537 MiB
2026/09/27 14:35:25.770, 0, 26, 1980 MHz, 116.01 W, 0 %, 557 MiB
2026/09/27 14:35:25.770, 1, 29, 1980 MHz, 117.83 W, 0 %, 537 MiB
2026/09/27 14:35:25.770, 2, 33, 1980 MHz, 121.05 W, 0 %, 537 MiB
2026/09/27 14:35:25.770, 3, 27, 1980 MHz, 121.47 W, 0 %, 537 MiB
2026/09/27 14:35:25.770, 4, 26, 1980 MHz, 119.14 W, 0 %, 537 MiB
2026/09/27 14:35:25.770, 5, 29, 1980 MHz, 121.61 W, 0 %, 537 MiB
2026/09/27 14:35:25.770, 6, 28, 1980 MHz, 121.24 W, 0 %, 537 MiB
2026/09/27 14:35:25.770, 7, 27, 1980 MHz, 116.77 W, 0 %, 537 MiB
2026/09/27 14:35:27.771, 0, 26, 1980 MHz, 115.87 W, 0 %, 557 MiB
2026/09/27 14:35:27.771, 1, 29, 1980 MHz, 117.80 W, 0 %, 537 MiB
2026/09/27 14:35:27.771, 2, 33, 1980 MHz, 121.04 W, 0 %, 537 MiB
2026/09/27 14:35:27.771, 3, 27, 1980 MHz, 121.36 W, 0 %, 537 MiB
2026/09/27 14:35:27.771, 4, 26, 1980 MHz, 119.00 W, 0 %, 537 MiB
2026/09/27 14:35:27.771, 5, 29, 1980 MHz, 121.57 W, 0 %, 537 MiB
2026/09/27 14:35:27.771, 6, 28, 1980 MHz, 121.20 W, 0 %, 537 MiB
2026/09/27 14:35:27.771, 7, 27, 1980 MHz, 116.66 W, 0 %, 537 MiB
2026/09/27 14:35:29.772, 0, 26, 1980 MHz, 115.81 W, 0 %, 557 MiB
2026/09/27 14:35:29.772, 1, 28, 1980 MHz, 117.72 W, 0 %, 537 MiB
2026/09/27 14:35:29.772, 2, 33, 1980 MHz, 120.99 W, 0 %, 537 MiB
2026/09/27 14:35:29.772, 3, 27, 1980 MHz, 121.35 W, 0 %, 537 MiB
2026/09/27 14:35:29.772, 4, 26, 1980 MHz, 118.91 W, 0 %, 537 MiB
2026/09/27 14:35:29.772, 5, 29, 1980 MHz, 121.53 W, 0 %, 537 MiB
2026/09/27 14:35:29.772, 6, 28, 1980 MHz, 121.11 W, 0 %, 537 MiB
2026/09/27 14:35:29.772, 7, 27, 1980 MHz, 116.66 W, 0 %, 537 MiB
2026/09/27 14:35:31.773, 0, 25, 1980 MHz, 115.79 W, 0 %, 557 MiB
2026/09/27 14:35:31.773, 1, 28, 1980 MHz, 117.66 W, 0 %, 537 MiB
2026/09/27 14:35:31.773, 2, 32, 1980 MHz, 120.91 W, 0 %, 537 MiB
2026/09/27 14:35:31.773, 3, 26, 1980 MHz, 121.26 W, 0 %, 537 MiB
2026/09/27 14:35:31.773, 4, 26, 1980 MHz, 118.85 W, 0 %, 537 MiB
2026/09/27 14:35:31.773, 5, 29, 1980 MHz, 121.48 W, 0 %, 537 MiB
2026/09/27 14:35:31.773, 6, 28, 1980 MHz, 121.04 W, 0 %, 537 MiB
2026/09/27 14:35:31.773, 7, 26, 1980 MHz, 116.53 W, 0 %, 537 MiB
2026/09/27 14:35:33.774, 0, 25, 1980 MHz, 115.73 W, 0 %, 557 MiB
2026/09/27 14:35:33.774, 1, 28, 1980 MHz, 117.59 W, 0 %, 537 MiB
2026/09/27 14:35:33.774, 2, 32, 1980 MHz, 120.90 W, 0 %, 537 MiB
2026/09/27 14:35:33.774, 3, 26, 1980 MHz, 121.18 W, 0 %, 537 MiB
2026/09/27 14:35:33.774, 4, 25, 1980 MHz, 118.65 W, 0 %, 537 MiB
2026/09/27 14:35:33.774, 5, 29, 1980 MHz, 121.35 W, 0 %, 537 MiB
2026/09/27 14:35:33.774, 6, 27, 1980 MHz, 120.98 W, 0 %, 537 MiB
2026/09/27 14:35:33.774, 7, 26, 1980 MHz, 116.31 W, 0 %, 537 MiB
2026/09/27 14:35:35.775, 0, 25, 1980 MHz, 115.60 W, 0 %, 557 MiB
2026/09/27 14:35:35.775, 1, 28, 1980 MHz, 117.51 W, 0 %, 537 MiB
2026/09/27 14:35:35.775, 2, 32, 1980 MHz, 120.87 W, 0 %, 537 MiB
2026/09/27 14:35:35.775, 3, 26, 1980 MHz, 121.21 W, 0 %, 537 MiB
2026/09/27 14:35:35.775, 4, 25, 1980 MHz, 118.65 W, 0 %, 537 MiB
2026/09/27 14:35:35.775, 5, 29, 1980 MHz, 121.31 W, 0 %, 537 MiB
2026/09/27 14:35:35.775, 6, 27, 1980 MHz, 120.84 W, 0 %, 537 MiB
2026/09/27 14:35:35.775, 7, 26, 1980 MHz, 116.38 W, 0 %, 537 MiB
2026/09/27 14:35:37.776, 0, 25, 1980 MHz, 115.39 W, 0 %, 557 MiB
2026/09/27 14:35:37.776, 1, 28, 1980 MHz, 117.43 W, 0 %, 537 MiB
2026/09/27 14:35:37.776, 2, 32, 1980 MHz, 120.77 W, 0 %, 537 MiB
2026/09/27 14:35:37.776, 3, 26, 1980 MHz, 121.07 W, 0 %, 537 MiB
2026/09/27 14:35:37.776, 4, 25, 1980 MHz, 118.62 W, 0 %, 537 MiB
2026/09/27 14:35:37.776, 5, 29, 1980 MHz, 121.28 W, 0 %, 537 MiB
2026/09/27 14:35:37.776, 6, 27, 1980 MHz, 120.74 W, 0 %, 537 MiB
2026/09/27 14:35:37.776, 7, 26, 1980 MHz, 116.29 W, 0 %, 537 MiB
2026/09/27 14:35:39.777, 0, 25, 1980 MHz, 114.83 W, 0 %, 557 MiB
2026/09/27 14:35:39.777, 1, 28, 1980 MHz, 117.40 W, 0 %, 537 MiB
2026/09/27 14:35:39.777, 2, 32, 1980 MHz, 120.78 W, 0 %, 537 MiB
2026/09/27 14:35:39.777, 3, 26, 1980 MHz, 121.04 W, 0 %, 537 MiB
2026/09/27 14:35:39.777, 4, 25, 1980 MHz, 118.55 W, 0 %, 537 MiB
2026/09/27 14:35:39.777, 5, 28, 1980 MHz, 121.21 W, 0 %, 537 MiB
2026/09/27 14:35:39.777, 6, 27, 1980 MHz, 120.70 W, 0 %, 537 MiB
2026/09/27 14:35:39.777, 7, 26, 1980 MHz, 116.25 W, 0 %, 537 MiB
2026/09/27 14:35:41.777, 0, 25, 1980 MHz, 114.61 W, 0 %, 557 MiB
2026/09/27 14:35:41.778, 1, 28, 1980 MHz, 117.35 W, 0 %, 537 MiB
2026/09/27 14:35:41.778, 2, 32, 1980 MHz, 120.76 W, 0 %, 537 MiB
2026/09/27 14:35:41.778, 3, 26, 1980 MHz, 121.02 W, 0 %, 537 MiB
2026/09/27 14:35:41.778, 4, 25, 1980 MHz, 118.43 W, 0 %, 537 MiB
2026/09/27 14:35:41.778, 5, 28, 1980 MHz, 121.13 W, 0 %, 537 MiB
2026/09/27 14:35:41.778, 6, 27, 1980 MHz, 120.66 W, 0 %, 537 MiB
2026/09/27 14:35:41.778, 7, 26, 1980 MHz, 116.20 W, 0 %, 537 MiB
2026/09/27 14:35:43.778, 0, 24, 1980 MHz, 114.61 W, 0 %, 557 MiB
2026/09/27 14:35:43.779, 1, 27, 1980 MHz, 117.31 W, 0 %, 537 MiB
2026/09/27 14:35:43.779, 2, 32, 1980 MHz, 119.83 W, 0 %, 537 MiB
2026/09/27 14:35:43.779, 3, 26, 1980 MHz, 120.97 W, 0 %, 537 MiB
2026/09/27 14:35:43.779, 4, 25, 1980 MHz, 118.46 W, 0 %, 537 MiB
2026/09/27 14:35:43.779, 5, 28, 1980 MHz, 121.11 W, 0 %, 537 MiB
2026/09/27 14:35:43.779, 6, 27, 1980 MHz, 120.58 W, 0 %, 537 MiB
2026/09/27 14:35:43.779, 7, 25, 1980 MHz, 116.22 W, 0 %, 537 MiB
2026/09/27 14:35:45.779, 0, 24, 1980 MHz, 114.54 W, 0 %, 557 MiB
2026/09/27 14:35:45.780, 1, 27, 1980 MHz, 117.28 W, 0 %, 537 MiB
2026/09/27 14:35:45.780, 2, 32, 1980 MHz, 119.82 W, 0 %, 537 MiB
2026/09/27 14:35:45.780, 3, 25, 1980 MHz, 120.91 W, 0 %, 537 MiB
2026/09/27 14:35:45.780, 4, 25, 1980 MHz, 118.38 W, 0 %, 537 MiB
2026/09/27 14:35:45.780, 5, 28, 1980 MHz, 121.11 W, 0 %, 537 MiB
2026/09/27 14:35:45.780, 6, 27, 1980 MHz, 120.51 W, 0 %, 537 MiB
2026/09/27 14:35:45.780, 7, 25, 1980 MHz, 116.08 W, 0 %, 537 MiB
2026/09/27 14:35:47.780, 0, 24, 1980 MHz, 114.55 W, 0 %, 557 MiB
2026/09/27 14:35:47.781, 1, 27, 1980 MHz, 117.34 W, 0 %, 537 MiB
2026/09/27 14:35:47.781, 2, 32, 1980 MHz, 119.83 W, 0 %, 537 MiB
2026/09/27 14:35:47.781, 3, 25, 1980 MHz, 120.89 W, 0 %, 537 MiB
2026/09/27 14:35:47.781, 4, 25, 1980 MHz, 118.36 W, 0 %, 537 MiB
2026/09/27 14:35:47.781, 5, 28, 1980 MHz, 121.00 W, 0 %, 537 MiB
2026/09/27 14:35:47.781, 6, 27, 1980 MHz, 120.52 W, 0 %, 537 MiB
2026/09/27 14:35:47.781, 7, 25, 1980 MHz, 116.14 W, 0 %, 537 MiB
2026/09/27 14:35:49.781, 0, 24, 1980 MHz, 114.46 W, 0 %, 557 MiB
2026/09/27 14:35:49.782, 1, 27, 1980 MHz, 117.22 W, 0 %, 537 MiB
2026/09/27 14:35:49.782, 2, 31, 1980 MHz, 119.73 W, 0 %, 537 MiB
2026/09/27 14:35:49.782, 3, 25, 1980 MHz, 120.88 W, 0 %, 537 MiB
2026/09/27 14:35:49.782, 4, 24, 1980 MHz, 118.39 W, 0 %, 537 MiB
2026/09/27 14:35:49.782, 5, 28, 1980 MHz, 120.95 W, 0 %, 537 MiB
2026/09/27 14:35:49.782, 6, 26, 1980 MHz, 120.46 W, 0 %, 537 MiB
2026/09/27 14:35:49.782, 7, 25, 1980 MHz, 116.11 W, 0 %, 537 MiB
2026/09/27 14:35:51.782, 0, 24, 1980 MHz, 114.51 W, 0 %, 557 MiB
2026/09/27 14:35:51.783, 1, 27, 1980 MHz, 117.17 W, 0 %, 537 MiB
2026/09/27 14:35:51.783, 2, 31, 1980 MHz, 119.71 W, 0 %, 537 MiB
2026/09/27 14:35:51.783, 3, 25, 1980 MHz, 120.85 W, 0 %, 537 MiB
2026/09/27 14:35:51.783, 4, 24, 1980 MHz, 118.30 W, 0 %, 537 MiB
2026/09/27 14:35:51.783, 5, 28, 1980 MHz, 120.96 W, 0 %, 537 MiB
2026/09/27 14:35:51.783, 6, 26, 1980 MHz, 120.41 W, 0 %, 537 MiB
2026/09/27 14:35:51.783, 7, 25, 1980 MHz, 116.02 W, 0 %, 537 MiB
2026/09/27 14:35:53.783, 0, 24, 1980 MHz, 114.45 W, 0 %, 557 MiB
2026/09/27 14:35:53.784, 1, 27, 1980 MHz, 117.20 W, 0 %, 537 MiB
2026/09/27 14:35:53.784, 2, 31, 1980 MHz, 119.71 W, 0 %, 537 MiB
2026/09/27 14:35:53.784, 3, 25, 1980 MHz, 120.84 W, 0 %, 537 MiB
2026/09/27 14:35:53.784, 4, 24, 1980 MHz, 118.30 W, 0 %, 537 MiB
2026/09/27 14:35:53.784, 5, 28, 1980 MHz, 120.86 W, 0 %, 537 MiB
2026/09/27 14:35:53.784, 6, 26, 1980 MHz, 120.39 W, 0 %, 537 MiB
2026/09/27 14:35:53.784, 7, 25, 1980 MHz, 116.02 W, 0 %, 537 MiB
2026/09/27 14:35:55.784, 0, 24, 1980 MHz, 114.41 W, 0 %, 557 MiB
2026/09/27 14:35:55.785, 1, 27, 1980 MHz, 117.14 W, 0 %, 537 MiB
2026/09/27 14:35:55.785, 2, 31, 1980 MHz, 119.70 W, 0 %, 537 MiB
2026/09/27 14:35:55.785, 3, 25, 1980 MHz, 121.33 W, 0 %, 537 MiB
2026/09/27 14:35:55.785, 4, 24, 1980 MHz, 118.22 W, 0 %, 537 MiB
2026/09/27 14:35:55.785, 5, 28, 1980 MHz, 120.83 W, 0 %, 537 MiB
2026/09/27 14:35:55.785, 6, 26, 1980 MHz, 120.36 W, 0 %, 537 MiB
2026/09/27 14:35:55.785, 7, 25, 1980 MHz, 116.02 W, 0 %, 537 MiB
2026/09/27 14:35:57.785, 0, 24, 1980 MHz, 114.44 W, 0 %, 557 MiB
2026/09/27 14:35:57.786, 1, 27, 1980 MHz, 117.07 W, 0 %, 537 MiB
2026/09/27 14:35:57.786, 2, 31, 1980 MHz, 119.69 W, 0 %, 537 MiB
2026/09/27 14:35:57.786, 3, 25, 1980 MHz, 121.25 W, 0 %, 537 MiB
2026/09/27 14:35:57.786, 4, 24, 1980 MHz, 118.26 W, 0 %, 537 MiB
2026/09/27 14:35:57.786, 5, 28, 1980 MHz, 120.88 W, 0 %, 537 MiB
2026/09/27 14:35:57.786, 6, 26, 1980 MHz, 120.25 W, 0 %, 537 MiB
2026/09/27 14:35:57.786, 7, 25, 1980 MHz, 115.98 W, 0 %, 537 MiB
2026/09/27 14:35:59.786, 0, 24, 1980 MHz, 114.42 W, 0 %, 557 MiB
2026/09/27 14:35:59.787, 1, 27, 1980 MHz, 117.08 W, 0 %, 537 MiB
2026/09/27 14:35:59.787, 2, 31, 1980 MHz, 119.65 W, 0 %, 537 MiB
2026/09/27 14:35:59.787, 3, 25, 1980 MHz, 121.20 W, 0 %, 537 MiB
2026/09/27 14:35:59.787, 4, 24, 1980 MHz, 118.20 W, 0 %, 537 MiB
2026/09/27 14:35:59.787, 5, 28, 1980 MHz, 120.82 W, 0 %, 537 MiB
2026/09/27 14:35:59.787, 6, 26, 1980 MHz, 120.30 W, 0 %, 537 MiB
2026/09/27 14:35:59.787, 7, 25, 1980 MHz, 115.97 W, 0 %, 537 MiB
2026/09/27 14:36:01.787, 0, 24, 1980 MHz, 114.38 W, 0 %, 557 MiB
2026/09/27 14:36:01.788, 1, 27, 1980 MHz, 117.04 W, 0 %, 537 MiB
2026/09/27 14:36:01.788, 2, 31, 1980 MHz, 119.64 W, 0 %, 537 MiB
2026/09/27 14:36:01.788, 3, 25, 1980 MHz, 121.27 W, 0 %, 537 MiB
2026/09/27 14:36:01.788, 4, 24, 1980 MHz, 118.15 W, 0 %, 537 MiB
2026/09/27 14:36:01.788, 5, 27, 1980 MHz, 120.83 W, 0 %, 537 MiB
2026/09/27 14:36:01.788, 6, 26, 1980 MHz, 120.19 W, 0 %, 537 MiB
2026/09/27 14:36:01.788, 7, 25, 1980 MHz, 115.95 W, 0 %, 537 MiB
2026/09/27 14:36:03.788, 0, 24, 1980 MHz, 114.34 W, 0 %, 557 MiB
2026/09/27 14:36:03.789, 1, 27, 1980 MHz, 116.95 W, 0 %, 537 MiB
2026/09/27 14:36:03.789, 2, 31, 1980 MHz, 119.60 W, 0 %, 537 MiB
2026/09/27 14:36:03.789, 3, 25, 1980 MHz, 121.26 W, 0 %, 537 MiB
2026/09/27 14:36:03.789, 4, 24, 1980 MHz, 118.18 W, 0 %, 537 MiB
2026/09/27 14:36:03.789, 5, 27, 1980 MHz, 120.81 W, 0 %, 537 MiB
2026/09/27 14:36:03.789, 6, 26, 1980 MHz, 120.18 W, 0 %, 537 MiB
2026/09/27 14:36:03.789, 7, 25, 1980 MHz, 115.91 W, 0 %, 537 MiB
2026/09/27 14:36:05.789, 0, 24, 1980 MHz, 114.36 W, 0 %, 557 MiB
2026/09/27 14:36:05.790, 1, 27, 1980 MHz, 117.00 W, 0 %, 537 MiB
2026/09/27 14:36:05.790, 2, 31, 1980 MHz, 119.60 W, 0 %, 537 MiB
2026/09/27 14:36:05.790, 3, 25, 1980 MHz, 121.21 W, 0 %, 537 MiB
2026/09/27 14:36:05.790, 4, 24, 1980 MHz, 118.10 W, 0 %, 537 MiB
2026/09/27 14:36:05.790, 5, 27, 1980 MHz, 120.78 W, 0 %, 537 MiB
2026/09/27 14:36:05.790, 6, 26, 1980 MHz, 120.15 W, 0 %, 537 MiB
2026/09/27 14:36:05.790, 7, 25, 1980 MHz, 115.88 W, 0 %, 537 MiB
2026/09/27 14:36:07.790, 0, 24, 1980 MHz, 114.36 W, 0 %, 557 MiB
2026/09/27 14:36:07.791, 1, 26, 1980 MHz, 115.44 W, 0 %, 537 MiB
2026/09/27 14:36:07.791, 2, 31, 1980 MHz, 119.59 W, 0 %, 537 MiB
2026/09/27 14:36:07.791, 3, 25, 1980 MHz, 121.24 W, 0 %, 537 MiB
2026/09/27 14:36:07.791, 4, 24, 1980 MHz, 118.20 W, 0 %, 537 MiB
2026/09/27 14:36:07.791, 5, 27, 1980 MHz, 120.67 W, 0 %, 537 MiB
2026/09/27 14:36:07.791, 6, 26, 1980 MHz, 120.20 W, 0 %, 537 MiB
2026/09/27 14:36:07.791, 7, 25, 1980 MHz, 115.95 W, 0 %, 537 MiB
2026/09/27 14:36:09.791, 0, 24, 1980 MHz, 114.32 W, 0 %, 557 MiB
2026/09/27 14:36:09.792, 1, 26, 1980 MHz, 115.39 W, 0 %, 537 MiB
2026/09/27 14:36:09.792, 2, 31, 1980 MHz, 119.54 W, 0 %, 537 MiB
2026/09/27 14:36:09.792, 3, 25, 1980 MHz, 121.26 W, 0 %, 537 MiB
2026/09/27 14:36:09.792, 4, 24, 1980 MHz, 118.19 W, 0 %, 537 MiB
2026/09/27 14:36:09.792, 5, 27, 1980 MHz, 120.75 W, 0 %, 537 MiB
2026/09/27 14:36:09.792, 6, 26, 1980 MHz, 120.12 W, 0 %, 537 MiB
2026/09/27 14:36:09.792, 7, 25, 1980 MHz, 115.91 W, 0 %, 537 MiB
2026/09/27 14:36:11.792, 0, 24, 1980 MHz, 114.35 W, 0 %, 557 MiB
2026/09/27 14:36:11.793, 1, 26, 1980 MHz, 115.41 W, 0 %, 537 MiB
2026/09/27 14:36:11.793, 2, 31, 1980 MHz, 119.57 W, 0 %, 537 MiB
2026/09/27 14:36:11.793, 3, 25, 1980 MHz, 121.18 W, 0 %, 537 MiB
2026/09/27 14:36:11.793, 4, 24, 1980 MHz, 118.18 W, 0 %, 537 MiB
2026/09/27 14:36:11.793, 5, 27, 1980 MHz, 120.75 W, 0 %, 537 MiB
2026/09/27 14:36:11.793, 6, 26, 1980 MHz, 120.14 W, 0 %, 537 MiB
2026/09/27 14:36:11.793, 7, 25, 1980 MHz, 115.89 W, 0 %, 537 MiB
2026/09/27 14:36:13.793, 0, 24, 1980 MHz, 114.32 W, 0 %, 557 MiB
2026/09/27 14:36:13.794, 1, 26, 1980 MHz, 115.39 W, 0 %, 537 MiB
2026/09/27 14:36:13.794, 2, 31, 1980 MHz, 119.57 W, 0 %, 537 MiB
2026/09/27 14:36:13.794, 3, 25, 1980 MHz, 121.22 W, 0 %, 537 MiB
2026/09/27 14:36:13.794, 4, 24, 1980 MHz, 118.09 W, 0 %, 537 MiB
2026/09/27 14:36:13.794, 5, 27, 1980 MHz, 120.69 W, 0 %, 537 MiB
2026/09/27 14:36:13.794, 6, 26, 1980 MHz, 120.14 W, 0 %, 537 MiB
2026/09/27 14:36:13.794, 7, 25, 1980 MHz, 115.91 W, 0 %, 537 MiB
2026/09/27 14:36:15.794, 0, 24, 1980 MHz, 114.29 W, 0 %, 557 MiB
2026/09/27 14:36:15.795, 1, 26, 1980 MHz, 115.34 W, 0 %, 537 MiB
2026/09/27 14:36:15.795, 2, 31, 1980 MHz, 119.58 W, 0 %, 537 MiB
2026/09/27 14:36:15.795, 3, 25, 1980 MHz, 121.24 W, 0 %, 537 MiB
2026/09/27 14:36:15.795, 4, 24, 1980 MHz, 118.13 W, 0 %, 537 MiB
2026/09/27 14:36:15.795, 5, 27, 1980 MHz, 120.69 W, 0 %, 537 MiB
2026/09/27 14:36:15.795, 6, 26, 1980 MHz, 120.11 W, 0 %, 537 MiB
2026/09/27 14:36:15.795, 7, 25, 1980 MHz, 115.89 W, 0 %, 537 MiB
2026/09/27 14:36:17.795, 0, 24, 1980 MHz, 114.31 W, 0 %, 557 MiB
2026/09/27 14:36:17.796, 1, 26, 1980 MHz, 115.27 W, 0 %, 537 MiB
2026/09/27 14:36:17.796, 2, 31, 1980 MHz, 119.51 W, 0 %, 537 MiB
2026/09/27 14:36:17.796, 3, 25, 1980 MHz, 121.23 W, 0 %, 537 MiB
2026/09/27 14:36:17.796, 4, 24, 1980 MHz, 118.11 W, 0 %, 537 MiB
2026/09/27 14:36:17.796, 5, 27, 1980 MHz, 120.70 W, 0 %, 537 MiB
2026/09/27 14:36:17.796, 6, 26, 1980 MHz, 120.05 W, 0 %, 537 MiB
2026/09/27 14:36:17.796, 7, 25, 1980 MHz, 115.83 W, 0 %, 537 MiB
2026/09/27 14:36:19.796, 0, 24, 1980 MHz, 114.33 W, 0 %, 557 MiB
2026/09/27 14:36:19.796, 1, 26, 1980 MHz, 115.34 W, 0 %, 537 MiB
2026/09/27 14:36:19.797, 2, 31, 1980 MHz, 119.50 W, 0 %, 537 MiB
2026/09/27 14:36:19.797, 3, 25, 1980 MHz, 121.17 W, 0 %, 537 MiB
2026/09/27 14:36:19.797, 4, 24, 1980 MHz, 118.08 W, 0 %, 537 MiB
2026/09/27 14:36:19.797, 5, 27, 1980 MHz, 120.70 W, 0 %, 537 MiB
2026/09/27 14:36:19.797, 6, 26, 1980 MHz, 120.12 W, 0 %, 537 MiB
2026/09/27 14:36:19.797, 7, 25, 1980 MHz, 115.88 W, 0 %, 537 MiB
2026/09/27 14:36:21.797, 0, 24, 1980 MHz, 114.30 W, 0 %, 557 MiB
2026/09/27 14:36:21.798, 1, 26, 1980 MHz, 115.33 W, 0 %, 537 MiB
2026/09/27 14:36:21.798, 2, 31, 1980 MHz, 119.55 W, 0 %, 537 MiB
2026/09/27 14:36:21.798, 3, 25, 1980 MHz, 121.17 W, 0 %, 537 MiB
2026/09/27 14:36:21.798, 4, 24, 1980 MHz, 118.14 W, 0 %, 537 MiB
2026/09/27 14:36:21.798, 5, 27, 1980 MHz, 120.63 W, 0 %, 537 MiB
2026/09/27 14:36:21.798, 6, 26, 1980 MHz, 120.10 W, 0 %, 537 MiB
2026/09/27 14:36:21.798, 7, 25, 1980 MHz, 115.90 W, 0 %, 537 MiB
2026/09/27 14:36:23.798, 0, 24, 1980 MHz, 114.35 W, 0 %, 557 MiB
2026/09/27 14:36:23.799, 1, 26, 1980 MHz, 115.23 W, 0 %, 537 MiB
2026/09/27 14:36:23.799, 2, 31, 1980 MHz, 119.46 W, 0 %, 537 MiB
2026/09/27 14:36:23.799, 3, 25, 1980 MHz, 121.20 W, 0 %, 537 MiB
2026/09/27 14:36:23.799, 4, 24, 1980 MHz, 118.13 W, 0 %, 537 MiB
2026/09/27 14:36:23.799, 5, 27, 1980 MHz, 120.66 W, 0 %, 537 MiB
2026/09/27 14:36:23.799, 6, 26, 1980 MHz, 120.00 W, 0 %, 537 MiB
2026/09/27 14:36:23.799, 7, 25, 1980 MHz, 115.81 W, 0 %, 537 MiB
2026/09/27 14:36:25.799, 0, 24, 1980 MHz, 114.33 W, 0 %, 557 MiB
2026/09/27 14:36:25.799, 1, 26, 1980 MHz, 115.34 W, 0 %, 537 MiB
2026/09/27 14:36:25.800, 2, 31, 1980 MHz, 119.45 W, 0 %, 537 MiB
2026/09/27 14:36:25.800, 3, 25, 1980 MHz, 121.18 W, 0 %, 537 MiB
2026/09/27 14:36:25.800, 4, 24, 1980 MHz, 118.12 W, 0 %, 537 MiB
2026/09/27 14:36:25.800, 5, 27, 1980 MHz, 120.67 W, 0 %, 537 MiB
2026/09/27 14:36:25.800, 6, 26, 1980 MHz, 120.04 W, 0 %, 537 MiB
2026/09/27 14:36:25.800, 7, 25, 1980 MHz, 115.83 W, 0 %, 537 MiB
2026/09/27 14:36:27.800, 0, 24, 1980 MHz, 114.32 W, 0 %, 557 MiB
2026/09/27 14:36:27.800, 1, 26, 1980 MHz, 115.29 W, 0 %, 537 MiB
2026/09/27 14:36:27.801, 2, 31, 1980 MHz, 119.48 W, 0 %, 537 MiB
2026/09/27 14:36:27.801, 3, 25, 1980 MHz, 121.15 W, 0 %, 537 MiB
2026/09/27 14:36:27.801, 4, 24, 1980 MHz, 118.09 W, 0 %, 537 MiB
2026/09/27 14:36:27.801, 5, 27, 1980 MHz, 120.61 W, 0 %, 537 MiB
2026/09/27 14:36:27.801, 6, 26, 1980 MHz, 120.02 W, 0 %, 537 MiB
2026/09/27 14:36:27.801, 7, 25, 1980 MHz, 115.85 W, 0 %, 537 MiB
2026/09/27 14:36:29.801, 0, 24, 1980 MHz, 114.28 W, 0 %, 557 MiB
2026/09/27 14:36:29.801, 1, 26, 1980 MHz, 115.28 W, 0 %, 537 MiB
2026/09/27 14:36:29.802, 2, 31, 1980 MHz, 119.46 W, 0 %, 537 MiB
2026/09/27 14:36:29.802, 3, 25, 1980 MHz, 121.17 W, 0 %, 537 MiB
2026/09/27 14:36:29.802, 4, 24, 1980 MHz, 118.10 W, 0 %, 537 MiB
2026/09/27 14:36:29.802, 5, 27, 1980 MHz, 120.59 W, 0 %, 537 MiB
2026/09/27 14:36:29.802, 6, 26, 1980 MHz, 119.97 W, 0 %, 537 MiB
2026/09/27 14:36:29.802, 7, 25, 1980 MHz, 115.84 W, 0 %, 537 MiB
2026/09/27 14:36:31.802, 0, 24, 1980 MHz, 114.31 W, 0 %, 557 MiB
2026/09/27 14:36:31.802, 1, 26, 1980 MHz, 115.27 W, 0 %, 537 MiB
2026/09/27 14:36:31.803, 2, 31, 1980 MHz, 119.46 W, 0 %, 537 MiB
2026/09/27 14:36:31.803, 3, 25, 1980 MHz, 121.18 W, 0 %, 537 MiB
2026/09/27 14:36:31.803, 4, 24, 1980 MHz, 118.10 W, 0 %, 537 MiB
2026/09/27 14:36:31.803, 5, 27, 1980 MHz, 120.65 W, 0 %, 537 MiB
2026/09/27 14:36:31.803, 6, 26, 1980 MHz, 119.96 W, 0 %, 537 MiB
2026/09/27 14:36:31.803, 7, 24, 1980 MHz, 115.83 W, 0 %, 537 MiB
2026/09/27 14:36:33.803, 0, 24, 1980 MHz, 114.25 W, 0 %, 557 MiB
2026/09/27 14:36:33.803, 1, 26, 1980 MHz, 115.30 W, 0 %, 537 MiB
2026/09/27 14:36:33.804, 2, 31, 1980 MHz, 119.48 W, 0 %, 537 MiB
2026/09/27 14:36:33.804, 3, 25, 1980 MHz, 121.15 W, 0 %, 537 MiB
2026/09/27 14:36:33.804, 4, 24, 1980 MHz, 118.08 W, 0 %, 537 MiB
2026/09/27 14:36:33.804, 5, 27, 1980 MHz, 120.61 W, 0 %, 537 MiB
2026/09/27 14:36:33.804, 6, 26, 1980 MHz, 119.98 W, 0 %, 537 MiB
2026/09/27 14:36:33.804, 7, 24, 1980 MHz, 115.86 W, 0 %, 537 MiB
2026/09/27 14:36:35.804, 0, 23, 1980 MHz, 114.22 W, 0 %, 557 MiB
2026/09/27 14:36:35.804, 1, 26, 1980 MHz, 115.26 W, 0 %, 537 MiB
2026/09/27 14:36:35.805, 2, 31, 1980 MHz, 119.48 W, 0 %, 537 MiB
2026/09/27 14:36:35.805, 3, 25, 1980 MHz, 121.22 W, 0 %, 537 MiB
2026/09/27 14:36:35.805, 4, 24, 1980 MHz, 118.14 W, 0 %, 537 MiB
2026/09/27 14:36:35.805, 5, 27, 1980 MHz, 120.57 W, 0 %, 537 MiB
2026/09/27 14:36:35.805, 6, 26, 1980 MHz, 119.97 W, 0 %, 537 MiB
2026/09/27 14:36:35.805, 7, 24, 1980 MHz, 115.85 W, 0 %, 537 MiB
2026/09/27 14:36:37.805, 0, 23, 1980 MHz, 114.29 W, 0 %, 557 MiB
2026/09/27 14:36:37.805, 1, 26, 1980 MHz, 115.23 W, 0 %, 537 MiB
2026/09/27 14:36:37.805, 2, 31, 1980 MHz, 119.47 W, 0 %, 537 MiB
2026/09/27 14:36:37.806, 3, 25, 1980 MHz, 121.14 W, 0 %, 537 MiB
2026/09/27 14:36:37.806, 4, 24, 1980 MHz, 118.08 W, 0 %, 537 MiB
2026/09/27 14:36:37.806, 5, 27, 1980 MHz, 120.63 W, 0 %, 537 MiB
2026/09/27 14:36:37.806, 6, 26, 1980 MHz, 119.90 W, 0 %, 537 MiB
2026/09/27 14:36:37.806, 7, 24, 1980 MHz, 115.81 W, 0 %, 537 MiB
2026/09/27 14:36:39.806, 0, 23, 1980 MHz, 114.27 W, 0 %, 557 MiB
2026/09/27 14:36:39.806, 1, 26, 1980 MHz, 115.25 W, 0 %, 537 MiB
2026/09/27 14:36:39.806, 2, 31, 1980 MHz, 119.46 W, 0 %, 537 MiB
2026/09/27 14:36:39.807, 3, 25, 1980 MHz, 121.14 W, 0 %, 537 MiB
2026/09/27 14:36:39.807, 4, 24, 1980 MHz, 118.11 W, 0 %, 537 MiB
2026/09/27 14:36:39.807, 5, 27, 1980 MHz, 120.57 W, 0 %, 537 MiB
2026/09/27 14:36:39.807, 6, 26, 1980 MHz, 119.99 W, 0 %, 537 MiB
2026/09/27 14:36:39.807, 7, 24, 1980 MHz, 115.85 W, 0 %, 537 MiB
2026/09/27 14:36:41.807, 0, 23, 1980 MHz, 114.22 W, 0 %, 557 MiB
2026/09/27 14:36:41.807, 1, 26, 1980 MHz, 115.25 W, 0 %, 537 MiB
2026/09/27 14:36:41.807, 2, 31, 1980 MHz, 119.45 W, 0 %, 537 MiB
2026/09/27 14:36:41.807, 3, 25, 1980 MHz, 121.16 W, 0 %, 537 MiB
2026/09/27 14:36:41.808, 4, 24, 1980 MHz, 118.09 W, 0 %, 537 MiB
2026/09/27 14:36:41.808, 5, 27, 1980 MHz, 120.52 W, 0 %, 537 MiB
2026/09/27 14:36:41.808, 6, 26, 1980 MHz, 119.93 W, 0 %, 537 MiB
2026/09/27 14:36:41.808, 7, 24, 1980 MHz, 115.82 W, 0 %, 537 MiB
2026/09/27 14:36:43.808, 0, 23, 1980 MHz, 114.21 W, 0 %, 557 MiB
2026/09/27 14:36:43.808, 1, 26, 1980 MHz, 115.29 W, 0 %, 537 MiB
2026/09/27 14:36:43.808, 2, 31, 1980 MHz, 119.48 W, 0 %, 537 MiB
2026/09/27 14:36:43.808, 3, 25, 1980 MHz, 121.11 W, 0 %, 537 MiB
2026/09/27 14:36:43.809, 4, 24, 1980 MHz, 118.09 W, 0 %, 537 MiB
2026/09/27 14:36:43.809, 5, 27, 1980 MHz, 120.57 W, 0 %, 537 MiB
2026/09/27 14:36:43.809, 6, 26, 1980 MHz, 119.89 W, 0 %, 537 MiB
2026/09/27 14:36:43.809, 7, 24, 1980 MHz, 115.78 W, 0 %, 537 MiB
2026/09/27 14:36:45.809, 0, 23, 1980 MHz, 114.29 W, 0 %, 557 MiB
2026/09/27 14:36:45.809, 1, 26, 1980 MHz, 115.23 W, 0 %, 537 MiB
2026/09/27 14:36:45.809, 2, 31, 1980 MHz, 119.42 W, 0 %, 537 MiB
2026/09/27 14:36:45.809, 3, 25, 1980 MHz, 121.17 W, 0 %, 537 MiB
2026/09/27 14:36:45.810, 4, 24, 1980 MHz, 118.02 W, 0 %, 537 MiB
2026/09/27 14:36:45.810, 5, 27, 1980 MHz, 120.57 W, 0 %, 537 MiB
2026/09/27 14:36:45.810, 6, 26, 1980 MHz, 119.93 W, 0 %, 537 MiB
2026/09/27 14:36:45.810, 7, 24, 1980 MHz, 115.79 W, 0 %, 537 MiB
2026/09/27 14:36:47.810, 0, 23, 1980 MHz, 114.27 W, 0 %, 557 MiB
2026/09/27 14:36:47.810, 1, 26, 1980 MHz, 115.21 W, 0 %, 537 MiB
2026/09/27 14:36:47.810, 2, 31, 1980 MHz, 119.48 W, 0 %, 537 MiB
2026/09/27 14:36:47.810, 3, 25, 1980 MHz, 121.19 W, 0 %, 537 MiB
2026/09/27 14:36:47.811, 4, 24, 1980 MHz, 118.07 W, 0 %, 537 MiB
2026/09/27 14:36:47.811, 5, 27, 1980 MHz, 120.51 W, 0 %, 537 MiB
2026/09/27 14:36:47.811, 6, 26, 1980 MHz, 119.90 W, 0 %, 537 MiB
2026/09/27 14:36:47.811, 7, 24, 1980 MHz, 115.83 W, 0 %, 537 MiB
2026/09/27 14:36:49.811, 0, 23, 1980 MHz, 114.21 W, 0 %, 557 MiB
2026/09/27 14:36:49.811, 1, 26, 1980 MHz, 115.18 W, 0 %, 537 MiB
2026/09/27 14:36:49.811, 2, 31, 1980 MHz, 119.48 W, 0 %, 537 MiB
2026/09/27 14:36:49.811, 3, 25, 1980 MHz, 121.13 W, 0 %, 537 MiB
2026/09/27 14:36:49.812, 4, 24, 1980 MHz, 118.09 W, 0 %, 537 MiB
2026/09/27 14:36:49.812, 5, 27, 1980 MHz, 120.58 W, 0 %, 537 MiB
2026/09/27 14:36:49.812, 6, 25, 1980 MHz, 119.87 W, 0 %, 537 MiB
2026/09/27 14:36:49.812, 7, 24, 1980 MHz, 115.77 W, 0 %, 537 MiB
2026/09/27 14:36:51.812, 0, 23, 1980 MHz, 114.21 W, 0 %, 557 MiB
2026/09/27 14:36:51.813, 1, 26, 1980 MHz, 115.20 W, 0 %, 537 MiB
2026/09/27 14:36:51.814, 2, 31, 1980 MHz, 119.41 W, 0 %, 537 MiB
2026/09/27 14:36:51.815, 3, 25, 1980 MHz, 121.11 W, 0 %, 537 MiB
2026/09/27 14:36:51.816, 4, 24, 1980 MHz, 118.06 W, 0 %, 537 MiB
2026/09/27 14:36:51.817, 5, 27, 1980 MHz, 120.58 W, 0 %, 537 MiB
2026/09/27 14:36:51.819, 6, 25, 1980 MHz, 119.89 W, 0 %, 537 MiB
2026/09/27 14:36:51.820, 7, 24, 1980 MHz, 115.82 W, 0 %, 537 MiB
2026/09/27 14:36:53.821, 0, 23, 1980 MHz, 114.25 W, 0 %, 557 MiB
2026/09/27 14:36:53.821, 1, 26, 1980 MHz, 115.16 W, 0 %, 537 MiB
2026/09/27 14:36:53.821, 2, 31, 1980 MHz, 119.42 W, 0 %, 537 MiB
2026/09/27 14:36:53.821, 3, 25, 1980 MHz, 121.12 W, 0 %, 537 MiB
2026/09/27 14:36:53.821, 4, 24, 1980 MHz, 118.02 W, 0 %, 537 MiB
2026/09/27 14:36:53.822, 5, 27, 1980 MHz, 120.50 W, 0 %, 537 MiB
2026/09/27 14:36:53.822, 6, 25, 1980 MHz, 119.91 W, 0 %, 537 MiB
2026/09/27 14:36:53.822, 7, 24, 1980 MHz, 115.78 W, 0 %, 537 MiB
2026/09/27 14:36:55.822, 0, 23, 1980 MHz, 114.27 W, 0 %, 557 MiB
2026/09/27 14:36:55.822, 1, 26, 1980 MHz, 115.15 W, 0 %, 537 MiB
2026/09/27 14:36:55.822, 2, 31, 1980 MHz, 119.45 W, 0 %, 537 MiB
2026/09/27 14:36:55.822, 3, 25, 1980 MHz, 121.17 W, 0 %, 537 MiB
2026/09/27 14:36:55.822, 4, 24, 1980 MHz, 118.01 W, 0 %, 537 MiB
2026/09/27 14:36:55.823, 5, 27, 1980 MHz, 120.52 W, 0 %, 537 MiB
2026/09/27 14:36:55.823, 6, 25, 1980 MHz, 119.81 W, 0 %, 537 MiB
2026/09/27 14:36:55.823, 7, 24, 1980 MHz, 115.75 W, 0 %, 537 MiB
2026/09/27 14:36:57.823, 0, 23, 1980 MHz, 114.20 W, 0 %, 557 MiB
2026/09/27 14:36:57.823, 1, 26, 1980 MHz, 115.21 W, 0 %, 537 MiB
2026/09/27 14:36:57.823, 2, 31, 1980 MHz, 119.40 W, 0 %, 537 MiB
2026/09/27 14:36:57.823, 3, 25, 1980 MHz, 121.13 W, 0 %, 537 MiB
2026/09/27 14:36:57.823, 4, 24, 1980 MHz, 118.00 W, 0 %, 537 MiB
2026/09/27 14:36:57.824, 5, 27, 1980 MHz, 120.61 W, 0 %, 537 MiB
2026/09/27 14:36:57.824, 6, 25, 1980 MHz, 119.81 W, 0 %, 537 MiB
2026/09/27 14:36:57.824, 7, 24, 1980 MHz, 115.70 W, 0 %, 537 MiB
2026/09/27 14:36:59.824, 0, 23, 1980 MHz, 114.25 W, 0 %, 557 MiB
2026/09/27 14:36:59.824, 1, 26, 1980 MHz, 115.25 W, 0 %, 537 MiB
2026/09/27 14:36:59.824, 2, 31, 1980 MHz, 119.42 W, 0 %, 537 MiB
2026/09/27 14:36:59.824, 3, 25, 1980 MHz, 121.14 W, 0 %, 537 MiB
2026/09/27 14:36:59.824, 4, 24, 1980 MHz, 118.04 W, 0 %, 537 MiB
2026/09/27 14:36:59.825, 5, 27, 1980 MHz, 120.52 W, 0 %, 537 MiB
2026/09/27 14:36:59.825, 6, 25, 1980 MHz, 119.90 W, 0 %, 537 MiB
2026/09/27 14:36:59.825, 7, 24, 1980 MHz, 115.83 W, 0 %, 537 MiB
2026/09/27 14:37:01.825, 0, 23, 1980 MHz, 114.21 W, 0 %, 557 MiB
2026/09/27 14:37:01.825, 1, 26, 1980 MHz, 115.22 W, 0 %, 537 MiB
2026/09/27 14:37:01.825, 2, 31, 1980 MHz, 119.46 W, 0 %, 537 MiB
2026/09/27 14:37:01.825, 3, 25, 1980 MHz, 121.11 W, 0 %, 537 MiB
2026/09/27 14:37:01.825, 4, 24, 1980 MHz, 118.10 W, 0 %, 537 MiB
2026/09/27 14:37:01.826, 5, 27, 1980 MHz, 120.52 W, 0 %, 537 MiB
2026/09/27 14:37:01.826, 6, 25, 1980 MHz, 119.83 W, 0 %, 537 MiB
2026/09/27 14:37:01.826, 7, 24, 1980 MHz, 115.81 W, 0 %, 537 MiB
2026/09/27 14:37:03.826, 0, 23, 1980 MHz, 114.20 W, 0 %, 557 MiB
2026/09/27 14:37:03.826, 1, 26, 1980 MHz, 115.16 W, 0 %, 537 MiB
2026/09/27 14:37:03.826, 2, 31, 1980 MHz, 119.39 W, 0 %, 537 MiB
2026/09/27 14:37:03.826, 3, 25, 1980 MHz, 121.13 W, 0 %, 537 MiB
2026/09/27 14:37:03.826, 4, 24, 1980 MHz, 118.02 W, 0 %, 537 MiB
2026/09/27 14:37:03.827, 5, 27, 1980 MHz, 120.55 W, 0 %, 537 MiB
2026/09/27 14:37:03.827, 6, 25, 1980 MHz, 119.87 W, 0 %, 537 MiB
2026/09/27 14:37:03.827, 7, 24, 1980 MHz, 115.74 W, 0 %, 537 MiB
2026/09/27 14:37:05.827, 0, 23, 1980 MHz, 114.28 W, 0 %, 557 MiB
2026/09/27 14:37:05.827, 1, 26, 1980 MHz, 115.12 W, 0 %, 537 MiB
2026/09/27 14:37:05.827, 2, 31, 1980 MHz, 119.36 W, 0 %, 537 MiB
2026/09/27 14:37:05.827, 3, 25, 1980 MHz, 121.15 W, 0 %, 537 MiB
2026/09/27 14:37:05.828, 4, 24, 1980 MHz, 117.93 W, 0 %, 537 MiB
2026/09/27 14:37:05.828, 5, 27, 1980 MHz, 120.54 W, 0 %, 537 MiB
2026/09/27 14:37:05.828, 6, 25, 1980 MHz, 119.83 W, 0 %, 537 MiB
2026/09/27 14:37:05.828, 7, 24, 1980 MHz, 115.73 W, 0 %, 537 MiB
2026/09/27 14:37:07.828, 0, 23, 1980 MHz, 114.22 W, 0 %, 557 MiB
2026/09/27 14:37:07.828, 1, 26, 1980 MHz, 115.13 W, 0 %, 537 MiB
2026/09/27 14:37:07.828, 2, 30, 1980 MHz, 119.37 W, 0 %, 537 MiB
2026/09/27 14:37:07.828, 3, 25, 1980 MHz, 121.13 W, 0 %, 537 MiB
2026/09/27 14:37:07.828, 4, 24, 1980 MHz, 118.08 W, 0 %, 537 MiB
2026/09/27 14:37:07.829, 5, 27, 1980 MHz, 120.49 W, 0 %, 537 MiB
2026/09/27 14:37:07.829, 6, 25, 1980 MHz, 119.85 W, 0 %, 537 MiB
2026/09/27 14:37:07.829, 7, 24, 1980 MHz, 115.79 W, 0 %, 537 MiB
2026/09/27 14:37:09.829, 0, 23, 1980 MHz, 114.22 W, 0 %, 557 MiB
2026/09/27 14:37:09.829, 1, 26, 1980 MHz, 115.15 W, 0 %, 537 MiB
2026/09/27 14:37:09.829, 2, 30, 1980 MHz, 119.41 W, 0 %, 537 MiB
2026/09/27 14:37:09.829, 3, 25, 1980 MHz, 121.14 W, 0 %, 537 MiB
2026/09/27 14:37:09.829, 4, 24, 1980 MHz, 118.04 W, 0 %, 537 MiB
2026/09/27 14:37:09.830, 5, 27, 1980 MHz, 120.48 W, 0 %, 537 MiB
2026/09/27 14:37:09.830, 6, 25, 1980 MHz, 119.81 W, 0 %, 537 MiB
2026/09/27 14:37:09.830, 7, 24, 1980 MHz, 115.70 W, 0 %, 537 MiB
2026/09/27 14:37:11.830, 0, 23, 1980 MHz, 114.25 W, 0 %, 557 MiB
2026/09/27 14:37:11.830, 1, 26, 1980 MHz, 115.21 W, 0 %, 537 MiB
2026/09/27 14:37:11.830, 2, 30, 1980 MHz, 119.35 W, 0 %, 537 MiB
2026/09/27 14:37:11.830, 3, 25, 1980 MHz, 121.13 W, 0 %, 537 MiB
2026/09/27 14:37:11.830, 4, 24, 1980 MHz, 118.00 W, 0 %, 537 MiB
2026/09/27 14:37:11.831, 5, 27, 1980 MHz, 120.52 W, 0 %, 537 MiB
2026/09/27 14:37:11.831, 6, 25, 1980 MHz, 119.86 W, 0 %, 537 MiB
2026/09/27 14:37:11.831, 7, 24, 1980 MHz, 115.73 W, 0 %, 537 MiB
2026/09/27 14:37:13.831, 0, 23, 1980 MHz, 114.24 W, 0 %, 557 MiB
2026/09/27 14:37:13.831, 1, 26, 1980 MHz, 115.19 W, 0 %, 537 MiB
2026/09/27 14:37:13.831, 2, 30, 1980 MHz, 119.40 W, 0 %, 537 MiB
2026/09/27 14:37:13.831, 3, 25, 1980 MHz, 121.15 W, 0 %, 537 MiB
2026/09/27 14:37:13.831, 4, 24, 1980 MHz, 118.07 W, 0 %, 537 MiB
2026/09/27 14:37:13.832, 5, 27, 1980 MHz, 120.49 W, 0 %, 537 MiB
2026/09/27 14:37:13.832, 6, 25, 1980 MHz, 119.83 W, 0 %, 537 MiB
2026/09/27 14:37:13.832, 7, 24, 1980 MHz, 115.81 W, 0 %, 537 MiB
2026/09/27 14:37:15.832, 0, 23, 1980 MHz, 114.18 W, 0 %, 557 MiB
2026/09/27 14:37:15.832, 1, 26, 1980 MHz, 115.15 W, 0 %, 537 MiB
2026/09/27 14:37:15.832, 2, 30, 1980 MHz, 119.43 W, 0 %, 537 MiB
2026/09/27 14:37:15.832, 3, 25, 1980 MHz, 121.13 W, 0 %, 537 MiB
2026/09/27 14:37:15.832, 4, 24, 1980 MHz, 118.04 W, 0 %, 537 MiB
2026/09/27 14:37:15.833, 5, 27, 1980 MHz, 120.48 W, 0 %, 537 MiB
2026/09/27 14:37:15.833, 6, 25, 1980 MHz, 119.80 W, 0 %, 537 MiB
2026/09/27 14:37:15.833, 7, 24, 1980 MHz, 115.79 W, 0 %, 537 MiB
2026/09/27 14:37:17.833, 0, 23, 1980 MHz, 114.25 W, 0 %, 557 MiB
2026/09/27 14:37:17.833, 1, 26, 1980 MHz, 115.11 W, 0 %, 537 MiB
2026/09/27 14:37:17.833, 2, 30, 1980 MHz, 119.34 W, 0 %, 537 MiB
2026/09/27 14:37:17.833, 3, 25, 1980 MHz, 121.08 W, 0 %, 537 MiB
2026/09/27 14:37:17.834, 4, 24, 1980 MHz, 117.71 W, 0 %, 537 MiB
2026/09/27 14:37:17.834, 5, 27, 1980 MHz, 120.55 W, 0 %, 537 MiB
2026/09/27 14:37:17.834, 6, 25, 1980 MHz, 119.82 W, 0 %, 537 MiB
2026/09/27 14:37:17.834, 7, 24, 1980 MHz, 115.79 W, 0 %, 537 MiB
2026/09/27 14:37:19.834, 0, 23, 1980 MHz, 114.20 W, 0 %, 557 MiB
2026/09/27 14:37:19.834, 1, 26, 1980 MHz, 115.16 W, 0 %, 537 MiB
2026/09/27 14:37:19.835, 2, 30, 1980 MHz, 119.36 W, 0 %, 537 MiB
2026/09/27 14:37:19.835, 3, 25, 1980 MHz, 121.15 W, 0 %, 537 MiB
2026/09/27 14:37:19.835, 4, 24, 1980 MHz, 117.38 W, 0 %, 537 MiB
2026/09/27 14:37:19.835, 5, 27, 1980 MHz, 120.49 W, 0 %, 537 MiB
2026/09/27 14:37:19.835, 6, 25, 1980 MHz, 119.81 W, 0 %, 537 MiB
2026/09/27 14:37:19.835, 7, 24, 1980 MHz, 115.74 W, 0 %, 537 MiB
2026/09/27 14:37:21.835, 0, 23, 1980 MHz, 114.20 W, 0 %, 557 MiB
2026/09/27 14:37:21.836, 1, 26, 1980 MHz, 115.14 W, 0 %, 537 MiB
2026/09/27 14:37:21.836, 2, 30, 1980 MHz, 119.42 W, 0 %, 537 MiB
2026/09/27 14:37:21.836, 3, 25, 1980 MHz, 121.09 W, 0 %, 537 MiB
2026/09/27 14:37:21.836, 4, 24, 1980 MHz, 117.49 W, 0 %, 537 MiB
2026/09/27 14:37:21.836, 5, 27, 1980 MHz, 120.47 W, 0 %, 537 MiB
2026/09/27 14:37:21.836, 6, 25, 1980 MHz, 119.82 W, 0 %, 537 MiB
2026/09/27 14:37:21.836, 7, 24, 1980 MHz, 115.75 W, 0 %, 537 MiB
2026/09/27 14:37:23.837, 0, 23, 1980 MHz, 114.19 W, 0 %, 557 MiB
2026/09/27 14:37:23.837, 1, 26, 1980 MHz, 115.12 W, 0 %, 537 MiB
2026/09/27 14:37:23.837, 2, 30, 1980 MHz, 119.36 W, 0 %, 537 MiB
2026/09/27 14:37:23.837, 3, 25, 1980 MHz, 121.07 W, 0 %, 537 MiB
2026/09/27 14:37:23.837, 4, 24, 1980 MHz, 117.47 W, 0 %, 537 MiB
2026/09/27 14:37:23.837, 5, 27, 1980 MHz, 120.49 W, 0 %, 537 MiB
2026/09/27 14:37:23.837, 6, 25, 1980 MHz, 119.78 W, 0 %, 537 MiB
2026/09/27 14:37:23.837, 7, 24, 1980 MHz, 115.75 W, 0 %, 537 MiB
2026/09/27 14:37:25.838, 0, 23, 1980 MHz, 114.28 W, 0 %, 557 MiB
2026/09/27 14:37:25.838, 1, 26, 1980 MHz, 115.21 W, 0 %, 537 MiB
2026/09/27 14:37:25.838, 2, 30, 1980 MHz, 119.35 W, 0 %, 537 MiB
2026/09/27 14:37:25.838, 3, 25, 1980 MHz, 121.11 W, 0 %, 537 MiB
2026/09/27 14:37:25.838, 4, 24, 1980 MHz, 117.41 W, 0 %, 537 MiB
2026/09/27 14:37:25.838, 5, 27, 1980 MHz, 120.47 W, 0 %, 537 MiB
2026/09/27 14:37:25.838, 6, 25, 1980 MHz, 119.84 W, 0 %, 537 MiB
2026/09/27 14:37:25.839, 7, 24, 1980 MHz, 115.74 W, 0 %, 537 MiB
2026/09/27 14:37:27.839, 0, 23, 1980 MHz, 114.25 W, 0 %, 557 MiB
2026/09/27 14:37:27.839, 1, 26, 1980 MHz, 115.14 W, 0 %, 537 MiB
2026/09/27 14:37:27.839, 2, 30, 1980 MHz, 119.33 W, 0 %, 537 MiB
2026/09/27 14:37:27.839, 3, 25, 1980 MHz, 121.12 W, 0 %, 537 MiB
2026/09/27 14:37:27.839, 4, 24, 1980 MHz, 117.44 W, 0 %, 537 MiB
2026/09/27 14:37:27.840, 5, 27, 1980 MHz, 120.43 W, 0 %, 537 MiB
2026/09/27 14:37:27.840, 6, 25, 1980 MHz, 119.81 W, 0 %, 537 MiB
2026/09/27 14:37:27.840, 7, 24, 1980 MHz, 115.79 W, 0 %, 537 MiB
2026/09/27 14:37:29.840, 0, 23, 1980 MHz, 114.21 W, 0 %, 557 MiB
2026/09/27 14:37:29.840, 1, 26, 1980 MHz, 115.11 W, 0 %, 537 MiB
2026/09/27 14:37:29.841, 2, 30, 1980 MHz, 119.37 W, 0 %, 537 MiB
2026/09/27 14:37:29.841, 3, 25, 1980 MHz, 121.11 W, 0 %, 537 MiB
2026/09/27 14:37:29.841, 4, 24, 1980 MHz, 117.40 W, 0 %, 537 MiB
2026/09/27 14:37:29.841, 5, 27, 1980 MHz, 120.48 W, 0 %, 537 MiB
2026/09/27 14:37:29.841, 6, 25, 1980 MHz, 119.80 W, 0 %, 537 MiB
2026/09/27 14:37:29.841, 7, 24, 1980 MHz, 115.73 W, 0 %, 537 MiB
2026/09/27 14:37:31.841, 0, 23, 1980 MHz, 114.22 W, 0 %, 557 MiB
2026/09/27 14:37:31.842, 1, 26, 1980 MHz, 115.14 W, 0 %, 537 MiB
2026/09/27 14:37:31.842, 2, 30, 1980 MHz, 119.35 W, 0 %, 537 MiB
2026/09/27 14:37:31.842, 3, 25, 1980 MHz, 121.11 W, 0 %, 537 MiB
2026/09/27 14:37:31.842, 4, 24, 1980 MHz, 117.42 W, 0 %, 537 MiB
2026/09/27 14:37:31.842, 5, 27, 1980 MHz, 120.53 W, 0 %, 537 MiB
2026/09/27 14:37:31.842, 6, 25, 1980 MHz, 119.82 W, 0 %, 537 MiB
2026/09/27 14:37:31.842, 7, 24, 1980 MHz, 115.79 W, 0 %, 537 MiB
2026/09/27 14:37:33.842, 0, 23, 1980 MHz, 114.30 W, 0 %, 557 MiB
2026/09/27 14:37:33.843, 1, 26, 1980 MHz, 115.12 W, 0 %, 537 MiB
2026/09/27 14:37:33.843, 2, 30, 1980 MHz, 119.32 W, 0 %, 537 MiB
2026/09/27 14:37:33.843, 3, 25, 1980 MHz, 121.12 W, 0 %, 537 MiB
2026/09/27 14:37:33.843, 4, 24, 1980 MHz, 117.44 W, 0 %, 537 MiB
2026/09/27 14:37:33.843, 5, 27, 1980 MHz, 120.45 W, 0 %, 537 MiB
2026/09/27 14:37:33.843, 6, 25, 1980 MHz, 119.78 W, 0 %, 537 MiB
2026/09/27 14:37:33.843, 7, 24, 1980 MHz, 115.76 W, 0 %, 537 MiB
2026/09/27 14:37:35.844, 0, 23, 1980 MHz, 114.21 W, 0 %, 557 MiB
2026/09/27 14:37:35.844, 1, 26, 1980 MHz, 115.11 W, 0 %, 537 MiB
2026/09/27 14:37:35.844, 2, 30, 1980 MHz, 119.40 W, 0 %, 537 MiB
2026/09/27 14:37:35.844, 3, 25, 1980 MHz, 121.10 W, 0 %, 537 MiB
2026/09/27 14:37:35.844, 4, 24, 1980 MHz, 117.46 W, 0 %, 537 MiB
2026/09/27 14:37:35.844, 5, 27, 1980 MHz, 120.43 W, 0 %, 537 MiB
2026/09/27 14:37:35.844, 6, 25, 1980 MHz, 119.78 W, 0 %, 537 MiB
2026/09/27 14:37:35.844, 7, 24, 1980 MHz, 115.75 W, 0 %, 537 MiB
2026/09/27 14:37:37.845, 0, 23, 1980 MHz, 114.25 W, 0 %, 557 MiB
2026/09/27 14:37:37.845, 1, 26, 1980 MHz, 115.21 W, 0 %, 537 MiB
2026/09/27 14:37:37.845, 2, 30, 1980 MHz, 119.38 W, 0 %, 537 MiB
2026/09/27 14:37:37.845, 3, 25, 1980 MHz, 121.04 W, 0 %, 537 MiB
2026/09/27 14:37:37.845, 4, 24, 1980 MHz, 117.44 W, 0 %, 537 MiB
2026/09/27 14:37:37.845, 5, 27, 1980 MHz, 120.46 W, 0 %, 537 MiB
2026/09/27 14:37:37.845, 6, 25, 1980 MHz, 119.74 W, 0 %, 537 MiB
2026/09/27 14:37:37.845, 7, 24, 1980 MHz, 115.76 W, 0 %, 537 MiB
2026/09/27 14:37:39.846, 0, 23, 1980 MHz, 114.24 W, 0 %, 557 MiB
2026/09/27 14:37:39.846, 1, 26, 1980 MHz, 115.17 W, 0 %, 537 MiB
2026/09/27 14:37:39.846, 2, 30, 1980 MHz, 119.30 W, 0 %, 537 MiB
2026/09/27 14:37:39.846, 3, 25, 1980 MHz, 121.14 W, 0 %, 537 MiB
2026/09/27 14:37:39.846, 4, 24, 1980 MHz, 117.40 W, 0 %, 537 MiB
2026/09/27 14:37:39.846, 5, 27, 1980 MHz, 120.46 W, 0 %, 537 MiB
2026/09/27 14:37:39.846, 6, 25, 1980 MHz, 119.83 W, 0 %, 537 MiB
2026/09/27 14:37:39.846, 7, 24, 1980 MHz, 115.78 W, 0 %, 537 MiB
2026/09/27 14:37:41.847, 0, 23, 1980 MHz, 114.21 W, 0 %, 557 MiB
2026/09/27 14:37:41.847, 1, 26, 1980 MHz, 115.11 W, 0 %, 537 MiB
2026/09/27 14:37:41.847, 2, 30, 1980 MHz, 119.36 W, 0 %, 537 MiB
2026/09/27 14:37:41.847, 3, 25, 1980 MHz, 121.05 W, 0 %, 537 MiB
2026/09/27 14:37:41.847, 4, 24, 1980 MHz, 117.48 W, 0 %, 537 MiB
2026/09/27 14:37:41.847, 5, 27, 1980 MHz, 120.45 W, 0 %, 537 MiB
2026/09/27 14:37:41.847, 6, 25, 1980 MHz, 119.77 W, 0 %, 537 MiB
2026/09/27 14:37:41.848, 7, 24, 1980 MHz, 115.76 W, 0 %, 537 MiB
2026/09/27 14:37:43.848, 0, 23, 1980 MHz, 114.25 W, 0 %, 557 MiB
2026/09/27 14:37:43.848, 1, 26, 1980 MHz, 115.08 W, 0 %, 537 MiB
2026/09/27 14:37:43.848, 2, 30, 1980 MHz, 119.37 W, 0 %, 537 MiB
2026/09/27 14:37:43.848, 3, 25, 1980 MHz, 121.13 W, 0 %, 537 MiB
2026/09/27 14:37:43.848, 4, 24, 1980 MHz, 117.43 W, 0 %, 537 MiB
2026/09/27 14:37:43.848, 5, 27, 1980 MHz, 120.47 W, 0 %, 537 MiB
2026/09/27 14:37:43.849, 6, 25, 1980 MHz, 119.77 W, 0 %, 537 MiB
2026/09/27 14:37:43.849, 7, 24, 1980 MHz, 115.75 W, 0 %, 537 MiB
2026/09/27 14:37:45.849, 0, 23, 1980 MHz, 114.24 W, 0 %, 557 MiB
2026/09/27 14:37:45.849, 1, 26, 1980 MHz, 115.12 W, 0 %, 537 MiB
2026/09/27 14:37:45.849, 2, 30, 1980 MHz, 119.27 W, 0 %, 537 MiB
2026/09/27 14:37:45.849, 3, 25, 1980 MHz, 121.14 W, 0 %, 537 MiB
2026/09/27 14:37:45.850, 4, 24, 1980 MHz, 117.44 W, 0 %, 537 MiB
2026/09/27 14:37:45.850, 5, 27, 1980 MHz, 120.51 W, 0 %, 537 MiB
2026/09/27 14:37:45.850, 6, 25, 1980 MHz, 119.82 W, 0 %, 537 MiB
2026/09/27 14:37:45.850, 7, 24, 1980 MHz, 115.76 W, 0 %, 537 MiB
2026/09/27 14:37:47.850, 0, 23, 1980 MHz, 114.16 W, 0 %, 557 MiB
2026/09/27 14:37:47.850, 1, 26, 1980 MHz, 115.15 W, 0 %, 537 MiB
2026/09/27 14:37:47.850, 2, 30, 1980 MHz, 119.35 W, 0 %, 537 MiB
2026/09/27 14:37:47.851, 3, 25, 1980 MHz, 121.15 W, 0 %, 537 MiB
2026/09/27 14:37:47.851, 4, 24, 1980 MHz, 117.41 W, 0 %, 537 MiB
2026/09/27 14:37:47.851, 5, 27, 1980 MHz, 120.46 W, 0 %, 537 MiB
2026/09/27 14:37:47.851, 6, 25, 1980 MHz, 119.71 W, 0 %, 537 MiB
2026/09/27 14:37:47.851, 7, 24, 1980 MHz, 115.72 W, 0 %, 537 MiB
2026/09/27 14:37:49.851, 0, 23, 1980 MHz, 114.22 W, 0 %, 557 MiB
2026/09/27 14:37:49.851, 1, 26, 1980 MHz, 115.16 W, 0 %, 537 MiB
2026/09/27 14:37:49.852, 2, 30, 1980 MHz, 119.35 W, 0 %, 537 MiB
2026/09/27 14:37:49.852, 3, 25, 1980 MHz, 121.08 W, 0 %, 537 MiB
2026/09/27 14:37:49.852, 4, 24, 1980 MHz, 117.38 W, 0 %, 537 MiB
2026/09/27 14:37:49.852, 5, 27, 1980 MHz, 120.46 W, 0 %, 537 MiB
2026/09/27 14:37:49.852, 6, 25, 1980 MHz, 119.77 W, 0 %, 537 MiB
2026/09/27 14:37:49.852, 7, 24, 1980 MHz, 115.76 W, 0 %, 537 MiB
2026/09/27 14:37:51.852, 0, 23, 1980 MHz, 114.21 W, 0 %, 557 MiB
2026/09/27 14:37:51.852, 1, 26, 1980 MHz, 115.15 W, 0 %, 537 MiB
2026/09/27 14:37:51.853, 2, 30, 1980 MHz, 119.34 W, 0 %, 537 MiB
2026/09/27 14:37:51.853, 3, 25, 1980 MHz, 121.10 W, 0 %, 537 MiB
2026/09/27 14:37:51.853, 4, 24, 1980 MHz, 117.38 W, 0 %, 537 MiB
2026/09/27 14:37:51.853, 5, 27, 1980 MHz, 120.50 W, 0 %, 537 MiB
2026/09/27 14:37:51.853, 6, 25, 1980 MHz, 119.81 W, 0 %, 537 MiB
2026/09/27 14:37:51.853, 7, 24, 1980 MHz, 115.75 W, 0 %, 537 MiB
2026/09/27 14:37:53.853, 0, 23, 1980 MHz, 114.16 W, 0 %, 557 MiB
2026/09/27 14:37:53.854, 1, 26, 1980 MHz, 115.13 W, 0 %, 537 MiB
2026/09/27 14:37:53.854, 2, 30, 1980 MHz, 119.39 W, 0 %, 537 MiB
2026/09/27 14:37:53.854, 3, 25, 1980 MHz, 121.09 W, 0 %, 537 MiB
2026/09/27 14:37:53.854, 4, 24, 1980 MHz, 117.45 W, 0 %, 537 MiB
2026/09/27 14:37:53.854, 5, 27, 1980 MHz, 120.41 W, 0 %, 537 MiB
2026/09/27 14:37:53.854, 6, 25, 1980 MHz, 119.75 W, 0 %, 537 MiB
2026/09/27 14:37:53.854, 7, 24, 1980 MHz, 115.73 W, 0 %, 537 MiB
2026/09/27 14:37:55.854, 0, 23, 1980 MHz, 114.17 W, 0 %, 557 MiB
2026/09/27 14:37:55.855, 1, 26, 1980 MHz, 115.08 W, 0 %, 537 MiB
2026/09/27 14:37:55.855, 2, 30, 1980 MHz, 119.37 W, 0 %, 537 MiB
2026/09/27 14:37:55.855, 3, 25, 1980 MHz, 121.08 W, 0 %, 537 MiB
2026/09/27 14:37:55.855, 4, 24, 1980 MHz, 117.45 W, 0 %, 537 MiB
2026/09/27 14:37:55.855, 5, 27, 1980 MHz, 120.41 W, 0 %, 537 MiB
2026/09/27 14:37:55.855, 6, 25, 1980 MHz, 119.78 W, 0 %, 537 MiB
2026/09/27 14:37:55.855, 7, 24, 1980 MHz, 115.72 W, 0 %, 537 MiB
2026/09/27 14:37:57.855, 0, 23, 1980 MHz, 114.21 W, 0 %, 557 MiB
2026/09/27 14:37:57.856, 1, 26, 1980 MHz, 115.07 W, 0 %, 537 MiB
2026/09/27 14:37:57.856, 2, 30, 1980 MHz, 119.34 W, 0 %, 537 MiB
2026/09/27 14:37:57.856, 3, 25, 1980 MHz, 121.11 W, 0 %, 537 MiB
2026/09/27 14:37:57.856, 4, 24, 1980 MHz, 117.36 W, 0 %, 537 MiB
2026/09/27 14:37:57.856, 5, 27, 1980 MHz, 120.45 W, 0 %, 537 MiB
2026/09/27 14:37:57.856, 6, 25, 1980 MHz, 119.76 W, 0 %, 537 MiB
2026/09/27 14:37:57.856, 7, 24, 1980 MHz, 115.72 W, 0 %, 537 MiB
2026/09/27 14:37:59.856, 0, 23, 1980 MHz, 114.19 W, 0 %, 557 MiB
2026/09/27 14:37:59.857, 1, 26, 1980 MHz, 115.08 W, 0 %, 537 MiB
2026/09/27 14:37:59.857, 2, 30, 1980 MHz, 119.34 W, 0 %, 537 MiB
2026/09/27 14:37:59.857, 3, 25, 1980 MHz, 121.06 W, 0 %, 537 MiB
2026/09/27 14:37:59.857, 4, 24, 1980 MHz, 117.35 W, 0 %, 537 MiB
2026/09/27 14:37:59.857, 5, 27, 1980 MHz, 120.49 W, 0 %, 537 MiB
2026/09/27 14:37:59.857, 6, 25, 1980 MHz, 119.77 W, 0 %, 537 MiB
2026/09/27 14:37:59.857, 7, 24, 1980 MHz, 115.75 W, 0 %, 537 MiB
2026/09/27 14:38:01.858, 0, 23, 1980 MHz, 114.19 W, 0 %, 557 MiB
2026/09/27 14:38:01.858, 1, 26, 1980 MHz, 115.17 W, 0 %, 537 MiB
2026/09/27 14:38:01.858, 2, 30, 1980 MHz, 119.38 W, 0 %, 537 MiB
2026/09/27 14:38:01.858, 3, 25, 1980 MHz, 121.10 W, 0 %, 537 MiB
2026/09/27 14:38:01.858, 4, 24, 1980 MHz, 117.44 W, 0 %, 537 MiB
2026/09/27 14:38:01.858, 5, 27, 1980 MHz, 120.43 W, 0 %, 537 MiB
2026/09/27 14:38:01.858, 6, 25, 1980 MHz, 119.75 W, 0 %, 537 MiB
2026/09/27 14:38:01.858, 7, 24, 1980 MHz, 115.72 W, 0 %, 537 MiB
2026/09/27 14:38:03.859, 0, 23, 1980 MHz, 114.22 W, 0 %, 557 MiB
2026/09/27 14:38:03.859, 1, 26, 1980 MHz, 115.11 W, 0 %, 537 MiB
2026/09/27 14:38:03.859, 2, 30, 1980 MHz, 119.32 W, 0 %, 537 MiB
2026/09/27 14:38:03.859, 3, 25, 1980 MHz, 121.08 W, 0 %, 537 MiB
2026/09/27 14:38:03.859, 4, 24, 1980 MHz, 117.40 W, 0 %, 537 MiB
2026/09/27 14:38:03.859, 5, 27, 1980 MHz, 120.46 W, 0 %, 537 MiB
2026/09/27 14:38:03.859, 6, 25, 1980 MHz, 119.79 W, 0 %, 537 MiB
2026/09/27 14:38:03.859, 7, 24, 1980 MHz, 115.70 W, 0 %, 537 MiB
2026/09/27 14:38:05.860, 0, 23, 1980 MHz, 114.20 W, 0 %, 557 MiB
2026/09/27 14:38:05.860, 1, 26, 1980 MHz, 115.11 W, 0 %, 537 MiB
2026/09/27 14:38:05.860, 2, 30, 1980 MHz, 119.31 W, 0 %, 537 MiB
2026/09/27 14:38:05.860, 3, 25, 1980 MHz, 121.12 W, 0 %, 537 MiB
2026/09/27 14:38:05.860, 4, 24, 1980 MHz, 117.40 W, 0 %, 537 MiB
2026/09/27 14:38:05.860, 5, 27, 1980 MHz, 120.49 W, 0 %, 537 MiB
2026/09/27 14:38:05.860, 6, 25, 1980 MHz, 119.76 W, 0 %, 537 MiB
2026/09/27 14:38:05.860, 7, 24, 1980 MHz, 115.76 W, 0 %, 537 MiB
2026/09/27 14:38:07.861, 0, 23, 1980 MHz, 114.17 W, 0 %, 557 MiB
2026/09/27 14:38:07.861, 1, 26, 1980 MHz, 115.08 W, 0 %, 537 MiB
2026/09/27 14:38:07.861, 2, 30, 1980 MHz, 119.31 W, 0 %, 537 MiB
2026/09/27 14:38:07.861, 3, 25, 1980 MHz, 121.12 W, 0 %, 537 MiB
2026/09/27 14:38:07.861, 4, 24, 1980 MHz, 117.47 W, 0 %, 537 MiB
2026/09/27 14:38:07.861, 5, 27, 1980 MHz, 120.44 W, 0 %, 537 MiB
2026/09/27 14:38:07.861, 6, 25, 1980 MHz, 119.72 W, 0 %, 537 MiB
2026/09/27 14:38:07.862, 7, 24, 1980 MHz, 115.70 W, 0 %, 537 MiB
2026/09/27 14:38:09.862, 0, 23, 1980 MHz, 114.15 W, 0 %, 557 MiB
2026/09/27 14:38:09.862, 1, 26, 1980 MHz, 115.08 W, 0 %, 537 MiB
2026/09/27 14:38:09.862, 2, 30, 1980 MHz, 119.33 W, 0 %, 537 MiB
2026/09/27 14:38:09.862, 3, 25, 1980 MHz, 121.04 W, 0 %, 537 MiB
2026/09/27 14:38:09.862, 4, 24, 1980 MHz, 117.41 W, 0 %, 537 MiB
2026/09/27 14:38:09.862, 5, 27, 1980 MHz, 120.43 W, 0 %, 537 MiB
2026/09/27 14:38:09.863, 6, 25, 1980 MHz, 119.72 W, 0 %, 537 MiB
2026/09/27 14:38:09.863, 7, 24, 1980 MHz, 115.71 W, 0 %, 537 MiB
2026/09/27 14:38:11.863, 0, 23, 1980 MHz, 114.23 W, 0 %, 557 MiB
2026/09/27 14:38:11.863, 1, 26, 1980 MHz, 115.15 W, 0 %, 537 MiB
2026/09/27 14:38:11.863, 2, 30, 1980 MHz, 119.33 W, 0 %, 537 MiB
2026/09/27 14:38:11.863, 3, 25, 1980 MHz, 121.10 W, 0 %, 537 MiB
2026/09/27 14:38:11.863, 4, 24, 1980 MHz, 117.40 W, 0 %, 537 MiB
2026/09/27 14:38:11.864, 5, 27, 1980 MHz, 120.49 W, 0 %, 537 MiB
2026/09/27 14:38:11.864, 6, 25, 1980 MHz, 119.73 W, 0 %, 537 MiB
2026/09/27 14:38:11.864, 7, 24, 1980 MHz, 115.78 W, 0 %, 537 MiB
2026/09/27 14:38:13.864, 0, 23, 1980 MHz, 114.17 W, 0 %, 557 MiB
2026/09/27 14:38:13.864, 1, 26, 1980 MHz, 115.16 W, 0 %, 537 MiB
2026/09/27 14:38:13.864, 2, 30, 1980 MHz, 119.37 W, 0 %, 537 MiB
2026/09/27 14:38:13.864, 3, 25, 1980 MHz, 121.10 W, 0 %, 537 MiB
2026/09/27 14:38:13.864, 4, 24, 1980 MHz, 117.44 W, 0 %, 537 MiB
2026/09/27 14:38:13.865, 5, 27, 1980 MHz, 120.45 W, 0 %, 537 MiB
2026/09/27 14:38:13.865, 6, 25, 1980 MHz, 119.71 W, 0 %, 537 MiB
2026/09/27 14:38:13.865, 7, 24, 1980 MHz, 115.75 W, 0 %, 537 MiB
2026/09/27 14:38:15.865, 0, 23, 1980 MHz, 114.24 W, 0 %, 557 MiB
2026/09/27 14:38:15.865, 1, 26, 1980 MHz, 115.11 W, 0 %, 537 MiB
2026/09/27 14:38:15.865, 2, 30, 1980 MHz, 119.35 W, 0 %, 537 MiB
2026/09/27 14:38:15.865, 3, 25, 1980 MHz, 121.06 W, 0 %, 537 MiB
2026/09/27 14:38:15.866, 4, 24, 1980 MHz, 117.43 W, 0 %, 537 MiB
2026/09/27 14:38:15.866, 5, 27, 1980 MHz, 120.40 W, 0 %, 537 MiB
2026/09/27 14:38:15.866, 6, 25, 1980 MHz, 119.73 W, 0 %, 537 MiB
2026/09/27 14:38:15.866, 7, 24, 1980 MHz, 115.72 W, 0 %, 537 MiB
2026/09/27 14:38:17.866, 0, 23, 1980 MHz, 114.17 W, 0 %, 557 MiB
2026/09/27 14:38:17.866, 1, 26, 1980 MHz, 115.12 W, 0 %, 537 MiB
2026/09/27 14:38:17.866, 2, 30, 1980 MHz, 119.33 W, 0 %, 537 MiB
2026/09/27 14:38:17.867, 3, 25, 1980 MHz, 121.06 W, 0 %, 537 MiB
2026/09/27 14:38:17.867, 4, 24, 1980 MHz, 117.42 W, 0 %, 537 MiB
2026/09/27 14:38:17.867, 5, 27, 1980 MHz, 120.47 W, 0 %, 537 MiB
2026/09/27 14:38:17.867, 6, 25, 1980 MHz, 119.77 W, 0 %, 537 MiB
2026/09/27 14:38:17.867, 7, 24, 1980 MHz, 115.78 W, 0 %, 537 MiB
2026/09/27 14:38:19.867, 0, 23, 1980 MHz, 114.20 W, 0 %, 557 MiB
2026/09/27 14:38:19.867, 1, 26, 1980 MHz, 115.06 W, 0 %, 537 MiB
2026/09/27 14:38:19.868, 2, 30, 1980 MHz, 119.32 W, 0 %, 537 MiB
2026/09/27 14:38:19.868, 3, 25, 1980 MHz, 121.08 W, 0 %, 537 MiB
2026/09/27 14:38:19.868, 4, 24, 1980 MHz, 117.43 W, 0 %, 537 MiB
2026/09/27 14:38:19.868, 5, 27, 1980 MHz, 120.43 W, 0 %, 537 MiB
2026/09/27 14:38:19.868, 6, 25, 1980 MHz, 119.77 W, 0 %, 537 MiB
2026/09/27 14:38:19.868, 7, 24, 1980 MHz, 115.75 W, 0 %, 537 MiB
2026/09/27 14:38:21.868, 0, 23, 1980 MHz, 114.14 W, 0 %, 557 MiB
2026/09/27 14:38:21.868, 1, 26, 1980 MHz, 115.10 W, 0 %, 537 MiB
2026/09/27 14:38:21.869, 2, 30, 1980 MHz, 119.37 W, 0 %, 537 MiB
2026/09/27 14:38:21.869, 3, 25, 1980 MHz, 121.06 W, 0 %, 537 MiB
2026/09/27 14:38:21.869, 4, 24, 1980 MHz, 117.46 W, 0 %, 537 MiB
2026/09/27 14:38:21.869, 5, 27, 1980 MHz, 120.41 W, 0 %, 537 MiB
2026/09/27 14:38:21.869, 6, 25, 1980 MHz, 119.69 W, 0 %, 537 MiB
2026/09/27 14:38:21.869, 7, 24, 1980 MHz, 115.70 W, 0 %, 537 MiB
2026/09/27 14:38:23.869, 0, 23, 1980 MHz, 114.18 W, 0 %, 557 MiB
2026/09/27 14:38:23.870, 1, 26, 1980 MHz, 115.14 W, 0 %, 537 MiB
2026/09/27 14:38:23.870, 2, 30, 1980 MHz, 119.35 W, 0 %, 537 MiB
2026/09/27 14:38:23.870, 3, 25, 1980 MHz, 121.10 W, 0 %, 537 MiB
2026/09/27 14:38:23.870, 4, 24, 1980 MHz, 117.38 W, 0 %, 537 MiB
2026/09/27 14:38:23.870, 5, 27, 1980 MHz, 120.45 W, 0 %, 537 MiB
2026/09/27 14:38:23.870, 6, 25, 1980 MHz, 119.73 W, 0 %, 537 MiB
2026/09/27 14:38:23.870, 7, 24, 1980 MHz, 115.77 W, 0 %, 537 MiB
2026/09/27 14:38:25.870, 0, 23, 1980 MHz, 114.22 W, 0 %, 557 MiB
2026/09/27 14:38:25.871, 1, 26, 1980 MHz, 115.16 W, 0 %, 537 MiB
2026/09/27 14:38:25.871, 2, 30, 1980 MHz, 119.31 W, 0 %, 537 MiB
2026/09/27 14:38:25.871, 3, 25, 1980 MHz, 121.14 W, 0 %, 537 MiB
2026/09/27 14:38:25.871, 4, 24, 1980 MHz, 117.42 W, 0 %, 537 MiB
2026/09/27 14:38:25.871, 5, 27, 1980 MHz, 120.47 W, 0 %, 537 MiB
2026/09/27 14:38:25.871, 6, 25, 1980 MHz, 119.74 W, 0 %, 537 MiB
2026/09/27 14:38:25.871, 7, 24, 1980 MHz, 115.78 W, 0 %, 537 MiB
2026/09/27 14:38:27.872, 0, 23, 1980 MHz, 114.15 W, 0 %, 557 MiB
2026/09/27 14:38:27.872, 1, 26, 1980 MHz, 115.14 W, 0 %, 537 MiB
2026/09/27 14:38:27.872, 2, 30, 1980 MHz, 119.34 W, 0 %, 537 MiB
2026/09/27 14:38:27.872, 3, 25, 1980 MHz, 121.11 W, 0 %, 537 MiB
2026/09/27 14:38:27.872, 4, 24, 1980 MHz, 117.53 W, 0 %, 537 MiB
2026/09/27 14:38:27.872, 5, 27, 1980 MHz, 120.43 W, 0 %, 537 MiB
2026/09/27 14:38:27.872, 6, 25, 1980 MHz, 119.79 W, 0 %, 537 MiB
2026/09/27 14:38:27.872, 7, 24, 1980 MHz, 115.77 W, 0 %, 537 MiB
2026/09/27 14:38:29.873, 0, 23, 1980 MHz, 114.15 W, 0 %, 557 MiB
2026/09/27 14:38:29.873, 1, 26, 1980 MHz, 115.08 W, 0 %, 537 MiB
2026/09/27 14:38:29.873, 2, 30, 1980 MHz, 119.33 W, 0 %, 537 MiB
2026/09/27 14:38:29.873, 3, 25, 1980 MHz, 121.07 W, 0 %, 537 MiB
2026/09/27 14:38:29.873, 4, 24, 1980 MHz, 117.38 W, 0 %, 537 MiB
2026/09/27 14:38:29.873, 5, 27, 1980 MHz, 120.42 W, 0 %, 537 MiB
2026/09/27 14:38:29.873, 6, 25, 1980 MHz, 119.74 W, 0 %, 537 MiB
2026/09/27 14:38:29.873, 7, 24, 1980 MHz, 115.69 W, 0 %, 537 MiB
2026/09/27 14:38:31.874, 0, 23, 1980 MHz, 114.21 W, 0 %, 557 MiB
2026/09/27 14:38:31.874, 1, 26, 1980 MHz, 115.12 W, 0 %, 537 MiB
2026/09/27 14:38:31.874, 2, 30, 1980 MHz, 119.31 W, 0 %, 537 MiB
2026/09/27 14:38:31.874, 3, 25, 1980 MHz, 121.08 W, 0 %, 537 MiB
2026/09/27 14:38:31.874, 4, 24, 1980 MHz, 117.44 W, 0 %, 537 MiB
2026/09/27 14:38:31.874, 5, 27, 1980 MHz, 120.47 W, 0 %, 537 MiB
2026/09/27 14:38:31.874, 6, 25, 1980 MHz, 119.80 W, 0 %, 537 MiB
2026/09/27 14:38:31.874, 7, 24, 1980 MHz, 115.75 W, 0 %, 537 MiB
2026/09/27 14:38:33.875, 0, 23, 1980 MHz, 114.17 W, 0 %, 557 MiB
2026/09/27 14:38:33.875, 1, 26, 1980 MHz, 115.10 W, 0 %, 537 MiB
2026/09/27 14:38:33.875, 2, 30, 1980 MHz, 119.30 W, 0 %, 537 MiB
2026/09/27 14:38:33.875, 3, 25, 1980 MHz, 121.09 W, 0 %, 537 MiB
2026/09/27 14:38:33.875, 4, 24, 1980 MHz, 117.41 W, 0 %, 537 MiB
2026/09/27 14:38:33.875, 5, 27, 1980 MHz, 120.42 W, 0 %, 537 MiB
2026/09/27 14:38:33.875, 6, 25, 1980 MHz, 119.75 W, 0 %, 537 MiB
2026/09/27 14:38:33.875, 7, 24, 1980 MHz, 115.76 W, 0 %, 537 MiB
2026/09/27 14:38:35.876, 0, 23, 1980 MHz, 114.13 W, 0 %, 557 MiB
2026/09/27 14:38:35.876, 1, 26, 1980 MHz, 115.08 W, 0 %, 537 MiB
2026/09/27 14:38:35.876, 2, 30, 1980 MHz, 119.39 W, 0 %, 537 MiB
2026/09/27 14:38:35.876, 3, 25, 1980 MHz, 121.04 W, 0 %, 537 MiB
2026/09/27 14:38:35.876, 4, 24, 1980 MHz, 117.39 W, 0 %, 537 MiB
2026/09/27 14:38:35.876, 5, 27, 1980 MHz, 120.43 W, 0 %, 537 MiB
2026/09/27 14:38:35.876, 6, 25, 1980 MHz, 119.74 W, 0 %, 537 MiB
2026/09/27 14:38:35.876, 7, 24, 1980 MHz, 115.68 W, 0 %, 537 MiB
2026/09/27 14:38:37.877, 0, 23, 1980 MHz, 114.21 W, 0 %, 557 MiB
2026/09/27 14:38:37.877, 1, 26, 1980 MHz, 115.14 W, 0 %, 537 MiB
2026/09/27 14:38:37.877, 2, 30, 1980 MHz, 119.31 W, 0 %, 537 MiB
2026/09/27 14:38:37.877, 3, 25, 1980 MHz, 121.08 W, 0 %, 537 MiB
2026/09/27 14:38:37.877, 4, 24, 1980 MHz, 117.36 W, 0 %, 537 MiB
2026/09/27 14:38:37.877, 5, 27, 1980 MHz, 120.46 W, 0 %, 537 MiB
2026/09/27 14:38:37.877, 6, 25, 1980 MHz, 119.76 W, 0 %, 537 MiB
2026/09/27 14:38:37.877, 7, 24, 1980 MHz, 115.74 W, 0 %, 537 MiB
2026/09/27 14:38:39.878, 0, 23, 1980 MHz, 114.16 W, 0 %, 557 MiB
2026/09/27 14:38:39.878, 1, 26, 1980 MHz, 115.17 W, 0 %, 537 MiB
2026/09/27 14:38:39.878, 2, 30, 1980 MHz, 119.34 W, 0 %, 537 MiB
2026/09/27 14:38:39.878, 3, 25, 1980 MHz, 121.08 W, 0 %, 537 MiB
2026/09/27 14:38:39.878, 4, 24, 1980 MHz, 117.44 W, 0 %, 537 MiB
2026/09/27 14:38:39.878, 5, 27, 1980 MHz, 120.42 W, 0 %, 537 MiB
2026/09/27 14:38:39.878, 6, 25, 1980 MHz, 119.72 W, 0 %, 537 MiB
2026/09/27 14:38:39.878, 7, 24, 1980 MHz, 115.78 W, 0 %, 537 MiB
2026/09/27 14:38:41.879, 0, 23, 1980 MHz, 114.14 W, 0 %, 557 MiB
2026/09/27 14:38:41.879, 1, 26, 1980 MHz, 115.08 W, 0 %, 537 MiB
2026/09/27 14:38:41.879, 2, 30, 1980 MHz, 119.32 W, 0 %, 537 MiB
2026/09/27 14:38:41.879, 3, 25, 1980 MHz, 121.09 W, 0 %, 537 MiB
2026/09/27 14:38:41.879, 4, 24, 1980 MHz, 117.43 W, 0 %, 537 MiB
2026/09/27 14:38:41.879, 5, 27, 1980 MHz, 120.38 W, 0 %, 537 MiB
2026/09/27 14:38:41.879, 6, 25, 1980 MHz, 119.69 W, 0 %, 537 MiB
2026/09/27 14:38:41.879, 7, 24, 1980 MHz, 115.71 W, 0 %, 537 MiB
2026/09/27 14:38:43.880, 0, 23, 1980 MHz, 114.20 W, 0 %, 557 MiB
2026/09/27 14:38:43.880, 1, 26, 1980 MHz, 115.09 W, 0 %, 537 MiB
2026/09/27 14:38:43.880, 2, 30, 1980 MHz, 119.33 W, 0 %, 537 MiB
2026/09/27 14:38:43.880, 3, 25, 1980 MHz, 121.08 W, 0 %, 537 MiB
2026/09/27 14:38:43.880, 4, 24, 1980 MHz, 117.41 W, 0 %, 537 MiB
2026/09/27 14:38:43.880, 5, 27, 1980 MHz, 120.37 W, 0 %, 537 MiB
2026/09/27 14:38:43.880, 6, 25, 1980 MHz, 119.74 W, 0 %, 537 MiB
2026/09/27 14:38:43.880, 7, 24, 1980 MHz, 115.74 W, 0 %, 537 MiB
2026/09/27 14:38:45.881, 0, 23, 1980 MHz, 114.22 W, 0 %, 557 MiB
2026/09/27 14:38:45.881, 1, 26, 1980 MHz, 115.14 W, 0 %, 537 MiB
2026/09/27 14:38:45.881, 2, 30, 1980 MHz, 119.28 W, 0 %, 537 MiB
2026/09/27 14:38:45.881, 3, 25, 1980 MHz, 121.08 W, 0 %, 537 MiB
2026/09/27 14:38:45.881, 4, 24, 1980 MHz, 117.42 W, 0 %, 537 MiB
2026/09/27 14:38:45.881, 5, 27, 1980 MHz, 120.44 W, 0 %, 537 MiB
2026/09/27 14:38:45.881, 6, 25, 1980 MHz, 119.72 W, 0 %, 537 MiB
2026/09/27 14:38:45.881, 7, 24, 1980 MHz, 115.78 W, 0 %, 537 MiB
2026/09/27 14:38:47.882, 0, 23, 1980 MHz, 114.19 W, 0 %, 557 MiB
2026/09/27 14:38:47.882, 1, 26, 1980 MHz, 115.12 W, 0 %, 537 MiB
2026/09/27 14:38:47.882, 2, 30, 1980 MHz, 119.35 W, 0 %, 537 MiB
2026/09/27 14:38:47.882, 3, 25, 1980 MHz, 121.03 W, 0 %, 537 MiB
2026/09/27 14:38:47.882, 4, 24, 1980 MHz, 117.44 W, 0 %, 537 MiB
2026/09/27 14:38:47.882, 5, 27, 1980 MHz, 120.44 W, 0 %, 537 MiB
2026/09/27 14:38:47.882, 6, 25, 1980 MHz, 119.74 W, 0 %, 537 MiB
2026/09/27 14:38:47.882, 7, 24, 1980 MHz, 115.76 W, 0 %, 537 MiB
2026/09/27 14:38:49.883, 0, 23, 1980 MHz, 114.22 W, 0 %, 557 MiB
2026/09/27 14:38:49.883, 1, 26, 1980 MHz, 115.11 W, 0 %, 537 MiB
2026/09/27 14:38:49.883, 2, 30, 1980 MHz, 119.34 W, 0 %, 537 MiB
2026/09/27 14:38:49.883, 3, 25, 1980 MHz, 121.07 W, 0 %, 537 MiB
2026/09/27 14:38:49.883, 4, 24, 1980 MHz, 117.37 W, 0 %, 537 MiB
2026/09/27 14:38:49.883, 5, 27, 1980 MHz, 120.44 W, 0 %, 537 MiB
2026/09/27 14:38:49.883, 6, 25, 1980 MHz, 119.73 W, 0 %, 537 MiB
2026/09/27 14:38:49.883, 7, 24, 1980 MHz, 115.76 W, 0 %, 537 MiB
2026/09/27 14:38:51.884, 0, 23, 1980 MHz, 114.18 W, 0 %, 557 MiB
2026/09/27 14:38:51.884, 1, 26, 1980 MHz, 115.16 W, 0 %, 537 MiB
2026/09/27 14:38:51.884, 2, 30, 1980 MHz, 119.32 W, 0 %, 537 MiB
2026/09/27 14:38:51.884, 3, 25, 1980 MHz, 121.09 W, 0 %, 537 MiB
2026/09/27 14:38:51.884, 4, 24, 1980 MHz, 117.42 W, 0 %, 537 MiB
2026/09/27 14:38:51.884, 5, 27, 1980 MHz, 120.43 W, 0 %, 537 MiB
2026/09/27 14:38:51.884, 6, 25, 1980 MHz, 119.79 W, 0 %, 537 MiB
2026/09/27 14:38:51.884, 7, 24, 1980 MHz, 115.80 W, 0 %, 537 MiB
2026/09/27 14:38:53.885, 0, 23, 1980 MHz, 114.18 W, 0 %, 557 MiB
2026/09/27 14:38:53.885, 1, 26, 1980 MHz, 115.02 W, 0 %, 537 MiB
2026/09/27 14:38:53.885, 2, 30, 1980 MHz, 119.30 W, 0 %, 537 MiB
2026/09/27 14:38:53.885, 3, 25, 1980 MHz, 121.08 W, 0 %, 537 MiB
2026/09/27 14:38:53.885, 4, 24, 1980 MHz, 117.42 W, 0 %, 537 MiB
2026/09/27 14:38:53.885, 5, 27, 1980 MHz, 120.42 W, 0 %, 537 MiB
2026/09/27 14:38:53.885, 6, 25, 1980 MHz, 119.67 W, 0 %, 537 MiB
2026/09/27 14:38:53.885, 7, 24, 1980 MHz, 115.67 W, 0 %, 537 MiB
2026/09/27 14:38:55.886, 0, 23, 1980 MHz, 114.15 W, 0 %, 557 MiB
2026/09/27 14:38:55.886, 1, 26, 1980 MHz, 115.11 W, 0 %, 537 MiB
2026/09/27 14:38:55.886, 2, 30, 1980 MHz, 119.39 W, 0 %, 537 MiB
2026/09/27 14:38:55.886, 3, 25, 1980 MHz, 121.07 W, 0 %, 537 MiB
2026/09/27 14:38:55.886, 4, 24, 1980 MHz, 117.40 W, 0 %, 537 MiB
2026/09/27 14:38:55.886, 5, 27, 1980 MHz, 120.45 W, 0 %, 537 MiB
2026/09/27 14:38:55.886, 6, 25, 1980 MHz, 119.73 W, 0 %, 537 MiB
2026/09/27 14:38:55.887, 7, 24, 1980 MHz, 115.75 W, 0 %, 537 MiB
2026/09/27 14:38:57.887, 0, 23, 1980 MHz, 114.22 W, 0 %, 557 MiB
2026/09/27 14:38:57.887, 1, 26, 1980 MHz, 115.16 W, 0 %, 537 MiB
2026/09/27 14:38:57.887, 2, 30, 1980 MHz, 119.28 W, 0 %, 537 MiB
2026/09/27 14:38:57.887, 3, 25, 1980 MHz, 121.06 W, 0 %, 537 MiB
2026/09/27 14:38:57.887, 4, 24, 1980 MHz, 117.39 W, 0 %, 537 MiB
2026/09/27 14:38:57.888, 5, 27, 1980 MHz, 120.45 W, 0 %, 537 MiB
2026/09/27 14:38:57.888, 6, 25, 1980 MHz, 119.75 W, 0 %, 537 MiB
2026/09/27 14:38:57.888, 7, 24, 1980 MHz, 115.76 W, 0 %, 537 MiB
2026/09/27 14:38:59.888, 0, 23, 1980 MHz, 114.17 W, 0 %, 557 MiB
2026/09/27 14:38:59.888, 1, 26, 1980 MHz, 115.09 W, 0 %, 537 MiB
2026/09/27 14:38:59.888, 2, 30, 1980 MHz, 119.30 W, 0 %, 537 MiB
2026/09/27 14:38:59.888, 3, 25, 1980 MHz, 121.07 W, 0 %, 537 MiB
2026/09/27 14:38:59.888, 4, 24, 1980 MHz, 117.38 W, 0 %, 537 MiB
2026/09/27 14:38:59.889, 5, 27, 1980 MHz, 120.43 W, 0 %, 537 MiB
2026/09/27 14:38:59.889, 6, 25, 1980 MHz, 119.73 W, 0 %, 537 MiB
2026/09/27 14:38:59.889, 7, 24, 1980 MHz, 115.68 W, 0 %, 537 MiB
2026/09/27 14:39:01.889, 0, 23, 1980 MHz, 114.16 W, 0 %, 557 MiB
2026/09/27 14:39:01.889, 1, 26, 1980 MHz, 115.07 W, 0 %, 537 MiB
2026/09/27 14:39:01.889, 2, 30, 1980 MHz, 119.33 W, 0 %, 537 MiB
2026/09/27 14:39:01.889, 3, 25, 1980 MHz, 121.08 W, 0 %, 537 MiB
2026/09/27 14:39:01.890, 4, 24, 1980 MHz, 117.41 W, 0 %, 537 MiB
2026/09/27 14:39:01.890, 5, 27, 1980 MHz, 120.44 W, 0 %, 537 MiB
2026/09/27 14:39:01.890, 6, 25, 1980 MHz, 119.73 W, 0 %, 537 MiB
2026/09/27 14:39:01.890, 7, 24, 1980 MHz, 115.69 W, 0 %, 537 MiB
2026/09/27 14:39:03.890, 0, 23, 1980 MHz, 114.19 W, 0 %, 557 MiB
2026/09/27 14:39:03.890, 1, 26, 1980 MHz, 115.09 W, 0 %, 537 MiB
2026/09/27 14:39:03.890, 2, 30, 1980 MHz, 119.32 W, 0 %, 537 MiB
2026/09/27 14:39:03.891, 3, 25, 1980 MHz, 121.08 W, 0 %, 537 MiB
2026/09/27 14:39:03.891, 4, 24, 1980 MHz, 117.37 W, 0 %, 537 MiB
2026/09/27 14:39:03.891, 5, 27, 1980 MHz, 120.45 W, 0 %, 537 MiB
2026/09/27 14:39:03.891, 6, 25, 1980 MHz, 119.77 W, 0 %, 537 MiB
2026/09/27 14:39:03.891, 7, 24, 1980 MHz, 115.77 W, 0 %, 537 MiB
2026/09/27 14:39:05.891, 0, 23, 1980 MHz, 114.21 W, 0 %, 557 MiB
2026/09/27 14:39:05.891, 1, 26, 1980 MHz, 115.07 W, 0 %, 537 MiB
2026/09/27 14:39:05.892, 2, 30, 1980 MHz, 119.24 W, 0 %, 537 MiB
2026/09/27 14:39:05.892, 3, 25, 1980 MHz, 121.15 W, 0 %, 537 MiB
2026/09/27 14:39:05.892, 4, 24, 1980 MHz, 117.41 W, 0 %, 537 MiB
2026/09/27 14:39:05.892, 5, 27, 1980 MHz, 120.44 W, 0 %, 537 MiB
2026/09/27 14:39:05.892, 6, 25, 1980 MHz, 119.73 W, 0 %, 537 MiB
2026/09/27 14:39:05.892, 7, 24, 1980 MHz, 115.71 W, 0 %, 537 MiB
2026/09/27 14:39:07.892, 0, 23, 1980 MHz, 114.15 W, 0 %, 557 MiB
2026/09/27 14:39:07.893, 1, 26, 1980 MHz, 115.07 W, 0 %, 537 MiB
2026/09/27 14:39:07.893, 2, 30, 1980 MHz, 119.31 W, 0 %, 537 MiB
2026/09/27 14:39:07.893, 3, 25, 1980 MHz, 121.05 W, 0 %, 537 MiB
2026/09/27 14:39:07.893, 4, 24, 1980 MHz, 117.41 W, 0 %, 537 MiB
2026/09/27 14:39:07.893, 5, 27, 1980 MHz, 120.42 W, 0 %, 537 MiB
2026/09/27 14:39:07.893, 6, 25, 1980 MHz, 119.72 W, 0 %, 537 MiB
2026/09/27 14:39:07.893, 7, 24, 1980 MHz, 115.73 W, 0 %, 537 MiB
2026/09/27 14:39:09.893, 0, 23, 1980 MHz, 114.21 W, 0 %, 557 MiB
2026/09/27 14:39:09.894, 1, 26, 1980 MHz, 115.14 W, 0 %, 537 MiB
2026/09/27 14:39:09.894, 2, 30, 1980 MHz, 119.33 W, 0 %, 537 MiB
2026/09/27 14:39:09.894, 3, 25, 1980 MHz, 121.09 W, 0 %, 537 MiB
2026/09/27 14:39:09.894, 4, 24, 1980 MHz, 117.40 W, 0 %, 537 MiB
2026/09/27 14:39:09.894, 5, 27, 1980 MHz, 120.39 W, 0 %, 537 MiB
2026/09/27 14:39:09.894, 6, 25, 1980 MHz, 119.76 W, 0 %, 537 MiB
2026/09/27 14:39:09.894, 7, 24, 1980 MHz, 115.75 W, 0 %, 537 MiB
2026/09/27 14:39:11.894, 0, 23, 1980 MHz, 114.19 W, 0 %, 557 MiB
2026/09/27 14:39:11.895, 1, 26, 1980 MHz, 115.15 W, 0 %, 537 MiB
2026/09/27 14:39:11.895, 2, 30, 1980 MHz, 119.32 W, 0 %, 537 MiB
2026/09/27 14:39:11.895, 3, 25, 1980 MHz, 121.10 W, 0 %, 537 MiB
2026/09/27 14:39:11.895, 4, 24, 1980 MHz, 117.43 W, 0 %, 537 MiB
2026/09/27 14:39:11.895, 5, 27, 1980 MHz, 120.46 W, 0 %, 537 MiB
2026/09/27 14:39:11.895, 6, 25, 1980 MHz, 119.80 W, 0 %, 537 MiB
2026/09/27 14:39:11.895, 7, 24, 1980 MHz, 115.76 W, 0 %, 537 MiB
2026/09/27 14:39:13.895, 0, 23, 1980 MHz, 114.13 W, 0 %, 557 MiB
2026/09/27 14:39:13.896, 1, 26, 1980 MHz, 115.06 W, 0 %, 537 MiB
2026/09/27 14:39:13.896, 2, 30, 1980 MHz, 119.35 W, 0 %, 537 MiB
2026/09/27 14:39:13.896, 3, 25, 1980 MHz, 121.08 W, 0 %, 537 MiB
2026/09/27 14:39:13.896, 4, 24, 1980 MHz, 117.44 W, 0 %, 537 MiB
2026/09/27 14:39:13.896, 5, 27, 1980 MHz, 120.44 W, 0 %, 537 MiB
2026/09/27 14:39:13.896, 6, 25, 1980 MHz, 119.70 W, 0 %, 537 MiB
2026/09/27 14:39:13.896, 7, 24, 1980 MHz, 115.67 W, 0 %, 537 MiB
2026/09/27 14:39:15.896, 0, 23, 1980 MHz, 114.18 W, 0 %, 557 MiB
2026/09/27 14:39:15.897, 1, 26, 1980 MHz, 115.06 W, 0 %, 537 MiB
2026/09/27 14:39:15.897, 2, 30, 1980 MHz, 119.34 W, 0 %, 537 MiB
2026/09/27 14:39:15.897, 3, 25, 1980 MHz, 121.03 W, 0 %, 537 MiB
2026/09/27 14:39:15.897, 4, 24, 1980 MHz, 117.37 W, 0 %, 537 MiB
2026/09/27 14:39:15.897, 5, 27, 1980 MHz, 120.44 W, 0 %, 537 MiB
2026/09/27 14:39:15.897, 6, 25, 1980 MHz, 119.72 W, 0 %, 537 MiB
2026/09/27 14:39:15.897, 7, 24, 1980 MHz, 115.64 W, 0 %, 537 MiB
2026/09/27 14:39:17.898, 0, 23, 1980 MHz, 114.19 W, 0 %, 557 MiB
2026/09/27 14:39:17.898, 1, 26, 1980 MHz, 115.10 W, 0 %, 537 MiB
2026/09/27 14:39:17.898, 2, 30, 1980 MHz, 119.30 W, 0 %, 537 MiB
2026/09/27 14:39:17.898, 3, 25, 1980 MHz, 121.08 W, 0 %, 537 MiB
2026/09/27 14:39:17.898, 4, 24, 1980 MHz, 117.42 W, 0 %, 537 MiB
2026/09/27 14:39:17.898, 5, 27, 1980 MHz, 120.45 W, 0 %, 537 MiB
2026/09/27 14:39:17.898, 6, 25, 1980 MHz, 119.75 W, 0 %, 537 MiB
2026/09/27 14:39:17.898, 7, 24, 1980 MHz, 115.71 W, 0 %, 537 MiB
2026/09/27 14:39:19.899, 0, 23, 1980 MHz, 114.18 W, 0 %, 557 MiB
2026/09/27 14:39:19.899, 1, 26, 1980 MHz, 115.17 W, 0 %, 537 MiB
2026/09/27 14:39:19.899, 2, 30, 1980 MHz, 119.31 W, 0 %, 537 MiB
2026/09/27 14:39:19.899, 3, 25, 1980 MHz, 121.06 W, 0 %, 537 MiB
2026/09/27 14:39:19.899, 4, 24, 1980 MHz, 117.49 W, 0 %, 537 MiB
2026/09/27 14:39:19.899, 5, 27, 1980 MHz, 120.45 W, 0 %, 537 MiB
2026/09/27 14:39:19.899, 6, 25, 1980 MHz, 119.68 W, 0 %, 537 MiB
2026/09/27 14:39:19.899, 7, 24, 1980 MHz, 115.71 W, 0 %, 537 MiB
2026/09/27 14:39:21.900, 0, 23, 1980 MHz, 114.20 W, 0 %, 557 MiB
2026/09/27 14:39:21.900, 1, 26, 1980 MHz, 115.10 W, 0 %, 537 MiB
2026/09/27 14:39:21.900, 2, 30, 1980 MHz, 119.32 W, 0 %, 537 MiB
2026/09/27 14:39:21.900, 3, 25, 1980 MHz, 121.09 W, 0 %, 537 MiB
2026/09/27 14:39:21.900, 4, 24, 1980 MHz, 117.42 W, 0 %, 537 MiB
2026/09/27 14:39:21.900, 5, 27, 1980 MHz, 120.41 W, 0 %, 537 MiB
2026/09/27 14:39:21.900, 6, 25, 1980 MHz, 119.74 W, 0 %, 537 MiB
2026/09/27 14:39:21.901, 7, 24, 1980 MHz, 115.70 W, 0 %, 537 MiB
2026/09/27 14:39:23.901, 0, 23, 1980 MHz, 114.22 W, 0 %, 557 MiB
2026/09/27 14:39:23.901, 1, 26, 1980 MHz, 115.12 W, 0 %, 537 MiB
2026/09/27 14:39:23.901, 2, 30, 1980 MHz, 119.34 W, 0 %, 537 MiB
2026/09/27 14:39:23.901, 3, 25, 1980 MHz, 121.03 W, 0 %, 537 MiB
2026/09/27 14:39:23.901, 4, 24, 1980 MHz, 117.39 W, 0 %, 537 MiB
2026/09/27 14:39:23.901, 5, 27, 1980 MHz, 120.42 W, 0 %, 537 MiB
2026/09/27 14:39:23.902, 6, 25, 1980 MHz, 119.76 W, 0 %, 537 MiB
2026/09/27 14:39:23.902, 7, 24, 1980 MHz, 115.76 W, 0 %, 537 MiB
2026/09/27 14:39:25.902, 0, 23, 1980 MHz, 114.15 W, 0 %, 557 MiB
2026/09/27 14:39:25.902, 1, 26, 1980 MHz, 115.07 W, 0 %, 537 MiB
2026/09/27 14:39:25.902, 2, 30, 1980 MHz, 119.30 W, 0 %, 537 MiB
2026/09/27 14:39:25.902, 3, 25, 1980 MHz, 121.14 W, 0 %, 537 MiB
2026/09/27 14:39:25.903, 4, 24, 1980 MHz, 117.40 W, 0 %, 537 MiB
2026/09/27 14:39:25.903, 5, 27, 1980 MHz, 120.44 W, 0 %, 537 MiB
2026/09/27 14:39:25.903, 6, 25, 1980 MHz, 119.71 W, 0 %, 537 MiB
2026/09/27 14:39:25.903, 7, 24, 1980 MHz, 115.71 W, 0 %, 537 MiB
2026/09/27 14:39:27.903, 0, 23, 1980 MHz, 114.14 W, 0 %, 557 MiB
2026/09/27 14:39:27.903, 1, 26, 1980 MHz, 115.05 W, 0 %, 537 MiB
2026/09/27 14:39:27.903, 2, 30, 1980 MHz, 119.34 W, 0 %, 537 MiB
2026/09/27 14:39:27.904, 3, 25, 1980 MHz, 121.05 W, 0 %, 537 MiB
2026/09/27 14:39:27.904, 4, 24, 1980 MHz, 117.38 W, 0 %, 537 MiB
2026/09/27 14:39:27.904, 5, 27, 1980 MHz, 120.40 W, 0 %, 537 MiB
2026/09/27 14:39:27.904, 6, 25, 1980 MHz, 119.65 W, 0 %, 537 MiB
2026/09/27 14:39:27.904, 7, 24, 1980 MHz, 115.68 W, 0 %, 537 MiB
2026/09/27 14:39:29.904, 0, 23, 1980 MHz, 114.20 W, 0 %, 557 MiB
2026/09/27 14:39:29.904, 1, 26, 1980 MHz, 115.13 W, 0 %, 537 MiB
2026/09/27 14:39:29.905, 2, 30, 1980 MHz, 119.35 W, 0 %, 537 MiB
2026/09/27 14:39:29.905, 3, 25, 1980 MHz, 121.08 W, 0 %, 537 MiB
2026/09/27 14:39:29.905, 4, 24, 1980 MHz, 117.39 W, 0 %, 537 MiB
2026/09/27 14:39:29.905, 5, 27, 1980 MHz, 120.41 W, 0 %, 537 MiB
2026/09/27 14:39:29.905, 6, 25, 1980 MHz, 119.76 W, 0 %, 537 MiB
2026/09/27 14:39:29.905, 7, 24, 1980 MHz, 115.70 W, 0 %, 537 MiB
2026/09/27 14:39:31.905, 0, 23, 1980 MHz, 114.21 W, 0 %, 557 MiB
2026/09/27 14:39:31.906, 1, 26, 1980 MHz, 115.13 W, 0 %, 537 MiB
2026/09/27 14:39:31.906, 2, 30, 1980 MHz, 119.32 W, 0 %, 537 MiB
2026/09/27 14:39:31.906, 3, 25, 1980 MHz, 121.12 W, 0 %, 537 MiB
2026/09/27 14:39:31.906, 4, 24, 1980 MHz, 117.40 W, 0 %, 537 MiB
2026/09/27 14:39:31.906, 5, 27, 1980 MHz, 120.44 W, 0 %, 537 MiB
2026/09/27 14:39:31.906, 6, 25, 1980 MHz, 119.73 W, 0 %, 537 MiB
2026/09/27 14:39:31.906, 7, 24, 1980 MHz, 115.69 W, 0 %, 537 MiB
2026/09/27 14:39:33.906, 0, 23, 1980 MHz, 114.21 W, 0 %, 557 MiB
2026/09/27 14:39:33.907, 1, 26, 1980 MHz, 115.09 W, 0 %, 537 MiB
2026/09/27 14:39:33.908, 2, 30, 1980 MHz, 119.33 W, 0 %, 537 MiB
2026/09/27 14:39:33.909, 3, 25, 1980 MHz, 121.07 W, 0 %, 537 MiB
2026/09/27 14:39:33.911, 4, 24, 1980 MHz, 117.34 W, 0 %, 537 MiB
2026/09/27 14:39:33.912, 5, 27, 1980 MHz, 120.42 W, 0 %, 537 MiB
2026/09/27 14:39:33.913, 6, 25, 1980 MHz, 119.67 W, 0 %, 537 MiB
2026/09/27 14:39:33.914, 7, 24, 1980 MHz, 115.62 W, 0 %, 537 MiB
2026/09/27 14:39:35.915, 0, 23, 1980 MHz, 114.16 W, 0 %, 557 MiB
2026/09/27 14:39:35.916, 1, 26, 1980 MHz, 115.08 W, 0 %, 537 MiB
2026/09/27 14:39:35.916, 2, 30, 1980 MHz, 119.35 W, 0 %, 537 MiB
2026/09/27 14:39:35.916, 3, 25, 1980 MHz, 121.04 W, 0 %, 537 MiB
2026/09/27 14:39:35.916, 4, 24, 1980 MHz, 117.40 W, 0 %, 537 MiB
2026/09/27 14:39:35.916, 5, 27, 1980 MHz, 120.41 W, 0 %, 537 MiB
2026/09/27 14:39:35.916, 6, 25, 1980 MHz, 119.73 W, 0 %, 537 MiB
2026/09/27 14:39:35.916, 7, 24, 1980 MHz, 115.70 W, 0 %, 537 MiB
2026/09/27 14:39:37.916, 0, 23, 1980 MHz, 114.20 W, 0 %, 557 MiB
2026/09/27 14:39:37.917, 1, 26, 1980 MHz, 115.09 W, 0 %, 537 MiB
2026/09/27 14:39:37.917, 2, 30, 1980 MHz, 119.32 W, 0 %, 537 MiB
2026/09/27 14:39:37.917, 3, 25, 1980 MHz, 121.06 W, 0 %, 537 MiB
2026/09/27 14:39:37.917, 4, 24, 1980 MHz, 117.42 W, 0 %, 537 MiB
2026/09/27 14:39:37.917, 5, 27, 1980 MHz, 120.43 W, 0 %, 537 MiB
2026/09/27 14:39:37.917, 6, 25, 1980 MHz, 119.73 W, 0 %, 537 MiB
2026/09/27 14:39:37.917, 7, 24, 1980 MHz, 115.75 W, 0 %, 537 MiB
2026/09/27 14:39:39.917, 0, 23, 1980 MHz, 114.21 W, 0 %, 557 MiB
2026/09/27 14:39:39.918, 1, 26, 1980 MHz, 115.09 W, 0 %, 537 MiB
2026/09/27 14:39:39.918, 2, 30, 1980 MHz, 119.35 W, 0 %, 537 MiB
2026/09/27 14:39:39.918, 3, 25, 1980 MHz, 121.07 W, 0 %, 537 MiB
2026/09/27 14:39:39.918, 4, 24, 1980 MHz, 117.42 W, 0 %, 537 MiB
2026/09/27 14:39:39.918, 5, 27, 1980 MHz, 120.40 W, 0 %, 537 MiB
2026/09/27 14:39:39.918, 6, 25, 1980 MHz, 119.73 W, 0 %, 537 MiB
2026/09/27 14:39:39.918, 7, 24, 1980 MHz, 115.71 W, 0 %, 537 MiB
2026/09/27 14:39:41.919, 0, 23, 1980 MHz, 114.16 W, 0 %, 557 MiB
2026/09/27 14:39:41.919, 1, 26, 1980 MHz, 115.09 W, 0 %, 537 MiB
2026/09/27 14:39:41.919, 2, 30, 1980 MHz, 119.33 W, 0 %, 537 MiB
2026/09/27 14:39:41.919, 3, 25, 1980 MHz, 121.06 W, 0 %, 537 MiB
2026/09/27 14:39:41.919, 4, 24, 1980 MHz, 117.38 W, 0 %, 537 MiB
2026/09/27 14:39:41.919, 5, 27, 1980 MHz, 120.39 W, 0 %, 537 MiB
2026/09/27 14:39:41.919, 6, 25, 1980 MHz, 119.75 W, 0 %, 537 MiB
2026/09/27 14:39:41.919, 7, 24, 1980 MHz, 115.74 W, 0 %, 537 MiB
2026/09/27 14:39:43.920, 0, 23, 1980 MHz, 114.21 W, 0 %, 557 MiB
2026/09/27 14:39:43.920, 1, 26, 1980 MHz, 115.13 W, 0 %, 537 MiB
2026/09/27 14:39:43.920, 2, 30, 1980 MHz, 119.35 W, 0 %, 537 MiB
2026/09/27 14:39:43.920, 3, 25, 1980 MHz, 121.04 W, 0 %, 537 MiB
2026/09/27 14:39:43.920, 4, 24, 1980 MHz, 117.41 W, 0 %, 537 MiB
2026/09/27 14:39:43.920, 5, 27, 1980 MHz, 120.40 W, 0 %, 537 MiB
2026/09/27 14:39:43.920, 6, 25, 1980 MHz, 119.71 W, 0 %, 537 MiB
2026/09/27 14:39:43.920, 7, 24, 1980 MHz, 115.72 W, 0 %, 537 MiB
2026/09/27 14:39:45.921, 0, 23, 1980 MHz, 114.18 W, 0 %, 557 MiB
2026/09/27 14:39:45.921, 1, 26, 1980 MHz, 115.11 W, 0 %, 537 MiB
2026/09/27 14:39:45.921, 2, 30, 1980 MHz, 119.23 W, 0 %, 537 MiB
2026/09/27 14:39:45.921, 3, 25, 1980 MHz, 121.07 W, 0 %, 537 MiB
2026/09/27 14:39:45.921, 4, 24, 1980 MHz, 117.40 W, 0 %, 537 MiB
2026/09/27 14:39:45.921, 5, 27, 1980 MHz, 120.44 W, 0 %, 537 MiB
2026/09/27 14:39:45.922, 6, 25, 1980 MHz, 119.74 W, 0 %, 537 MiB
2026/09/27 14:39:45.922, 7, 24, 1980 MHz, 115.66 W, 0 %, 537 MiB
2026/09/27 14:39:47.922, 0, 23, 1980 MHz, 114.13 W, 0 %, 557 MiB
2026/09/27 14:39:47.922, 1, 26, 1980 MHz, 115.11 W, 0 %, 537 MiB
2026/09/27 14:39:47.922, 2, 30, 1980 MHz, 119.35 W, 0 %, 537 MiB
2026/09/27 14:39:47.922, 3, 25, 1980 MHz, 121.06 W, 0 %, 537 MiB
2026/09/27 14:39:47.922, 4, 24, 1980 MHz, 117.44 W, 0 %, 537 MiB
2026/09/27 14:39:47.923, 5, 27, 1980 MHz, 120.36 W, 0 %, 537 MiB
2026/09/27 14:39:47.923, 6, 25, 1980 MHz, 119.69 W, 0 %, 537 MiB
2026/09/27 14:39:47.923, 7, 24, 1980 MHz, 115.73 W, 0 %, 537 MiB
2026/09/27 14:39:49.923, 0, 23, 1980 MHz, 114.21 W, 0 %, 557 MiB
2026/09/27 14:39:49.923, 1, 26, 1980 MHz, 115.08 W, 0 %, 537 MiB
2026/09/27 14:39:49.923, 2, 30, 1980 MHz, 119.33 W, 0 %, 537 MiB
2026/09/27 14:39:49.923, 3, 25, 1980 MHz, 121.06 W, 0 %, 537 MiB
2026/09/27 14:39:49.924, 4, 24, 1980 MHz, 117.39 W, 0 %, 537 MiB
2026/09/27 14:39:49.924, 5, 27, 1980 MHz, 120.41 W, 0 %, 537 MiB
2026/09/27 14:39:49.924, 6, 25, 1980 MHz, 119.77 W, 0 %, 537 MiB
2026/09/27 14:39:49.924, 7, 24, 1980 MHz, 115.70 W, 0 %, 537 MiB
2026/09/27 14:39:51.924, 0, 23, 1980 MHz, 114.18 W, 0 %, 557 MiB
2026/09/27 14:39:51.924, 1, 26, 1980 MHz, 115.15 W, 0 %, 537 MiB
2026/09/27 14:39:51.925, 2, 30, 1980 MHz, 119.28 W, 0 %, 537 MiB
2026/09/27 14:39:51.925, 3, 25, 1980 MHz, 121.10 W, 0 %, 537 MiB
2026/09/27 14:39:51.925, 4, 24, 1980 MHz, 117.48 W, 0 %, 537 MiB
2026/09/27 14:39:51.925, 5, 27, 1980 MHz, 120.42 W, 0 %, 537 MiB
2026/09/27 14:39:51.925, 6, 25, 1980 MHz, 119.72 W, 0 %, 537 MiB
2026/09/27 14:39:51.925, 7, 24, 1980 MHz, 115.74 W, 0 %, 537 MiB
2026/09/27 14:39:53.925, 0, 23, 1980 MHz, 114.15 W, 0 %, 557 MiB
2026/09/27 14:39:53.925, 1, 26, 1980 MHz, 115.10 W, 0 %, 537 MiB
2026/09/27 14:39:53.926, 2, 30, 1980 MHz, 119.31 W, 0 %, 537 MiB
2026/09/27 14:39:53.926, 3, 25, 1980 MHz, 121.08 W, 0 %, 537 MiB
2026/09/27 14:39:53.926, 4, 24, 1980 MHz, 117.39 W, 0 %, 537 MiB
2026/09/27 14:39:53.926, 5, 27, 1980 MHz, 120.42 W, 0 %, 537 MiB
2026/09/27 14:39:53.926, 6, 25, 1980 MHz, 119.70 W, 0 %, 537 MiB
2026/09/27 14:39:53.926, 7, 24, 1980 MHz, 115.70 W, 0 %, 537 MiB
2026/09/27 14:39:55.926, 0, 23, 1980 MHz, 114.16 W, 0 %, 557 MiB
2026/09/27 14:39:55.927, 1, 26, 1980 MHz, 115.09 W, 0 %, 537 MiB
2026/09/27 14:39:55.927, 2, 30, 1980 MHz, 119.33 W, 0 %, 537 MiB
2026/09/27 14:39:55.927, 3, 25, 1980 MHz, 121.07 W, 0 %, 537 MiB
2026/09/27 14:39:55.927, 4, 24, 1980 MHz, 117.38 W, 0 %, 537 MiB
2026/09/27 14:39:55.927, 5, 27, 1980 MHz, 120.39 W, 0 %, 537 MiB
2026/09/27 14:39:55.927, 6, 25, 1980 MHz, 119.75 W, 0 %, 537 MiB
2026/09/27 14:39:55.927, 7, 24, 1980 MHz, 115.73 W, 0 %, 537 MiB
2026/09/27 14:39:57.927, 0, 23, 1980 MHz, 114.25 W, 0 %, 557 MiB
2026/09/27 14:39:57.928, 1, 26, 1980 MHz, 115.07 W, 0 %, 537 MiB
2026/09/27 14:39:57.928, 2, 30, 1980 MHz, 119.31 W, 0 %, 537 MiB
2026/09/27 14:39:57.928, 3, 25, 1980 MHz, 121.11 W, 0 %, 537 MiB
2026/09/27 14:39:57.928, 4, 24, 1980 MHz, 117.41 W, 0 %, 537 MiB
2026/09/27 14:39:57.928, 5, 27, 1980 MHz, 120.45 W, 0 %, 537 MiB
2026/09/27 14:39:57.928, 6, 25, 1980 MHz, 119.69 W, 0 %, 537 MiB
2026/09/27 14:39:57.928, 7, 24, 1980 MHz, 115.72 W, 0 %, 537 MiB
2026/09/27 14:39:59.928, 0, 23, 1980 MHz, 114.14 W, 0 %, 557 MiB
2026/09/27 14:39:59.929, 1, 26, 1980 MHz, 115.04 W, 0 %, 537 MiB
2026/09/27 14:39:59.929, 2, 30, 1980 MHz, 119.32 W, 0 %, 537 MiB
2026/09/27 14:39:59.929, 3, 25, 1980 MHz, 121.07 W, 0 %, 537 MiB
2026/09/27 14:39:59.929, 4, 24, 1980 MHz, 117.41 W, 0 %, 537 MiB
2026/09/27 14:39:59.929, 5, 27, 1980 MHz, 120.43 W, 0 %, 537 MiB
2026/09/27 14:39:59.929, 6, 25, 1980 MHz, 119.69 W, 0 %, 537 MiB
2026/09/27 14:39:59.929, 7, 24, 1980 MHz, 115.69 W, 0 %, 537 MiB
2026/09/27 14:40:01.929, 0, 23, 1980 MHz, 114.17 W, 0 %, 557 MiB
2026/09/27 14:40:01.930, 1, 26, 1980 MHz, 115.11 W, 0 %, 537 MiB
2026/09/27 14:40:01.930, 2, 30, 1980 MHz, 119.31 W, 0 %, 537 MiB
2026/09/27 14:40:01.930, 3, 25, 1980 MHz, 121.11 W, 0 %, 537 MiB
2026/09/27 14:40:01.930, 4, 24, 1980 MHz, 117.41 W, 0 %, 537 MiB
2026/09/27 14:40:01.930, 5, 27, 1980 MHz, 120.39 W, 0 %, 537 MiB
2026/09/27 14:40:01.930, 6, 25, 1980 MHz, 119.74 W, 0 %, 537 MiB
2026/09/27 14:40:01.930, 7, 24, 1980 MHz, 115.71 W, 0 %, 537 MiB
2026/09/27 14:40:03.931, 0, 23, 1980 MHz, 114.19 W, 0 %, 557 MiB
2026/09/27 14:40:03.931, 1, 26, 1980 MHz, 115.16 W, 0 %, 537 MiB
2026/09/27 14:40:03.931, 2, 30, 1980 MHz, 119.38 W, 0 %, 537 MiB
2026/09/27 14:40:03.931, 3, 25, 1980 MHz, 121.11 W, 0 %, 537 MiB
2026/09/27 14:40:03.931, 4, 24, 1980 MHz, 117.43 W, 0 %, 537 MiB
2026/09/27 14:40:03.931, 5, 27, 1980 MHz, 120.43 W, 0 %, 537 MiB
2026/09/27 14:40:03.931, 6, 25, 1980 MHz, 119.74 W, 0 %, 537 MiB
2026/09/27 14:40:03.931, 7, 24, 1980 MHz, 115.76 W, 0 %, 537 MiB
2026/09/27 14:40:05.932, 0, 23, 1980 MHz, 114.16 W, 0 %, 557 MiB
2026/09/27 14:40:05.932, 1, 26, 1980 MHz, 115.12 W, 0 %, 537 MiB
2026/09/27 14:40:05.932, 2, 30, 1980 MHz, 119.28 W, 0 %, 537 MiB
2026/09/27 14:40:05.932, 3, 25, 1980 MHz, 121.14 W, 0 %, 537 MiB
2026/09/27 14:40:05.932, 4, 24, 1980 MHz, 117.45 W, 0 %, 537 MiB
2026/09/27 14:40:05.932, 5, 27, 1980 MHz, 120.41 W, 0 %, 537 MiB
2026/09/27 14:40:05.932, 6, 25, 1980 MHz, 119.73 W, 0 %, 537 MiB
2026/09/27 14:40:05.932, 7, 24, 1980 MHz, 115.71 W, 0 %, 537 MiB
2026/09/27 14:40:07.933, 0, 23, 1980 MHz, 114.16 W, 0 %, 557 MiB
2026/09/27 14:40:07.933, 1, 26, 1980 MHz, 115.08 W, 0 %, 537 MiB
2026/09/27 14:40:07.933, 2, 30, 1980 MHz, 119.35 W, 0 %, 537 MiB
2026/09/27 14:40:07.933, 3, 25, 1980 MHz, 121.07 W, 0 %, 537 MiB
2026/09/27 14:40:07.933, 4, 24, 1980 MHz, 117.40 W, 0 %, 537 MiB
2026/09/27 14:40:07.933, 5, 27, 1980 MHz, 120.38 W, 0 %, 537 MiB
2026/09/27 14:40:07.933, 6, 25, 1980 MHz, 119.74 W, 0 %, 537 MiB
2026/09/27 14:40:07.933, 7, 24, 1980 MHz, 115.78 W, 0 %, 537 MiB
2026/09/27 14:40:09.934, 0, 23, 1980 MHz, 114.20 W, 0 %, 557 MiB
2026/09/27 14:40:09.934, 1, 26, 1980 MHz, 115.09 W, 0 %, 537 MiB
2026/09/27 14:40:09.934, 2, 30, 1980 MHz, 119.34 W, 0 %, 537 MiB
2026/09/27 14:40:09.934, 3, 25, 1980 MHz, 121.11 W, 0 %, 537 MiB
2026/09/27 14:40:09.934, 4, 24, 1980 MHz, 117.43 W, 0 %, 537 MiB
2026/09/27 14:40:09.934, 5, 27, 1980 MHz, 120.42 W, 0 %, 537 MiB
2026/09/27 14:40:09.934, 6, 25, 1980 MHz, 119.77 W, 0 %, 537 MiB
2026/09/27 14:40:09.934, 7, 24, 1980 MHz, 115.79 W, 0 %, 537 MiB
2026/09/27 14:40:11.935, 0, 23, 1980 MHz, 114.24 W, 0 %, 557 MiB
2026/09/27 14:40:11.935, 1, 26, 1980 MHz, 115.10 W, 0 %, 537 MiB
2026/09/27 14:40:11.935, 2, 30, 1980 MHz, 119.32 W, 0 %, 537 MiB
2026/09/27 14:40:11.935, 3, 25, 1980 MHz, 121.11 W, 0 %, 537 MiB
2026/09/27 14:40:11.935, 4, 24, 1980 MHz, 117.50 W, 0 %, 537 MiB
2026/09/27 14:40:11.935, 5, 27, 1980 MHz, 120.46 W, 0 %, 537 MiB
2026/09/27 14:40:11.935, 6, 25, 1980 MHz, 119.75 W, 0 %, 537 MiB
2026/09/27 14:40:11.935, 7, 24, 1980 MHz, 115.73 W, 0 %, 537 MiB
2026/09/27 14:40:13.936, 0, 23, 1980 MHz, 114.17 W, 0 %, 557 MiB
2026/09/27 14:40:13.936, 1, 26, 1980 MHz, 115.13 W, 0 %, 537 MiB
2026/09/27 14:40:13.936, 2, 30, 1980 MHz, 119.32 W, 0 %, 537 MiB
2026/09/27 14:40:13.936, 3, 25, 1980 MHz, 121.09 W, 0 %, 537 MiB
2026/09/27 14:40:13.936, 4, 24, 1980 MHz, 117.42 W, 0 %, 537 MiB
2026/09/27 14:40:13.936, 5, 27, 1980 MHz, 120.42 W, 0 %, 537 MiB
2026/09/27 14:40:13.936, 6, 25, 1980 MHz, 119.71 W, 0 %, 537 MiB
2026/09/27 14:40:13.936, 7, 24, 1980 MHz, 115.76 W, 0 %, 537 MiB
2026/09/27 14:40:15.937, 0, 23, 1980 MHz, 114.20 W, 0 %, 557 MiB
2026/09/27 14:40:15.937, 1, 26, 1980 MHz, 115.11 W, 0 %, 537 MiB
2026/09/27 14:40:15.937, 2, 30, 1980 MHz, 119.35 W, 0 %, 537 MiB
2026/09/27 14:40:15.937, 3, 25, 1980 MHz, 121.10 W, 0 %, 537 MiB
2026/09/27 14:40:15.937, 4, 24, 1980 MHz, 117.36 W, 0 %, 537 MiB
2026/09/27 14:40:15.937, 5, 27, 1980 MHz, 120.44 W, 0 %, 537 MiB
2026/09/27 14:40:15.937, 6, 25, 1980 MHz, 119.77 W, 0 %, 537 MiB
2026/09/27 14:40:15.937, 7, 24, 1980 MHz, 115.76 W, 0 %, 537 MiB
2026/09/27 14:40:17.938, 0, 23, 1980 MHz, 114.26 W, 0 %, 557 MiB
2026/09/27 14:40:17.938, 1, 26, 1980 MHz, 115.11 W, 0 %, 537 MiB
2026/09/27 14:40:17.938, 2, 30, 1980 MHz, 119.33 W, 0 %, 537 MiB
2026/09/27 14:40:17.938, 3, 25, 1980 MHz, 121.12 W, 0 %, 537 MiB
2026/09/27 14:40:17.938, 4, 24, 1980 MHz, 117.50 W, 0 %, 537 MiB
2026/09/27 14:40:17.938, 5, 27, 1980 MHz, 120.43 W, 0 %, 537 MiB
2026/09/27 14:40:17.938, 6, 25, 1980 MHz, 119.75 W, 0 %, 537 MiB
2026/09/27 14:40:17.938, 7, 24, 1980 MHz, 115.74 W, 0 %, 537 MiB
2026/09/27 14:40:19.939, 0, 23, 1980 MHz, 114.18 W, 0 %, 557 MiB
2026/09/27 14:40:19.939, 1, 26, 1980 MHz, 115.08 W, 0 %, 537 MiB
2026/09/27 14:40:19.939, 2, 30, 1980 MHz, 119.32 W, 0 %, 537 MiB
2026/09/27 14:40:19.939, 3, 25, 1980 MHz, 121.06 W, 0 %, 537 MiB
2026/09/27 14:40:19.939, 4, 24, 1980 MHz, 117.46 W, 0 %, 537 MiB
2026/09/27 14:40:19.939, 5, 27, 1980 MHz, 120.40 W, 0 %, 537 MiB
2026/09/27 14:40:19.939, 6, 25, 1980 MHz, 119.73 W, 0 %, 537 MiB
2026/09/27 14:40:19.939, 7, 24, 1980 MHz, 115.78 W, 0 %, 537 MiB
2026/09/27 14:40:21.940, 0, 23, 1980 MHz, 114.18 W, 0 %, 557 MiB
2026/09/27 14:40:21.940, 1, 26, 1980 MHz, 115.12 W, 0 %, 537 MiB
2026/09/27 14:40:21.940, 2, 30, 1980 MHz, 119.42 W, 0 %, 537 MiB
2026/09/27 14:40:21.940, 3, 25, 1980 MHz, 121.08 W, 0 %, 537 MiB
2026/09/27 14:40:21.940, 4, 24, 1980 MHz, 117.43 W, 0 %, 537 MiB
2026/09/27 14:40:21.940, 5, 27, 1980 MHz, 120.43 W, 0 %, 537 MiB
2026/09/27 14:40:21.940, 6, 25, 1980 MHz, 119.75 W, 0 %, 537 MiB
2026/09/27 14:40:21.940, 7, 24, 1980 MHz, 115.82 W, 0 %, 537 MiB
2026/09/27 14:40:23.941, 0, 23, 1980 MHz, 114.23 W, 0 %, 557 MiB
2026/09/27 14:40:23.941, 1, 26, 1980 MHz, 115.12 W, 0 %, 537 MiB
2026/09/27 14:40:23.941, 2, 30, 1980 MHz, 119.29 W, 0 %, 537 MiB
2026/09/27 14:40:23.941, 3, 25, 1980 MHz, 121.12 W, 0 %, 537 MiB
2026/09/27 14:40:23.941, 4, 24, 1980 MHz, 117.45 W, 0 %, 537 MiB
2026/09/27 14:40:23.941, 5, 27, 1980 MHz, 120.46 W, 0 %, 537 MiB
2026/09/27 14:40:23.941, 6, 25, 1980 MHz, 119.75 W, 0 %, 537 MiB
2026/09/27 14:40:23.941, 7, 24, 1980 MHz, 115.73 W, 0 %, 537 MiB
2026/09/27 14:40:25.942, 0, 23, 1980 MHz, 114.19 W, 0 %, 557 MiB
2026/09/27 14:40:25.942, 1, 26, 1980 MHz, 115.11 W, 0 %, 537 MiB
2026/09/27 14:40:25.942, 2, 30, 1980 MHz, 119.26 W, 0 %, 537 MiB
2026/09/27 14:40:25.942, 3, 25, 1980 MHz, 121.10 W, 0 %, 537 MiB
2026/09/27 14:40:25.942, 4, 24, 1980 MHz, 117.45 W, 0 %, 537 MiB
2026/09/27 14:40:25.942, 5, 27, 1980 MHz, 120.42 W, 0 %, 537 MiB
2026/09/27 14:40:25.942, 6, 25, 1980 MHz, 119.72 W, 0 %, 537 MiB
2026/09/27 14:40:25.942, 7, 24, 1980 MHz, 115.74 W, 0 %, 537 MiB
2026/09/27 14:40:27.943, 0, 23, 1980 MHz, 114.16 W, 0 %, 557 MiB
2026/09/27 14:40:27.943, 1, 26, 1980 MHz, 115.13 W, 0 %, 537 MiB
2026/09/27 14:40:27.943, 2, 30, 1980 MHz, 119.31 W, 0 %, 537 MiB
2026/09/27 14:40:27.943, 3, 25, 1980 MHz, 121.04 W, 0 %, 537 MiB
2026/09/27 14:40:27.943, 4, 24, 1980 MHz, 117.42 W, 0 %, 537 MiB
2026/09/27 14:40:27.943, 5, 27, 1980 MHz, 120.43 W, 0 %, 537 MiB
2026/09/27 14:40:27.943, 6, 25, 1980 MHz, 119.78 W, 0 %, 537 MiB
2026/09/27 14:40:27.943, 7, 24, 1980 MHz, 115.78 W, 0 %, 537 MiB
2026/09/27 14:40:29.944, 0, 23, 1980 MHz, 114.22 W, 0 %, 557 MiB
2026/09/27 14:40:29.944, 1, 26, 1980 MHz, 115.14 W, 0 %, 537 MiB
2026/09/27 14:40:29.944, 2, 30, 1980 MHz, 119.36 W, 0 %, 537 MiB
2026/09/27 14:40:29.944, 3, 25, 1980 MHz, 121.15 W, 0 %, 537 MiB
2026/09/27 14:40:29.944, 4, 24, 1980 MHz, 117.43 W, 0 %, 537 MiB
2026/09/27 14:40:29.944, 5, 27, 1980 MHz, 120.41 W, 0 %, 537 MiB
2026/09/27 14:40:29.944, 6, 25, 1980 MHz, 119.82 W, 0 %, 537 MiB
2026/09/27 14:40:29.944, 7, 24, 1980 MHz, 115.76 W, 0 %, 537 MiB
2026/09/27 14:40:31.945, 0, 23, 1980 MHz, 114.18 W, 0 %, 557 MiB
2026/09/27 14:40:31.945, 1, 26, 1980 MHz, 115.10 W, 0 %, 537 MiB
2026/09/27 14:40:31.945, 2, 30, 1980 MHz, 119.31 W, 0 %, 537 MiB
2026/09/27 14:40:31.945, 3, 25, 1980 MHz, 121.12 W, 0 %, 537 MiB
2026/09/27 14:40:31.945, 4, 24, 1980 MHz, 117.46 W, 0 %, 537 MiB
2026/09/27 14:40:31.945, 5, 27, 1980 MHz, 120.48 W, 0 %, 537 MiB
2026/09/27 14:40:31.945, 6, 25, 1980 MHz, 119.66 W, 0 %, 537 MiB
2026/09/27 14:40:31.946, 7, 24, 1980 MHz, 115.68 W, 0 %, 537 MiB
2026/09/27 14:40:33.946, 0, 23, 1980 MHz, 114.14 W, 0 %, 557 MiB
2026/09/27 14:40:33.946, 1, 26, 1980 MHz, 115.06 W, 0 %, 537 MiB
2026/09/27 14:40:33.946, 2, 30, 1980 MHz, 119.26 W, 0 %, 537 MiB
2026/09/27 14:40:33.946, 3, 25, 1980 MHz, 121.06 W, 0 %, 537 MiB
2026/09/27 14:40:33.947, 4, 24, 1980 MHz, 117.42 W, 0 %, 537 MiB
2026/09/27 14:40:33.947, 5, 27, 1980 MHz, 120.43 W, 0 %, 537 MiB
2026/09/27 14:40:33.947, 6, 25, 1980 MHz, 119.75 W, 0 %, 537 MiB
2026/09/27 14:40:33.947, 7, 24, 1980 MHz, 115.79 W, 0 %, 537 MiB
2026/09/27 14:40:35.947, 0, 23, 1980 MHz, 114.18 W, 0 %, 557 MiB
2026/09/27 14:40:35.947, 1, 26, 1980 MHz, 115.14 W, 0 %, 537 MiB
2026/09/27 14:40:35.947, 2, 30, 1980 MHz, 119.35 W, 0 %, 537 MiB
2026/09/27 14:40:35.948, 3, 25, 1980 MHz, 121.08 W, 0 %, 537 MiB
2026/09/27 14:40:35.948, 4, 24, 1980 MHz, 117.43 W, 0 %, 537 MiB
2026/09/27 14:40:35.948, 5, 27, 1980 MHz, 120.41 W, 0 %, 537 MiB
2026/09/27 14:40:35.948, 6, 25, 1980 MHz, 119.74 W, 0 %, 537 MiB
2026/09/27 14:40:35.948, 7, 24, 1980 MHz, 115.74 W, 0 %, 537 MiB
2026/09/27 14:40:37.948, 0, 23, 1980 MHz, 114.21 W, 0 %, 557 MiB
2026/09/27 14:40:37.948, 1, 26, 1980 MHz, 115.16 W, 0 %, 537 MiB
2026/09/27 14:40:37.949, 2, 30, 1980 MHz, 119.31 W, 0 %, 537 MiB
2026/09/27 14:40:37.949, 3, 25, 1980 MHz, 121.11 W, 0 %, 537 MiB
2026/09/27 14:40:37.949, 4, 24, 1980 MHz, 117.46 W, 0 %, 537 MiB
2026/09/27 14:40:37.949, 5, 27, 1980 MHz, 120.44 W, 0 %, 537 MiB
2026/09/27 14:40:37.949, 6, 25, 1980 MHz, 119.75 W, 0 %, 537 MiB
2026/09/27 14:40:37.949, 7, 24, 1980 MHz, 115.72 W, 0 %, 537 MiB
2026/09/27 14:40:39.949, 0, 23, 1980 MHz, 114.19 W, 0 %, 557 MiB
2026/09/27 14:40:39.950, 1, 26, 1980 MHz, 115.07 W, 0 %, 537 MiB
2026/09/27 14:40:39.950, 2, 30, 1980 MHz, 119.28 W, 0 %, 537 MiB
2026/09/27 14:40:39.950, 3, 25, 1980 MHz, 121.09 W, 0 %, 537 MiB
2026/09/27 14:40:39.950, 4, 24, 1980 MHz, 117.39 W, 0 %, 537 MiB
2026/09/27 14:40:39.950, 5, 27, 1980 MHz, 120.45 W, 0 %, 537 MiB
2026/09/27 14:40:39.950, 6, 25, 1980 MHz, 119.72 W, 0 %, 537 MiB
2026/09/27 14:40:39.950, 7, 24, 1980 MHz, 115.71 W, 0 %, 537 MiB
2026/09/27 14:40:41.950, 0, 23, 1980 MHz, 114.16 W, 0 %, 557 MiB
2026/09/27 14:40:41.951, 1, 26, 1980 MHz, 115.10 W, 0 %, 537 MiB
2026/09/27 14:40:41.951, 2, 30, 1980 MHz, 119.33 W, 0 %, 537 MiB
2026/09/27 14:40:41.951, 3, 25, 1980 MHz, 121.07 W, 0 %, 537 MiB
2026/09/27 14:40:41.951, 4, 24, 1980 MHz, 117.45 W, 0 %, 537 MiB
2026/09/27 14:40:41.951, 5, 27, 1980 MHz, 120.43 W, 0 %, 537 MiB
2026/09/27 14:40:41.951, 6, 25, 1980 MHz, 119.79 W, 0 %, 537 MiB
2026/09/27 14:40:41.951, 7, 24, 1980 MHz, 115.78 W, 0 %, 537 MiB
2026/09/27 14:40:43.951, 0, 23, 1980 MHz, 114.18 W, 0 %, 557 MiB
2026/09/27 14:40:43.952, 1, 26, 1980 MHz, 115.16 W, 0 %, 537 MiB
2026/09/27 14:40:43.952, 2, 30, 1980 MHz, 119.28 W, 0 %, 537 MiB
2026/09/27 14:40:43.952, 3, 25, 1980 MHz, 121.12 W, 0 %, 537 MiB
2026/09/27 14:40:43.952, 4, 24, 1980 MHz, 117.50 W, 0 %, 537 MiB
2026/09/27 14:40:43.952, 5, 27, 1980 MHz, 120.46 W, 0 %, 537 MiB
2026/09/27 14:40:43.952, 6, 25, 1980 MHz, 119.75 W, 0 %, 537 MiB
2026/09/27 14:40:43.952, 7, 24, 1980 MHz, 115.73 W, 0 %, 537 MiB
2026/09/27 14:40:45.952, 0, 23, 1980 MHz, 114.18 W, 0 %, 557 MiB
2026/09/27 14:40:45.953, 1, 26, 1980 MHz, 115.13 W, 0 %, 537 MiB
2026/09/27 14:40:45.953, 2, 30, 1980 MHz, 119.28 W, 0 %, 537 MiB
2026/09/27 14:40:45.953, 3, 25, 1980 MHz, 121.05 W, 0 %, 537 MiB
2026/09/27 14:40:45.953, 4, 24, 1980 MHz, 117.42 W, 0 %, 537 MiB
2026/09/27 14:40:45.953, 5, 27, 1980 MHz, 120.46 W, 0 %, 537 MiB
2026/09/27 14:40:45.953, 6, 25, 1980 MHz, 119.71 W, 0 %, 537 MiB
2026/09/27 14:40:45.953, 7, 24, 1980 MHz, 115.71 W, 0 %, 537 MiB
2026/09/27 14:40:47.954, 0, 23, 1980 MHz, 114.15 W, 0 %, 557 MiB
2026/09/27 14:40:47.954, 1, 26, 1980 MHz, 115.08 W, 0 %, 537 MiB
2026/09/27 14:40:47.954, 2, 30, 1980 MHz, 119.36 W, 0 %, 537 MiB
2026/09/27 14:40:47.954, 3, 25, 1980 MHz, 121.06 W, 0 %, 537 MiB
2026/09/27 14:40:47.954, 4, 24, 1980 MHz, 117.41 W, 0 %, 537 MiB
2026/09/27 14:40:47.954, 5, 27, 1980 MHz, 120.45 W, 0 %, 537 MiB
2026/09/27 14:40:47.954, 6, 25, 1980 MHz, 119.72 W, 0 %, 537 MiB
2026/09/27 14:40:47.954, 7, 24, 1980 MHz, 115.75 W, 0 %, 537 MiB
2026/09/27 14:40:49.955, 0, 23, 1980 MHz, 114.19 W, 0 %, 557 MiB
2026/09/27 14:40:49.955, 1, 26, 1980 MHz, 115.17 W, 0 %, 537 MiB
2026/09/27 14:40:49.955, 2, 30, 1980 MHz, 119.37 W, 0 %, 537 MiB
2026/09/27 14:40:49.955, 3, 25, 1980 MHz, 121.11 W, 0 %, 537 MiB
2026/09/27 14:40:49.955, 4, 24, 1980 MHz, 117.47 W, 0 %, 537 MiB
2026/09/27 14:40:49.955, 5, 27, 1980 MHz, 120.46 W, 0 %, 537 MiB
2026/09/27 14:40:49.955, 6, 25, 1980 MHz, 119.80 W, 0 %, 537 MiB
2026/09/27 14:40:49.955, 7, 24, 1980 MHz, 115.77 W, 0 %, 537 MiB
2026/09/27 14:40:51.956, 0, 23, 1980 MHz, 114.21 W, 0 %, 557 MiB
2026/09/27 14:40:51.956, 1, 26, 1980 MHz, 115.11 W, 0 %, 537 MiB
2026/09/27 14:40:51.956, 2, 30, 1980 MHz, 119.28 W, 0 %, 537 MiB
2026/09/27 14:40:51.956, 3, 25, 1980 MHz, 121.12 W, 0 %, 537 MiB
2026/09/27 14:40:51.956, 4, 24, 1980 MHz, 117.43 W, 0 %, 537 MiB
2026/09/27 14:40:51.956, 5, 27, 1980 MHz, 120.47 W, 0 %, 537 MiB
2026/09/27 14:40:51.956, 6, 25, 1980 MHz, 119.73 W, 0 %, 537 MiB
2026/09/27 14:40:51.956, 7, 24, 1980 MHz, 115.73 W, 0 %, 537 MiB
2026/09/27 14:40:53.957, 0, 23, 1980 MHz, 114.20 W, 0 %, 557 MiB
2026/09/27 14:40:53.957, 1, 26, 1980 MHz, 115.06 W, 0 %, 537 MiB
2026/09/27 14:40:53.957, 2, 30, 1980 MHz, 119.29 W, 0 %, 537 MiB
2026/09/27 14:40:53.957, 3, 25, 1980 MHz, 121.11 W, 0 %, 537 MiB
2026/09/27 14:40:53.957, 4, 24, 1980 MHz, 117.42 W, 0 %, 537 MiB
2026/09/27 14:40:53.957, 5, 27, 1980 MHz, 120.43 W, 0 %, 537 MiB
2026/09/27 14:40:53.957, 6, 25, 1980 MHz, 119.77 W, 0 %, 537 MiB
2026/09/27 14:40:53.957, 7, 24, 1980 MHz, 115.73 W, 0 %, 537 MiB
2026/09/27 14:40:55.958, 0, 23, 1980 MHz, 114.18 W, 0 %, 557 MiB
2026/09/27 14:40:55.958, 1, 26, 1980 MHz, 115.11 W, 0 %, 537 MiB
2026/09/27 14:40:55.958, 2, 30, 1980 MHz, 119.36 W, 0 %, 537 MiB
2026/09/27 14:40:55.958, 3, 25, 1980 MHz, 121.12 W, 0 %, 537 MiB
2026/09/27 14:40:55.958, 4, 24, 1980 MHz, 117.47 W, 0 %, 537 MiB
2026/09/27 14:40:55.958, 5, 27, 1980 MHz, 120.46 W, 0 %, 537 MiB
2026/09/27 14:40:55.958, 6, 25, 1980 MHz, 119.78 W, 0 %, 537 MiB
2026/09/27 14:40:55.958, 7, 24, 1980 MHz, 115.73 W, 0 %, 537 MiB
2026/09/27 14:40:57.959, 0, 23, 1980 MHz, 114.27 W, 0 %, 557 MiB
2026/09/27 14:40:57.959, 1, 26, 1980 MHz, 115.11 W, 0 %, 537 MiB
2026/09/27 14:40:57.959, 2, 30, 1980 MHz, 119.31 W, 0 %, 537 MiB
2026/09/27 14:40:57.959, 3, 25, 1980 MHz, 121.11 W, 0 %, 537 MiB
2026/09/27 14:40:57.959, 4, 24, 1980 MHz, 117.44 W, 0 %, 537 MiB
2026/09/27 14:40:57.959, 5, 27, 1980 MHz, 120.44 W, 0 %, 537 MiB
2026/09/27 14:40:57.959, 6, 25, 1980 MHz, 119.71 W, 0 %, 537 MiB
2026/09/27 14:40:57.959, 7, 24, 1980 MHz, 115.70 W, 0 %, 537 MiB
2026/09/27 14:40:59.960, 0, 23, 1980 MHz, 114.22 W, 0 %, 557 MiB
2026/09/27 14:40:59.960, 1, 26, 1980 MHz, 115.11 W, 0 %, 537 MiB
2026/09/27 14:40:59.960, 2, 30, 1980 MHz, 119.31 W, 0 %, 537 MiB
2026/09/27 14:40:59.960, 3, 25, 1980 MHz, 121.07 W, 0 %, 537 MiB
2026/09/27 14:40:59.960, 4, 24, 1980 MHz, 117.40 W, 0 %, 537 MiB
2026/09/27 14:40:59.960, 5, 27, 1980 MHz, 120.46 W, 0 %, 537 MiB
2026/09/27 14:40:59.960, 6, 25, 1980 MHz, 119.71 W, 0 %, 537 MiB
2026/09/27 14:40:59.960, 7, 24, 1980 MHz, 115.76 W, 0 %, 537 MiB
2026/09/27 14:41:01.961, 0, 23, 1980 MHz, 114.19 W, 0 %, 557 MiB
2026/09/27 14:41:01.961, 1, 26, 1980 MHz, 115.09 W, 0 %, 537 MiB
2026/09/27 14:41:01.961, 2, 30, 1980 MHz, 119.34 W, 0 %, 537 MiB
2026/09/27 14:41:01.961, 3, 25, 1980 MHz, 121.06 W, 0 %, 537 MiB
2026/09/27 14:41:01.961, 4, 24, 1980 MHz, 117.48 W, 0 %, 537 MiB
2026/09/27 14:41:01.961, 5, 27, 1980 MHz, 120.43 W, 0 %, 537 MiB
2026/09/27 14:41:01.961, 6, 25, 1980 MHz, 119.78 W, 0 %, 537 MiB
2026/09/27 14:41:01.962, 7, 24, 1980 MHz, 115.75 W, 0 %, 537 MiB
2026/09/27 14:41:03.962, 0, 23, 1980 MHz, 114.22 W, 0 %, 557 MiB
2026/09/27 14:41:03.962, 1, 26, 1980 MHz, 115.08 W, 0 %, 537 MiB
2026/09/27 14:41:03.962, 2, 30, 1980 MHz, 119.35 W, 0 %, 537 MiB
2026/09/27 14:41:03.962, 3, 25, 1980 MHz, 121.15 W, 0 %, 537 MiB
2026/09/27 14:41:03.962, 4, 24, 1980 MHz, 117.48 W, 0 %, 537 MiB
2026/09/27 14:41:03.962, 5, 27, 1980 MHz, 120.46 W, 0 %, 537 MiB
2026/09/27 14:41:03.963, 6, 25, 1980 MHz, 119.69 W, 0 %, 537 MiB
2026/09/27 14:41:03.963, 7, 24, 1980 MHz, 115.72 W, 0 %, 537 MiB
2026/09/27 14:41:05.963, 0, 23, 1980 MHz, 114.15 W, 0 %, 557 MiB
2026/09/27 14:41:05.963, 1, 26, 1980 MHz, 115.08 W, 0 %, 537 MiB
2026/09/27 14:41:05.963, 2, 30, 1980 MHz, 119.30 W, 0 %, 537 MiB
2026/09/27 14:41:05.963, 3, 25, 1980 MHz, 121.08 W, 0 %, 537 MiB
2026/09/27 14:41:05.963, 4, 24, 1980 MHz, 117.45 W, 0 %, 537 MiB
2026/09/27 14:41:05.964, 5, 27, 1980 MHz, 120.50 W, 0 %, 537 MiB
2026/09/27 14:41:05.964, 6, 25, 1980 MHz, 119.75 W, 0 %, 537 MiB
2026/09/27 14:41:05.964, 7, 24, 1980 MHz, 115.75 W, 0 %, 537 MiB
2026/09/27 14:41:07.964, 0, 23, 1980 MHz, 114.16 W, 0 %, 557 MiB
2026/09/27 14:41:07.964, 1, 26, 1980 MHz, 115.19 W, 0 %, 537 MiB
2026/09/27 14:41:07.964, 2, 30, 1980 MHz, 119.36 W, 0 %, 537 MiB
2026/09/27 14:41:07.964, 3, 25, 1980 MHz, 121.08 W, 0 %, 537 MiB
2026/09/27 14:41:07.965, 4, 24, 1980 MHz, 117.45 W, 0 %, 537 MiB
2026/09/27 14:41:07.965, 5, 27, 1980 MHz, 120.42 W, 0 %, 537 MiB
2026/09/27 14:41:07.965, 6, 25, 1980 MHz, 119.71 W, 0 %, 537 MiB
2026/09/27 14:41:07.965, 7, 24, 1980 MHz, 115.79 W, 0 %, 537 MiB
2026/09/27 14:41:09.965, 0, 23, 1980 MHz, 114.21 W, 0 %, 557 MiB
2026/09/27 14:41:09.965, 1, 26, 1980 MHz, 115.18 W, 0 %, 537 MiB
2026/09/27 14:41:09.965, 2, 30, 1980 MHz, 119.39 W, 0 %, 537 MiB
2026/09/27 14:41:09.966, 3, 25, 1980 MHz, 121.12 W, 0 %, 537 MiB
2026/09/27 14:41:09.966, 4, 24, 1980 MHz, 117.46 W, 0 %, 537 MiB
2026/09/27 14:41:09.966, 5, 27, 1980 MHz, 120.44 W, 0 %, 537 MiB
2026/09/27 14:41:09.966, 6, 25, 1980 MHz, 119.79 W, 0 %, 537 MiB
2026/09/27 14:41:09.966, 7, 24, 1980 MHz, 115.72 W, 0 %, 537 MiB
2026/09/27 14:41:11.966, 0, 23, 1980 MHz, 114.19 W, 0 %, 557 MiB
2026/09/27 14:41:11.966, 1, 26, 1980 MHz, 115.15 W, 0 %, 537 MiB
2026/09/27 14:41:11.966, 2, 30, 1980 MHz, 119.32 W, 0 %, 537 MiB
2026/09/27 14:41:11.967, 3, 25, 1980 MHz, 121.11 W, 0 %, 537 MiB
2026/09/27 14:41:11.967, 4, 24, 1980 MHz, 117.49 W, 0 %, 537 MiB
2026/09/27 14:41:11.967, 5, 27, 1980 MHz, 120.51 W, 0 %, 537 MiB
2026/09/27 14:41:11.967, 6, 25, 1980 MHz, 119.72 W, 0 %, 537 MiB
2026/09/27 14:41:11.967, 7, 24, 1980 MHz, 115.74 W, 0 %, 537 MiB
2026/09/27 14:41:13.967, 0, 23, 1980 MHz, 114.19 W, 0 %, 557 MiB
2026/09/27 14:41:13.967, 1, 26, 1980 MHz, 115.11 W, 0 %, 537 MiB
2026/09/27 14:41:13.968, 2, 30, 1980 MHz, 119.29 W, 0 %, 537 MiB
2026/09/27 14:41:13.968, 3, 25, 1980 MHz, 121.06 W, 0 %, 537 MiB
2026/09/27 14:41:13.968, 4, 24, 1980 MHz, 117.43 W, 0 %, 537 MiB
2026/09/27 14:41:13.968, 5, 27, 1980 MHz, 120.41 W, 0 %, 537 MiB
2026/09/27 14:41:13.968, 6, 25, 1980 MHz, 119.77 W, 0 %, 537 MiB
2026/09/27 14:41:13.968, 7, 24, 1980 MHz, 115.74 W, 0 %, 537 MiB
2026/09/27 14:41:15.968, 0, 23, 1980 MHz, 114.17 W, 0 %, 557 MiB
2026/09/27 14:41:15.969, 1, 26, 1980 MHz, 115.13 W, 0 %, 537 MiB
2026/09/27 14:41:15.969, 2, 30, 1980 MHz, 119.35 W, 0 %, 537 MiB
2026/09/27 14:41:15.969, 3, 25, 1980 MHz, 121.14 W, 0 %, 537 MiB
2026/09/27 14:41:15.969, 4, 24, 1980 MHz, 117.49 W, 0 %, 537 MiB
2026/09/27 14:41:15.969, 5, 27, 1980 MHz, 120.43 W, 0 %, 537 MiB
2026/09/27 14:41:15.969, 6, 25, 1980 MHz, 119.82 W, 0 %, 537 MiB
2026/09/27 14:41:15.969, 7, 24, 1980 MHz, 115.74 W, 0 %, 537 MiB
2026/09/27 14:41:17.969, 0, 23, 1980 MHz, 114.27 W, 0 %, 557 MiB
2026/09/27 14:41:17.970, 1, 26, 1980 MHz, 115.11 W, 0 %, 537 MiB
2026/09/27 14:41:17.970, 2, 30, 1980 MHz, 119.34 W, 0 %, 537 MiB
2026/09/27 14:41:17.970, 3, 25, 1980 MHz, 121.08 W, 0 %, 537 MiB
2026/09/27 14:41:17.970, 4, 24, 1980 MHz, 117.47 W, 0 %, 537 MiB
2026/09/27 14:41:17.970, 5, 27, 1980 MHz, 120.44 W, 0 %, 537 MiB
2026/09/27 14:41:17.970, 6, 25, 1980 MHz, 119.77 W, 0 %, 537 MiB
2026/09/27 14:41:17.970, 7, 24, 1980 MHz, 115.72 W, 0 %, 537 MiB
2026/09/27 14:41:19.970, 0, 23, 1980 MHz, 114.18 W, 0 %, 557 MiB
2026/09/27 14:41:19.970, 1, 26, 1980 MHz, 115.17 W, 0 %, 537 MiB
2026/09/27 14:41:19.970, 2, 30, 1980 MHz, 119.33 W, 0 %, 537 MiB
2026/09/27 14:41:19.971, 3, 25, 1980 MHz, 121.06 W, 0 %, 537 MiB
2026/09/27 14:41:19.971, 4, 24, 1980 MHz, 117.43 W, 0 %, 537 MiB
2026/09/27 14:41:19.971, 5, 27, 1980 MHz, 120.45 W, 0 %, 537 MiB
2026/09/27 14:41:19.971, 6, 25, 1980 MHz, 119.79 W, 0 %, 537 MiB
2026/09/27 14:41:19.971, 7, 24, 1980 MHz, 115.76 W, 0 %, 537 MiB
2026/09/27 14:41:21.971, 0, 23, 1980 MHz, 114.17 W, 0 %, 557 MiB
2026/09/27 14:41:21.971, 1, 26, 1980 MHz, 115.14 W, 0 %, 537 MiB
2026/09/27 14:41:21.971, 2, 30, 1980 MHz, 119.31 W, 0 %, 537 MiB
2026/09/27 14:41:21.971, 3, 25, 1980 MHz, 121.12 W, 0 %, 537 MiB
2026/09/27 14:41:21.972, 4, 24, 1980 MHz, 117.47 W, 0 %, 537 MiB
2026/09/27 14:41:21.972, 5, 27, 1980 MHz, 120.40 W, 0 %, 537 MiB
2026/09/27 14:41:21.972, 6, 25, 1980 MHz, 119.82 W, 0 %, 537 MiB
2026/09/27 14:41:21.972, 7, 24, 1980 MHz, 115.74 W, 0 %, 537 MiB
2026/09/27 14:41:23.972, 0, 23, 1980 MHz, 114.22 W, 0 %, 557 MiB
2026/09/27 14:41:23.972, 1, 26, 1980 MHz, 115.11 W, 0 %, 537 MiB
2026/09/27 14:41:23.973, 2, 30, 1980 MHz, 119.36 W, 0 %, 537 MiB
2026/09/27 14:41:23.973, 3, 25, 1980 MHz, 121.10 W, 0 %, 537 MiB
2026/09/27 14:41:23.973, 4, 24, 1980 MHz, 117.49 W, 0 %, 537 MiB
2026/09/27 14:41:23.973, 5, 27, 1980 MHz, 120.49 W, 0 %, 537 MiB
2026/09/27 14:41:23.973, 6, 25, 1980 MHz, 119.74 W, 0 %, 537 MiB
2026/09/27 14:41:23.973, 7, 24, 1980 MHz, 115.75 W, 0 %, 537 MiB
2026/09/27 14:41:25.973, 0, 23, 1980 MHz, 114.18 W, 0 %, 557 MiB
2026/09/27 14:41:25.974, 1, 26, 1980 MHz, 115.04 W, 0 %, 537 MiB
2026/09/27 14:41:25.974, 2, 30, 1980 MHz, 119.31 W, 0 %, 537 MiB
2026/09/27 14:41:25.974, 3, 25, 1980 MHz, 121.12 W, 0 %, 537 MiB
2026/09/27 14:41:25.974, 4, 24, 1980 MHz, 117.44 W, 0 %, 537 MiB
2026/09/27 14:41:25.974, 5, 27, 1980 MHz, 120.46 W, 0 %, 537 MiB
2026/09/27 14:41:25.974, 6, 25, 1980 MHz, 119.72 W, 0 %, 537 MiB
2026/09/27 14:41:25.974, 7, 24, 1980 MHz, 115.73 W, 0 %, 537 MiB
2026/09/27 14:41:27.974, 0, 23, 1980 MHz, 114.13 W, 0 %, 557 MiB
2026/09/27 14:41:27.975, 1, 26, 1980 MHz, 115.04 W, 0 %, 537 MiB
2026/09/27 14:41:27.975, 2, 30, 1980 MHz, 119.35 W, 0 %, 537 MiB
2026/09/27 14:41:27.975, 3, 25, 1980 MHz, 121.04 W, 0 %, 537 MiB
2026/09/27 14:41:27.975, 4, 24, 1980 MHz, 117.43 W, 0 %, 537 MiB
2026/09/27 14:41:27.975, 5, 27, 1980 MHz, 120.42 W, 0 %, 537 MiB
2026/09/27 14:41:27.975, 6, 25, 1980 MHz, 119.78 W, 0 %, 537 MiB
2026/09/27 14:41:27.975, 7, 24, 1980 MHz, 115.74 W, 0 %, 537 MiB
2026/09/27 14:41:29.976, 0, 23, 1980 MHz, 114.22 W, 0 %, 557 MiB
2026/09/27 14:41:29.976, 1, 26, 1980 MHz, 115.14 W, 0 %, 537 MiB
2026/09/27 14:41:29.976, 2, 30, 1980 MHz, 119.37 W, 0 %, 537 MiB
2026/09/27 14:41:29.976, 3, 25, 1980 MHz, 121.11 W, 0 %, 537 MiB
2026/09/27 14:41:29.976, 4, 24, 1980 MHz, 117.45 W, 0 %, 537 MiB
2026/09/27 14:41:29.976, 5, 27, 1980 MHz, 120.46 W, 0 %, 537 MiB
2026/09/27 14:41:29.976, 6, 25, 1980 MHz, 119.79 W, 0 %, 537 MiB
2026/09/27 14:41:29.976, 7, 24, 1980 MHz, 115.75 W, 0 %, 537 MiB
2026/09/27 14:41:31.977, 0, 23, 1980 MHz, 114.24 W, 0 %, 557 MiB
2026/09/27 14:41:31.977, 1, 26, 1980 MHz, 115.16 W, 0 %, 537 MiB
2026/09/27 14:41:31.977, 2, 30, 1980 MHz, 119.34 W, 0 %, 537 MiB
2026/09/27 14:41:31.977, 3, 25, 1980 MHz, 121.12 W, 0 %, 537 MiB
2026/09/27 14:41:31.977, 4, 24, 1980 MHz, 117.47 W, 0 %, 537 MiB
2026/09/27 14:41:31.977, 5, 27, 1980 MHz, 120.44 W, 0 %, 537 MiB
2026/09/27 14:41:31.977, 6, 25, 1980 MHz, 119.72 W, 0 %, 537 MiB
2026/09/27 14:41:31.977, 7, 24, 1980 MHz, 115.76 W, 0 %, 537 MiB
2026/09/27 14:41:33.978, 0, 23, 1980 MHz, 114.18 W, 0 %, 557 MiB
2026/09/27 14:41:33.978, 1, 26, 1980 MHz, 115.12 W, 0 %, 537 MiB
2026/09/27 14:41:33.978, 2, 30, 1980 MHz, 119.36 W, 0 %, 537 MiB
2026/09/27 14:41:33.978, 3, 25, 1980 MHz, 121.14 W, 0 %, 537 MiB
2026/09/27 14:41:33.978, 4, 24, 1980 MHz, 117.39 W, 0 %, 537 MiB
2026/09/27 14:41:33.978, 5, 27, 1980 MHz, 120.46 W, 0 %, 537 MiB
2026/09/27 14:41:33.978, 6, 25, 1980 MHz, 119.81 W, 0 %, 537 MiB
2026/09/27 14:41:33.978, 7, 24, 1980 MHz, 115.70 W, 0 %, 537 MiB
2026/09/27 14:41:35.979, 0, 23, 1980 MHz, 114.17 W, 0 %, 557 MiB
2026/09/27 14:41:35.979, 1, 26, 1980 MHz, 115.17 W, 0 %, 537 MiB
2026/09/27 14:41:35.979, 2, 30, 1980 MHz, 119.38 W, 0 %, 537 MiB
2026/09/27 14:41:35.979, 3, 25, 1980 MHz, 121.08 W, 0 %, 537 MiB
2026/09/27 14:41:35.979, 4, 24, 1980 MHz, 117.51 W, 0 %, 537 MiB
2026/09/27 14:41:35.979, 5, 27, 1980 MHz, 120.46 W, 0 %, 537 MiB
2026/09/27 14:41:35.979, 6, 25, 1980 MHz, 119.77 W, 0 %, 537 MiB
2026/09/27 14:41:35.979, 7, 24, 1980 MHz, 115.77 W, 0 %, 537 MiB
2026/09/27 14:41:37.980, 0, 23, 1980 MHz, 114.24 W, 0 %, 557 MiB
2026/09/27 14:41:37.980, 1, 26, 1980 MHz, 115.08 W, 0 %, 537 MiB
2026/09/27 14:41:37.980, 2, 30, 1980 MHz, 119.33 W, 0 %, 537 MiB
2026/09/27 14:41:37.980, 3, 25, 1980 MHz, 121.12 W, 0 %, 537 MiB
2026/09/27 14:41:37.980, 4, 24, 1980 MHz, 117.42 W, 0 %, 537 MiB
2026/09/27 14:41:37.980, 5, 27, 1980 MHz, 120.51 W, 0 %, 537 MiB
2026/09/27 14:41:37.980, 6, 25, 1980 MHz, 119.74 W, 0 %, 537 MiB
2026/09/27 14:41:37.980, 7, 24, 1980 MHz, 115.69 W, 0 %, 537 MiB
2026/09/27 14:41:39.981, 0, 23, 1980 MHz, 114.19 W, 0 %, 557 MiB
2026/09/27 14:41:39.981, 1, 26, 1980 MHz, 115.05 W, 0 %, 537 MiB
2026/09/27 14:41:39.981, 2, 30, 1980 MHz, 119.32 W, 0 %, 537 MiB
2026/09/27 14:41:39.981, 3, 25, 1980 MHz, 121.07 W, 0 %, 537 MiB
2026/09/27 14:41:39.981, 4, 24, 1980 MHz, 117.42 W, 0 %, 537 MiB
2026/09/27 14:41:39.981, 5, 27, 1980 MHz, 120.45 W, 0 %, 537 MiB
2026/09/27 14:41:39.981, 6, 25, 1980 MHz, 119.73 W, 0 %, 537 MiB
2026/09/27 14:41:39.982, 7, 24, 1980 MHz, 115.71 W, 0 %, 537 MiB
2026/09/27 14:41:41.982, 0, 23, 1980 MHz, 114.15 W, 0 %, 557 MiB
2026/09/27 14:41:41.982, 1, 26, 1980 MHz, 115.16 W, 0 %, 537 MiB
2026/09/27 14:41:41.982, 2, 30, 1980 MHz, 119.34 W, 0 %, 537 MiB
2026/09/27 14:41:41.982, 3, 25, 1980 MHz, 121.11 W, 0 %, 537 MiB
2026/09/27 14:41:41.982, 4, 24, 1980 MHz, 117.47 W, 0 %, 537 MiB
2026/09/27 14:41:41.982, 5, 27, 1980 MHz, 120.43 W, 0 %, 537 MiB
2026/09/27 14:41:41.983, 6, 25, 1980 MHz, 119.76 W, 0 %, 537 MiB
2026/09/27 14:41:41.983, 7, 24, 1980 MHz, 115.75 W, 0 %, 537 MiB
2026/09/27 14:41:43.983, 0, 23, 1980 MHz, 114.23 W, 0 %, 557 MiB
2026/09/27 14:41:43.983, 1, 26, 1980 MHz, 115.14 W, 0 %, 537 MiB
2026/09/27 14:41:43.983, 2, 30, 1980 MHz, 119.33 W, 0 %, 537 MiB
2026/09/27 14:41:43.983, 3, 25, 1980 MHz, 121.11 W, 0 %, 537 MiB
2026/09/27 14:41:43.983, 4, 24, 1980 MHz, 117.47 W, 0 %, 537 MiB
2026/09/27 14:41:43.984, 5, 27, 1980 MHz, 120.42 W, 0 %, 537 MiB
2026/09/27 14:41:43.984, 6, 25, 1980 MHz, 119.76 W, 0 %, 537 MiB
2026/09/27 14:41:43.984, 7, 24, 1980 MHz, 115.74 W, 0 %, 537 MiB
2026/09/27 14:41:45.984, 0, 23, 1980 MHz, 114.20 W, 0 %, 557 MiB
2026/09/27 14:41:45.984, 1, 26, 1980 MHz, 115.11 W, 0 %, 537 MiB
2026/09/27 14:41:45.984, 2, 30, 1980 MHz, 119.31 W, 0 %, 537 MiB
2026/09/27 14:41:45.984, 3, 25, 1980 MHz, 121.06 W, 0 %, 537 MiB
2026/09/27 14:41:45.985, 4, 24, 1980 MHz, 117.49 W, 0 %, 537 MiB
2026/09/27 14:41:45.985, 5, 27, 1980 MHz, 120.50 W, 0 %, 537 MiB
2026/09/27 14:41:45.985, 6, 25, 1980 MHz, 119.77 W, 0 %, 537 MiB
2026/09/27 14:41:45.985, 7, 24, 1980 MHz, 115.75 W, 0 %, 537 MiB
2026/09/27 14:41:47.985, 0, 23, 1980 MHz, 114.17 W, 0 %, 557 MiB
2026/09/27 14:41:47.985, 1, 26, 1980 MHz, 115.08 W, 0 %, 537 MiB
2026/09/27 14:41:47.985, 2, 30, 1980 MHz, 119.32 W, 0 %, 537 MiB
2026/09/27 14:41:47.986, 3, 25, 1980 MHz, 121.11 W, 0 %, 537 MiB
2026/09/27 14:41:47.986, 4, 24, 1980 MHz, 117.43 W, 0 %, 537 MiB
2026/09/27 14:41:47.986, 5, 27, 1980 MHz, 120.41 W, 0 %, 537 MiB
2026/09/27 14:41:47.986, 6, 25, 1980 MHz, 119.79 W, 0 %, 537 MiB
2026/09/27 14:41:47.986, 7, 24, 1980 MHz, 115.75 W, 0 %, 537 MiB
2026/09/27 14:41:49.986, 0, 23, 1980 MHz, 114.25 W, 0 %, 557 MiB
2026/09/27 14:41:49.986, 1, 26, 1980 MHz, 115.10 W, 0 %, 537 MiB
2026/09/27 14:41:49.987, 2, 30, 1980 MHz, 119.37 W, 0 %, 537 MiB
2026/09/27 14:41:49.987, 3, 25, 1980 MHz, 121.11 W, 0 %, 537 MiB
2026/09/27 14:41:49.987, 4, 24, 1980 MHz, 117.48 W, 0 %, 537 MiB
2026/09/27 14:41:49.987, 5, 27, 1980 MHz, 120.46 W, 0 %, 537 MiB
2026/09/27 14:41:49.987, 6, 25, 1980 MHz, 119.69 W, 0 %, 537 MiB
2026/09/27 14:41:49.987, 7, 24, 1980 MHz, 115.68 W, 0 %, 537 MiB
2026/09/27 14:41:51.987, 0, 23, 1980 MHz, 114.18 W, 0 %, 557 MiB
2026/09/27 14:41:51.988, 1, 26, 1980 MHz, 115.15 W, 0 %, 537 MiB
2026/09/27 14:41:51.988, 2, 30, 1980 MHz, 119.28 W, 0 %, 537 MiB
2026/09/27 14:41:51.988, 3, 25, 1980 MHz, 121.08 W, 0 %, 537 MiB
2026/09/27 14:41:51.988, 4, 24, 1980 MHz, 117.47 W, 0 %, 537 MiB
2026/09/27 14:41:51.988, 5, 27, 1980 MHz, 120.41 W, 0 %, 537 MiB
2026/09/27 14:41:51.988, 6, 25, 1980 MHz, 119.78 W, 0 %, 537 MiB
2026/09/27 14:41:51.988, 7, 24, 1980 MHz, 115.78 W, 0 %, 537 MiB
2026/09/27 14:41:53.988, 0, 23, 1980 MHz, 114.21 W, 0 %, 557 MiB
2026/09/27 14:41:53.989, 1, 26, 1980 MHz, 115.15 W, 0 %, 537 MiB
2026/09/27 14:41:53.989, 2, 30, 1980 MHz, 119.35 W, 0 %, 537 MiB
2026/09/27 14:41:53.989, 3, 25, 1980 MHz, 121.06 W, 0 %, 537 MiB
2026/09/27 14:41:53.989, 4, 24, 1980 MHz, 117.46 W, 0 %, 537 MiB
2026/09/27 14:41:53.989, 5, 27, 1980 MHz, 120.47 W, 0 %, 537 MiB
2026/09/27 14:41:53.989, 6, 25, 1980 MHz, 119.75 W, 0 %, 537 MiB
2026/09/27 14:41:53.989, 7, 24, 1980 MHz, 115.79 W, 0 %, 537 MiB
2026/09/27 14:41:55.989, 0, 23, 1980 MHz, 114.23 W, 0 %, 557 MiB
2026/09/27 14:41:55.990, 1, 26, 1980 MHz, 115.20 W, 0 %, 537 MiB
2026/09/27 14:41:55.990, 2, 30, 1980 MHz, 119.34 W, 0 %, 537 MiB
2026/09/27 14:41:55.990, 3, 25, 1980 MHz, 121.14 W, 0 %, 537 MiB
2026/09/27 14:41:55.990, 4, 24, 1980 MHz, 117.51 W, 0 %, 537 MiB
2026/09/27 14:41:55.990, 5, 27, 1980 MHz, 120.43 W, 0 %, 537 MiB
2026/09/27 14:41:55.990, 6, 25, 1980 MHz, 119.77 W, 0 %, 537 MiB
2026/09/27 14:41:55.990, 7, 24, 1980 MHz, 115.73 W, 0 %, 537 MiB
2026/09/27 14:41:57.991, 0, 23, 1980 MHz, 114.24 W, 0 %, 557 MiB
2026/09/27 14:41:57.991, 1, 26, 1980 MHz, 115.13 W, 0 %, 537 MiB
2026/09/27 14:41:57.991, 2, 30, 1980 MHz, 119.32 W, 0 %, 537 MiB
2026/09/27 14:41:57.991, 3, 25, 1980 MHz, 121.10 W, 0 %, 537 MiB
2026/09/27 14:41:57.991, 4, 24, 1980 MHz, 117.41 W, 0 %, 537 MiB
2026/09/27 14:41:57.991, 5, 27, 1980 MHz, 120.45 W, 0 %, 537 MiB
2026/09/27 14:41:57.991, 6, 25, 1980 MHz, 119.71 W, 0 %, 537 MiB
2026/09/27 14:41:57.991, 7, 24, 1980 MHz, 115.76 W, 0 %, 537 MiB
2026/09/27 14:41:59.992, 0, 23, 1980 MHz, 114.20 W, 0 %, 557 MiB
2026/09/27 14:41:59.992, 1, 26, 1980 MHz, 115.10 W, 0 %, 537 MiB
2026/09/27 14:41:59.992, 2, 30, 1980 MHz, 119.29 W, 0 %, 537 MiB
2026/09/27 14:41:59.992, 3, 25, 1980 MHz, 121.11 W, 0 %, 537 MiB
2026/09/27 14:41:59.992, 4, 24, 1980 MHz, 117.41 W, 0 %, 537 MiB
2026/09/27 14:41:59.992, 5, 27, 1980 MHz, 120.45 W, 0 %, 537 MiB
2026/09/27 14:41:59.992, 6, 25, 1980 MHz, 119.76 W, 0 %, 537 MiB
2026/09/27 14:41:59.992, 7, 24, 1980 MHz, 115.74 W, 0 %, 537 MiB
2026/09/27 14:42:01.993, 0, 23, 1980 MHz, 114.19 W, 0 %, 557 MiB
2026/09/27 14:42:01.993, 1, 26, 1980 MHz, 115.10 W, 0 %, 537 MiB
2026/09/27 14:42:01.993, 2, 30, 1980 MHz, 119.34 W, 0 %, 537 MiB
2026/09/27 14:42:01.993, 3, 25, 1980 MHz, 121.12 W, 0 %, 537 MiB
2026/09/27 14:42:01.993, 4, 24, 1980 MHz, 117.44 W, 0 %, 537 MiB
2026/09/27 14:42:01.993, 5, 27, 1980 MHz, 120.44 W, 0 %, 537 MiB
2026/09/27 14:42:01.993, 6, 25, 1980 MHz, 119.85 W, 0 %, 537 MiB
2026/09/27 14:42:01.994, 7, 24, 1980 MHz, 115.77 W, 0 %, 537 MiB
2026/09/27 14:42:03.994, 0, 23, 1980 MHz, 114.22 W, 0 %, 557 MiB
2026/09/27 14:42:03.994, 1, 26, 1980 MHz, 115.12 W, 0 %, 537 MiB
2026/09/27 14:42:03.994, 2, 30, 1980 MHz, 119.32 W, 0 %, 537 MiB
2026/09/27 14:42:03.994, 3, 25, 1980 MHz, 121.13 W, 0 %, 537 MiB
2026/09/27 14:42:03.994, 4, 24, 1980 MHz, 117.47 W, 0 %, 537 MiB
2026/09/27 14:42:03.994, 5, 27, 1980 MHz, 120.46 W, 0 %, 537 MiB
2026/09/27 14:42:03.995, 6, 25, 1980 MHz, 119.77 W, 0 %, 537 MiB
2026/09/27 14:42:03.995, 7, 24, 1980 MHz, 115.73 W, 0 %, 537 MiB
2026/09/27 14:42:05.995, 0, 23, 1980 MHz, 114.16 W, 0 %, 557 MiB
2026/09/27 14:42:05.995, 1, 26, 1980 MHz, 115.13 W, 0 %, 537 MiB
2026/09/27 14:42:05.995, 2, 30, 1980 MHz, 119.33 W, 0 %, 537 MiB
2026/09/27 14:42:05.996, 3, 25, 1980 MHz, 121.07 W, 0 %, 537 MiB
2026/09/27 14:42:05.996, 4, 24, 1980 MHz, 117.50 W, 0 %, 537 MiB
2026/09/27 14:42:05.996, 5, 27, 1980 MHz, 120.45 W, 0 %, 537 MiB
2026/09/27 14:42:05.996, 6, 25, 1980 MHz, 119.78 W, 0 %, 537 MiB
2026/09/27 14:42:05.996, 7, 24, 1980 MHz, 115.80 W, 0 %, 537 MiB
2026/09/27 14:42:07.996, 0, 23, 1980 MHz, 114.16 W, 0 %, 557 MiB
2026/09/27 14:42:07.996, 1, 26, 1980 MHz, 115.11 W, 0 %, 537 MiB
2026/09/27 14:42:07.997, 2, 30, 1980 MHz, 119.33 W, 0 %, 537 MiB
2026/09/27 14:42:07.997, 3, 25, 1980 MHz, 121.08 W, 0 %, 537 MiB
2026/09/27 14:42:07.997, 4, 24, 1980 MHz, 117.47 W, 0 %, 537 MiB
2026/09/27 14:42:07.997, 5, 27, 1980 MHz, 120.43 W, 0 %, 537 MiB
2026/09/27 14:42:07.997, 6, 25, 1980 MHz, 119.80 W, 0 %, 537 MiB
2026/09/27 14:42:07.997, 7, 24, 1980 MHz, 115.78 W, 0 %, 537 MiB
2026/09/27 14:42:09.997, 0, 23, 1980 MHz, 114.23 W, 0 %, 557 MiB
2026/09/27 14:42:09.998, 1, 26, 1980 MHz, 115.03 W, 0 %, 537 MiB
2026/09/27 14:42:09.998, 2, 30, 1980 MHz, 119.35 W, 0 %, 537 MiB
2026/09/27 14:42:09.998, 3, 25, 1980 MHz, 121.07 W, 0 %, 537 MiB
2026/09/27 14:42:09.998, 4, 24, 1980 MHz, 117.47 W, 0 %, 537 MiB
2026/09/27 14:42:09.998, 5, 27, 1980 MHz, 120.45 W, 0 %, 537 MiB
2026/09/27 14:42:09.998, 6, 25, 1980 MHz, 119.73 W, 0 %, 537 MiB
2026/09/27 14:42:09.998, 7, 24, 1980 MHz, 115.73 W, 0 %, 537 MiB
2026/09/27 14:42:11.998, 0, 23, 1980 MHz, 114.16 W, 0 %, 557 MiB
2026/09/27 14:42:11.999, 1, 26, 1980 MHz, 115.12 W, 0 %, 537 MiB
2026/09/27 14:42:11.999, 2, 30, 1980 MHz, 119.37 W, 0 %, 537 MiB
2026/09/27 14:42:11.999, 3, 25, 1980 MHz, 121.08 W, 0 %, 537 MiB
2026/09/27 14:42:11.999, 4, 24, 1980 MHz, 117.48 W, 0 %, 537 MiB
2026/09/27 14:42:11.999, 5, 27, 1980 MHz, 120.46 W, 0 %, 537 MiB
2026/09/27 14:42:11.999, 6, 25, 1980 MHz, 119.75 W, 0 %, 537 MiB
2026/09/27 14:42:11.999, 7, 24, 1980 MHz, 115.78 W, 0 %, 537 MiB
2026/09/27 14:42:13.999, 0, 23, 1980 MHz, 114.16 W, 0 %, 557 MiB
2026/09/27 14:42:14.000, 1, 26, 1980 MHz, 115.09 W, 0 %, 537 MiB
2026/09/27 14:42:14.000, 2, 30, 1980 MHz, 119.35 W, 0 %, 537 MiB
2026/09/27 14:42:14.000, 3, 25, 1980 MHz, 121.05 W, 0 %, 537 MiB
2026/09/27 14:42:14.000, 4, 24, 1980 MHz, 117.40 W, 0 %, 537 MiB
2026/09/27 14:42:14.000, 5, 27, 1980 MHz, 120.41 W, 0 %, 537 MiB
2026/09/27 14:42:14.000, 6, 25, 1980 MHz, 119.76 W, 0 %, 537 MiB
2026/09/27 14:42:14.000, 7, 24, 1980 MHz, 115.75 W, 0 %, 537 MiB
2026/09/27 14:42:16.000, 0, 23, 1980 MHz, 114.20 W, 0 %, 557 MiB
2026/09/27 14:42:16.001, 1, 26, 1980 MHz, 115.17 W, 0 %, 537 MiB
2026/09/27 14:42:16.001, 2, 30, 1980 MHz, 119.36 W, 0 %, 537 MiB
2026/09/27 14:42:16.001, 3, 25, 1980 MHz, 121.12 W, 0 %, 537 MiB
2026/09/27 14:42:16.001, 4, 24, 1980 MHz, 117.47 W, 0 %, 537 MiB
2026/09/27 14:42:16.001, 5, 27, 1980 MHz, 120.45 W, 0 %, 537 MiB
2026/09/27 14:42:16.001, 6, 25, 1980 MHz, 119.74 W, 0 %, 537 MiB
2026/09/27 14:42:16.001, 7, 24, 1980 MHz, 115.69 W, 0 %, 537 MiB
2026/09/27 14:42:18.001, 0, 23, 1980 MHz, 114.26 W, 0 %, 557 MiB
2026/09/27 14:42:18.002, 1, 26, 1980 MHz, 115.12 W, 0 %, 537 MiB
2026/09/27 14:42:18.002, 2, 30, 1980 MHz, 119.29 W, 0 %, 537 MiB
2026/09/27 14:42:18.002, 3, 25, 1980 MHz, 121.08 W, 0 %, 537 MiB
2026/09/27 14:42:18.002, 4, 24, 1980 MHz, 117.43 W, 0 %, 537 MiB
2026/09/27 14:42:18.002, 5, 27, 1980 MHz, 120.46 W, 0 %, 537 MiB
2026/09/27 14:42:18.002, 6, 25, 1980 MHz, 119.74 W, 0 %, 537 MiB
2026/09/27 14:42:18.002, 7, 24, 1980 MHz, 115.75 W, 0 %, 537 MiB
2026/09/27 14:42:20.003, 0, 23, 1980 MHz, 114.18 W, 0 %, 557 MiB
2026/09/27 14:42:20.003, 1, 26, 1980 MHz, 115.12 W, 0 %, 537 MiB
2026/09/27 14:42:20.003, 2, 30, 1980 MHz, 119.39 W, 0 %, 537 MiB
2026/09/27 14:42:20.003, 3, 25, 1980 MHz, 121.07 W, 0 %, 537 MiB
2026/09/27 14:42:20.003, 4, 24, 1980 MHz, 117.47 W, 0 %, 537 MiB
2026/09/27 14:42:20.003, 5, 27, 1980 MHz, 120.43 W, 0 %, 537 MiB
2026/09/27 14:42:20.003, 6, 25, 1980 MHz, 119.74 W, 0 %, 537 MiB
2026/09/27 14:42:20.003, 7, 24, 1980 MHz, 115.75 W, 0 %, 537 MiB
2026/09/27 14:42:22.004, 0, 23, 1980 MHz, 114.22 W, 0 %, 557 MiB
2026/09/27 14:42:22.004, 1, 26, 1980 MHz, 115.11 W, 0 %, 537 MiB
2026/09/27 14:42:22.004, 2, 30, 1980 MHz, 119.31 W, 0 %, 537 MiB
2026/09/27 14:42:22.004, 3, 25, 1980 MHz, 121.16 W, 0 %, 537 MiB
2026/09/27 14:42:22.004, 4, 24, 1980 MHz, 117.48 W, 0 %, 537 MiB
2026/09/27 14:42:22.004, 5, 27, 1980 MHz, 120.43 W, 0 %, 537 MiB
2026/09/27 14:42:22.004, 6, 25, 1980 MHz, 119.73 W, 0 %, 537 MiB
2026/09/27 14:42:22.004, 7, 24, 1980 MHz, 115.73 W, 0 %, 537 MiB
2026/09/27 14:42:24.005, 0, 23, 1980 MHz, 114.20 W, 0 %, 557 MiB
2026/09/27 14:42:24.005, 1, 26, 1980 MHz, 115.14 W, 0 %, 537 MiB
2026/09/27 14:42:24.005, 2, 30, 1980 MHz, 119.36 W, 0 %, 537 MiB
2026/09/27 14:42:24.005, 3, 25, 1980 MHz, 121.10 W, 0 %, 537 MiB
2026/09/27 14:42:24.005, 4, 24, 1980 MHz, 117.43 W, 0 %, 537 MiB
2026/09/27 14:42:24.005, 5, 27, 1980 MHz, 120.45 W, 0 %, 537 MiB
2026/09/27 14:42:24.005, 6, 25, 1980 MHz, 119.69 W, 0 %, 537 MiB
2026/09/27 14:42:24.005, 7, 24, 1980 MHz, 115.77 W, 0 %, 537 MiB
2026/09/27 14:42:26.006, 0, 23, 1980 MHz, 114.21 W, 0 %, 557 MiB
2026/09/27 14:42:26.006, 1, 26, 1980 MHz, 115.10 W, 0 %, 537 MiB
2026/09/27 14:42:26.006, 2, 30, 1980 MHz, 119.30 W, 0 %, 537 MiB
2026/09/27 14:42:26.006, 3, 25, 1980 MHz, 121.06 W, 0 %, 537 MiB
2026/09/27 14:42:26.006, 4, 24, 1980 MHz, 117.43 W, 0 %, 537 MiB
2026/09/27 14:42:26.006, 5, 27, 1980 MHz, 120.48 W, 0 %, 537 MiB
2026/09/27 14:42:26.006, 6, 25, 1980 MHz, 119.76 W, 0 %, 537 MiB
2026/09/27 14:42:26.006, 7, 24, 1980 MHz, 115.78 W, 0 %, 537 MiB
2026/09/27 14:42:28.007, 0, 23, 1980 MHz, 114.17 W, 0 %, 557 MiB
2026/09/27 14:42:28.007, 1, 26, 1980 MHz, 115.19 W, 0 %, 537 MiB
2026/09/27 14:42:28.007, 2, 30, 1980 MHz, 119.35 W, 0 %, 537 MiB
2026/09/27 14:42:28.007, 3, 25, 1980 MHz, 121.09 W, 0 %, 537 MiB
2026/09/27 14:42:28.007, 4, 24, 1980 MHz, 117.47 W, 0 %, 537 MiB
2026/09/27 14:42:28.007, 5, 27, 1980 MHz, 120.42 W, 0 %, 537 MiB
2026/09/27 14:42:28.007, 6, 25, 1980 MHz, 119.76 W, 0 %, 537 MiB
2026/09/27 14:42:28.008, 7, 24, 1980 MHz, 115.74 W, 0 %, 537 MiB
2026/09/27 14:42:30.008, 0, 23, 1980 MHz, 114.22 W, 0 %, 557 MiB
2026/09/27 14:42:30.008, 1, 26, 1980 MHz, 115.09 W, 0 %, 537 MiB
2026/09/27 14:42:30.008, 2, 30, 1980 MHz, 119.36 W, 0 %, 537 MiB
2026/09/27 14:42:30.008, 3, 25, 1980 MHz, 121.09 W, 0 %, 537 MiB
2026/09/27 14:42:30.008, 4, 24, 1980 MHz, 117.41 W, 0 %, 537 MiB
2026/09/27 14:42:30.009, 5, 27, 1980 MHz, 120.42 W, 0 %, 537 MiB
2026/09/27 14:42:30.009, 6, 25, 1980 MHz, 119.72 W, 0 %, 537 MiB
2026/09/27 14:42:30.009, 7, 24, 1980 MHz, 115.70 W, 0 %, 537 MiB
2026/09/27 14:42:32.009, 0, 23, 1980 MHz, 114.17 W, 0 %, 557 MiB
2026/09/27 14:42:32.009, 1, 26, 1980 MHz, 115.08 W, 0 %, 537 MiB
2026/09/27 14:42:32.009, 2, 30, 1980 MHz, 119.35 W, 0 %, 537 MiB
2026/09/27 14:42:32.009, 3, 25, 1980 MHz, 121.10 W, 0 %, 537 MiB
2026/09/27 14:42:32.010, 4, 24, 1980 MHz, 117.43 W, 0 %, 537 MiB
2026/09/27 14:42:32.010, 5, 27, 1980 MHz, 120.46 W, 0 %, 537 MiB
2026/09/27 14:42:32.010, 6, 25, 1980 MHz, 119.71 W, 0 %, 537 MiB
2026/09/27 14:42:32.010, 7, 24, 1980 MHz, 115.78 W, 0 %, 537 MiB
2026/09/27 14:42:34.010, 0, 23, 1980 MHz, 114.16 W, 0 %, 557 MiB
2026/09/27 14:42:34.010, 1, 26, 1980 MHz, 115.10 W, 0 %, 537 MiB
2026/09/27 14:42:34.010, 2, 30, 1980 MHz, 119.30 W, 0 %, 537 MiB
2026/09/27 14:42:34.011, 3, 25, 1980 MHz, 121.10 W, 0 %, 537 MiB
2026/09/27 14:42:34.011, 4, 24, 1980 MHz, 117.42 W, 0 %, 537 MiB
2026/09/27 14:42:34.011, 5, 27, 1980 MHz, 120.45 W, 0 %, 537 MiB
2026/09/27 14:42:34.011, 6, 25, 1980 MHz, 119.79 W, 0 %, 537 MiB
2026/09/27 14:42:34.011, 7, 24, 1980 MHz, 115.73 W, 0 %, 537 MiB
2026/09/27 14:42:36.011, 0, 23, 1980 MHz, 114.16 W, 0 %, 557 MiB
2026/09/27 14:42:36.011, 1, 26, 1980 MHz, 115.12 W, 0 %, 537 MiB
2026/09/27 14:42:36.012, 2, 30, 1980 MHz, 119.37 W, 0 %, 537 MiB
2026/09/27 14:42:36.012, 3, 25, 1980 MHz, 121.11 W, 0 %, 537 MiB
2026/09/27 14:42:36.012, 4, 24, 1980 MHz, 117.47 W, 0 %, 537 MiB
2026/09/27 14:42:36.012, 5, 27, 1980 MHz, 120.43 W, 0 %, 537 MiB
2026/09/27 14:42:36.012, 6, 25, 1980 MHz, 119.77 W, 0 %, 537 MiB
2026/09/27 14:42:36.012, 7, 24, 1980 MHz, 115.70 W, 0 %, 537 MiB
2026/09/27 14:42:38.012, 0, 23, 1980 MHz, 114.18 W, 0 %, 557 MiB
2026/09/27 14:42:38.013, 1, 26, 1980 MHz, 115.17 W, 0 %, 537 MiB
2026/09/27 14:42:38.013, 2, 30, 1980 MHz, 119.30 W, 0 %, 537 MiB
2026/09/27 14:42:38.013, 3, 25, 1980 MHz, 121.05 W, 0 %, 537 MiB
2026/09/27 14:42:38.013, 4, 24, 1980 MHz, 117.41 W, 0 %, 537 MiB
2026/09/27 14:42:38.013, 5, 27, 1980 MHz, 120.46 W, 0 %, 537 MiB
2026/09/27 14:42:38.013, 6, 25, 1980 MHz, 119.75 W, 0 %, 537 MiB
2026/09/27 14:42:38.013, 7, 24, 1980 MHz, 115.75 W, 0 %, 537 MiB
2026/09/27 14:42:40.013, 0, 23, 1980 MHz, 114.19 W, 0 %, 557 MiB
2026/09/27 14:42:40.014, 1, 26, 1980 MHz, 115.13 W, 0 %, 537 MiB
2026/09/27 14:42:40.014, 2, 30, 1980 MHz, 119.32 W, 0 %, 537 MiB
2026/09/27 14:42:40.014, 3, 25, 1980 MHz, 121.12 W, 0 %, 537 MiB
2026/09/27 14:42:40.014, 4, 24, 1980 MHz, 117.45 W, 0 %, 537 MiB
2026/09/27 14:42:40.014, 5, 27, 1980 MHz, 120.40 W, 0 %, 537 MiB
2026/09/27 14:42:40.014, 6, 25, 1980 MHz, 119.77 W, 0 %, 537 MiB
2026/09/27 14:42:40.014, 7, 24, 1980 MHz, 115.77 W, 0 %, 537 MiB
2026/09/27 14:42:42.014, 0, 23, 1980 MHz, 114.19 W, 0 %, 557 MiB
2026/09/27 14:42:42.015, 1, 26, 1980 MHz, 115.15 W, 0 %, 537 MiB
2026/09/27 14:42:42.015, 2, 30, 1980 MHz, 119.39 W, 0 %, 537 MiB
2026/09/27 14:42:42.015, 3, 25, 1980 MHz, 121.10 W, 0 %, 537 MiB
2026/09/27 14:42:42.015, 4, 24, 1980 MHz, 117.47 W, 0 %, 537 MiB
2026/09/27 14:42:42.015, 5, 27, 1980 MHz, 120.40 W, 0 %, 537 MiB
2026/09/27 14:42:42.015, 6, 25, 1980 MHz, 119.72 W, 0 %, 537 MiB
2026/09/27 14:42:42.015, 7, 24, 1980 MHz, 115.71 W, 0 %, 537 MiB
2026/09/27 14:42:44.015, 0, 23, 1980 MHz, 114.22 W, 0 %, 557 MiB
2026/09/27 14:42:44.016, 1, 26, 1980 MHz, 115.10 W, 0 %, 537 MiB
2026/09/27 14:42:44.016, 2, 30, 1980 MHz, 119.35 W, 0 %, 537 MiB
2026/09/27 14:42:44.016, 3, 25, 1980 MHz, 121.14 W, 0 %, 537 MiB
2026/09/27 14:42:44.016, 4, 24, 1980 MHz, 117.44 W, 0 %, 537 MiB
2026/09/27 14:42:44.016, 5, 27, 1980 MHz, 120.45 W, 0 %, 537 MiB
2026/09/27 14:42:44.016, 6, 25, 1980 MHz, 119.75 W, 0 %, 537 MiB
2026/09/27 14:42:44.016, 7, 24, 1980 MHz, 115.75 W, 0 %, 537 MiB
2026/09/27 14:42:46.017, 0, 23, 1980 MHz, 114.14 W, 0 %, 557 MiB
2026/09/27 14:42:46.017, 1, 26, 1980 MHz, 115.09 W, 0 %, 537 MiB
2026/09/27 14:42:46.017, 2, 30, 1980 MHz, 119.30 W, 0 %, 537 MiB
2026/09/27 14:42:46.017, 3, 25, 1980 MHz, 121.07 W, 0 %, 537 MiB
2026/09/27 14:42:46.017, 4, 24, 1980 MHz, 117.46 W, 0 %, 537 MiB
2026/09/27 14:42:46.017, 5, 27, 1980 MHz, 120.46 W, 0 %, 537 MiB
2026/09/27 14:42:46.017, 6, 25, 1980 MHz, 119.73 W, 0 %, 537 MiB
2026/09/27 14:42:46.017, 7, 24, 1980 MHz, 115.76 W, 0 %, 537 MiB
2026/09/27 14:42:48.018, 0, 23, 1980 MHz, 114.20 W, 0 %, 557 MiB
2026/09/27 14:42:48.018, 1, 26, 1980 MHz, 115.12 W, 0 %, 537 MiB
2026/09/27 14:42:48.018, 2, 30, 1980 MHz, 119.33 W, 0 %, 537 MiB
2026/09/27 14:42:48.018, 3, 25, 1980 MHz, 121.14 W, 0 %, 537 MiB
2026/09/27 14:42:48.018, 4, 24, 1980 MHz, 117.46 W, 0 %, 537 MiB
2026/09/27 14:42:48.018, 5, 27, 1980 MHz, 120.36 W, 0 %, 537 MiB
2026/09/27 14:42:48.018, 6, 25, 1980 MHz, 119.80 W, 0 %, 537 MiB
2026/09/27 14:42:48.018, 7, 24, 1980 MHz, 115.69 W, 0 %, 537 MiB
2026/09/27 14:42:50.019, 0, 23, 1980 MHz, 114.23 W, 0 %, 557 MiB
2026/09/27 14:42:50.019, 1, 26, 1980 MHz, 115.11 W, 0 %, 537 MiB
2026/09/27 14:42:50.019, 2, 30, 1980 MHz, 119.38 W, 0 %, 537 MiB
2026/09/27 14:42:50.019, 3, 25, 1980 MHz, 121.15 W, 0 %, 537 MiB
2026/09/27 14:42:50.019, 4, 24, 1980 MHz, 117.42 W, 0 %, 537 MiB
2026/09/27 14:42:50.019, 5, 27, 1980 MHz, 120.42 W, 0 %, 537 MiB
2026/09/27 14:42:50.019, 6, 25, 1980 MHz, 119.76 W, 0 %, 537 MiB
2026/09/27 14:42:50.019, 7, 24, 1980 MHz, 115.68 W, 0 %, 537 MiB
2026/09/27 14:42:52.020, 0, 23, 1980 MHz, 114.16 W, 0 %, 557 MiB
2026/09/27 14:42:52.020, 1, 26, 1980 MHz, 115.12 W, 0 %, 537 MiB
2026/09/27 14:42:52.020, 2, 30, 1980 MHz, 119.29 W, 0 %, 537 MiB
2026/09/27 14:42:52.020, 3, 25, 1980 MHz, 121.00 W, 0 %, 537 MiB
2026/09/27 14:42:52.020, 4, 24, 1980 MHz, 117.42 W, 0 %, 537 MiB
2026/09/27 14:42:52.020, 5, 27, 1980 MHz, 120.40 W, 0 %, 537 MiB
2026/09/27 14:42:52.020, 6, 25, 1980 MHz, 119.78 W, 0 %, 537 MiB
2026/09/27 14:42:52.020, 7, 24, 1980 MHz, 115.82 W, 0 %, 537 MiB
2026/09/27 14:42:54.021, 0, 23, 1980 MHz, 114.19 W, 0 %, 557 MiB
2026/09/27 14:42:54.021, 1, 26, 1980 MHz, 115.11 W, 0 %, 537 MiB
2026/09/27 14:42:54.021, 2, 30, 1980 MHz, 119.30 W, 0 %, 537 MiB
2026/09/27 14:42:54.021, 3, 25, 1980 MHz, 121.12 W, 0 %, 537 MiB
2026/09/27 14:42:54.021, 4, 24, 1980 MHz, 117.46 W, 0 %, 537 MiB
2026/09/27 14:42:54.021, 5, 27, 1980 MHz, 120.45 W, 0 %, 537 MiB
2026/09/27 14:42:54.021, 6, 25, 1980 MHz, 119.78 W, 0 %, 537 MiB
2026/09/27 14:42:54.022, 7, 24, 1980 MHz, 115.74 W, 0 %, 537 MiB
2026/09/27 14:42:56.022, 0, 23, 1980 MHz, 114.21 W, 0 %, 557 MiB
2026/09/27 14:42:56.022, 1, 26, 1980 MHz, 115.07 W, 0 %, 537 MiB
2026/09/27 14:42:56.022, 2, 30, 1980 MHz, 119.40 W, 0 %, 537 MiB
2026/09/27 14:42:56.022, 3, 25, 1980 MHz, 121.09 W, 0 %, 537 MiB
2026/09/27 14:42:56.022, 4, 24, 1980 MHz, 117.46 W, 0 %, 537 MiB
2026/09/27 14:42:56.023, 5, 27, 1980 MHz, 120.43 W, 0 %, 537 MiB
2026/09/27 14:42:56.023, 6, 25, 1980 MHz, 119.69 W, 0 %, 537 MiB
2026/09/27 14:42:56.023, 7, 24, 1980 MHz, 115.68 W, 0 %, 537 MiB
2026/09/27 14:42:58.023, 0, 23, 1980 MHz, 114.22 W, 0 %, 557 MiB
2026/09/27 14:42:58.023, 1, 26, 1980 MHz, 115.04 W, 0 %, 537 MiB
2026/09/27 14:42:58.023, 2, 30, 1980 MHz, 119.30 W, 0 %, 537 MiB
2026/09/27 14:42:58.024, 3, 25, 1980 MHz, 121.07 W, 0 %, 537 MiB
2026/09/27 14:42:58.024, 4, 24, 1980 MHz, 117.42 W, 0 %, 537 MiB
2026/09/27 14:42:58.024, 5, 27, 1980 MHz, 120.44 W, 0 %, 537 MiB
2026/09/27 14:42:58.024, 6, 25, 1980 MHz, 119.72 W, 0 %, 537 MiB
2026/09/27 14:42:58.024, 7, 24, 1980 MHz, 115.77 W, 0 %, 537 MiB
2026/09/27 14:43:00.024, 0, 23, 1980 MHz, 114.18 W, 0 %, 557 MiB
2026/09/27 14:43:00.024, 1, 26, 1980 MHz, 115.10 W, 0 %, 537 MiB
2026/09/27 14:43:00.025, 2, 30, 1980 MHz, 119.29 W, 0 %, 537 MiB
2026/09/27 14:43:00.025, 3, 25, 1980 MHz, 121.10 W, 0 %, 537 MiB
2026/09/27 14:43:00.025, 4, 24, 1980 MHz, 117.43 W, 0 %, 537 MiB
2026/09/27 14:43:00.025, 5, 27, 1980 MHz, 120.40 W, 0 %, 537 MiB
2026/09/27 14:43:00.025, 6, 25, 1980 MHz, 119.75 W, 0 %, 537 MiB
2026/09/27 14:43:00.025, 7, 24, 1980 MHz, 115.71 W, 0 %, 537 MiB
2026/09/27 14:43:02.025, 0, 23, 1980 MHz, 114.16 W, 0 %, 557 MiB
2026/09/27 14:43:02.026, 1, 26, 1980 MHz, 115.18 W, 0 %, 537 MiB
2026/09/27 14:43:02.026, 2, 30, 1980 MHz, 119.32 W, 0 %, 537 MiB
2026/09/27 14:43:02.026, 3, 25, 1980 MHz, 121.07 W, 0 %, 537 MiB
2026/09/27 14:43:02.026, 4, 24, 1980 MHz, 117.48 W, 0 %, 537 MiB
2026/09/27 14:43:02.026, 5, 27, 1980 MHz, 120.36 W, 0 %, 537 MiB
2026/09/27 14:43:02.026, 6, 25, 1980 MHz, 119.75 W, 0 %, 537 MiB
2026/09/27 14:43:02.026, 7, 24, 1980 MHz, 115.74 W, 0 %, 537 MiB
2026/09/27 14:43:04.026, 0, 23, 1980 MHz, 114.19 W, 0 %, 557 MiB
2026/09/27 14:43:04.027, 1, 26, 1980 MHz, 115.12 W, 0 %, 537 MiB
2026/09/27 14:43:04.027, 2, 30, 1980 MHz, 119.33 W, 0 %, 537 MiB
2026/09/27 14:43:04.027, 3, 25, 1980 MHz, 121.09 W, 0 %, 537 MiB
2026/09/27 14:43:04.027, 4, 24, 1980 MHz, 117.41 W, 0 %, 537 MiB
2026/09/27 14:43:04.027, 5, 27, 1980 MHz, 120.45 W, 0 %, 537 MiB
2026/09/27 14:43:04.027, 6, 25, 1980 MHz, 119.73 W, 0 %, 537 MiB
2026/09/27 14:43:04.027, 7, 24, 1980 MHz, 115.76 W, 0 %, 537 MiB
2026/09/27 14:43:06.027, 0, 23, 1980 MHz, 114.15 W, 0 %, 557 MiB
2026/09/27 14:43:06.028, 1, 26, 1980 MHz, 115.07 W, 0 %, 537 MiB
2026/09/27 14:43:06.028, 2, 30, 1980 MHz, 119.32 W, 0 %, 537 MiB
2026/09/27 14:43:06.028, 3, 25, 1980 MHz, 121.12 W, 0 %, 537 MiB
2026/09/27 14:43:06.028, 4, 24, 1980 MHz, 117.43 W, 0 %, 537 MiB
2026/09/27 14:43:06.028, 5, 27, 1980 MHz, 120.43 W, 0 %, 537 MiB
2026/09/27 14:43:06.028, 6, 25, 1980 MHz, 119.79 W, 0 %, 537 MiB
2026/09/27 14:43:06.028, 7, 24, 1980 MHz, 115.77 W, 0 %, 537 MiB
2026/09/27 14:43:08.029, 0, 23, 1980 MHz, 114.20 W, 0 %, 557 MiB
2026/09/27 14:43:08.029, 1, 26, 1980 MHz, 115.06 W, 0 %, 537 MiB
2026/09/27 14:43:08.029, 2, 30, 1980 MHz, 119.31 W, 0 %, 537 MiB
2026/09/27 14:43:08.029, 3, 25, 1980 MHz, 121.11 W, 0 %, 537 MiB
2026/09/27 14:43:08.029, 4, 24, 1980 MHz, 117.47 W, 0 %, 537 MiB
2026/09/27 14:43:08.029, 5, 27, 1980 MHz, 120.39 W, 0 %, 537 MiB
2026/09/27 14:43:08.029, 6, 25, 1980 MHz, 119.78 W, 0 %, 537 MiB
2026/09/27 14:43:08.029, 7, 24, 1980 MHz, 115.69 W, 0 %, 537 MiB
2026/09/27 14:43:10.030, 0, 23, 1980 MHz, 114.16 W, 0 %, 557 MiB
2026/09/27 14:43:10.030, 1, 26, 1980 MHz, 115.09 W, 0 %, 537 MiB
2026/09/27 14:43:10.030, 2, 30, 1980 MHz, 119.35 W, 0 %, 537 MiB
2026/09/27 14:43:10.030, 3, 25, 1980 MHz, 121.12 W, 0 %, 537 MiB
2026/09/27 14:43:10.030, 4, 24, 1980 MHz, 117.38 W, 0 %, 537 MiB
2026/09/27 14:43:10.030, 5, 27, 1980 MHz, 120.42 W, 0 %, 537 MiB
2026/09/27 14:43:10.030, 6, 25, 1980 MHz, 119.71 W, 0 %, 537 MiB
2026/09/27 14:43:10.030, 7, 24, 1980 MHz, 115.70 W, 0 %, 537 MiB
2026/09/27 14:43:12.031, 0, 23, 1980 MHz, 114.16 W, 0 %, 557 MiB
2026/09/27 14:43:12.031, 1, 26, 1980 MHz, 115.11 W, 0 %, 537 MiB
2026/09/27 14:43:12.031, 2, 30, 1980 MHz, 119.28 W, 0 %, 537 MiB
2026/09/27 14:43:12.031, 3, 25, 1980 MHz, 121.05 W, 0 %, 537 MiB
2026/09/27 14:43:12.031, 4, 24, 1980 MHz, 117.44 W, 0 %, 537 MiB
2026/09/27 14:43:12.031, 5, 27, 1980 MHz, 120.39 W, 0 %, 537 MiB
2026/09/27 14:43:12.031, 6, 25, 1980 MHz, 119.76 W, 0 %, 537 MiB
2026/09/27 14:43:12.031, 7, 24, 1980 MHz, 115.79 W, 0 %, 537 MiB
2026/09/27 14:43:14.032, 0, 23, 1980 MHz, 114.19 W, 0 %, 557 MiB
2026/09/27 14:43:14.032, 1, 26, 1980 MHz, 115.10 W, 0 %, 537 MiB
2026/09/27 14:43:14.032, 2, 30, 1980 MHz, 119.30 W, 0 %, 537 MiB
2026/09/27 14:43:14.032, 3, 25, 1980 MHz, 121.13 W, 0 %, 537 MiB
2026/09/27 14:43:14.032, 4, 24, 1980 MHz, 117.41 W, 0 %, 537 MiB
2026/09/27 14:43:14.032, 5, 27, 1980 MHz, 120.39 W, 0 %, 537 MiB
2026/09/27 14:43:14.032, 6, 25, 1980 MHz, 119.72 W, 0 %, 537 MiB
2026/09/27 14:43:14.033, 7, 24, 1980 MHz, 115.66 W, 0 %, 537 MiB
2026/09/27 14:43:16.033, 0, 23, 1980 MHz, 114.19 W, 0 %, 557 MiB
2026/09/27 14:43:16.033, 1, 26, 1980 MHz, 115.11 W, 0 %, 537 MiB
2026/09/27 14:43:16.033, 2, 30, 1980 MHz, 119.32 W, 0 %, 537 MiB
2026/09/27 14:43:16.033, 3, 25, 1980 MHz, 121.08 W, 0 %, 537 MiB
2026/09/27 14:43:16.033, 4, 24, 1980 MHz, 117.41 W, 0 %, 537 MiB
2026/09/27 14:43:16.034, 5, 27, 1980 MHz, 120.40 W, 0 %, 537 MiB
2026/09/27 14:43:16.034, 6, 25, 1980 MHz, 119.71 W, 0 %, 537 MiB
2026/09/27 14:43:16.034, 7, 24, 1980 MHz, 115.74 W, 0 %, 537 MiB
2026/09/27 14:43:18.034, 0, 23, 1980 MHz, 114.17 W, 0 %, 557 MiB
2026/09/27 14:43:18.034, 1, 26, 1980 MHz, 115.07 W, 0 %, 537 MiB
2026/09/27 14:43:18.034, 2, 30, 1980 MHz, 119.27 W, 0 %, 537 MiB
2026/09/27 14:43:18.034, 3, 25, 1980 MHz, 121.10 W, 0 %, 537 MiB
2026/09/27 14:43:18.035, 4, 24, 1980 MHz, 117.43 W, 0 %, 537 MiB
2026/09/27 14:43:18.035, 5, 27, 1980 MHz, 120.45 W, 0 %, 537 MiB
2026/09/27 14:43:18.035, 6, 25, 1980 MHz, 119.75 W, 0 %, 537 MiB
2026/09/27 14:43:18.035, 7, 24, 1980 MHz, 115.79 W, 0 %, 537 MiB
2026/09/27 14:43:20.035, 0, 23, 1980 MHz, 114.16 W, 0 %, 557 MiB
2026/09/27 14:43:20.035, 1, 26, 1980 MHz, 115.07 W, 0 %, 537 MiB
2026/09/27 14:43:20.035, 2, 30, 1980 MHz, 119.27 W, 0 %, 537 MiB
2026/09/27 14:43:20.036, 3, 25, 1980 MHz, 121.07 W, 0 %, 537 MiB
2026/09/27 14:43:20.036, 4, 24, 1980 MHz, 117.44 W, 0 %, 537 MiB
2026/09/27 14:43:20.036, 5, 27, 1980 MHz, 120.40 W, 0 %, 537 MiB
2026/09/27 14:43:20.036, 6, 25, 1980 MHz, 119.73 W, 0 %, 537 MiB
2026/09/27 14:43:20.036, 7, 24, 1980 MHz, 115.72 W, 0 %, 537 MiB
2026/09/27 14:43:22.036, 0, 23, 1980 MHz, 114.17 W, 0 %, 557 MiB
2026/09/27 14:43:22.036, 1, 26, 1980 MHz, 115.12 W, 0 %, 537 MiB
2026/09/27 14:43:22.037, 2, 30, 1980 MHz, 119.31 W, 0 %, 537 MiB
2026/09/27 14:43:22.037, 3, 25, 1980 MHz, 121.11 W, 0 %, 537 MiB
2026/09/27 14:43:22.037, 4, 24, 1980 MHz, 117.45 W, 0 %, 537 MiB
2026/09/27 14:43:22.037, 5, 27, 1980 MHz, 120.40 W, 0 %, 537 MiB
2026/09/27 14:43:22.037, 6, 25, 1980 MHz, 119.74 W, 0 %, 537 MiB
2026/09/27 14:43:22.037, 7, 24, 1980 MHz, 115.75 W, 0 %, 537 MiB
2026/09/27 14:43:24.037, 0, 23, 1980 MHz, 114.21 W, 0 %, 557 MiB
2026/09/27 14:43:24.038, 1, 26, 1980 MHz, 115.10 W, 0 %, 537 MiB
2026/09/27 14:43:24.038, 2, 30, 1980 MHz, 119.32 W, 0 %, 537 MiB
2026/09/27 14:43:24.038, 3, 25, 1980 MHz, 121.08 W, 0 %, 537 MiB
2026/09/27 14:43:24.038, 4, 24, 1980 MHz, 117.38 W, 0 %, 537 MiB
2026/09/27 14:43:24.038, 5, 27, 1980 MHz, 120.44 W, 0 %, 537 MiB
2026/09/27 14:43:24.038, 6, 25, 1980 MHz, 119.67 W, 0 %, 537 MiB
2026/09/27 14:43:24.038, 7, 24, 1980 MHz, 115.68 W, 0 %, 537 MiB
2026/09/27 14:43:26.038, 0, 23, 1980 MHz, 114.18 W, 0 %, 557 MiB
2026/09/27 14:43:26.039, 1, 26, 1980 MHz, 115.10 W, 0 %, 537 MiB
2026/09/27 14:43:26.039, 2, 30, 1980 MHz, 119.28 W, 0 %, 537 MiB
2026/09/27 14:43:26.039, 3, 25, 1980 MHz, 121.10 W, 0 %, 537 MiB
2026/09/27 14:43:26.039, 4, 24, 1980 MHz, 117.39 W, 0 %, 537 MiB
2026/09/27 14:43:26.039, 5, 27, 1980 MHz, 120.45 W, 0 %, 537 MiB
2026/09/27 14:43:26.039, 6, 25, 1980 MHz, 119.76 W, 0 %, 537 MiB
2026/09/27 14:43:26.039, 7, 24, 1980 MHz, 115.65 W, 0 %, 537 MiB
2026/09/27 14:43:28.039, 0, 23, 1980 MHz, 114.18 W, 0 %, 557 MiB
2026/09/27 14:43:28.040, 1, 26, 1980 MHz, 115.12 W, 0 %, 537 MiB
2026/09/27 14:43:28.040, 2, 30, 1980 MHz, 119.34 W, 0 %, 537 MiB
2026/09/27 14:43:28.040, 3, 25, 1980 MHz, 121.10 W, 0 %, 537 MiB
2026/09/27 14:43:28.040, 4, 24, 1980 MHz, 117.43 W, 0 %, 537 MiB
2026/09/27 14:43:28.040, 5, 27, 1980 MHz, 120.43 W, 0 %, 537 MiB
2026/09/27 14:43:28.040, 6, 25, 1980 MHz, 119.76 W, 0 %, 537 MiB
2026/09/27 14:43:28.040, 7, 24, 1980 MHz, 115.72 W, 0 %, 537 MiB
2026/09/27 14:43:30.041, 0, 23, 1980 MHz, 114.18 W, 0 %, 557 MiB
2026/09/27 14:43:30.041, 1, 26, 1980 MHz, 115.07 W, 0 %, 537 MiB
2026/09/27 14:43:30.041, 2, 30, 1980 MHz, 119.31 W, 0 %, 537 MiB
2026/09/27 14:43:30.041, 3, 25, 1980 MHz, 121.06 W, 0 %, 537 MiB
2026/09/27 14:43:30.041, 4, 24, 1980 MHz, 117.43 W, 0 %, 537 MiB
2026/09/27 14:43:30.041, 5, 27, 1980 MHz, 120.40 W, 0 %, 537 MiB
2026/09/27 14:43:30.041, 6, 25, 1980 MHz, 119.71 W, 0 %, 537 MiB
2026/09/27 14:43:30.041, 7, 24, 1980 MHz, 115.73 W, 0 %, 537 MiB
2026/09/27 14:43:32.042, 0, 23, 1980 MHz, 114.18 W, 0 %, 557 MiB
2026/09/27 14:43:32.042, 1, 26, 1980 MHz, 115.05 W, 0 %, 537 MiB
2026/09/27 14:43:32.042, 2, 30, 1980 MHz, 119.25 W, 0 %, 537 MiB
2026/09/27 14:43:32.042, 3, 25, 1980 MHz, 121.13 W, 0 %, 537 MiB
2026/09/27 14:43:32.042, 4, 24, 1980 MHz, 117.37 W, 0 %, 537 MiB
2026/09/27 14:43:32.042, 5, 27, 1980 MHz, 120.44 W, 0 %, 537 MiB
2026/09/27 14:43:32.042, 6, 25, 1980 MHz, 119.75 W, 0 %, 537 MiB
2026/09/27 14:43:32.042, 7, 24, 1980 MHz, 115.68 W, 0 %, 537 MiB
2026/09/27 14:43:34.043, 0, 23, 1980 MHz, 114.18 W, 0 %, 557 MiB
2026/09/27 14:43:34.043, 1, 26, 1980 MHz, 115.15 W, 0 %, 537 MiB
2026/09/27 14:43:34.043, 2, 30, 1980 MHz, 119.29 W, 0 %, 537 MiB
2026/09/27 14:43:34.043, 3, 25, 1980 MHz, 121.12 W, 0 %, 537 MiB
2026/09/27 14:43:34.043, 4, 24, 1980 MHz, 117.44 W, 0 %, 537 MiB
2026/09/27 14:43:34.043, 5, 27, 1980 MHz, 120.44 W, 0 %, 537 MiB
2026/09/27 14:43:34.043, 6, 25, 1980 MHz, 119.72 W, 0 %, 537 MiB
2026/09/27 14:43:34.043, 7, 24, 1980 MHz, 115.68 W, 0 %, 537 MiB
2026/09/27 14:43:36.044, 0, 23, 1980 MHz, 114.20 W, 0 %, 557 MiB
2026/09/27 14:43:36.044, 1, 26, 1980 MHz, 115.08 W, 0 %, 537 MiB
2026/09/27 14:43:36.044, 2, 30, 1980 MHz, 119.32 W, 0 %, 537 MiB
2026/09/27 14:43:36.044, 3, 25, 1980 MHz, 121.09 W, 0 %, 537 MiB
2026/09/27 14:43:36.044, 4, 24, 1980 MHz, 117.44 W, 0 %, 537 MiB
2026/09/27 14:43:36.044, 5, 27, 1980 MHz, 120.42 W, 0 %, 537 MiB
2026/09/27 14:43:36.044, 6, 25, 1980 MHz, 119.71 W, 0 %, 537 MiB
2026/09/27 14:43:36.045, 7, 24, 1980 MHz, 115.72 W, 0 %, 537 MiB
2026/09/27 14:43:38.045, 0, 23, 1980 MHz, 114.13 W, 0 %, 557 MiB
2026/09/27 14:43:38.045, 1, 26, 1980 MHz, 115.06 W, 0 %, 537 MiB
2026/09/27 14:43:38.045, 2, 30, 1980 MHz, 119.30 W, 0 %, 537 MiB
2026/09/27 14:43:38.045, 3, 25, 1980 MHz, 121.06 W, 0 %, 537 MiB
2026/09/27 14:43:38.045, 4, 24, 1980 MHz, 117.38 W, 0 %, 537 MiB
2026/09/27 14:43:38.045, 5, 27, 1980 MHz, 120.47 W, 0 %, 537 MiB
2026/09/27 14:43:38.046, 6, 25, 1980 MHz, 119.71 W, 0 %, 537 MiB
2026/09/27 14:43:38.046, 7, 24, 1980 MHz, 115.77 W, 0 %, 537 MiB
2026/09/27 14:43:40.046, 0, 23, 1980 MHz, 114.18 W, 0 %, 557 MiB
2026/09/27 14:43:40.046, 1, 26, 1980 MHz, 115.07 W, 0 %, 537 MiB
2026/09/27 14:43:40.046, 2, 30, 1980 MHz, 119.25 W, 0 %, 537 MiB
2026/09/27 14:43:40.046, 3, 25, 1980 MHz, 121.07 W, 0 %, 537 MiB
2026/09/27 14:43:40.046, 4, 24, 1980 MHz, 117.43 W, 0 %, 537 MiB
2026/09/27 14:43:40.047, 5, 27, 1980 MHz, 120.39 W, 0 %, 537 MiB
2026/09/27 14:43:40.047, 6, 25, 1980 MHz, 119.77 W, 0 %, 537 MiB
2026/09/27 14:43:40.047, 7, 24, 1980 MHz, 115.68 W, 0 %, 537 MiB
2026/09/27 14:43:42.047, 0, 23, 1980 MHz, 114.18 W, 0 %, 557 MiB
2026/09/27 14:43:42.047, 1, 26, 1980 MHz, 115.07 W, 0 %, 537 MiB
2026/09/27 14:43:42.047, 2, 30, 1980 MHz, 119.33 W, 0 %, 537 MiB
2026/09/27 14:43:42.047, 3, 25, 1980 MHz, 121.07 W, 0 %, 537 MiB
2026/09/27 14:43:42.048, 4, 24, 1980 MHz, 117.42 W, 0 %, 537 MiB
2026/09/27 14:43:42.048, 5, 27, 1980 MHz, 120.38 W, 0 %, 537 MiB
2026/09/27 14:43:42.048, 6, 25, 1980 MHz, 119.72 W, 0 %, 537 MiB
2026/09/27 14:43:42.048, 7, 24, 1980 MHz, 115.74 W, 0 %, 537 MiB
2026/09/27 14:43:44.048, 0, 23, 1980 MHz, 114.19 W, 0 %, 557 MiB
2026/09/27 14:43:44.048, 1, 26, 1980 MHz, 115.11 W, 0 %, 537 MiB
2026/09/27 14:43:44.048, 2, 30, 1980 MHz, 119.29 W, 0 %, 537 MiB
2026/09/27 14:43:44.049, 3, 25, 1980 MHz, 120.97 W, 0 %, 537 MiB
2026/09/27 14:43:44.049, 4, 24, 1980 MHz, 117.39 W, 0 %, 537 MiB
2026/09/27 14:43:44.049, 5, 27, 1980 MHz, 120.43 W, 0 %, 537 MiB
2026/09/27 14:43:44.049, 6, 25, 1980 MHz, 119.74 W, 0 %, 537 MiB
2026/09/27 14:43:44.049, 7, 24, 1980 MHz, 115.73 W, 0 %, 537 MiB
2026/09/27 14:43:46.049, 0, 23, 1980 MHz, 114.15 W, 0 %, 557 MiB
2026/09/27 14:43:46.050, 1, 26, 1980 MHz, 115.10 W, 0 %, 537 MiB
2026/09/27 14:43:46.050, 2, 30, 1980 MHz, 119.25 W, 0 %, 537 MiB
2026/09/27 14:43:46.050, 3, 25, 1980 MHz, 121.06 W, 0 %, 537 MiB
2026/09/27 14:43:46.050, 4, 24, 1980 MHz, 117.42 W, 0 %, 537 MiB
2026/09/27 14:43:46.050, 5, 27, 1980 MHz, 120.40 W, 0 %, 537 MiB
2026/09/27 14:43:46.050, 6, 25, 1980 MHz, 119.78 W, 0 %, 537 MiB
2026/09/27 14:43:46.050, 7, 24, 1980 MHz, 115.64 W, 0 %, 537 MiB
2026/09/27 14:43:48.050, 0, 23, 1980 MHz, 114.15 W, 0 %, 557 MiB
2026/09/27 14:43:48.051, 1, 26, 1980 MHz, 115.16 W, 0 %, 537 MiB
2026/09/27 14:43:48.051, 2, 30, 1980 MHz, 119.36 W, 0 %, 537 MiB
2026/09/27 14:43:48.051, 3, 25, 1980 MHz, 121.05 W, 0 %, 537 MiB
2026/09/27 14:43:48.051, 4, 24, 1980 MHz, 117.40 W, 0 %, 537 MiB
2026/09/27 14:43:48.051, 5, 27, 1980 MHz, 120.41 W, 0 %, 537 MiB
2026/09/27 14:43:48.051, 6, 25, 1980 MHz, 119.71 W, 0 %, 537 MiB
2026/09/27 14:43:48.051, 7, 24, 1980 MHz, 115.69 W, 0 %, 537 MiB
2026/09/27 14:43:50.052, 0, 23, 1980 MHz, 114.20 W, 0 %, 73539 MiB
2026/09/27 14:43:50.052, 1, 26, 1980 MHz, 115.09 W, 0 %, 537 MiB
2026/09/27 14:43:50.052, 2, 30, 1980 MHz, 119.28 W, 0 %, 537 MiB
2026/09/27 14:43:50.052, 3, 25, 1980 MHz, 121.03 W, 0 %, 537 MiB
2026/09/27 14:43:50.052, 4, 24, 1980 MHz, 117.38 W, 0 %, 537 MiB
2026/09/27 14:43:50.052, 5, 27, 1980 MHz, 120.42 W, 0 %, 537 MiB
2026/09/27 14:43:50.052, 6, 25, 1980 MHz, 119.65 W, 0 %, 537 MiB
2026/09/27 14:43:50.052, 7, 24, 1980 MHz, 115.70 W, 0 %, 537 MiB
2026/09/27 14:43:52.053, 0, 23, 1980 MHz, 114.13 W, 1 %, 73543 MiB
2026/09/27 14:43:52.053, 1, 26, 1980 MHz, 115.01 W, 1 %, 73523 MiB
2026/09/27 14:43:52.053, 2, 30, 1980 MHz, 119.23 W, 0 %, 73523 MiB
2026/09/27 14:43:52.053, 3, 25, 1980 MHz, 121.02 W, 0 %, 73521 MiB
2026/09/27 14:43:52.053, 4, 24, 1980 MHz, 117.36 W, 0 %, 539 MiB
2026/09/27 14:43:52.053, 5, 27, 1980 MHz, 120.41 W, 1 %, 539 MiB
2026/09/27 14:43:52.053, 6, 25, 1980 MHz, 119.74 W, 1 %, 539 MiB
2026/09/27 14:43:52.053, 7, 24, 1980 MHz, 115.65 W, 1 %, 539 MiB
2026/09/27 14:43:54.054, 0, 23, 1980 MHz, 113.99 W, 0 %, 73543 MiB
2026/09/27 14:43:54.054, 1, 26, 1980 MHz, 114.98 W, 0 %, 73523 MiB
2026/09/27 14:43:54.054, 2, 30, 1980 MHz, 119.22 W, 0 %, 73523 MiB
2026/09/27 14:43:54.054, 3, 25, 1980 MHz, 121.02 W, 0 %, 73523 MiB
2026/09/27 14:43:54.054, 4, 24, 1980 MHz, 117.38 W, 0 %, 73523 MiB
2026/09/27 14:43:54.054, 5, 27, 1980 MHz, 120.31 W, 0 %, 73521 MiB
2026/09/27 14:43:54.054, 6, 25, 1980 MHz, 119.64 W, 0 %, 539 MiB
2026/09/27 14:43:54.054, 7, 24, 1980 MHz, 115.65 W, 0 %, 539 MiB
2026/09/27 14:43:56.055, 0, 23, 1980 MHz, 114.40 W, 2 %, 73547 MiB
2026/09/27 14:43:56.055, 1, 26, 1980 MHz, 115.00 W, 0 %, 73525 MiB
2026/09/27 14:43:56.055, 2, 30, 1980 MHz, 119.19 W, 0 %, 73525 MiB
2026/09/27 14:43:56.055, 3, 25, 1980 MHz, 121.03 W, 0 %, 73525 MiB
2026/09/27 14:43:56.055, 4, 24, 1980 MHz, 117.36 W, 0 %, 73525 MiB
2026/09/27 14:43:56.055, 5, 27, 1980 MHz, 120.26 W, 0 %, 73525 MiB
2026/09/27 14:43:56.055, 6, 25, 1980 MHz, 119.60 W, 0 %, 73525 MiB
2026/09/27 14:43:56.055, 7, 24, 1980 MHz, 115.58 W, 0 %, 73525 MiB
2026/09/27 14:43:58.056, 0, 23, 1980 MHz, 114.38 W, 1 %, 73547 MiB
2026/09/27 14:43:58.056, 1, 26, 1980 MHz, 114.93 W, 0 %, 73525 MiB
2026/09/27 14:43:58.056, 2, 30, 1980 MHz, 119.11 W, 0 %, 73525 MiB
2026/09/27 14:43:58.056, 3, 25, 1980 MHz, 121.05 W, 0 %, 73525 MiB
2026/09/27 14:43:58.056, 4, 24, 1980 MHz, 117.32 W, 0 %, 73525 MiB
2026/09/27 14:43:58.056, 5, 27, 1980 MHz, 120.41 W, 0 %, 73525 MiB
2026/09/27 14:43:58.056, 6, 25, 1980 MHz, 119.62 W, 0 %, 73525 MiB
2026/09/27 14:43:58.056, 7, 24, 1980 MHz, 115.58 W, 0 %, 73525 MiB
2026/09/27 14:44:00.057, 0, 23, 1980 MHz, 114.48 W, 1 %, 73547 MiB
2026/09/27 14:44:00.057, 1, 26, 1980 MHz, 114.94 W, 0 %, 73525 MiB
2026/09/27 14:44:00.057, 2, 30, 1980 MHz, 119.14 W, 0 %, 73525 MiB
2026/09/27 14:44:00.057, 3, 25, 1980 MHz, 121.02 W, 0 %, 73525 MiB
2026/09/27 14:44:00.057, 4, 24, 1980 MHz, 117.37 W, 0 %, 73525 MiB
2026/09/27 14:44:00.057, 5, 27, 1980 MHz, 120.32 W, 0 %, 73525 MiB
2026/09/27 14:44:00.057, 6, 25, 1980 MHz, 119.61 W, 0 %, 73525 MiB
2026/09/27 14:44:00.057, 7, 24, 1980 MHz, 115.52 W, 0 %, 73525 MiB
2026/09/27 14:44:02.058, 0, 23, 1980 MHz, 114.58 W, 1 %, 73547 MiB
2026/09/27 14:44:02.058, 1, 26, 1980 MHz, 114.96 W, 0 %, 73525 MiB
2026/09/27 14:44:02.058, 2, 30, 1980 MHz, 119.15 W, 0 %, 73525 MiB
2026/09/27 14:44:02.058, 3, 25, 1980 MHz, 121.03 W, 0 %, 73525 MiB
2026/09/27 14:44:02.058, 4, 24, 1980 MHz, 117.32 W, 0 %, 73525 MiB
2026/09/27 14:44:02.058, 5, 27, 1980 MHz, 120.32 W, 0 %, 73525 MiB
2026/09/27 14:44:02.058, 6, 25, 1980 MHz, 119.58 W, 0 %, 73525 MiB
2026/09/27 14:44:02.059, 7, 24, 1980 MHz, 115.59 W, 0 %, 73525 MiB
2026/09/27 14:44:04.059, 0, 23, 1980 MHz, 114.34 W, 1 %, 73547 MiB
2026/09/27 14:44:04.059, 1, 26, 1980 MHz, 114.90 W, 0 %, 73525 MiB
2026/09/27 14:44:04.059, 2, 30, 1980 MHz, 119.17 W, 0 %, 73525 MiB
2026/09/27 14:44:04.059, 3, 25, 1980 MHz, 120.95 W, 0 %, 73525 MiB
2026/09/27 14:44:04.059, 4, 24, 1980 MHz, 117.31 W, 0 %, 73525 MiB
2026/09/27 14:44:04.059, 5, 27, 1980 MHz, 120.37 W, 0 %, 73525 MiB
2026/09/27 14:44:04.060, 6, 25, 1980 MHz, 119.60 W, 0 %, 73525 MiB
2026/09/27 14:44:04.060, 7, 24, 1980 MHz, 115.58 W, 0 %, 73525 MiB
2026/09/27 14:44:06.060, 0, 23, 1980 MHz, 114.37 W, 1 %, 73547 MiB
2026/09/27 14:44:06.060, 1, 26, 1980 MHz, 114.96 W, 0 %, 73525 MiB
2026/09/27 14:44:06.060, 2, 30, 1980 MHz, 119.11 W, 0 %, 73525 MiB
2026/09/27 14:44:06.060, 3, 25, 1980 MHz, 121.01 W, 0 %, 73525 MiB
2026/09/27 14:44:06.061, 4, 24, 1980 MHz, 117.35 W, 0 %, 73525 MiB
2026/09/27 14:44:06.061, 5, 27, 1980 MHz, 120.36 W, 0 %, 73525 MiB
2026/09/27 14:44:06.061, 6, 25, 1980 MHz, 119.60 W, 0 %, 73525 MiB
2026/09/27 14:44:06.061, 7, 24, 1980 MHz, 115.52 W, 0 %, 73525 MiB
2026/09/27 14:44:08.061, 0, 23, 1980 MHz, 114.41 W, 1 %, 73547 MiB
2026/09/27 14:44:08.061, 1, 26, 1980 MHz, 115.04 W, 0 %, 73525 MiB
2026/09/27 14:44:08.061, 2, 30, 1980 MHz, 119.16 W, 0 %, 73525 MiB
2026/09/27 14:44:08.062, 3, 25, 1980 MHz, 120.93 W, 0 %, 73525 MiB
2026/09/27 14:44:08.062, 4, 24, 1980 MHz, 117.33 W, 0 %, 73525 MiB
2026/09/27 14:44:08.062, 5, 27, 1980 MHz, 120.33 W, 0 %, 73525 MiB
2026/09/27 14:44:08.062, 6, 25, 1980 MHz, 119.60 W, 0 %, 73525 MiB
2026/09/27 14:44:08.062, 7, 24, 1980 MHz, 115.57 W, 0 %, 73525 MiB
2026/09/27 14:44:10.062, 0, 23, 1980 MHz, 114.42 W, 1 %, 73547 MiB
2026/09/27 14:44:10.062, 1, 26, 1980 MHz, 114.96 W, 0 %, 73525 MiB
2026/09/27 14:44:10.063, 2, 30, 1980 MHz, 119.17 W, 0 %, 73525 MiB
2026/09/27 14:44:10.063, 3, 25, 1980 MHz, 120.94 W, 0 %, 73525 MiB
2026/09/27 14:44:10.063, 4, 24, 1980 MHz, 117.35 W, 0 %, 73525 MiB
2026/09/27 14:44:10.063, 5, 27, 1980 MHz, 120.40 W, 0 %, 73525 MiB
2026/09/27 14:44:10.063, 6, 25, 1980 MHz, 119.61 W, 0 %, 73525 MiB
2026/09/27 14:44:10.063, 7, 24, 1980 MHz, 115.63 W, 0 %, 73525 MiB
2026/09/27 14:44:12.063, 0, 23, 1980 MHz, 114.39 W, 1 %, 73547 MiB
2026/09/27 14:44:12.063, 1, 26, 1980 MHz, 114.94 W, 0 %, 73525 MiB
2026/09/27 14:44:12.063, 2, 30, 1980 MHz, 119.14 W, 0 %, 73525 MiB
2026/09/27 14:44:12.063, 3, 25, 1980 MHz, 120.98 W, 0 %, 73525 MiB
2026/09/27 14:44:12.063, 4, 24, 1980 MHz, 117.29 W, 0 %, 73525 MiB
2026/09/27 14:44:12.064, 5, 27, 1980 MHz, 120.39 W, 0 %, 73525 MiB
2026/09/27 14:44:12.064, 6, 25, 1980 MHz, 119.61 W, 0 %, 73525 MiB
2026/09/27 14:44:12.064, 7, 24, 1980 MHz, 115.56 W, 0 %, 73525 MiB
2026/09/27 14:44:14.064, 0, 23, 1980 MHz, 114.50 W, 1 %, 73547 MiB
2026/09/27 14:44:14.064, 1, 26, 1980 MHz, 114.96 W, 0 %, 73525 MiB
2026/09/27 14:44:14.064, 2, 30, 1980 MHz, 119.14 W, 0 %, 73525 MiB
2026/09/27 14:44:14.064, 3, 25, 1980 MHz, 121.01 W, 0 %, 73525 MiB
2026/09/27 14:44:14.064, 4, 24, 1980 MHz, 117.36 W, 0 %, 73525 MiB
2026/09/27 14:44:14.065, 5, 27, 1980 MHz, 120.36 W, 0 %, 73525 MiB
2026/09/27 14:44:14.065, 6, 25, 1980 MHz, 119.60 W, 0 %, 73525 MiB
2026/09/27 14:44:14.065, 7, 24, 1980 MHz, 115.59 W, 0 %, 73525 MiB
2026/09/27 14:44:16.065, 0, 23, 1980 MHz, 114.34 W, 0 %, 73547 MiB
2026/09/27 14:44:16.065, 1, 26, 1980 MHz, 115.37 W, 1 %, 73547 MiB
2026/09/27 14:44:16.065, 2, 30, 1980 MHz, 119.20 W, 0 %, 73525 MiB
2026/09/27 14:44:16.066, 3, 25, 1980 MHz, 120.96 W, 0 %, 73525 MiB
2026/09/27 14:44:16.066, 4, 24, 1980 MHz, 117.33 W, 0 %, 73525 MiB
2026/09/27 14:44:16.066, 5, 27, 1980 MHz, 120.37 W, 0 %, 73525 MiB
2026/09/27 14:44:16.066, 6, 25, 1980 MHz, 119.56 W, 0 %, 73525 MiB
2026/09/27 14:44:16.066, 7, 24, 1980 MHz, 115.59 W, 0 %, 73525 MiB
2026/09/27 14:44:18.066, 0, 23, 1980 MHz, 114.32 W, 0 %, 73547 MiB
2026/09/27 14:44:18.066, 1, 26, 1980 MHz, 115.30 W, 1 %, 73547 MiB
2026/09/27 14:44:18.066, 2, 30, 1980 MHz, 119.17 W, 0 %, 73525 MiB
2026/09/27 14:44:18.067, 3, 25, 1980 MHz, 120.96 W, 0 %, 73525 MiB
2026/09/27 14:44:18.067, 4, 24, 1980 MHz, 117.36 W, 0 %, 73525 MiB
2026/09/27 14:44:18.067, 5, 27, 1980 MHz, 120.39 W, 0 %, 73525 MiB
2026/09/27 14:44:18.067, 6, 25, 1980 MHz, 119.61 W, 0 %, 73525 MiB
2026/09/27 14:44:18.067, 7, 24, 1980 MHz, 115.56 W, 0 %, 73525 MiB
2026/09/27 14:44:20.067, 0, 23, 1980 MHz, 114.28 W, 0 %, 73547 MiB
2026/09/27 14:44:20.067, 1, 26, 1980 MHz, 115.37 W, 1 %, 73547 MiB
2026/09/27 14:44:20.068, 2, 30, 1980 MHz, 119.17 W, 0 %, 73525 MiB
2026/09/27 14:44:20.068, 3, 25, 1980 MHz, 121.00 W, 0 %, 73525 MiB
2026/09/27 14:44:20.068, 4, 24, 1980 MHz, 117.31 W, 0 %, 73525 MiB
2026/09/27 14:44:20.068, 5, 27, 1980 MHz, 120.37 W, 0 %, 73525 MiB
2026/09/27 14:44:20.068, 6, 25, 1980 MHz, 119.52 W, 0 %, 73525 MiB
2026/09/27 14:44:20.068, 7, 24, 1980 MHz, 115.50 W, 0 %, 73525 MiB
2026/09/27 14:44:22.068, 0, 23, 1980 MHz, 114.35 W, 0 %, 73547 MiB
2026/09/27 14:44:22.068, 1, 26, 1980 MHz, 115.36 W, 1 %, 73547 MiB
2026/09/27 14:44:22.068, 2, 30, 1980 MHz, 119.16 W, 0 %, 73525 MiB
2026/09/27 14:44:22.068, 3, 25, 1980 MHz, 121.02 W, 0 %, 73525 MiB
2026/09/27 14:44:22.069, 4, 24, 1980 MHz, 117.32 W, 0 %, 73525 MiB
2026/09/27 14:44:22.069, 5, 27, 1980 MHz, 120.36 W, 0 %, 73525 MiB
2026/09/27 14:44:22.069, 6, 25, 1980 MHz, 119.60 W, 0 %, 73525 MiB
2026/09/27 14:44:22.069, 7, 24, 1980 MHz, 115.62 W, 0 %, 73525 MiB
2026/09/27 14:44:24.069, 0, 23, 1980 MHz, 114.36 W, 0 %, 73547 MiB
2026/09/27 14:44:24.069, 1, 26, 1980 MHz, 115.37 W, 1 %, 73547 MiB
2026/09/27 14:44:24.069, 2, 30, 1980 MHz, 119.18 W, 0 %, 73525 MiB
2026/09/27 14:44:24.069, 3, 25, 1980 MHz, 120.99 W, 0 %, 73525 MiB
2026/09/27 14:44:24.069, 4, 24, 1980 MHz, 117.26 W, 0 %, 73525 MiB
2026/09/27 14:44:24.069, 5, 27, 1980 MHz, 120.36 W, 0 %, 73525 MiB
2026/09/27 14:44:24.070, 6, 25, 1980 MHz, 119.59 W, 0 %, 73525 MiB
2026/09/27 14:44:24.070, 7, 24, 1980 MHz, 115.51 W, 0 %, 73525 MiB
2026/09/27 14:44:26.070, 0, 23, 1980 MHz, 114.26 W, 0 %, 73547 MiB
2026/09/27 14:44:26.070, 1, 26, 1980 MHz, 115.28 W, 1 %, 73547 MiB
2026/09/27 14:44:26.070, 2, 30, 1980 MHz, 119.18 W, 0 %, 73525 MiB
2026/09/27 14:44:26.070, 3, 25, 1980 MHz, 121.03 W, 0 %, 73525 MiB
2026/09/27 14:44:26.070, 4, 24, 1980 MHz, 117.36 W, 0 %, 73525 MiB
2026/09/27 14:44:26.071, 5, 27, 1980 MHz, 120.35 W, 0 %, 73525 MiB
2026/09/27 14:44:26.071, 6, 25, 1980 MHz, 119.60 W, 0 %, 73525 MiB
2026/09/27 14:44:26.071, 7, 24, 1980 MHz, 115.56 W, 0 %, 73525 MiB
2026/09/27 14:44:28.071, 0, 23, 1980 MHz, 114.28 W, 0 %, 73547 MiB
2026/09/27 14:44:28.071, 1, 26, 1980 MHz, 115.42 W, 1 %, 73547 MiB
2026/09/27 14:44:28.071, 2, 30, 1980 MHz, 119.19 W, 0 %, 73525 MiB
2026/09/27 14:44:28.072, 3, 25, 1980 MHz, 120.97 W, 0 %, 73525 MiB
2026/09/27 14:44:28.072, 4, 24, 1980 MHz, 117.31 W, 0 %, 73525 MiB
2026/09/27 14:44:28.072, 5, 27, 1980 MHz, 120.34 W, 0 %, 73525 MiB
2026/09/27 14:44:28.072, 6, 25, 1980 MHz, 119.55 W, 0 %, 73525 MiB
2026/09/27 14:44:28.072, 7, 24, 1980 MHz, 115.63 W, 0 %, 73525 MiB
2026/09/27 14:44:30.072, 0, 23, 1980 MHz, 114.33 W, 0 %, 73547 MiB
2026/09/27 14:44:30.072, 1, 26, 1980 MHz, 115.40 W, 1 %, 73547 MiB
2026/09/27 14:44:30.073, 2, 30, 1980 MHz, 119.15 W, 0 %, 73525 MiB
2026/09/27 14:44:30.073, 3, 25, 1980 MHz, 120.99 W, 0 %, 73525 MiB
2026/09/27 14:44:30.073, 4, 24, 1980 MHz, 117.31 W, 0 %, 73525 MiB
2026/09/27 14:44:30.073, 5, 27, 1980 MHz, 120.32 W, 0 %, 73525 MiB
2026/09/27 14:44:30.073, 6, 25, 1980 MHz, 119.60 W, 0 %, 73525 MiB
2026/09/27 14:44:30.073, 7, 24, 1980 MHz, 115.59 W, 0 %, 73525 MiB
2026/09/27 14:44:32.073, 0, 23, 1980 MHz, 114.25 W, 0 %, 73547 MiB
2026/09/27 14:44:32.074, 1, 26, 1980 MHz, 115.37 W, 1 %, 73547 MiB
2026/09/27 14:44:32.074, 2, 30, 1980 MHz, 119.16 W, 0 %, 73525 MiB
2026/09/27 14:44:32.074, 3, 25, 1980 MHz, 120.99 W, 0 %, 73525 MiB
2026/09/27 14:44:32.074, 4, 24, 1980 MHz, 117.37 W, 0 %, 73525 MiB
2026/09/27 14:44:32.074, 5, 27, 1980 MHz, 120.37 W, 0 %, 73525 MiB
2026/09/27 14:44:32.074, 6, 25, 1980 MHz, 119.63 W, 0 %, 73525 MiB
2026/09/27 14:44:32.074, 7, 24, 1980 MHz, 115.55 W, 0 %, 73525 MiB
2026/09/27 14:44:34.074, 0, 23, 1980 MHz, 114.28 W, 0 %, 73547 MiB
2026/09/27 14:44:34.075, 1, 26, 1980 MHz, 115.29 W, 0 %, 73547 MiB
2026/09/27 14:44:34.075, 2, 30, 1980 MHz, 119.69 W, 1 %, 73547 MiB
2026/09/27 14:44:34.075, 3, 25, 1980 MHz, 121.00 W, 0 %, 73525 MiB
2026/09/27 14:44:34.075, 4, 24, 1980 MHz, 117.31 W, 0 %, 73525 MiB
2026/09/27 14:44:34.075, 5, 27, 1980 MHz, 120.33 W, 0 %, 73525 MiB
2026/09/27 14:44:34.075, 6, 25, 1980 MHz, 119.56 W, 0 %, 73525 MiB
2026/09/27 14:44:34.075, 7, 24, 1980 MHz, 115.62 W, 0 %, 73525 MiB
2026/09/27 14:44:36.076, 0, 23, 1980 MHz, 114.35 W, 0 %, 73547 MiB
2026/09/27 14:44:36.076, 1, 26, 1980 MHz, 115.20 W, 0 %, 73547 MiB
2026/09/27 14:44:36.076, 2, 30, 1980 MHz, 119.68 W, 1 %, 73547 MiB
2026/09/27 14:44:36.076, 3, 25, 1980 MHz, 120.99 W, 0 %, 73525 MiB
2026/09/27 14:44:36.076, 4, 24, 1980 MHz, 117.29 W, 0 %, 73525 MiB
2026/09/27 14:44:36.076, 5, 27, 1980 MHz, 120.31 W, 0 %, 73525 MiB
2026/09/27 14:44:36.076, 6, 25, 1980 MHz, 119.58 W, 0 %, 73525 MiB
2026/09/27 14:44:36.076, 7, 24, 1980 MHz, 115.57 W, 0 %, 73525 MiB
2026/09/27 14:44:38.077, 0, 23, 1980 MHz, 114.24 W, 0 %, 73547 MiB
2026/09/27 14:44:38.077, 1, 26, 1980 MHz, 115.16 W, 0 %, 73547 MiB
2026/09/27 14:44:38.077, 2, 30, 1980 MHz, 119.64 W, 1 %, 73547 MiB
2026/09/27 14:44:38.077, 3, 25, 1980 MHz, 120.99 W, 0 %, 73525 MiB
2026/09/27 14:44:38.077, 4, 24, 1980 MHz, 117.31 W, 0 %, 73525 MiB
2026/09/27 14:44:38.077, 5, 27, 1980 MHz, 120.33 W, 0 %, 73525 MiB
2026/09/27 14:44:38.077, 6, 25, 1980 MHz, 119.67 W, 0 %, 73525 MiB
2026/09/27 14:44:38.077, 7, 24, 1980 MHz, 115.56 W, 0 %, 73525 MiB
2026/09/27 14:44:40.078, 0, 23, 1980 MHz, 114.29 W, 0 %, 73547 MiB
2026/09/27 14:44:40.078, 1, 26, 1980 MHz, 115.30 W, 0 %, 73547 MiB
2026/09/27 14:44:40.078, 2, 30, 1980 MHz, 119.68 W, 1 %, 73547 MiB
2026/09/27 14:44:40.078, 3, 25, 1980 MHz, 120.99 W, 0 %, 73525 MiB
2026/09/27 14:44:40.078, 4, 24, 1980 MHz, 117.35 W, 0 %, 73525 MiB
2026/09/27 14:44:40.078, 5, 27, 1980 MHz, 120.33 W, 0 %, 73525 MiB
2026/09/27 14:44:40.078, 6, 25, 1980 MHz, 119.57 W, 0 %, 73525 MiB
2026/09/27 14:44:40.078, 7, 24, 1980 MHz, 115.55 W, 0 %, 73525 MiB
2026/09/27 14:44:42.079, 0, 23, 1980 MHz, 114.30 W, 0 %, 73547 MiB
2026/09/27 14:44:42.079, 1, 26, 1980 MHz, 115.24 W, 0 %, 73547 MiB
2026/09/27 14:44:42.079, 2, 30, 1980 MHz, 119.69 W, 1 %, 73547 MiB
2026/09/27 14:44:42.079, 3, 25, 1980 MHz, 120.98 W, 0 %, 73525 MiB
2026/09/27 14:44:42.079, 4, 24, 1980 MHz, 117.35 W, 0 %, 73525 MiB
2026/09/27 14:44:42.079, 5, 27, 1980 MHz, 120.30 W, 0 %, 73525 MiB
2026/09/27 14:44:42.079, 6, 25, 1980 MHz, 119.60 W, 0 %, 73525 MiB
2026/09/27 14:44:42.079, 7, 24, 1980 MHz, 115.62 W, 0 %, 73525 MiB
2026/09/27 14:44:44.080, 0, 23, 1980 MHz, 114.30 W, 0 %, 73547 MiB
2026/09/27 14:44:44.080, 1, 26, 1980 MHz, 115.25 W, 0 %, 73547 MiB
2026/09/27 14:44:44.080, 2, 30, 1980 MHz, 119.68 W, 1 %, 73547 MiB
2026/09/27 14:44:44.080, 3, 25, 1980 MHz, 120.94 W, 0 %, 73525 MiB
2026/09/27 14:44:44.080, 4, 24, 1980 MHz, 117.35 W, 0 %, 73525 MiB
2026/09/27 14:44:44.080, 5, 27, 1980 MHz, 120.32 W, 0 %, 73525 MiB
2026/09/27 14:44:44.080, 6, 25, 1980 MHz, 119.62 W, 0 %, 73525 MiB
2026/09/27 14:44:44.080, 7, 24, 1980 MHz, 115.57 W, 0 %, 73525 MiB
2026/09/27 14:44:46.081, 0, 23, 1980 MHz, 114.28 W, 0 %, 73547 MiB
2026/09/27 14:44:46.081, 1, 26, 1980 MHz, 115.26 W, 0 %, 73547 MiB
2026/09/27 14:44:46.081, 2, 30, 1980 MHz, 119.66 W, 1 %, 73547 MiB
2026/09/27 14:44:46.081, 3, 25, 1980 MHz, 120.96 W, 0 %, 73525 MiB
2026/09/27 14:44:46.081, 4, 24, 1980 MHz, 117.33 W, 0 %, 73525 MiB
2026/09/27 14:44:46.081, 5, 27, 1980 MHz, 120.35 W, 0 %, 73525 MiB
2026/09/27 14:44:46.081, 6, 25, 1980 MHz, 119.61 W, 0 %, 73525 MiB
2026/09/27 14:44:46.082, 7, 24, 1980 MHz, 115.55 W, 0 %, 73525 MiB
2026/09/27 14:44:48.082, 0, 23, 1980 MHz, 114.29 W, 0 %, 73547 MiB
2026/09/27 14:44:48.082, 1, 26, 1980 MHz, 115.24 W, 0 %, 73547 MiB
2026/09/27 14:44:48.082, 2, 30, 1980 MHz, 119.70 W, 1 %, 73547 MiB
2026/09/27 14:44:48.082, 3, 25, 1980 MHz, 120.97 W, 0 %, 73525 MiB
2026/09/27 14:44:48.082, 4, 24, 1980 MHz, 117.28 W, 0 %, 73525 MiB
2026/09/27 14:44:48.082, 5, 27, 1980 MHz, 120.32 W, 0 %, 73525 MiB
2026/09/27 14:44:48.083, 6, 25, 1980 MHz, 119.54 W, 0 %, 73525 MiB
2026/09/27 14:44:48.083, 7, 24, 1980 MHz, 115.60 W, 0 %, 73525 MiB
2026/09/27 14:44:50.083, 0, 23, 1980 MHz, 114.31 W, 0 %, 73547 MiB
2026/09/27 14:44:50.083, 1, 26, 1980 MHz, 115.20 W, 0 %, 73547 MiB
2026/09/27 14:44:50.083, 2, 30, 1980 MHz, 119.80 W, 1 %, 73547 MiB
2026/09/27 14:44:50.083, 3, 25, 1980 MHz, 120.95 W, 0 %, 73525 MiB
2026/09/27 14:44:50.084, 4, 24, 1980 MHz, 117.33 W, 0 %, 73525 MiB
2026/09/27 14:44:50.084, 5, 27, 1980 MHz, 120.32 W, 0 %, 73525 MiB
2026/09/27 14:44:50.084, 6, 25, 1980 MHz, 119.59 W, 0 %, 73525 MiB
2026/09/27 14:44:50.084, 7, 24, 1980 MHz, 115.62 W, 0 %, 73525 MiB
2026/09/27 14:44:52.084, 0, 23, 1980 MHz, 114.32 W, 0 %, 73547 MiB
2026/09/27 14:44:52.084, 1, 26, 1980 MHz, 115.24 W, 0 %, 73547 MiB
2026/09/27 14:44:52.084, 2, 30, 1980 MHz, 119.48 W, 0 %, 73547 MiB
2026/09/27 14:44:52.085, 3, 25, 1980 MHz, 121.53 W, 1 %, 73547 MiB
2026/09/27 14:44:52.085, 4, 24, 1980 MHz, 117.37 W, 0 %, 73525 MiB
2026/09/27 14:44:52.085, 5, 27, 1980 MHz, 120.35 W, 0 %, 73525 MiB
2026/09/27 14:44:52.085, 6, 25, 1980 MHz, 119.63 W, 0 %, 73525 MiB
2026/09/27 14:44:52.085, 7, 24, 1980 MHz, 115.55 W, 0 %, 73525 MiB
2026/09/27 14:44:54.085, 0, 23, 1980 MHz, 114.29 W, 0 %, 73547 MiB
2026/09/27 14:44:54.085, 1, 26, 1980 MHz, 115.26 W, 0 %, 73547 MiB
2026/09/27 14:44:54.086, 2, 30, 1980 MHz, 119.53 W, 0 %, 73547 MiB
2026/09/27 14:44:54.086, 3, 25, 1980 MHz, 121.29 W, 1 %, 73547 MiB
2026/09/27 14:44:54.086, 4, 24, 1980 MHz, 117.33 W, 0 %, 73525 MiB
2026/09/27 14:44:54.086, 5, 27, 1980 MHz, 120.29 W, 0 %, 73525 MiB
2026/09/27 14:44:54.086, 6, 25, 1980 MHz, 119.52 W, 0 %, 73525 MiB
2026/09/27 14:44:54.086, 7, 24, 1980 MHz, 115.58 W, 0 %, 73525 MiB
2026/09/27 14:44:56.086, 0, 23, 1980 MHz, 114.31 W, 0 %, 73547 MiB
2026/09/27 14:44:56.087, 1, 26, 1980 MHz, 115.22 W, 0 %, 73547 MiB
2026/09/27 14:44:56.087, 2, 30, 1980 MHz, 119.53 W, 0 %, 73547 MiB
2026/09/27 14:44:56.087, 3, 25, 1980 MHz, 121.34 W, 1 %, 73547 MiB
2026/09/27 14:44:56.087, 4, 24, 1980 MHz, 117.30 W, 0 %, 73525 MiB
2026/09/27 14:44:56.087, 5, 27, 1980 MHz, 120.30 W, 0 %, 73525 MiB
2026/09/27 14:44:56.087, 6, 25, 1980 MHz, 119.55 W, 0 %, 73525 MiB
2026/09/27 14:44:56.087, 7, 24, 1980 MHz, 115.62 W, 0 %, 73525 MiB
2026/09/27 14:44:58.087, 0, 23, 1980 MHz, 114.30 W, 0 %, 73547 MiB
2026/09/27 14:44:58.088, 1, 26, 1980 MHz, 115.15 W, 0 %, 73547 MiB
2026/09/27 14:44:58.088, 2, 30, 1980 MHz, 119.47 W, 0 %, 73547 MiB
2026/09/27 14:44:58.088, 3, 25, 1980 MHz, 121.43 W, 1 %, 73547 MiB
2026/09/27 14:44:58.088, 4, 24, 1980 MHz, 117.35 W, 0 %, 73525 MiB
2026/09/27 14:44:58.088, 5, 27, 1980 MHz, 120.38 W, 0 %, 73525 MiB
2026/09/27 14:44:58.088, 6, 25, 1980 MHz, 119.61 W, 0 %, 73525 MiB
2026/09/27 14:44:58.088, 7, 24, 1980 MHz, 115.55 W, 0 %, 73525 MiB
2026/09/27 14:45:00.089, 0, 23, 1980 MHz, 114.23 W, 0 %, 73547 MiB
2026/09/27 14:45:00.089, 1, 26, 1980 MHz, 115.22 W, 0 %, 73547 MiB
2026/09/27 14:45:00.089, 2, 30, 1980 MHz, 119.47 W, 0 %, 73547 MiB
2026/09/27 14:45:00.089, 3, 25, 1980 MHz, 121.36 W, 1 %, 73547 MiB
2026/09/27 14:45:00.089, 4, 24, 1980 MHz, 117.29 W, 0 %, 73525 MiB
2026/09/27 14:45:00.089, 5, 27, 1980 MHz, 120.32 W, 0 %, 73525 MiB
2026/09/27 14:45:00.089, 6, 25, 1980 MHz, 119.59 W, 0 %, 73525 MiB
2026/09/27 14:45:00.089, 7, 24, 1980 MHz, 115.58 W, 0 %, 73525 MiB
2026/09/27 14:45:02.090, 0, 23, 1980 MHz, 114.31 W, 0 %, 73547 MiB
2026/09/27 14:45:02.090, 1, 26, 1980 MHz, 115.27 W, 0 %, 73547 MiB
2026/09/27 14:45:02.090, 2, 30, 1980 MHz, 119.51 W, 0 %, 73547 MiB
2026/09/27 14:45:02.090, 3, 25, 1980 MHz, 121.26 W, 1 %, 73547 MiB
2026/09/27 14:45:02.090, 4, 24, 1980 MHz, 117.25 W, 0 %, 73525 MiB
2026/09/27 14:45:02.090, 5, 27, 1980 MHz, 120.32 W, 0 %, 73525 MiB
2026/09/27 14:45:02.090, 6, 25, 1980 MHz, 119.58 W, 0 %, 73525 MiB
2026/09/27 14:45:02.090, 7, 24, 1980 MHz, 115.59 W, 0 %, 73525 MiB
2026/09/27 14:45:04.091, 0, 23, 1980 MHz, 114.31 W, 0 %, 73547 MiB
2026/09/27 14:45:04.091, 1, 26, 1980 MHz, 115.23 W, 0 %, 73547 MiB
2026/09/27 14:45:04.091, 2, 30, 1980 MHz, 119.45 W, 0 %, 73547 MiB
2026/09/27 14:45:04.091, 3, 25, 1980 MHz, 121.47 W, 1 %, 73547 MiB
2026/09/27 14:45:04.091, 4, 24, 1980 MHz, 117.32 W, 0 %, 73525 MiB
2026/09/27 14:45:04.091, 5, 27, 1980 MHz, 120.34 W, 0 %, 73525 MiB
2026/09/27 14:45:04.091, 6, 25, 1980 MHz, 119.61 W, 0 %, 73525 MiB
2026/09/27 14:45:04.091, 7, 24, 1980 MHz, 115.54 W, 0 %, 73525 MiB
2026/09/27 14:45:06.092, 0, 23, 1980 MHz, 114.18 W, 0 %, 74073 MiB
2026/09/27 14:45:06.093, 1, 26, 1980 MHz, 115.13 W, 0 %, 74073 MiB
2026/09/27 14:45:06.095, 2, 30, 1980 MHz, 119.43 W, 0 %, 74073 MiB
2026/09/27 14:45:06.096, 3, 25, 1980 MHz, 121.42 W, 1 %, 74073 MiB
2026/09/27 14:45:06.098, 4, 24, 1980 MHz, 117.42 W, 0 %, 74051 MiB
2026/09/27 14:45:06.099, 5, 27, 1980 MHz, 120.42 W, 0 %, 74051 MiB
2026/09/27 14:45:06.101, 6, 25, 1980 MHz, 119.62 W, 1 %, 74051 MiB
2026/09/27 14:45:06.102, 7, 24, 1980 MHz, 115.60 W, 0 %, 73544 MiB
2026/09/27 14:45:08.104, 0, 23, 1980 MHz, 118.46 W, 0 %, 73547 MiB
2026/09/27 14:45:08.104, 1, 26, 1980 MHz, 119.37 W, 0 %, 73547 MiB
2026/09/27 14:45:08.104, 2, 30, 1980 MHz, 123.77 W, 0 %, 73547 MiB
2026/09/27 14:45:08.105, 3, 25, 1980 MHz, 121.35 W, 1 %, 73547 MiB
2026/09/27 14:45:08.106, 4, 24, 1980 MHz, 121.68 W, 0 %, 73525 MiB
2026/09/27 14:45:08.106, 5, 27, 1980 MHz, 124.79 W, 0 %, 73525 MiB
2026/09/27 14:45:08.106, 6, 25, 1980 MHz, 123.89 W, 0 %, 73525 MiB
2026/09/27 14:45:08.107, 7, 24, 1980 MHz, 119.94 W, 0 %, 73525 MiB
2026/09/27 14:45:10.107, 0, 23, 1980 MHz, 118.45 W, 0 %, 73547 MiB
2026/09/27 14:45:10.107, 1, 26, 1980 MHz, 119.40 W, 0 %, 73547 MiB
2026/09/27 14:45:10.107, 2, 30, 1980 MHz, 123.76 W, 0 %, 73547 MiB
2026/09/27 14:45:10.107, 3, 25, 1980 MHz, 121.24 W, 0 %, 73547 MiB
2026/09/27 14:45:10.107, 4, 24, 1980 MHz, 119.86 W, 1 %, 73547 MiB
2026/09/27 14:45:10.107, 5, 27, 1980 MHz, 124.80 W, 0 %, 73525 MiB
2026/09/27 14:45:10.108, 6, 25, 1980 MHz, 123.96 W, 0 %, 73525 MiB
2026/09/27 14:45:10.108, 7, 24, 1980 MHz, 119.91 W, 0 %, 73525 MiB
2026/09/27 14:45:12.108, 0, 23, 1980 MHz, 118.44 W, 0 %, 73547 MiB
2026/09/27 14:45:12.108, 1, 26, 1980 MHz, 119.37 W, 0 %, 73547 MiB
2026/09/27 14:45:12.108, 2, 30, 1980 MHz, 123.73 W, 0 %, 73547 MiB
2026/09/27 14:45:12.108, 3, 25, 1980 MHz, 121.24 W, 0 %, 73547 MiB
2026/09/27 14:45:12.108, 4, 24, 1980 MHz, 117.65 W, 1 %, 73547 MiB
2026/09/27 14:45:12.109, 5, 27, 1980 MHz, 124.79 W, 0 %, 73525 MiB
2026/09/27 14:45:12.109, 6, 25, 1980 MHz, 123.95 W, 0 %, 73525 MiB
2026/09/27 14:45:12.109, 7, 24, 1980 MHz, 119.94 W, 0 %, 73525 MiB
2026/09/27 14:45:14.109, 0, 23, 1980 MHz, 118.46 W, 0 %, 73547 MiB
2026/09/27 14:45:14.109, 1, 26, 1980 MHz, 119.42 W, 0 %, 73547 MiB
2026/09/27 14:45:14.109, 2, 31, 1980 MHz, 123.74 W, 0 %, 73547 MiB
2026/09/27 14:45:14.109, 3, 25, 1980 MHz, 121.18 W, 0 %, 73547 MiB
2026/09/27 14:45:14.110, 4, 24, 1980 MHz, 117.65 W, 1 %, 73547 MiB
2026/09/27 14:45:14.110, 5, 27, 1980 MHz, 124.81 W, 0 %, 73525 MiB
2026/09/27 14:45:14.110, 6, 25, 1980 MHz, 123.91 W, 0 %, 73525 MiB
2026/09/27 14:45:14.110, 7, 24, 1980 MHz, 120.02 W, 0 %, 73525 MiB
2026/09/27 14:45:16.110, 0, 23, 1980 MHz, 118.52 W, 0 %, 73547 MiB
2026/09/27 14:45:16.110, 1, 26, 1980 MHz, 119.33 W, 0 %, 73547 MiB
2026/09/27 14:45:16.110, 2, 31, 1980 MHz, 123.78 W, 0 %, 73547 MiB
2026/09/27 14:45:16.111, 3, 25, 1980 MHz, 121.21 W, 0 %, 73547 MiB
2026/09/27 14:45:16.111, 4, 24, 1980 MHz, 117.63 W, 1 %, 73547 MiB
2026/09/27 14:45:16.111, 5, 27, 1980 MHz, 124.84 W, 0 %, 73525 MiB
2026/09/27 14:45:16.111, 6, 25, 1980 MHz, 123.88 W, 0 %, 73525 MiB
2026/09/27 14:45:16.111, 7, 24, 1980 MHz, 119.90 W, 0 %, 73525 MiB
2026/09/27 14:45:18.111, 0, 23, 1980 MHz, 118.40 W, 0 %, 73547 MiB
2026/09/27 14:45:18.111, 1, 26, 1980 MHz, 119.39 W, 0 %, 73547 MiB
2026/09/27 14:45:18.112, 2, 31, 1980 MHz, 123.76 W, 0 %, 73547 MiB
2026/09/27 14:45:18.112, 3, 25, 1980 MHz, 121.26 W, 0 %, 73547 MiB
2026/09/27 14:45:18.112, 4, 24, 1980 MHz, 117.62 W, 1 %, 73547 MiB
2026/09/27 14:45:18.112, 5, 27, 1980 MHz, 124.84 W, 0 %, 73525 MiB
2026/09/27 14:45:18.112, 6, 25, 1980 MHz, 123.97 W, 0 %, 73525 MiB
2026/09/27 14:45:18.112, 7, 24, 1980 MHz, 119.94 W, 0 %, 73525 MiB
2026/09/27 14:45:20.112, 0, 23, 1980 MHz, 118.43 W, 0 %, 73547 MiB
2026/09/27 14:45:20.113, 1, 26, 1980 MHz, 119.44 W, 0 %, 73547 MiB
2026/09/27 14:45:20.113, 2, 31, 1980 MHz, 123.72 W, 0 %, 73547 MiB
2026/09/27 14:45:20.113, 3, 25, 1980 MHz, 121.22 W, 0 %, 73547 MiB
2026/09/27 14:45:20.113, 4, 24, 1980 MHz, 117.65 W, 1 %, 73547 MiB
2026/09/27 14:45:20.113, 5, 27, 1980 MHz, 124.81 W, 0 %, 73525 MiB
2026/09/27 14:45:20.113, 6, 25, 1980 MHz, 123.92 W, 0 %, 73525 MiB
2026/09/27 14:45:20.113, 7, 24, 1980 MHz, 119.95 W, 0 %, 73525 MiB
2026/09/27 14:45:22.113, 0, 24, 1980 MHz, 118.52 W, 0 %, 73547 MiB
2026/09/27 14:45:22.114, 1, 26, 1980 MHz, 119.39 W, 0 %, 73547 MiB
2026/09/27 14:45:22.114, 2, 31, 1980 MHz, 123.74 W, 0 %, 73547 MiB
2026/09/27 14:45:22.114, 3, 25, 1980 MHz, 121.22 W, 0 %, 73547 MiB
2026/09/27 14:45:22.114, 4, 24, 1980 MHz, 117.70 W, 1 %, 73547 MiB
2026/09/27 14:45:22.114, 5, 27, 1980 MHz, 124.78 W, 0 %, 73525 MiB
2026/09/27 14:45:22.114, 6, 25, 1980 MHz, 123.93 W, 0 %, 73525 MiB
2026/09/27 14:45:22.114, 7, 24, 1980 MHz, 119.97 W, 0 %, 73525 MiB
2026/09/27 14:45:24.115, 0, 24, 1980 MHz, 118.41 W, 0 %, 73547 MiB
2026/09/27 14:45:24.115, 1, 26, 1980 MHz, 119.43 W, 0 %, 73547 MiB
2026/09/27 14:45:24.115, 2, 31, 1980 MHz, 123.77 W, 0 %, 73547 MiB
2026/09/27 14:45:24.115, 3, 25, 1980 MHz, 121.23 W, 0 %, 73547 MiB
2026/09/27 14:45:24.115, 4, 24, 1980 MHz, 117.72 W, 1 %, 73547 MiB
2026/09/27 14:45:24.115, 5, 27, 1980 MHz, 124.83 W, 0 %, 73525 MiB
2026/09/27 14:45:24.115, 6, 25, 1980 MHz, 123.97 W, 0 %, 73525 MiB
2026/09/27 14:45:24.115, 7, 24, 1980 MHz, 119.94 W, 0 %, 73525 MiB
2026/09/27 14:45:26.116, 0, 24, 1980 MHz, 118.44 W, 0 %, 73547 MiB
2026/09/27 14:45:26.116, 1, 26, 1980 MHz, 119.44 W, 0 %, 73547 MiB
2026/09/27 14:45:26.116, 2, 31, 1980 MHz, 123.75 W, 0 %, 73547 MiB
2026/09/27 14:45:26.116, 3, 25, 1980 MHz, 121.24 W, 0 %, 73547 MiB
2026/09/27 14:45:26.116, 4, 24, 1980 MHz, 117.70 W, 1 %, 73547 MiB
2026/09/27 14:45:26.116, 5, 27, 1980 MHz, 124.81 W, 0 %, 73525 MiB
2026/09/27 14:45:26.116, 6, 25, 1980 MHz, 123.99 W, 0 %, 73525 MiB
2026/09/27 14:45:26.116, 7, 24, 1980 MHz, 119.94 W, 0 %, 73525 MiB
2026/09/27 14:45:28.117, 0, 24, 1980 MHz, 118.44 W, 0 %, 73547 MiB
2026/09/27 14:45:28.117, 1, 26, 1980 MHz, 119.38 W, 0 %, 73547 MiB
2026/09/27 14:45:28.117, 2, 31, 1980 MHz, 123.74 W, 0 %, 73547 MiB
2026/09/27 14:45:28.117, 3, 25, 1980 MHz, 121.18 W, 0 %, 73547 MiB
2026/09/27 14:45:28.117, 4, 24, 1980 MHz, 117.58 W, 0 %, 73547 MiB
2026/09/27 14:45:28.117, 5, 27, 1980 MHz, 124.55 W, 1 %, 73547 MiB
2026/09/27 14:45:28.117, 6, 25, 1980 MHz, 123.95 W, 0 %, 73525 MiB
2026/09/27 14:45:28.117, 7, 24, 1980 MHz, 119.99 W, 0 %, 73525 MiB
2026/09/27 14:45:30.118, 0, 24, 1980 MHz, 118.49 W, 0 %, 73547 MiB
2026/09/27 14:45:30.118, 1, 26, 1980 MHz, 119.40 W, 0 %, 73547 MiB
2026/09/27 14:45:30.118, 2, 31, 1980 MHz, 123.77 W, 0 %, 73547 MiB
2026/09/27 14:45:30.118, 3, 25, 1980 MHz, 121.19 W, 0 %, 73547 MiB
2026/09/27 14:45:30.118, 4, 24, 1980 MHz, 117.56 W, 0 %, 73547 MiB
2026/09/27 14:45:30.118, 5, 27, 1980 MHz, 120.71 W, 1 %, 73547 MiB
2026/09/27 14:45:30.118, 6, 25, 1980 MHz, 123.98 W, 0 %, 73525 MiB
2026/09/27 14:45:30.118, 7, 24, 1980 MHz, 119.93 W, 0 %, 73525 MiB
2026/09/27 14:45:32.119, 0, 24, 1980 MHz, 118.41 W, 0 %, 73547 MiB
2026/09/27 14:45:32.119, 1, 26, 1980 MHz, 119.44 W, 0 %, 73547 MiB
2026/09/27 14:45:32.119, 2, 31, 1980 MHz, 123.72 W, 0 %, 73547 MiB
2026/09/27 14:45:32.119, 3, 25, 1980 MHz, 121.27 W, 0 %, 73547 MiB
2026/09/27 14:45:32.119, 4, 24, 1980 MHz, 117.55 W, 0 %, 73547 MiB
2026/09/27 14:45:32.119, 5, 27, 1980 MHz, 120.74 W, 1 %, 73547 MiB
2026/09/27 14:45:32.119, 6, 25, 1980 MHz, 123.93 W, 0 %, 73525 MiB
2026/09/27 14:45:32.120, 7, 24, 1980 MHz, 119.93 W, 0 %, 73525 MiB
2026/09/27 14:45:34.120, 0, 24, 1980 MHz, 118.47 W, 0 %, 73547 MiB
2026/09/27 14:45:34.120, 1, 26, 1980 MHz, 119.43 W, 0 %, 73547 MiB
2026/09/27 14:45:34.120, 2, 31, 1980 MHz, 123.69 W, 0 %, 73547 MiB
2026/09/27 14:45:34.120, 3, 25, 1980 MHz, 121.18 W, 0 %, 73547 MiB
2026/09/27 14:45:34.121, 4, 24, 1980 MHz, 117.52 W, 0 %, 73547 MiB
2026/09/27 14:45:34.121, 5, 27, 1980 MHz, 120.70 W, 1 %, 73547 MiB
2026/09/27 14:45:34.121, 6, 25, 1980 MHz, 123.90 W, 0 %, 73525 MiB
2026/09/27 14:45:34.121, 7, 24, 1980 MHz, 119.96 W, 0 %, 73525 MiB
2026/09/27 14:45:36.121, 0, 24, 1980 MHz, 118.48 W, 0 %, 73547 MiB
2026/09/27 14:45:36.121, 1, 26, 1980 MHz, 119.35 W, 0 %, 73547 MiB
2026/09/27 14:45:36.121, 2, 31, 1980 MHz, 123.77 W, 0 %, 73547 MiB
2026/09/27 14:45:36.122, 3, 25, 1980 MHz, 121.21 W, 0 %, 73547 MiB
2026/09/27 14:45:36.122, 4, 24, 1980 MHz, 117.46 W, 0 %, 73547 MiB
2026/09/27 14:45:36.122, 5, 27, 1980 MHz, 120.57 W, 1 %, 73547 MiB
2026/09/27 14:45:36.122, 6, 25, 1980 MHz, 123.95 W, 0 %, 73525 MiB
2026/09/27 14:45:36.122, 7, 24, 1980 MHz, 119.93 W, 0 %, 73525 MiB
2026/09/27 14:45:38.122, 0, 24, 1980 MHz, 118.50 W, 0 %, 73547 MiB
2026/09/27 14:45:38.122, 1, 26, 1980 MHz, 119.38 W, 0 %, 73547 MiB
2026/09/27 14:45:38.123, 2, 31, 1980 MHz, 123.73 W, 0 %, 73547 MiB
2026/09/27 14:45:38.123, 3, 25, 1980 MHz, 121.25 W, 0 %, 73547 MiB
2026/09/27 14:45:38.123, 4, 24, 1980 MHz, 117.55 W, 0 %, 73547 MiB
2026/09/27 14:45:38.123, 5, 27, 1980 MHz, 120.78 W, 1 %, 73547 MiB
2026/09/27 14:45:38.123, 6, 25, 1980 MHz, 123.95 W, 0 %, 73525 MiB
2026/09/27 14:45:38.123, 7, 24, 1980 MHz, 119.90 W, 0 %, 73525 MiB
2026/09/27 14:45:40.123, 0, 24, 1980 MHz, 118.48 W, 0 %, 73547 MiB
2026/09/27 14:45:40.124, 1, 26, 1980 MHz, 119.44 W, 0 %, 73547 MiB
2026/09/27 14:45:40.124, 2, 31, 1980 MHz, 123.75 W, 0 %, 73547 MiB
2026/09/27 14:45:40.124, 3, 25, 1980 MHz, 121.17 W, 0 %, 73547 MiB
2026/09/27 14:45:40.124, 4, 24, 1980 MHz, 117.55 W, 0 %, 73547 MiB
2026/09/27 14:45:40.124, 5, 27, 1980 MHz, 120.69 W, 1 %, 73547 MiB
2026/09/27 14:45:40.124, 6, 25, 1980 MHz, 123.99 W, 0 %, 73525 MiB
2026/09/27 14:45:40.124, 7, 24, 1980 MHz, 120.00 W, 0 %, 73525 MiB
2026/09/27 14:45:42.124, 0, 24, 1980 MHz, 118.56 W, 0 %, 73547 MiB
2026/09/27 14:45:42.125, 1, 26, 1980 MHz, 119.41 W, 0 %, 73547 MiB
2026/09/27 14:45:42.125, 2, 31, 1980 MHz, 123.71 W, 0 %, 73547 MiB
2026/09/27 14:45:42.125, 3, 25, 1980 MHz, 121.15 W, 0 %, 73547 MiB
2026/09/27 14:45:42.125, 4, 24, 1980 MHz, 117.50 W, 0 %, 73547 MiB
2026/09/27 14:45:42.125, 5, 27, 1980 MHz, 120.66 W, 1 %, 73547 MiB
2026/09/27 14:45:42.125, 6, 25, 1980 MHz, 123.99 W, 0 %, 73525 MiB
2026/09/27 14:45:42.125, 7, 24, 1980 MHz, 119.94 W, 0 %, 73525 MiB
2026/09/27 14:45:44.126, 0, 24, 1980 MHz, 118.47 W, 0 %, 73547 MiB
2026/09/27 14:45:44.126, 1, 26, 1980 MHz, 119.42 W, 0 %, 73547 MiB
2026/09/27 14:45:44.126, 2, 31, 1980 MHz, 123.75 W, 0 %, 73547 MiB
2026/09/27 14:45:44.126, 3, 25, 1980 MHz, 121.22 W, 0 %, 73547 MiB
2026/09/27 14:45:44.126, 4, 24, 1980 MHz, 117.52 W, 0 %, 73547 MiB
2026/09/27 14:45:44.126, 5, 27, 1980 MHz, 120.73 W, 1 %, 73547 MiB
2026/09/27 14:45:44.126, 6, 25, 1980 MHz, 124.02 W, 0 %, 73525 MiB
2026/09/27 14:45:44.126, 7, 24, 1980 MHz, 119.93 W, 0 %, 73525 MiB
2026/09/27 14:45:46.127, 0, 24, 1980 MHz, 118.48 W, 0 %, 73547 MiB
2026/09/27 14:45:46.127, 1, 26, 1980 MHz, 119.50 W, 0 %, 73547 MiB
2026/09/27 14:45:46.127, 2, 31, 1980 MHz, 123.73 W, 0 %, 73547 MiB
2026/09/27 14:45:46.127, 3, 25, 1980 MHz, 121.20 W, 0 %, 73547 MiB
2026/09/27 14:45:46.127, 4, 24, 1980 MHz, 117.52 W, 0 %, 73547 MiB
2026/09/27 14:45:46.127, 5, 27, 1980 MHz, 120.59 W, 1 %, 73547 MiB
2026/09/27 14:45:46.127, 6, 25, 1980 MHz, 124.57 W, 0 %, 73547 MiB
2026/09/27 14:45:46.127, 7, 24, 1980 MHz, 120.01 W, 0 %, 73525 MiB
2026/09/27 14:45:48.128, 0, 24, 1980 MHz, 118.51 W, 0 %, 73547 MiB
2026/09/27 14:45:48.128, 1, 26, 1980 MHz, 119.41 W, 0 %, 73547 MiB
2026/09/27 14:45:48.128, 2, 31, 1980 MHz, 123.73 W, 0 %, 73547 MiB
2026/09/27 14:45:48.128, 3, 25, 1980 MHz, 121.11 W, 0 %, 73547 MiB
2026/09/27 14:45:48.128, 4, 24, 1980 MHz, 117.52 W, 0 %, 73547 MiB
2026/09/27 14:45:48.128, 5, 27, 1980 MHz, 120.53 W, 0 %, 73547 MiB
2026/09/27 14:45:48.128, 6, 25, 1980 MHz, 120.03 W, 1 %, 73547 MiB
2026/09/27 14:45:48.128, 7, 24, 1980 MHz, 119.97 W, 0 %, 73525 MiB
2026/09/27 14:45:50.129, 0, 24, 1980 MHz, 118.44 W, 0 %, 73547 MiB
2026/09/27 14:45:50.129, 1, 26, 1980 MHz, 119.36 W, 0 %, 73547 MiB
2026/09/27 14:45:50.129, 2, 31, 1980 MHz, 123.79 W, 0 %, 73547 MiB
2026/09/27 14:45:50.129, 3, 25, 1980 MHz, 121.20 W, 0 %, 73547 MiB
2026/09/27 14:45:50.129, 4, 24, 1980 MHz, 117.53 W, 0 %, 73547 MiB
2026/09/27 14:45:50.129, 5, 27, 1980 MHz, 120.59 W, 0 %, 73547 MiB
2026/09/27 14:45:50.129, 6, 25, 1980 MHz, 120.03 W, 1 %, 73547 MiB
2026/09/27 14:45:50.129, 7, 24, 1980 MHz, 119.91 W, 0 %, 73525 MiB
2026/09/27 14:45:52.130, 0, 24, 1980 MHz, 118.40 W, 0 %, 73547 MiB
2026/09/27 14:45:52.130, 1, 26, 1980 MHz, 119.44 W, 0 %, 73547 MiB
2026/09/27 14:45:52.130, 2, 31, 1980 MHz, 123.74 W, 0 %, 73547 MiB
2026/09/27 14:45:52.130, 3, 25, 1980 MHz, 121.25 W, 0 %, 73547 MiB
2026/09/27 14:45:52.130, 4, 24, 1980 MHz, 117.52 W, 0 %, 73547 MiB
2026/09/27 14:45:52.130, 5, 27, 1980 MHz, 120.61 W, 0 %, 73547 MiB
2026/09/27 14:45:52.130, 6, 25, 1980 MHz, 120.02 W, 1 %, 73547 MiB
2026/09/27 14:45:52.131, 7, 24, 1980 MHz, 119.96 W, 0 %, 73525 MiB
2026/09/27 14:45:54.131, 0, 24, 1980 MHz, 118.46 W, 0 %, 73547 MiB
2026/09/27 14:45:54.131, 1, 26, 1980 MHz, 119.46 W, 0 %, 73547 MiB
2026/09/27 14:45:54.131, 2, 31, 1980 MHz, 123.73 W, 0 %, 73547 MiB
2026/09/27 14:45:54.131, 3, 25, 1980 MHz, 121.17 W, 0 %, 73547 MiB
2026/09/27 14:45:54.131, 4, 24, 1980 MHz, 117.50 W, 0 %, 73547 MiB
2026/09/27 14:45:54.132, 5, 27, 1980 MHz, 120.53 W, 0 %, 73547 MiB
2026/09/27 14:45:54.132, 6, 25, 1980 MHz, 120.00 W, 1 %, 73547 MiB
2026/09/27 14:45:54.132, 7, 24, 1980 MHz, 119.99 W, 0 %, 73525 MiB
2026/09/27 14:45:56.132, 0, 24, 1980 MHz, 118.52 W, 0 %, 73547 MiB
2026/09/27 14:45:56.132, 1, 26, 1980 MHz, 119.41 W, 0 %, 73547 MiB
2026/09/27 14:45:56.133, 2, 31, 1980 MHz, 123.77 W, 0 %, 73547 MiB
2026/09/27 14:45:56.133, 3, 25, 1980 MHz, 121.16 W, 0 %, 73547 MiB
2026/09/27 14:45:56.133, 4, 24, 1980 MHz, 117.52 W, 0 %, 73547 MiB
2026/09/27 14:45:56.133, 5, 27, 1980 MHz, 120.57 W, 0 %, 73547 MiB
2026/09/27 14:45:56.133, 6, 25, 1980 MHz, 120.04 W, 1 %, 73547 MiB
2026/09/27 14:45:56.133, 7, 24, 1980 MHz, 119.94 W, 0 %, 73525 MiB
2026/09/27 14:45:58.133, 0, 24, 1980 MHz, 118.48 W, 0 %, 73547 MiB
2026/09/27 14:45:58.134, 1, 26, 1980 MHz, 119.42 W, 0 %, 73547 MiB
2026/09/27 14:45:58.134, 2, 31, 1980 MHz, 123.75 W, 0 %, 73547 MiB
2026/09/27 14:45:58.134, 3, 24, 1980 MHz, 121.17 W, 0 %, 73547 MiB
2026/09/27 14:45:58.134, 4, 24, 1980 MHz, 117.56 W, 0 %, 73547 MiB
2026/09/27 14:45:58.134, 5, 27, 1980 MHz, 120.60 W, 0 %, 73547 MiB
2026/09/27 14:45:58.134, 6, 25, 1980 MHz, 120.16 W, 1 %, 73547 MiB
2026/09/27 14:45:58.134, 7, 24, 1980 MHz, 119.96 W, 0 %, 73525 MiB
2026/09/27 14:46:00.134, 0, 24, 1980 MHz, 118.46 W, 0 %, 73547 MiB
2026/09/27 14:46:00.135, 1, 26, 1980 MHz, 119.39 W, 0 %, 73547 MiB
2026/09/27 14:46:00.135, 2, 31, 1980 MHz, 123.73 W, 0 %, 73547 MiB
2026/09/27 14:46:00.135, 3, 25, 1980 MHz, 121.07 W, 0 %, 73547 MiB
2026/09/27 14:46:00.135, 4, 24, 1980 MHz, 117.51 W, 0 %, 73547 MiB
2026/09/27 14:46:00.135, 5, 27, 1980 MHz, 120.51 W, 0 %, 73547 MiB
2026/09/27 14:46:00.135, 6, 25, 1980 MHz, 119.92 W, 1 %, 73547 MiB
2026/09/27 14:46:00.135, 7, 24, 1980 MHz, 119.97 W, 0 %, 73525 MiB
2026/09/27 14:46:02.135, 0, 24, 1980 MHz, 118.50 W, 0 %, 73547 MiB
2026/09/27 14:46:02.136, 1, 26, 1980 MHz, 119.35 W, 0 %, 73547 MiB
2026/09/27 14:46:02.136, 2, 31, 1980 MHz, 123.74 W, 0 %, 73547 MiB
2026/09/27 14:46:02.136, 3, 25, 1980 MHz, 120.67 W, 0 %, 73547 MiB
2026/09/27 14:46:02.136, 4, 24, 1980 MHz, 117.45 W, 0 %, 73547 MiB
2026/09/27 14:46:02.136, 5, 27, 1980 MHz, 120.52 W, 0 %, 73547 MiB
2026/09/27 14:46:02.136, 6, 25, 1980 MHz, 120.03 W, 0 %, 73547 MiB
2026/09/27 14:46:02.136, 7, 24, 1980 MHz, 119.96 W, 0 %, 73525 MiB
2026/09/27 14:46:04.137, 0, 24, 1980 MHz, 118.47 W, 0 %, 73547 MiB
2026/09/27 14:46:04.137, 1, 26, 1980 MHz, 119.47 W, 0 %, 73547 MiB
2026/09/27 14:46:04.137, 2, 31, 1980 MHz, 123.72 W, 0 %, 73547 MiB
2026/09/27 14:46:04.137, 3, 24, 1980 MHz, 121.19 W, 0 %, 73547 MiB
2026/09/27 14:46:04.137, 4, 24, 1980 MHz, 117.53 W, 0 %, 73547 MiB
2026/09/27 14:46:04.137, 5, 27, 1980 MHz, 120.56 W, 0 %, 73547 MiB
2026/09/27 14:46:04.137, 6, 25, 1980 MHz, 119.96 W, 0 %, 73547 MiB
2026/09/27 14:46:04.137, 7, 24, 1980 MHz, 119.99 W, 0 %, 73525 MiB
2026/09/27 14:46:06.138, 0, 24, 1980 MHz, 118.45 W, 0 %, 73547 MiB
2026/09/27 14:46:06.138, 1, 26, 1980 MHz, 119.46 W, 0 %, 73547 MiB
2026/09/27 14:46:06.138, 2, 31, 1980 MHz, 123.70 W, 0 %, 73547 MiB
2026/09/27 14:46:06.138, 3, 25, 1980 MHz, 121.14 W, 0 %, 73547 MiB
2026/09/27 14:46:06.138, 4, 24, 1980 MHz, 117.48 W, 0 %, 73547 MiB
2026/09/27 14:46:06.138, 5, 27, 1980 MHz, 120.54 W, 0 %, 73547 MiB
2026/09/27 14:46:06.138, 6, 25, 1980 MHz, 119.84 W, 0 %, 73547 MiB
2026/09/27 14:46:06.138, 7, 24, 1980 MHz, 116.00 W, 1 %, 73547 MiB
2026/09/27 14:46:08.139, 0, 24, 1980 MHz, 118.46 W, 0 %, 73547 MiB
2026/09/27 14:46:08.139, 1, 26, 1980 MHz, 119.44 W, 0 %, 73547 MiB
2026/09/27 14:46:08.139, 2, 31, 1980 MHz, 123.73 W, 0 %, 73547 MiB
2026/09/27 14:46:08.139, 3, 25, 1980 MHz, 121.15 W, 0 %, 73547 MiB
2026/09/27 14:46:08.139, 4, 24, 1980 MHz, 117.53 W, 0 %, 73547 MiB
2026/09/27 14:46:08.139, 5, 27, 1980 MHz, 120.52 W, 0 %, 73547 MiB
2026/09/27 14:46:08.139, 6, 25, 1980 MHz, 119.91 W, 0 %, 73547 MiB
2026/09/27 14:46:08.139, 7, 24, 1980 MHz, 115.99 W, 1 %, 73547 MiB
2026/09/27 14:46:10.140, 0, 24, 1980 MHz, 118.51 W, 0 %, 73547 MiB
2026/09/27 14:46:10.140, 1, 26, 1980 MHz, 119.38 W, 0 %, 73547 MiB
2026/09/27 14:46:10.140, 2, 31, 1980 MHz, 123.72 W, 0 %, 73547 MiB
2026/09/27 14:46:10.140, 3, 25, 1980 MHz, 121.21 W, 0 %, 73547 MiB
2026/09/27 14:46:10.140, 4, 24, 1980 MHz, 117.49 W, 0 %, 73547 MiB
2026/09/27 14:46:10.140, 5, 27, 1980 MHz, 120.56 W, 0 %, 73547 MiB
2026/09/27 14:46:10.140, 6, 25, 1980 MHz, 119.92 W, 0 %, 73547 MiB
2026/09/27 14:46:10.140, 7, 24, 1980 MHz, 115.91 W, 1 %, 73547 MiB
2026/09/27 14:46:12.141, 0, 24, 1980 MHz, 118.43 W, 0 %, 73547 MiB
2026/09/27 14:46:12.141, 1, 26, 1980 MHz, 119.44 W, 0 %, 73547 MiB
2026/09/27 14:46:12.141, 2, 31, 1980 MHz, 123.68 W, 0 %, 73547 MiB
2026/09/27 14:46:12.141, 3, 24, 1980 MHz, 121.16 W, 0 %, 73547 MiB
2026/09/27 14:46:12.141, 4, 24, 1980 MHz, 117.53 W, 0 %, 73547 MiB
2026/09/27 14:46:12.141, 5, 27, 1980 MHz, 120.56 W, 0 %, 73547 MiB
2026/09/27 14:46:12.141, 6, 25, 1980 MHz, 119.89 W, 0 %, 73547 MiB
2026/09/27 14:46:12.141, 7, 24, 1980 MHz, 116.06 W, 1 %, 73547 MiB
2026/09/27 14:46:14.142, 0, 24, 1980 MHz, 118.45 W, 0 %, 73547 MiB
2026/09/27 14:46:14.142, 1, 26, 1980 MHz, 119.40 W, 0 %, 73547 MiB
2026/09/27 14:46:14.142, 2, 31, 1980 MHz, 123.73 W, 0 %, 73547 MiB
2026/09/27 14:46:14.142, 3, 25, 1980 MHz, 121.19 W, 0 %, 73547 MiB
2026/09/27 14:46:14.142, 4, 24, 1980 MHz, 117.49 W, 0 %, 73547 MiB
2026/09/27 14:46:14.142, 5, 27, 1980 MHz, 120.53 W, 0 %, 73547 MiB
2026/09/27 14:46:14.142, 6, 25, 1980 MHz, 119.86 W, 0 %, 73547 MiB
2026/09/27 14:46:14.142, 7, 24, 1980 MHz, 115.99 W, 1 %, 73547 MiB
2026/09/27 14:46:16.143, 0, 24, 1980 MHz, 118.49 W, 0 %, 73547 MiB
2026/09/27 14:46:16.143, 1, 26, 1980 MHz, 119.39 W, 0 %, 73547 MiB
2026/09/27 14:46:16.143, 2, 31, 1980 MHz, 123.77 W, 0 %, 73547 MiB
2026/09/27 14:46:16.143, 3, 25, 1980 MHz, 121.18 W, 0 %, 73547 MiB
2026/09/27 14:46:16.143, 4, 24, 1980 MHz, 117.55 W, 0 %, 73547 MiB
2026/09/27 14:46:16.144, 5, 27, 1980 MHz, 120.49 W, 0 %, 73547 MiB
2026/09/27 14:46:16.144, 6, 25, 1980 MHz, 119.90 W, 0 %, 73547 MiB
2026/09/27 14:46:16.144, 7, 24, 1980 MHz, 116.06 W, 1 %, 73547 MiB
2026/09/27 14:46:18.144, 0, 24, 1980 MHz, 118.42 W, 0 %, 73547 MiB
2026/09/27 14:46:18.144, 1, 26, 1980 MHz, 119.43 W, 0 %, 73547 MiB
2026/09/27 14:46:18.144, 2, 31, 1980 MHz, 123.73 W, 0 %, 73547 MiB
2026/09/27 14:46:18.145, 3, 24, 1980 MHz, 121.21 W, 0 %, 73547 MiB
2026/09/27 14:46:18.145, 4, 24, 1980 MHz, 117.46 W, 0 %, 73547 MiB
2026/09/27 14:46:18.145, 5, 27, 1980 MHz, 120.54 W, 0 %, 73547 MiB
2026/09/27 14:46:18.145, 6, 25, 1980 MHz, 119.85 W, 0 %, 73547 MiB
2026/09/27 14:46:18.145, 7, 24, 1980 MHz, 115.99 W, 1 %, 73547 MiB
2026/09/27 14:46:20.145, 0, 24, 1980 MHz, 118.43 W, 0 %, 73547 MiB
2026/09/27 14:46:20.145, 1, 26, 1980 MHz, 119.41 W, 0 %, 73547 MiB
2026/09/27 14:46:20.145, 2, 31, 1980 MHz, 123.69 W, 0 %, 73547 MiB
2026/09/27 14:46:20.145, 3, 24, 1980 MHz, 121.13 W, 0 %, 73547 MiB
2026/09/27 14:46:20.145, 4, 24, 1980 MHz, 117.50 W, 0 %, 73547 MiB
2026/09/27 14:46:20.145, 5, 27, 1980 MHz, 120.45 W, 0 %, 73547 MiB
2026/09/27 14:46:20.145, 6, 25, 1980 MHz, 119.81 W, 0 %, 73547 MiB
2026/09/27 14:46:20.145, 7, 24, 1980 MHz, 116.09 W, 1 %, 73547 MiB
2026/09/27 14:46:22.146, 0, 24, 1980 MHz, 118.45 W, 0 %, 73547 MiB
2026/09/27 14:46:22.146, 1, 26, 1980 MHz, 119.33 W, 0 %, 73547 MiB
2026/09/27 14:46:22.146, 2, 31, 1980 MHz, 123.71 W, 0 %, 73547 MiB
2026/09/27 14:46:22.146, 3, 24, 1980 MHz, 121.13 W, 0 %, 73547 MiB
2026/09/27 14:46:22.146, 4, 24, 1980 MHz, 117.48 W, 0 %, 73547 MiB
2026/09/27 14:46:22.146, 5, 27, 1980 MHz, 120.50 W, 0 %, 73547 MiB
2026/09/27 14:46:22.146, 6, 25, 1980 MHz, 119.86 W, 0 %, 73547 MiB
2026/09/27 14:46:22.146, 7, 24, 1980 MHz, 115.86 W, 1 %, 73547 MiB
2026/09/27 14:46:24.147, 0, 24, 1980 MHz, 118.45 W, 0 %, 73547 MiB
2026/09/27 14:46:24.147, 1, 26, 1980 MHz, 119.40 W, 0 %, 73547 MiB
2026/09/27 14:46:24.147, 2, 31, 1980 MHz, 123.78 W, 0 %, 73547 MiB
2026/09/27 14:46:24.147, 3, 24, 1980 MHz, 121.16 W, 0 %, 73547 MiB
2026/09/27 14:46:24.147, 4, 24, 1980 MHz, 117.55 W, 0 %, 73547 MiB
2026/09/27 14:46:24.147, 5, 27, 1980 MHz, 120.51 W, 0 %, 73547 MiB
2026/09/27 14:46:24.148, 6, 25, 1980 MHz, 119.90 W, 0 %, 73547 MiB
2026/09/27 14:46:24.148, 7, 24, 1980 MHz, 115.91 W, 0 %, 73547 MiB
2026/09/27 14:46:26.148, 0, 23, 1980 MHz, 114.33 W, 1 %, 73547 MiB
2026/09/27 14:46:26.148, 1, 26, 1980 MHz, 115.19 W, 0 %, 73547 MiB
2026/09/27 14:46:26.148, 2, 30, 1980 MHz, 119.35 W, 0 %, 73547 MiB
2026/09/27 14:46:26.149, 3, 24, 1980 MHz, 121.20 W, 0 %, 73547 MiB
2026/09/27 14:46:26.149, 4, 24, 1980 MHz, 117.43 W, 0 %, 73547 MiB
2026/09/27 14:46:26.149, 5, 27, 1980 MHz, 120.56 W, 0 %, 73547 MiB
2026/09/27 14:46:26.149, 6, 25, 1980 MHz, 119.81 W, 0 %, 73547 MiB
2026/09/27 14:46:26.149, 7, 24, 1980 MHz, 115.87 W, 0 %, 73547 MiB
2026/09/27 14:46:28.149, 0, 23, 1980 MHz, 114.57 W, 1 %, 73547 MiB
2026/09/27 14:46:28.149, 1, 26, 1980 MHz, 115.19 W, 0 %, 73547 MiB
2026/09/27 14:46:28.149, 2, 30, 1980 MHz, 119.40 W, 0 %, 73547 MiB
2026/09/27 14:46:28.149, 3, 24, 1980 MHz, 121.14 W, 0 %, 73547 MiB
2026/09/27 14:46:28.149, 4, 24, 1980 MHz, 117.47 W, 0 %, 73547 MiB
2026/09/27 14:46:28.149, 5, 27, 1980 MHz, 120.48 W, 0 %, 73547 MiB
2026/09/27 14:46:28.150, 6, 25, 1980 MHz, 119.85 W, 0 %, 73547 MiB
2026/09/27 14:46:28.150, 7, 24, 1980 MHz, 115.84 W, 0 %, 73547 MiB
2026/09/27 14:46:30.150, 0, 23, 1980 MHz, 114.44 W, 1 %, 73547 MiB
2026/09/27 14:46:30.150, 1, 26, 1980 MHz, 115.14 W, 0 %, 73547 MiB
2026/09/27 14:46:30.150, 2, 30, 1980 MHz, 119.38 W, 0 %, 73547 MiB
2026/09/27 14:46:30.150, 3, 24, 1980 MHz, 121.17 W, 0 %, 73547 MiB
2026/09/27 14:46:30.150, 4, 24, 1980 MHz, 117.52 W, 0 %, 73547 MiB
2026/09/27 14:46:30.150, 5, 27, 1980 MHz, 120.50 W, 0 %, 73547 MiB
2026/09/27 14:46:30.150, 6, 25, 1980 MHz, 119.93 W, 0 %, 73547 MiB
2026/09/27 14:46:30.151, 7, 24, 1980 MHz, 115.86 W, 0 %, 73547 MiB
2026/09/27 14:46:32.151, 0, 23, 1980 MHz, 114.53 W, 1 %, 73547 MiB
2026/09/27 14:46:32.151, 1, 26, 1980 MHz, 115.18 W, 0 %, 73547 MiB
2026/09/27 14:46:32.151, 2, 30, 1980 MHz, 119.38 W, 0 %, 73547 MiB
2026/09/27 14:46:32.151, 3, 24, 1980 MHz, 121.15 W, 0 %, 73547 MiB
2026/09/27 14:46:32.151, 4, 24, 1980 MHz, 117.48 W, 0 %, 73547 MiB
2026/09/27 14:46:32.151, 5, 27, 1980 MHz, 120.52 W, 0 %, 73547 MiB
2026/09/27 14:46:32.152, 6, 25, 1980 MHz, 119.82 W, 0 %, 73547 MiB
2026/09/27 14:46:32.152, 7, 24, 1980 MHz, 115.91 W, 0 %, 73547 MiB
2026/09/27 14:46:34.152, 0, 23, 1980 MHz, 114.51 W, 1 %, 73547 MiB
2026/09/27 14:46:34.152, 1, 26, 1980 MHz, 115.13 W, 0 %, 73547 MiB
2026/09/27 14:46:34.152, 2, 30, 1980 MHz, 119.41 W, 0 %, 73547 MiB
2026/09/27 14:46:34.152, 3, 25, 1980 MHz, 121.16 W, 0 %, 73547 MiB
2026/09/27 14:46:34.152, 4, 24, 1980 MHz, 117.48 W, 0 %, 73547 MiB
2026/09/27 14:46:34.153, 5, 27, 1980 MHz, 120.53 W, 0 %, 73547 MiB
2026/09/27 14:46:34.153, 6, 25, 1980 MHz, 119.87 W, 0 %, 73547 MiB
2026/09/27 14:46:34.153, 7, 24, 1980 MHz, 115.85 W, 0 %, 73547 MiB
2026/09/27 14:46:36.153, 0, 23, 1980 MHz, 114.66 W, 1 %, 73547 MiB
2026/09/27 14:46:36.153, 1, 26, 1980 MHz, 115.08 W, 0 %, 73547 MiB
2026/09/27 14:46:36.153, 2, 30, 1980 MHz, 119.39 W, 0 %, 73547 MiB
2026/09/27 14:46:36.153, 3, 25, 1980 MHz, 121.19 W, 0 %, 73547 MiB
2026/09/27 14:46:36.154, 4, 24, 1980 MHz, 117.48 W, 0 %, 73547 MiB
2026/09/27 14:46:36.154, 5, 27, 1980 MHz, 120.50 W, 0 %, 73547 MiB
2026/09/27 14:46:36.154, 6, 25, 1980 MHz, 119.88 W, 0 %, 73547 MiB
2026/09/27 14:46:36.154, 7, 24, 1980 MHz, 115.78 W, 0 %, 73547 MiB
2026/09/27 14:46:38.154, 0, 23, 1980 MHz, 114.42 W, 1 %, 73547 MiB
2026/09/27 14:46:38.154, 1, 26, 1980 MHz, 115.18 W, 0 %, 73547 MiB
2026/09/27 14:46:38.154, 2, 30, 1980 MHz, 119.35 W, 0 %, 73547 MiB
2026/09/27 14:46:38.154, 3, 25, 1980 MHz, 121.21 W, 0 %, 73547 MiB
2026/09/27 14:46:38.155, 4, 24, 1980 MHz, 117.51 W, 0 %, 73547 MiB
2026/09/27 14:46:38.155, 5, 27, 1980 MHz, 120.54 W, 0 %, 73547 MiB
2026/09/27 14:46:38.155, 6, 25, 1980 MHz, 119.84 W, 0 %, 73547 MiB
2026/09/27 14:46:38.155, 7, 24, 1980 MHz, 115.81 W, 0 %, 73547 MiB
2026/09/27 14:46:40.155, 0, 23, 1980 MHz, 114.45 W, 1 %, 73547 MiB
2026/09/27 14:46:40.155, 1, 26, 1980 MHz, 115.17 W, 0 %, 73547 MiB
2026/09/27 14:46:40.155, 2, 30, 1980 MHz, 119.33 W, 0 %, 73547 MiB
2026/09/27 14:46:40.156, 3, 25, 1980 MHz, 121.18 W, 0 %, 73547 MiB
2026/09/27 14:46:40.156, 4, 24, 1980 MHz, 117.50 W, 0 %, 73547 MiB
2026/09/27 14:46:40.156, 5, 27, 1980 MHz, 120.53 W, 0 %, 73547 MiB
2026/09/27 14:46:40.156, 6, 25, 1980 MHz, 119.82 W, 0 %, 73547 MiB
2026/09/27 14:46:40.156, 7, 24, 1980 MHz, 115.84 W, 0 %, 73547 MiB
2026/09/27 14:46:42.156, 0, 23, 1980 MHz, 114.48 W, 1 %, 73547 MiB
2026/09/27 14:46:42.156, 1, 26, 1980 MHz, 115.16 W, 0 %, 73547 MiB
2026/09/27 14:46:42.157, 2, 30, 1980 MHz, 119.33 W, 0 %, 73547 MiB
2026/09/27 14:46:42.157, 3, 25, 1980 MHz, 121.16 W, 0 %, 73547 MiB
2026/09/27 14:46:42.157, 4, 24, 1980 MHz, 117.56 W, 0 %, 73547 MiB
2026/09/27 14:46:42.157, 5, 27, 1980 MHz, 120.54 W, 0 %, 73547 MiB
2026/09/27 14:46:42.157, 6, 25, 1980 MHz, 119.90 W, 0 %, 73547 MiB
2026/09/27 14:46:42.157, 7, 24, 1980 MHz, 115.86 W, 0 %, 73547 MiB
2026/09/27 14:46:44.157, 0, 23, 1980 MHz, 114.42 W, 1 %, 73547 MiB
2026/09/27 14:46:44.158, 1, 26, 1980 MHz, 115.18 W, 0 %, 73547 MiB
2026/09/27 14:46:44.158, 2, 30, 1980 MHz, 119.41 W, 0 %, 73547 MiB
2026/09/27 14:46:44.161, 3, 25, 1980 MHz, 121.19 W, 0 %, 73547 MiB
2026/09/27 14:46:44.161, 4, 24, 1980 MHz, 117.59 W, 0 %, 73547 MiB
2026/09/27 14:46:44.161, 5, 27, 1980 MHz, 120.56 W, 0 %, 73547 MiB
2026/09/27 14:46:44.161, 6, 25, 1980 MHz, 119.84 W, 0 %, 73547 MiB
2026/09/27 14:46:44.161, 7, 24, 1980 MHz, 115.91 W, 0 %, 73547 MiB
2026/09/27 14:46:46.161, 0, 23, 1980 MHz, 114.27 W, 0 %, 73547 MiB
2026/09/27 14:46:46.162, 1, 26, 1980 MHz, 115.40 W, 1 %, 73547 MiB
2026/09/27 14:46:46.162, 2, 30, 1980 MHz, 119.37 W, 0 %, 73547 MiB
2026/09/27 14:46:46.162, 3, 25, 1980 MHz, 121.15 W, 0 %, 73547 MiB
2026/09/27 14:46:46.162, 4, 24, 1980 MHz, 117.47 W, 0 %, 73547 MiB
2026/09/27 14:46:46.162, 5, 27, 1980 MHz, 120.53 W, 0 %, 73547 MiB
2026/09/27 14:46:46.162, 6, 25, 1980 MHz, 119.88 W, 0 %, 73547 MiB
2026/09/27 14:46:46.162, 7, 24, 1980 MHz, 115.88 W, 0 %, 73547 MiB
2026/09/27 14:46:48.163, 0, 23, 1980 MHz, 114.35 W, 0 %, 73547 MiB
2026/09/27 14:46:48.163, 1, 26, 1980 MHz, 115.36 W, 1 %, 73547 MiB
2026/09/27 14:46:48.163, 2, 30, 1980 MHz, 119.36 W, 0 %, 73547 MiB
2026/09/27 14:46:48.163, 3, 25, 1980 MHz, 121.20 W, 0 %, 73547 MiB
2026/09/27 14:46:48.163, 4, 24, 1980 MHz, 117.51 W, 0 %, 73547 MiB
2026/09/27 14:46:48.163, 5, 27, 1980 MHz, 120.51 W, 0 %, 73547 MiB
2026/09/27 14:46:48.163, 6, 25, 1980 MHz, 119.88 W, 0 %, 73547 MiB
2026/09/27 14:46:48.163, 7, 24, 1980 MHz, 115.85 W, 0 %, 73547 MiB
2026/09/27 14:46:50.164, 0, 23, 1980 MHz, 114.32 W, 0 %, 73547 MiB
2026/09/27 14:46:50.164, 1, 26, 1980 MHz, 115.40 W, 1 %, 73547 MiB
2026/09/27 14:46:50.164, 2, 30, 1980 MHz, 119.37 W, 0 %, 73547 MiB
2026/09/27 14:46:50.164, 3, 25, 1980 MHz, 121.18 W, 0 %, 73547 MiB
2026/09/27 14:46:50.164, 4, 24, 1980 MHz, 117.56 W, 0 %, 73547 MiB
2026/09/27 14:46:50.164, 5, 27, 1980 MHz, 120.52 W, 0 %, 73547 MiB
2026/09/27 14:46:50.164, 6, 25, 1980 MHz, 119.84 W, 0 %, 73547 MiB
2026/09/27 14:46:50.164, 7, 24, 1980 MHz, 115.88 W, 0 %, 73547 MiB
2026/09/27 14:46:52.165, 0, 23, 1980 MHz, 114.34 W, 0 %, 73547 MiB
2026/09/27 14:46:52.165, 1, 26, 1980 MHz, 115.40 W, 1 %, 73547 MiB
2026/09/27 14:46:52.165, 2, 30, 1980 MHz, 119.39 W, 0 %, 73547 MiB
2026/09/27 14:46:52.165, 3, 25, 1980 MHz, 121.19 W, 0 %, 73547 MiB
2026/09/27 14:46:52.165, 4, 24, 1980 MHz, 117.48 W, 0 %, 73547 MiB
2026/09/27 14:46:52.165, 5, 27, 1980 MHz, 120.53 W, 0 %, 73547 MiB
2026/09/27 14:46:52.165, 6, 25, 1980 MHz, 119.83 W, 0 %, 73547 MiB
2026/09/27 14:46:52.165, 7, 24, 1980 MHz, 115.85 W, 0 %, 73547 MiB
2026/09/27 14:46:54.166, 0, 23, 1980 MHz, 114.38 W, 0 %, 73547 MiB
2026/09/27 14:46:54.166, 1, 26, 1980 MHz, 115.39 W, 1 %, 73547 MiB
2026/09/27 14:46:54.166, 2, 30, 1980 MHz, 119.34 W, 0 %, 73547 MiB
2026/09/27 14:46:54.166, 3, 25, 1980 MHz, 121.19 W, 0 %, 73547 MiB
2026/09/27 14:46:54.166, 4, 24, 1980 MHz, 117.50 W, 0 %, 73547 MiB
2026/09/27 14:46:54.166, 5, 27, 1980 MHz, 120.47 W, 0 %, 73547 MiB
2026/09/27 14:46:54.166, 6, 25, 1980 MHz, 119.86 W, 0 %, 73547 MiB
2026/09/27 14:46:54.166, 7, 24, 1980 MHz, 115.86 W, 0 %, 73547 MiB
2026/09/27 14:46:56.167, 0, 23, 1980 MHz, 114.37 W, 0 %, 73547 MiB
2026/09/27 14:46:56.167, 1, 26, 1980 MHz, 115.37 W, 1 %, 73547 MiB
2026/09/27 14:46:56.167, 2, 30, 1980 MHz, 119.36 W, 0 %, 73547 MiB
2026/09/27 14:46:56.167, 3, 25, 1980 MHz, 121.24 W, 0 %, 73547 MiB
2026/09/27 14:46:56.167, 4, 24, 1980 MHz, 117.51 W, 0 %, 73547 MiB
2026/09/27 14:46:56.167, 5, 27, 1980 MHz, 120.53 W, 0 %, 73547 MiB
2026/09/27 14:46:56.167, 6, 25, 1980 MHz, 119.89 W, 0 %, 73547 MiB
2026/09/27 14:46:56.167, 7, 24, 1980 MHz, 115.83 W, 0 %, 73547 MiB
2026/09/27 14:46:58.168, 0, 23, 1980 MHz, 114.29 W, 0 %, 73547 MiB
2026/09/27 14:46:58.168, 1, 26, 1980 MHz, 115.45 W, 1 %, 73547 MiB
2026/09/27 14:46:58.168, 2, 30, 1980 MHz, 119.38 W, 0 %, 73547 MiB
2026/09/27 14:46:58.168, 3, 25, 1980 MHz, 121.18 W, 0 %, 73547 MiB
2026/09/27 14:46:58.168, 4, 24, 1980 MHz, 117.56 W, 0 %, 73547 MiB
2026/09/27 14:46:58.168, 5, 27, 1980 MHz, 120.56 W, 0 %, 73547 MiB
2026/09/27 14:46:58.168, 6, 25, 1980 MHz, 119.82 W, 0 %, 73547 MiB
2026/09/27 14:46:58.168, 7, 24, 1980 MHz, 115.86 W, 0 %, 73547 MiB
2026/09/27 14:47:00.169, 0, 23, 1980 MHz, 114.34 W, 0 %, 73547 MiB
2026/09/27 14:47:00.169, 1, 26, 1980 MHz, 115.41 W, 1 %, 73547 MiB
2026/09/27 14:47:00.169, 2, 30, 1980 MHz, 119.36 W, 0 %, 73547 MiB
2026/09/27 14:47:00.169, 3, 25, 1980 MHz, 121.15 W, 0 %, 73547 MiB
2026/09/27 14:47:00.169, 4, 24, 1980 MHz, 117.47 W, 0 %, 73547 MiB
2026/09/27 14:47:00.170, 5, 27, 1980 MHz, 120.53 W, 0 %, 73547 MiB
2026/09/27 14:47:00.170, 6, 25, 1980 MHz, 119.85 W, 0 %, 73547 MiB
2026/09/27 14:47:00.170, 7, 24, 1980 MHz, 115.81 W, 0 %, 73547 MiB
2026/09/27 14:47:02.170, 0, 23, 1980 MHz, 114.32 W, 0 %, 73547 MiB
2026/09/27 14:47:02.170, 1, 26, 1980 MHz, 115.51 W, 1 %, 73547 MiB
2026/09/27 14:47:02.170, 2, 30, 1980 MHz, 119.36 W, 0 %, 73547 MiB
2026/09/27 14:47:02.170, 3, 25, 1980 MHz, 121.22 W, 0 %, 73547 MiB
2026/09/27 14:47:02.171, 4, 24, 1980 MHz, 117.55 W, 0 %, 73547 MiB
2026/09/27 14:47:02.171, 5, 27, 1980 MHz, 120.50 W, 0 %, 73547 MiB
2026/09/27 14:47:02.171, 6, 25, 1980 MHz, 119.88 W, 0 %, 73547 MiB
2026/09/27 14:47:02.171, 7, 24, 1980 MHz, 115.82 W, 0 %, 73547 MiB
2026/09/27 14:47:04.171, 0, 23, 1980 MHz, 114.33 W, 0 %, 73547 MiB
2026/09/27 14:47:04.171, 1, 26, 1980 MHz, 115.37 W, 0 %, 73547 MiB
2026/09/27 14:47:04.171, 2, 30, 1980 MHz, 120.03 W, 1 %, 73547 MiB
2026/09/27 14:47:04.172, 3, 25, 1980 MHz, 121.17 W, 0 %, 73547 MiB
2026/09/27 14:47:04.172, 4, 24, 1980 MHz, 117.56 W, 0 %, 73547 MiB
2026/09/27 14:47:04.172, 5, 27, 1980 MHz, 120.51 W, 0 %, 73547 MiB
2026/09/27 14:47:04.172, 6, 25, 1980 MHz, 119.82 W, 0 %, 73547 MiB
2026/09/27 14:47:04.172, 7, 24, 1980 MHz, 115.87 W, 0 %, 73547 MiB
2026/09/27 14:47:06.172, 0, 23, 1980 MHz, 114.28 W, 0 %, 73547 MiB
2026/09/27 14:47:06.172, 1, 26, 1980 MHz, 115.27 W, 0 %, 73547 MiB
2026/09/27 14:47:06.173, 2, 30, 1980 MHz, 119.78 W, 1 %, 73547 MiB
2026/09/27 14:47:06.173, 3, 25, 1980 MHz, 121.14 W, 0 %, 73547 MiB
2026/09/27 14:47:06.173, 4, 24, 1980 MHz, 117.53 W, 0 %, 73547 MiB
2026/09/27 14:47:06.173, 5, 27, 1980 MHz, 120.53 W, 0 %, 73547 MiB
2026/09/27 14:47:06.173, 6, 25, 1980 MHz, 119.83 W, 0 %, 73547 MiB
2026/09/27 14:47:06.173, 7, 24, 1980 MHz, 115.87 W, 0 %, 73547 MiB
2026/09/27 14:47:08.173, 0, 23, 1980 MHz, 114.31 W, 0 %, 73547 MiB
2026/09/27 14:47:08.174, 1, 26, 1980 MHz, 115.17 W, 0 %, 73547 MiB
2026/09/27 14:47:08.174, 2, 30, 1980 MHz, 119.63 W, 1 %, 73547 MiB
2026/09/27 14:47:08.174, 3, 25, 1980 MHz, 121.22 W, 0 %, 73547 MiB
2026/09/27 14:47:08.174, 4, 24, 1980 MHz, 117.47 W, 0 %, 73547 MiB
2026/09/27 14:47:08.174, 5, 27, 1980 MHz, 120.54 W, 0 %, 73547 MiB
2026/09/27 14:47:08.174, 6, 25, 1980 MHz, 119.88 W, 0 %, 73547 MiB
2026/09/27 14:47:08.174, 7, 24, 1980 MHz, 115.80 W, 0 %, 73547 MiB
2026/09/27 14:47:10.174, 0, 23, 1980 MHz, 114.28 W, 0 %, 73547 MiB
2026/09/27 14:47:10.175, 1, 26, 1980 MHz, 115.22 W, 0 %, 73547 MiB
2026/09/27 14:47:10.175, 2, 30, 1980 MHz, 119.84 W, 1 %, 73547 MiB
2026/09/27 14:47:10.175, 3, 25, 1980 MHz, 121.19 W, 0 %, 73547 MiB
2026/09/27 14:47:10.175, 4, 24, 1980 MHz, 117.54 W, 0 %, 73547 MiB
2026/09/27 14:47:10.175, 5, 27, 1980 MHz, 120.53 W, 0 %, 73547 MiB
2026/09/27 14:47:10.175, 6, 25, 1980 MHz, 119.84 W, 0 %, 73547 MiB
2026/09/27 14:47:10.175, 7, 24, 1980 MHz, 115.85 W, 0 %, 73547 MiB
2026/09/27 14:47:12.175, 0, 23, 1980 MHz, 114.32 W, 0 %, 73547 MiB
2026/09/27 14:47:12.176, 1, 26, 1980 MHz, 115.23 W, 0 %, 73547 MiB
2026/09/27 14:47:12.176, 2, 30, 1980 MHz, 119.73 W, 1 %, 73547 MiB
2026/09/27 14:47:12.176, 3, 25, 1980 MHz, 121.22 W, 0 %, 73547 MiB
2026/09/27 14:47:12.176, 4, 24, 1980 MHz, 117.48 W, 0 %, 73547 MiB
2026/09/27 14:47:12.176, 5, 27, 1980 MHz, 120.47 W, 0 %, 73547 MiB
2026/09/27 14:47:12.176, 6, 25, 1980 MHz, 119.82 W, 0 %, 73547 MiB
2026/09/27 14:47:12.176, 7, 24, 1980 MHz, 115.83 W, 0 %, 73547 MiB
2026/09/27 14:47:14.177, 0, 23, 1980 MHz, 114.32 W, 0 %, 73547 MiB
2026/09/27 14:47:14.177, 1, 26, 1980 MHz, 115.30 W, 0 %, 73547 MiB
2026/09/27 14:47:14.177, 2, 30, 1980 MHz, 119.65 W, 1 %, 73547 MiB
2026/09/27 14:47:14.177, 3, 25, 1980 MHz, 121.16 W, 0 %, 73547 MiB
2026/09/27 14:47:14.177, 4, 24, 1980 MHz, 117.56 W, 0 %, 73547 MiB
2026/09/27 14:47:14.177, 5, 27, 1980 MHz, 120.52 W, 0 %, 73547 MiB
2026/09/27 14:47:14.177, 6, 25, 1980 MHz, 119.82 W, 0 %, 73547 MiB
2026/09/27 14:47:14.177, 7, 24, 1980 MHz, 115.83 W, 0 %, 73547 MiB
2026/09/27 14:47:16.178, 0, 23, 1980 MHz, 114.26 W, 0 %, 73547 MiB
2026/09/27 14:47:16.178, 1, 26, 1980 MHz, 115.29 W, 0 %, 73547 MiB
2026/09/27 14:47:16.178, 2, 30, 1980 MHz, 119.77 W, 1 %, 73547 MiB
2026/09/27 14:47:16.178, 3, 25, 1980 MHz, 121.17 W, 0 %, 73547 MiB
2026/09/27 14:47:16.178, 4, 24, 1980 MHz, 117.54 W, 0 %, 73547 MiB
2026/09/27 14:47:16.178, 5, 27, 1980 MHz, 120.50 W, 0 %, 73547 MiB
2026/09/27 14:47:16.178, 6, 25, 1980 MHz, 119.87 W, 0 %, 73547 MiB
2026/09/27 14:47:16.178, 7, 24, 1980 MHz, 115.86 W, 0 %, 73547 MiB
2026/09/27 14:47:18.179, 0, 23, 1980 MHz, 114.24 W, 0 %, 73547 MiB
2026/09/27 14:47:18.179, 1, 26, 1980 MHz, 115.30 W, 0 %, 73547 MiB
2026/09/27 14:47:18.179, 2, 30, 1980 MHz, 119.70 W, 1 %, 73547 MiB
2026/09/27 14:47:18.179, 3, 25, 1980 MHz, 121.19 W, 0 %, 73547 MiB
2026/09/27 14:47:18.179, 4, 24, 1980 MHz, 117.49 W, 0 %, 73547 MiB
2026/09/27 14:47:18.179, 5, 27, 1980 MHz, 120.54 W, 0 %, 73547 MiB
2026/09/27 14:47:18.179, 6, 25, 1980 MHz, 119.84 W, 0 %, 73547 MiB
2026/09/27 14:47:18.180, 7, 24, 1980 MHz, 115.85 W, 0 %, 73547 MiB
2026/09/27 14:47:20.180, 0, 23, 1980 MHz, 114.30 W, 0 %, 73547 MiB
2026/09/27 14:47:20.180, 1, 26, 1980 MHz, 115.26 W, 0 %, 73547 MiB
2026/09/27 14:47:20.180, 2, 30, 1980 MHz, 119.61 W, 1 %, 73547 MiB
2026/09/27 14:47:20.180, 3, 25, 1980 MHz, 121.14 W, 0 %, 73547 MiB
2026/09/27 14:47:20.180, 4, 24, 1980 MHz, 117.55 W, 0 %, 73547 MiB
2026/09/27 14:47:20.180, 5, 27, 1980 MHz, 120.55 W, 0 %, 73547 MiB
2026/09/27 14:47:20.181, 6, 25, 1980 MHz, 119.89 W, 0 %, 73547 MiB
2026/09/27 14:47:20.181, 7, 24, 1980 MHz, 115.84 W, 0 %, 73547 MiB
2026/09/27 14:47:22.181, 0, 23, 1980 MHz, 114.35 W, 0 %, 73547 MiB
2026/09/27 14:47:22.181, 1, 26, 1980 MHz, 115.19 W, 0 %, 73547 MiB
2026/09/27 14:47:22.181, 2, 30, 1980 MHz, 119.59 W, 1 %, 73547 MiB
2026/09/27 14:47:22.181, 3, 25, 1980 MHz, 121.18 W, 0 %, 73547 MiB
2026/09/27 14:47:22.181, 4, 24, 1980 MHz, 117.53 W, 0 %, 73547 MiB
2026/09/27 14:47:22.182, 5, 27, 1980 MHz, 120.51 W, 0 %, 73547 MiB
2026/09/27 14:47:22.182, 6, 25, 1980 MHz, 119.88 W, 0 %, 73547 MiB
2026/09/27 14:47:22.182, 7, 24, 1980 MHz, 115.80 W, 0 %, 73547 MiB
2026/09/27 14:47:24.182, 0, 23, 1980 MHz, 114.28 W, 0 %, 73547 MiB
2026/09/27 14:47:24.182, 1, 26, 1980 MHz, 115.25 W, 0 %, 73547 MiB
2026/09/27 14:47:24.182, 2, 30, 1980 MHz, 119.50 W, 0 %, 73547 MiB
2026/09/27 14:47:24.183, 3, 25, 1980 MHz, 121.52 W, 1 %, 73547 MiB
2026/09/27 14:47:24.183, 4, 24, 1980 MHz, 117.51 W, 0 %, 73547 MiB
2026/09/27 14:47:24.183, 5, 27, 1980 MHz, 120.53 W, 0 %, 73547 MiB
2026/09/27 14:47:24.183, 6, 25, 1980 MHz, 119.85 W, 0 %, 73547 MiB
2026/09/27 14:47:24.183, 7, 24, 1980 MHz, 115.86 W, 0 %, 73547 MiB
2026/09/27 14:47:26.183, 0, 23, 1980 MHz, 114.29 W, 0 %, 73547 MiB
2026/09/27 14:47:26.184, 1, 26, 1980 MHz, 115.25 W, 0 %, 73547 MiB
2026/09/27 14:47:26.184, 2, 30, 1980 MHz, 119.50 W, 0 %, 73547 MiB
2026/09/27 14:47:26.184, 3, 25, 1980 MHz, 121.30 W, 1 %, 73547 MiB
2026/09/27 14:47:26.184, 4, 24, 1980 MHz, 117.52 W, 0 %, 73547 MiB
2026/09/27 14:47:26.184, 5, 27, 1980 MHz, 120.48 W, 0 %, 73547 MiB
2026/09/27 14:47:26.184, 6, 25, 1980 MHz, 119.88 W, 0 %, 73547 MiB
2026/09/27 14:47:26.184, 7, 24, 1980 MHz, 115.87 W, 0 %, 73547 MiB
2026/09/27 14:47:28.184, 0, 23, 1980 MHz, 114.35 W, 0 %, 73547 MiB
2026/09/27 14:47:28.185, 1, 26, 1980 MHz, 115.30 W, 0 %, 73547 MiB
2026/09/27 14:47:28.185, 2, 30, 1980 MHz, 119.54 W, 0 %, 73547 MiB
2026/09/27 14:47:28.185, 3, 25, 1980 MHz, 121.37 W, 1 %, 73547 MiB
2026/09/27 14:47:28.185, 4, 24, 1980 MHz, 117.59 W, 0 %, 73547 MiB
2026/09/27 14:47:28.185, 5, 27, 1980 MHz, 120.54 W, 0 %, 73547 MiB
2026/09/27 14:47:28.185, 6, 25, 1980 MHz, 119.90 W, 0 %, 73547 MiB
2026/09/27 14:47:28.185, 7, 24, 1980 MHz, 115.83 W, 0 %, 73547 MiB
2026/09/27 14:47:30.185, 0, 23, 1980 MHz, 114.29 W, 0 %, 73547 MiB
2026/09/27 14:47:30.186, 1, 26, 1980 MHz, 115.24 W, 0 %, 73547 MiB
2026/09/27 14:47:30.186, 2, 30, 1980 MHz, 119.51 W, 0 %, 73547 MiB
2026/09/27 14:47:30.186, 3, 25, 1980 MHz, 121.42 W, 1 %, 73547 MiB
2026/09/27 14:47:30.186, 4, 24, 1980 MHz, 117.51 W, 0 %, 73547 MiB
2026/09/27 14:47:30.186, 5, 27, 1980 MHz, 120.52 W, 0 %, 73547 MiB
2026/09/27 14:47:30.186, 6, 25, 1980 MHz, 119.81 W, 0 %, 73547 MiB
2026/09/27 14:47:30.186, 7, 24, 1980 MHz, 115.85 W, 0 %, 73547 MiB
2026/09/27 14:47:32.187, 0, 23, 1980 MHz, 114.28 W, 0 %, 73547 MiB
2026/09/27 14:47:32.187, 1, 26, 1980 MHz, 115.26 W, 0 %, 73547 MiB
2026/09/27 14:47:32.187, 2, 30, 1980 MHz, 119.50 W, 0 %, 73547 MiB
2026/09/27 14:47:32.187, 3, 25, 1980 MHz, 121.51 W, 1 %, 73547 MiB
2026/09/27 14:47:32.187, 4, 24, 1980 MHz, 117.50 W, 0 %, 73547 MiB
2026/09/27 14:47:32.187, 5, 27, 1980 MHz, 120.52 W, 0 %, 73547 MiB
2026/09/27 14:47:32.187, 6, 25, 1980 MHz, 119.82 W, 0 %, 73547 MiB
2026/09/27 14:47:32.187, 7, 24, 1980 MHz, 115.85 W, 0 %, 73547 MiB
2026/09/27 14:47:34.188, 0, 23, 1980 MHz, 114.34 W, 0 %, 73547 MiB
2026/09/27 14:47:34.188, 1, 26, 1980 MHz, 115.20 W, 0 %, 73547 MiB
2026/09/27 14:47:34.188, 2, 30, 1980 MHz, 119.48 W, 0 %, 73547 MiB
2026/09/27 14:47:34.188, 3, 25, 1980 MHz, 121.39 W, 1 %, 73547 MiB
2026/09/27 14:47:34.188, 4, 24, 1980 MHz, 117.54 W, 0 %, 73547 MiB
2026/09/27 14:47:34.188, 5, 27, 1980 MHz, 120.43 W, 0 %, 73547 MiB
2026/09/27 14:47:34.188, 6, 25, 1980 MHz, 119.87 W, 0 %, 73547 MiB
2026/09/27 14:47:34.188, 7, 24, 1980 MHz, 115.87 W, 0 %, 73547 MiB
2026/09/27 14:47:36.189, 0, 23, 1980 MHz, 114.36 W, 0 %, 73547 MiB
2026/09/27 14:47:36.189, 1, 26, 1980 MHz, 115.22 W, 0 %, 73547 MiB
2026/09/27 14:47:36.189, 2, 30, 1980 MHz, 119.46 W, 0 %, 73547 MiB
2026/09/27 14:47:36.189, 3, 25, 1980 MHz, 121.41 W, 1 %, 73547 MiB
2026/09/27 14:47:36.189, 4, 24, 1980 MHz, 117.51 W, 0 %, 73547 MiB
2026/09/27 14:47:36.189, 5, 27, 1980 MHz, 120.49 W, 0 %, 73547 MiB
2026/09/27 14:47:36.189, 6, 25, 1980 MHz, 119.93 W, 0 %, 73547 MiB
2026/09/27 14:47:36.189, 7, 24, 1980 MHz, 115.88 W, 0 %, 73547 MiB
2026/09/27 14:47:38.190, 0, 23, 1980 MHz, 114.28 W, 0 %, 73547 MiB
2026/09/27 14:47:38.190, 1, 26, 1980 MHz, 115.26 W, 0 %, 73547 MiB
2026/09/27 14:47:38.190, 2, 30, 1980 MHz, 119.50 W, 0 %, 73547 MiB
2026/09/27 14:47:38.190, 3, 25, 1980 MHz, 121.45 W, 1 %, 73547 MiB
2026/09/27 14:47:38.190, 4, 24, 1980 MHz, 117.41 W, 0 %, 73547 MiB
2026/09/27 14:47:38.190, 5, 27, 1980 MHz, 120.49 W, 0 %, 73547 MiB
2026/09/27 14:47:38.190, 6, 25, 1980 MHz, 119.87 W, 0 %, 73547 MiB
2026/09/27 14:47:38.190, 7, 24, 1980 MHz, 115.85 W, 0 %, 73547 MiB
2026/09/27 14:47:40.191, 0, 23, 1980 MHz, 114.32 W, 0 %, 73547 MiB
2026/09/27 14:47:40.191, 1, 26, 1980 MHz, 115.21 W, 0 %, 73547 MiB
2026/09/27 14:47:40.191, 2, 30, 1980 MHz, 119.51 W, 0 %, 73547 MiB
2026/09/27 14:47:40.191, 3, 25, 1980 MHz, 121.27 W, 1 %, 73547 MiB
2026/09/27 14:47:40.191, 4, 24, 1980 MHz, 117.57 W, 0 %, 73547 MiB
2026/09/27 14:47:40.191, 5, 27, 1980 MHz, 120.52 W, 0 %, 73547 MiB
2026/09/27 14:47:40.191, 6, 25, 1980 MHz, 119.90 W, 0 %, 73547 MiB
2026/09/27 14:47:40.191, 7, 24, 1980 MHz, 115.88 W, 0 %, 73547 MiB
2026/09/27 14:47:42.192, 0, 23, 1980 MHz, 114.36 W, 0 %, 73547 MiB
2026/09/27 14:47:42.192, 1, 26, 1980 MHz, 115.20 W, 0 %, 73547 MiB
2026/09/27 14:47:42.192, 2, 30, 1980 MHz, 119.50 W, 0 %, 73547 MiB
2026/09/27 14:47:42.192, 3, 25, 1980 MHz, 121.36 W, 0 %, 73547 MiB
2026/09/27 14:47:42.192, 4, 24, 1980 MHz, 118.25 W, 1 %, 73547 MiB
2026/09/27 14:47:42.192, 5, 27, 1980 MHz, 120.49 W, 0 %, 73547 MiB
2026/09/27 14:47:42.192, 6, 25, 1980 MHz, 119.90 W, 0 %, 73547 MiB
2026/09/27 14:47:42.193, 7, 24, 1980 MHz, 115.85 W, 0 %, 73547 MiB
2026/09/27 14:47:44.193, 0, 23, 1980 MHz, 114.29 W, 0 %, 73547 MiB
2026/09/27 14:47:44.193, 1, 26, 1980 MHz, 115.21 W, 0 %, 73547 MiB
2026/09/27 14:47:44.193, 2, 30, 1980 MHz, 119.49 W, 0 %, 73547 MiB
2026/09/27 14:47:44.193, 3, 25, 1980 MHz, 121.24 W, 0 %, 73547 MiB
2026/09/27 14:47:44.193, 4, 24, 1980 MHz, 117.67 W, 1 %, 73547 MiB
2026/09/27 14:47:44.194, 5, 27, 1980 MHz, 120.59 W, 0 %, 73547 MiB
2026/09/27 14:47:44.194, 6, 25, 1980 MHz, 119.82 W, 0 %, 73547 MiB
2026/09/27 14:47:44.194, 7, 24, 1980 MHz, 115.87 W, 0 %, 73547 MiB
2026/09/27 14:47:46.194, 0, 23, 1980 MHz, 114.31 W, 0 %, 73547 MiB
2026/09/27 14:47:46.194, 1, 26, 1980 MHz, 115.21 W, 0 %, 73547 MiB
2026/09/27 14:47:46.194, 2, 30, 1980 MHz, 119.51 W, 0 %, 73547 MiB
2026/09/27 14:47:46.195, 3, 25, 1980 MHz, 121.20 W, 0 %, 73547 MiB
2026/09/27 14:47:46.195, 4, 24, 1980 MHz, 117.77 W, 1 %, 73547 MiB
2026/09/27 14:47:46.195, 5, 27, 1980 MHz, 120.54 W, 0 %, 73547 MiB
2026/09/27 14:47:46.195, 6, 25, 1980 MHz, 119.86 W, 0 %, 73547 MiB
2026/09/27 14:47:46.195, 7, 24, 1980 MHz, 115.83 W, 0 %, 73547 MiB
2026/09/27 14:47:48.195, 0, 23, 1980 MHz, 114.38 W, 0 %, 73547 MiB
2026/09/27 14:47:48.195, 1, 26, 1980 MHz, 115.23 W, 0 %, 73547 MiB
2026/09/27 14:47:48.196, 2, 30, 1980 MHz, 119.50 W, 0 %, 73547 MiB
2026/09/27 14:47:48.196, 3, 25, 1980 MHz, 121.25 W, 0 %, 73547 MiB
2026/09/27 14:47:48.196, 4, 24, 1980 MHz, 117.78 W, 1 %, 73547 MiB
2026/09/27 14:47:48.196, 5, 27, 1980 MHz, 120.51 W, 0 %, 73547 MiB
2026/09/27 14:47:48.196, 6, 25, 1980 MHz, 119.95 W, 0 %, 73547 MiB
2026/09/27 14:47:48.196, 7, 24, 1980 MHz, 115.85 W, 0 %, 73547 MiB
2026/09/27 14:47:50.196, 0, 23, 1980 MHz, 114.30 W, 0 %, 73547 MiB
2026/09/27 14:47:50.197, 1, 26, 1980 MHz, 115.29 W, 0 %, 73547 MiB
2026/09/27 14:47:50.197, 2, 30, 1980 MHz, 119.51 W, 0 %, 73547 MiB
2026/09/27 14:47:50.197, 3, 25, 1980 MHz, 121.26 W, 0 %, 73547 MiB
2026/09/27 14:47:50.197, 4, 24, 1980 MHz, 117.69 W, 1 %, 73547 MiB
2026/09/27 14:47:50.197, 5, 27, 1980 MHz, 120.59 W, 0 %, 73547 MiB
2026/09/27 14:47:50.197, 6, 25, 1980 MHz, 119.90 W, 0 %, 73547 MiB
2026/09/27 14:47:50.197, 7, 24, 1980 MHz, 115.88 W, 0 %, 73547 MiB
2026/09/27 14:47:52.197, 0, 23, 1980 MHz, 114.30 W, 0 %, 73547 MiB
2026/09/27 14:47:52.198, 1, 26, 1980 MHz, 115.25 W, 0 %, 73547 MiB
2026/09/27 14:47:52.198, 2, 30, 1980 MHz, 119.47 W, 0 %, 73547 MiB
2026/09/27 14:47:52.198, 3, 25, 1980 MHz, 121.20 W, 0 %, 73547 MiB
2026/09/27 14:47:52.198, 4, 24, 1980 MHz, 117.70 W, 1 %, 73547 MiB
2026/09/27 14:47:52.198, 5, 27, 1980 MHz, 120.51 W, 0 %, 73547 MiB
2026/09/27 14:47:52.198, 6, 25, 1980 MHz, 119.87 W, 0 %, 73547 MiB
2026/09/27 14:47:52.198, 7, 24, 1980 MHz, 115.85 W, 0 %, 73547 MiB
2026/09/27 14:47:54.198, 0, 23, 1980 MHz, 114.34 W, 0 %, 73547 MiB
2026/09/27 14:47:54.199, 1, 26, 1980 MHz, 115.19 W, 0 %, 73547 MiB
2026/09/27 14:47:54.199, 2, 30, 1980 MHz, 119.45 W, 0 %, 73547 MiB
2026/09/27 14:47:54.199, 3, 25, 1980 MHz, 121.23 W, 0 %, 73547 MiB
2026/09/27 14:47:54.199, 4, 24, 1980 MHz, 117.84 W, 1 %, 73547 MiB
2026/09/27 14:47:54.199, 5, 27, 1980 MHz, 120.55 W, 0 %, 73547 MiB
2026/09/27 14:47:54.199, 6, 25, 1980 MHz, 119.94 W, 0 %, 73547 MiB
2026/09/27 14:47:54.199, 7, 24, 1980 MHz, 115.89 W, 0 %, 73547 MiB
2026/09/27 14:47:56.200, 0, 23, 1980 MHz, 114.32 W, 0 %, 73547 MiB
2026/09/27 14:47:56.200, 1, 26, 1980 MHz, 115.22 W, 0 %, 73547 MiB
2026/09/27 14:47:56.200, 2, 30, 1980 MHz, 119.53 W, 0 %, 73547 MiB
2026/09/27 14:47:56.200, 3, 25, 1980 MHz, 121.26 W, 0 %, 73547 MiB
2026/09/27 14:47:56.200, 4, 24, 1980 MHz, 117.79 W, 1 %, 73547 MiB
2026/09/27 14:47:56.200, 5, 27, 1980 MHz, 120.54 W, 0 %, 73547 MiB
2026/09/27 14:47:56.200, 6, 25, 1980 MHz, 119.90 W, 0 %, 73547 MiB
2026/09/27 14:47:56.200, 7, 24, 1980 MHz, 115.93 W, 0 %, 73547 MiB
2026/09/27 14:47:58.201, 0, 23, 1980 MHz, 114.29 W, 0 %, 73547 MiB
2026/09/27 14:47:58.201, 1, 26, 1980 MHz, 115.29 W, 0 %, 73547 MiB
2026/09/27 14:47:58.201, 2, 30, 1980 MHz, 119.47 W, 0 %, 73547 MiB
2026/09/27 14:47:58.201, 3, 25, 1980 MHz, 121.27 W, 0 %, 73547 MiB
2026/09/27 14:47:58.201, 4, 24, 1980 MHz, 117.75 W, 1 %, 73547 MiB
2026/09/27 14:47:58.201, 5, 27, 1980 MHz, 120.58 W, 0 %, 73547 MiB
2026/09/27 14:47:58.201, 6, 25, 1980 MHz, 119.89 W, 0 %, 73547 MiB
2026/09/27 14:47:58.201, 7, 24, 1980 MHz, 115.89 W, 0 %, 73547 MiB
2026/09/27 14:48:00.202, 0, 23, 1980 MHz, 114.33 W, 0 %, 73547 MiB
2026/09/27 14:48:00.202, 1, 26, 1980 MHz, 115.30 W, 0 %, 73547 MiB
2026/09/27 14:48:00.202, 2, 30, 1980 MHz, 119.49 W, 0 %, 73547 MiB
2026/09/27 14:48:00.202, 3, 25, 1980 MHz, 121.28 W, 0 %, 73547 MiB
2026/09/27 14:48:00.202, 4, 24, 1980 MHz, 117.80 W, 1 %, 73547 MiB
2026/09/27 14:48:00.202, 5, 27, 1980 MHz, 120.54 W, 0 %, 73547 MiB
2026/09/27 14:48:00.202, 6, 25, 1980 MHz, 119.91 W, 0 %, 73547 MiB
2026/09/27 14:48:00.203, 7, 24, 1980 MHz, 115.88 W, 0 %, 73547 MiB
2026/09/27 14:48:02.203, 0, 23, 1980 MHz, 114.32 W, 0 %, 73547 MiB
2026/09/27 14:48:02.203, 1, 26, 1980 MHz, 115.28 W, 0 %, 73547 MiB
2026/09/27 14:48:02.203, 2, 30, 1980 MHz, 119.46 W, 0 %, 73547 MiB
2026/09/27 14:48:02.203, 3, 25, 1980 MHz, 121.30 W, 0 %, 73547 MiB
2026/09/27 14:48:02.203, 4, 24, 1980 MHz, 117.57 W, 0 %, 73547 MiB
2026/09/27 14:48:02.203, 5, 27, 1980 MHz, 120.67 W, 1 %, 73547 MiB
2026/09/27 14:48:02.204, 6, 25, 1980 MHz, 119.88 W, 0 %, 73547 MiB
2026/09/27 14:48:02.204, 7, 24, 1980 MHz, 115.93 W, 0 %, 73547 MiB
2026/09/27 14:48:04.204, 0, 23, 1980 MHz, 114.32 W, 0 %, 73547 MiB
2026/09/27 14:48:04.204, 1, 26, 1980 MHz, 115.30 W, 0 %, 73547 MiB
2026/09/27 14:48:04.204, 2, 30, 1980 MHz, 119.52 W, 0 %, 73547 MiB
2026/09/27 14:48:04.204, 3, 25, 1980 MHz, 121.25 W, 0 %, 73547 MiB
2026/09/27 14:48:04.204, 4, 24, 1980 MHz, 117.60 W, 0 %, 73547 MiB
2026/09/27 14:48:04.205, 5, 27, 1980 MHz, 120.89 W, 1 %, 73547 MiB
2026/09/27 14:48:04.205, 6, 25, 1980 MHz, 119.89 W, 0 %, 73547 MiB
2026/09/27 14:48:04.205, 7, 24, 1980 MHz, 115.92 W, 0 %, 73547 MiB
2026/09/27 14:48:06.205, 0, 23, 1980 MHz, 114.31 W, 0 %, 73547 MiB
2026/09/27 14:48:06.205, 1, 26, 1980 MHz, 115.23 W, 0 %, 73547 MiB
2026/09/27 14:48:06.205, 2, 30, 1980 MHz, 119.47 W, 0 %, 73547 MiB
2026/09/27 14:48:06.206, 3, 25, 1980 MHz, 121.27 W, 0 %, 73547 MiB
2026/09/27 14:48:06.206, 4, 24, 1980 MHz, 117.59 W, 0 %, 73547 MiB
2026/09/27 14:48:06.206, 5, 27, 1980 MHz, 120.86 W, 1 %, 73547 MiB
2026/09/27 14:48:06.206, 6, 25, 1980 MHz, 119.92 W, 0 %, 73547 MiB
2026/09/27 14:48:06.206, 7, 24, 1980 MHz, 115.85 W, 0 %, 73547 MiB
2026/09/27 14:48:08.206, 0, 23, 1980 MHz, 114.36 W, 0 %, 73547 MiB
2026/09/27 14:48:08.206, 1, 26, 1980 MHz, 115.18 W, 0 %, 73547 MiB
2026/09/27 14:48:08.207, 2, 30, 1980 MHz, 119.49 W, 0 %, 73547 MiB
2026/09/27 14:48:08.207, 3, 25, 1980 MHz, 121.27 W, 0 %, 73547 MiB
2026/09/27 14:48:08.207, 4, 24, 1980 MHz, 117.60 W, 0 %, 73547 MiB
2026/09/27 14:48:08.207, 5, 27, 1980 MHz, 120.72 W, 1 %, 73547 MiB
2026/09/27 14:48:08.207, 6, 25, 1980 MHz, 119.93 W, 0 %, 73547 MiB
2026/09/27 14:48:08.207, 7, 24, 1980 MHz, 115.89 W, 0 %, 73547 MiB
2026/09/27 14:48:10.207, 0, 23, 1980 MHz, 114.31 W, 0 %, 73547 MiB
2026/09/27 14:48:10.208, 1, 26, 1980 MHz, 115.24 W, 0 %, 73547 MiB
2026/09/27 14:48:10.208, 2, 30, 1980 MHz, 119.50 W, 0 %, 73547 MiB
2026/09/27 14:48:10.208, 3, 25, 1980 MHz, 121.31 W, 0 %, 73547 MiB
2026/09/27 14:48:10.208, 4, 24, 1980 MHz, 117.63 W, 0 %, 73547 MiB
2026/09/27 14:48:10.208, 5, 27, 1980 MHz, 120.72 W, 1 %, 73547 MiB
2026/09/27 14:48:10.208, 6, 25, 1980 MHz, 119.92 W, 0 %, 73547 MiB
2026/09/27 14:48:10.208, 7, 24, 1980 MHz, 115.91 W, 0 %, 73547 MiB
2026/09/27 14:48:12.208, 0, 23, 1980 MHz, 114.34 W, 0 %, 73547 MiB
2026/09/27 14:48:12.209, 1, 26, 1980 MHz, 115.28 W, 0 %, 73547 MiB
2026/09/27 14:48:12.209, 2, 30, 1980 MHz, 119.46 W, 0 %, 73547 MiB
2026/09/27 14:48:12.209, 3, 25, 1980 MHz, 121.21 W, 0 %, 73547 MiB
2026/09/27 14:48:12.209, 4, 24, 1980 MHz, 117.57 W, 0 %, 73547 MiB
2026/09/27 14:48:12.209, 5, 27, 1980 MHz, 120.70 W, 1 %, 73547 MiB
2026/09/27 14:48:12.209, 6, 25, 1980 MHz, 119.87 W, 0 %, 73547 MiB
2026/09/27 14:48:12.209, 7, 24, 1980 MHz, 115.87 W, 0 %, 73547 MiB
2026/09/27 14:48:14.209, 0, 23, 1980 MHz, 114.27 W, 0 %, 73547 MiB
2026/09/27 14:48:14.210, 1, 26, 1980 MHz, 115.29 W, 0 %, 73547 MiB
2026/09/27 14:48:14.210, 2, 30, 1980 MHz, 119.52 W, 0 %, 73547 MiB
2026/09/27 14:48:14.210, 3, 25, 1980 MHz, 121.26 W, 0 %, 73547 MiB
2026/09/27 14:48:14.210, 4, 24, 1980 MHz, 117.65 W, 0 %, 73547 MiB
2026/09/27 14:48:14.210, 5, 27, 1980 MHz, 120.74 W, 1 %, 73547 MiB
2026/09/27 14:48:14.210, 6, 25, 1980 MHz, 119.93 W, 0 %, 73547 MiB
2026/09/27 14:48:14.210, 7, 24, 1980 MHz, 115.93 W, 0 %, 73547 MiB
2026/09/27 14:48:16.211, 0, 23, 1980 MHz, 114.31 W, 0 %, 73547 MiB
2026/09/27 14:48:16.211, 1, 26, 1980 MHz, 115.29 W, 0 %, 73547 MiB
2026/09/27 14:48:16.211, 2, 30, 1980 MHz, 119.50 W, 0 %, 73547 MiB
2026/09/27 14:48:16.211, 3, 25, 1980 MHz, 121.27 W, 0 %, 73547 MiB
2026/09/27 14:48:16.211, 4, 24, 1980 MHz, 117.58 W, 0 %, 73547 MiB
2026/09/27 14:48:16.211, 5, 27, 1980 MHz, 120.79 W, 1 %, 73547 MiB
2026/09/27 14:48:16.211, 6, 25, 1980 MHz, 119.89 W, 0 %, 73547 MiB
2026/09/27 14:48:16.211, 7, 24, 1980 MHz, 115.93 W, 0 %, 73547 MiB
2026/09/27 14:48:18.212, 0, 23, 1980 MHz, 114.28 W, 0 %, 73547 MiB
2026/09/27 14:48:18.212, 1, 26, 1980 MHz, 115.25 W, 0 %, 73547 MiB
2026/09/27 14:48:18.212, 2, 30, 1980 MHz, 119.50 W, 0 %, 73547 MiB
2026/09/27 14:48:18.212, 3, 25, 1980 MHz, 121.25 W, 0 %, 73547 MiB
2026/09/27 14:48:18.212, 4, 24, 1980 MHz, 117.62 W, 0 %, 73547 MiB
2026/09/27 14:48:18.212, 5, 27, 1980 MHz, 120.81 W, 1 %, 73547 MiB
2026/09/27 14:48:18.212, 6, 25, 1980 MHz, 119.92 W, 0 %, 73547 MiB
2026/09/27 14:48:18.212, 7, 24, 1980 MHz, 115.89 W, 0 %, 73547 MiB
2026/09/27 14:48:20.213, 0, 23, 1980 MHz, 114.32 W, 0 %, 73547 MiB
2026/09/27 14:48:20.213, 1, 26, 1980 MHz, 115.21 W, 0 %, 73547 MiB
2026/09/27 14:48:20.213, 2, 30, 1980 MHz, 119.44 W, 0 %, 73547 MiB
2026/09/27 14:48:20.213, 3, 25, 1980 MHz, 121.27 W, 0 %, 73547 MiB
2026/09/27 14:48:20.213, 4, 24, 1980 MHz, 117.60 W, 0 %, 73547 MiB
2026/09/27 14:48:20.213, 5, 27, 1980 MHz, 120.58 W, 0 %, 73547 MiB
2026/09/27 14:48:20.213, 6, 25, 1980 MHz, 120.95 W, 1 %, 73547 MiB
2026/09/27 14:48:20.213, 7, 24, 1980 MHz, 115.88 W, 0 %, 73547 MiB
2026/09/27 14:48:22.214, 0, 23, 1980 MHz, 114.34 W, 0 %, 73547 MiB
2026/09/27 14:48:22.214, 1, 26, 1980 MHz, 115.29 W, 0 %, 73547 MiB
2026/09/27 14:48:22.214, 2, 30, 1980 MHz, 119.50 W, 0 %, 73547 MiB
2026/09/27 14:48:22.214, 3, 25, 1980 MHz, 121.32 W, 0 %, 73547 MiB
2026/09/27 14:48:22.214, 4, 24, 1980 MHz, 117.60 W, 0 %, 73547 MiB
2026/09/27 14:48:22.214, 5, 27, 1980 MHz, 120.61 W, 0 %, 73547 MiB
2026/09/27 14:48:22.214, 6, 25, 1980 MHz, 120.18 W, 1 %, 73547 MiB
2026/09/27 14:48:22.214, 7, 24, 1980 MHz, 115.95 W, 0 %, 73547 MiB
2026/09/27 14:48:24.215, 0, 23, 1980 MHz, 114.25 W, 0 %, 73547 MiB
2026/09/27 14:48:24.215, 1, 26, 1980 MHz, 115.31 W, 0 %, 73547 MiB
2026/09/27 14:48:24.215, 2, 30, 1980 MHz, 119.49 W, 0 %, 73547 MiB
2026/09/27 14:48:24.215, 3, 25, 1980 MHz, 121.27 W, 0 %, 73547 MiB
2026/09/27 14:48:24.215, 4, 24, 1980 MHz, 117.59 W, 0 %, 73547 MiB
2026/09/27 14:48:24.215, 5, 27, 1980 MHz, 120.65 W, 0 %, 73547 MiB
2026/09/27 14:48:24.215, 6, 25, 1980 MHz, 120.07 W, 1 %, 73547 MiB
2026/09/27 14:48:24.215, 7, 24, 1980 MHz, 115.91 W, 0 %, 73547 MiB
2026/09/27 14:48:26.216, 0, 23, 1980 MHz, 114.30 W, 0 %, 73547 MiB
2026/09/27 14:48:26.216, 1, 26, 1980 MHz, 115.21 W, 0 %, 73547 MiB
2026/09/27 14:48:26.216, 2, 30, 1980 MHz, 119.47 W, 0 %, 73547 MiB
2026/09/27 14:48:26.216, 3, 25, 1980 MHz, 121.22 W, 0 %, 73547 MiB
2026/09/27 14:48:26.216, 4, 24, 1980 MHz, 117.61 W, 0 %, 73547 MiB
2026/09/27 14:48:26.216, 5, 27, 1980 MHz, 120.63 W, 0 %, 73547 MiB
2026/09/27 14:48:26.216, 6, 25, 1980 MHz, 120.16 W, 1 %, 73547 MiB
2026/09/27 14:48:26.216, 7, 24, 1980 MHz, 115.87 W, 0 %, 73547 MiB
2026/09/27 14:48:28.216, 0, 23, 1980 MHz, 114.35 W, 0 %, 73547 MiB
2026/09/27 14:48:28.217, 1, 26, 1980 MHz, 115.27 W, 0 %, 73547 MiB
2026/09/27 14:48:28.217, 2, 30, 1980 MHz, 119.49 W, 0 %, 73547 MiB
2026/09/27 14:48:28.217, 3, 25, 1980 MHz, 121.32 W, 0 %, 73547 MiB
2026/09/27 14:48:28.217, 4, 24, 1980 MHz, 117.62 W, 0 %, 73547 MiB
2026/09/27 14:48:28.217, 5, 27, 1980 MHz, 120.61 W, 0 %, 73547 MiB
2026/09/27 14:48:28.217, 6, 25, 1980 MHz, 120.09 W, 1 %, 73547 MiB
2026/09/27 14:48:28.217, 7, 24, 1980 MHz, 115.92 W, 0 %, 73547 MiB
2026/09/27 14:48:30.217, 0, 23, 1980 MHz, 114.29 W, 0 %, 73547 MiB
2026/09/27 14:48:30.218, 1, 26, 1980 MHz, 115.25 W, 0 %, 73547 MiB
2026/09/27 14:48:30.218, 2, 30, 1980 MHz, 119.54 W, 0 %, 73547 MiB
2026/09/27 14:48:30.218, 3, 25, 1980 MHz, 121.24 W, 0 %, 73547 MiB
2026/09/27 14:48:30.218, 4, 24, 1980 MHz, 117.59 W, 0 %, 73547 MiB
2026/09/27 14:48:30.218, 5, 27, 1980 MHz, 120.64 W, 0 %, 73547 MiB
2026/09/27 14:48:30.218, 6, 25, 1980 MHz, 120.04 W, 1 %, 73547 MiB
2026/09/27 14:48:30.218, 7, 24, 1980 MHz, 115.92 W, 0 %, 73547 MiB
2026/09/27 14:48:32.219, 0, 23, 1980 MHz, 114.32 W, 0 %, 73547 MiB
2026/09/27 14:48:32.219, 1, 26, 1980 MHz, 115.18 W, 0 %, 73547 MiB
2026/09/27 14:48:32.219, 2, 30, 1980 MHz, 119.49 W, 0 %, 73547 MiB
2026/09/27 14:48:32.219, 3, 25, 1980 MHz, 121.20 W, 0 %, 73547 MiB
2026/09/27 14:48:32.219, 4, 24, 1980 MHz, 117.58 W, 0 %, 73547 MiB
2026/09/27 14:48:32.219, 5, 27, 1980 MHz, 120.68 W, 0 %, 73547 MiB
2026/09/27 14:48:32.219, 6, 25, 1980 MHz, 120.07 W, 1 %, 73547 MiB
2026/09/27 14:48:32.219, 7, 24, 1980 MHz, 115.86 W, 0 %, 73547 MiB
2026/09/27 14:48:34.220, 0, 23, 1980 MHz, 114.31 W, 0 %, 73547 MiB
2026/09/27 14:48:34.220, 1, 26, 1980 MHz, 115.24 W, 0 %, 73547 MiB
2026/09/27 14:48:34.220, 2, 30, 1980 MHz, 119.48 W, 0 %, 73547 MiB
2026/09/27 14:48:34.220, 3, 25, 1980 MHz, 121.31 W, 0 %, 73547 MiB
2026/09/27 14:48:34.220, 4, 24, 1980 MHz, 117.67 W, 0 %, 73547 MiB
2026/09/27 14:48:34.220, 5, 27, 1980 MHz, 120.58 W, 0 %, 73547 MiB
2026/09/27 14:48:34.220, 6, 25, 1980 MHz, 120.08 W, 1 %, 73547 MiB
2026/09/27 14:48:34.220, 7, 24, 1980 MHz, 115.87 W, 0 %, 73547 MiB
2026/09/27 14:48:36.221, 0, 23, 1980 MHz, 114.29 W, 0 %, 73547 MiB
2026/09/27 14:48:36.221, 1, 26, 1980 MHz, 115.32 W, 0 %, 73547 MiB
2026/09/27 14:48:36.221, 2, 30, 1980 MHz, 119.49 W, 0 %, 73547 MiB
2026/09/27 14:48:36.221, 3, 25, 1980 MHz, 121.29 W, 0 %, 73547 MiB
2026/09/27 14:48:36.221, 4, 24, 1980 MHz, 117.58 W, 0 %, 73547 MiB
2026/09/27 14:48:36.221, 5, 27, 1980 MHz, 120.54 W, 0 %, 73547 MiB
2026/09/27 14:48:36.221, 6, 25, 1980 MHz, 120.15 W, 1 %, 73547 MiB
2026/09/27 14:48:36.221, 7, 24, 1980 MHz, 115.90 W, 0 %, 73547 MiB
2026/09/27 14:48:38.222, 0, 23, 1980 MHz, 114.29 W, 0 %, 73547 MiB
2026/09/27 14:48:38.222, 1, 26, 1980 MHz, 115.26 W, 0 %, 73547 MiB
2026/09/27 14:48:38.222, 2, 30, 1980 MHz, 119.51 W, 0 %, 73547 MiB
2026/09/27 14:48:38.222, 3, 25, 1980 MHz, 121.27 W, 0 %, 73547 MiB
2026/09/27 14:48:38.222, 4, 24, 1980 MHz, 117.59 W, 0 %, 73547 MiB
2026/09/27 14:48:38.222, 5, 27, 1980 MHz, 120.64 W, 0 %, 73547 MiB
2026/09/27 14:48:38.222, 6, 25, 1980 MHz, 120.00 W, 1 %, 73547 MiB
2026/09/27 14:48:38.222, 7, 24, 1980 MHz, 115.85 W, 0 %, 73547 MiB
2026/09/27 14:48:40.223, 0, 23, 1980 MHz, 114.33 W, 0 %, 73547 MiB
2026/09/27 14:48:40.223, 1, 26, 1980 MHz, 115.21 W, 0 %, 73547 MiB
2026/09/27 14:48:40.223, 2, 30, 1980 MHz, 119.41 W, 0 %, 73547 MiB
2026/09/27 14:48:40.223, 3, 25, 1980 MHz, 121.24 W, 0 %, 73547 MiB
2026/09/27 14:48:40.223, 4, 24, 1980 MHz, 117.59 W, 0 %, 73547 MiB
2026/09/27 14:48:40.223, 5, 27, 1980 MHz, 120.63 W, 0 %, 73547 MiB
2026/09/27 14:48:40.223, 6, 25, 1980 MHz, 119.91 W, 0 %, 73547 MiB
2026/09/27 14:48:40.223, 7, 24, 1980 MHz, 116.10 W, 1 %, 73547 MiB
2026/09/27 14:48:42.224, 0, 23, 1980 MHz, 114.36 W, 0 %, 73547 MiB
2026/09/27 14:48:42.224, 1, 26, 1980 MHz, 115.18 W, 0 %, 73547 MiB
2026/09/27 14:48:42.224, 2, 30, 1980 MHz, 119.50 W, 0 %, 73547 MiB
2026/09/27 14:48:42.224, 3, 25, 1980 MHz, 121.30 W, 0 %, 73547 MiB
2026/09/27 14:48:42.224, 4, 24, 1980 MHz, 117.55 W, 0 %, 73547 MiB
2026/09/27 14:48:42.224, 5, 27, 1980 MHz, 120.61 W, 0 %, 73547 MiB
2026/09/27 14:48:42.224, 6, 25, 1980 MHz, 119.94 W, 0 %, 73547 MiB
2026/09/27 14:48:42.224, 7, 24, 1980 MHz, 116.17 W, 1 %, 73547 MiB
2026/09/27 14:48:44.225, 0, 23, 1980 MHz, 114.31 W, 0 %, 73547 MiB
2026/09/27 14:48:44.225, 1, 26, 1980 MHz, 115.25 W, 0 %, 73547 MiB
2026/09/27 14:48:44.225, 2, 30, 1980 MHz, 119.48 W, 0 %, 73547 MiB
2026/09/27 14:48:44.225, 3, 25, 1980 MHz, 121.25 W, 0 %, 73547 MiB
2026/09/27 14:48:44.225, 4, 24, 1980 MHz, 117.60 W, 0 %, 73547 MiB
2026/09/27 14:48:44.225, 5, 27, 1980 MHz, 120.66 W, 0 %, 73547 MiB
2026/09/27 14:48:44.226, 6, 25, 1980 MHz, 119.94 W, 0 %, 73547 MiB
2026/09/27 14:48:44.226, 7, 24, 1980 MHz, 116.09 W, 1 %, 73547 MiB
2026/09/27 14:48:46.226, 0, 23, 1980 MHz, 114.30 W, 0 %, 73547 MiB
2026/09/27 14:48:46.226, 1, 26, 1980 MHz, 115.28 W, 0 %, 73547 MiB
2026/09/27 14:48:46.226, 2, 30, 1980 MHz, 119.48 W, 0 %, 73547 MiB
2026/09/27 14:48:46.226, 3, 25, 1980 MHz, 121.25 W, 0 %, 73547 MiB
2026/09/27 14:48:46.227, 4, 24, 1980 MHz, 117.61 W, 0 %, 73547 MiB
2026/09/27 14:48:46.227, 5, 27, 1980 MHz, 120.60 W, 0 %, 73547 MiB
2026/09/27 14:48:46.227, 6, 25, 1980 MHz, 119.94 W, 0 %, 73547 MiB
2026/09/27 14:48:46.227, 7, 24, 1980 MHz, 116.11 W, 1 %, 73547 MiB
2026/09/27 14:48:48.227, 0, 23, 1980 MHz, 114.34 W, 0 %, 73547 MiB
2026/09/27 14:48:48.227, 1, 26, 1980 MHz, 115.23 W, 0 %, 73547 MiB
2026/09/27 14:48:48.227, 2, 30, 1980 MHz, 119.49 W, 0 %, 73547 MiB
2026/09/27 14:48:48.228, 3, 25, 1980 MHz, 121.29 W, 0 %, 73547 MiB
2026/09/27 14:48:48.228, 4, 24, 1980 MHz, 117.55 W, 0 %, 73547 MiB
2026/09/27 14:48:48.228, 5, 27, 1980 MHz, 120.59 W, 0 %, 73547 MiB
2026/09/27 14:48:48.228, 6, 25, 1980 MHz, 119.88 W, 0 %, 73547 MiB
2026/09/27 14:48:48.228, 7, 24, 1980 MHz, 116.09 W, 1 %, 73547 MiB
2026/09/27 14:48:50.228, 0, 23, 1980 MHz, 114.31 W, 0 %, 73547 MiB
2026/09/27 14:48:50.229, 1, 26, 1980 MHz, 115.26 W, 0 %, 73547 MiB
2026/09/27 14:48:50.229, 2, 30, 1980 MHz, 119.49 W, 0 %, 73547 MiB
2026/09/27 14:48:50.229, 3, 25, 1980 MHz, 121.26 W, 0 %, 73547 MiB
2026/09/27 14:48:50.229, 4, 24, 1980 MHz, 117.55 W, 0 %, 73547 MiB
2026/09/27 14:48:50.229, 5, 27, 1980 MHz, 120.65 W, 0 %, 73547 MiB
2026/09/27 14:48:50.229, 6, 25, 1980 MHz, 119.94 W, 0 %, 73547 MiB
2026/09/27 14:48:50.229, 7, 24, 1980 MHz, 115.97 W, 1 %, 73547 MiB
2026/09/27 14:48:52.229, 0, 23, 1980 MHz, 114.29 W, 0 %, 73547 MiB
2026/09/27 14:48:52.230, 1, 26, 1980 MHz, 115.23 W, 0 %, 73547 MiB
2026/09/27 14:48:52.230, 2, 30, 1980 MHz, 119.45 W, 0 %, 73547 MiB
2026/09/27 14:48:52.230, 3, 25, 1980 MHz, 121.24 W, 0 %, 73547 MiB
2026/09/27 14:48:52.230, 4, 24, 1980 MHz, 117.62 W, 0 %, 73547 MiB
2026/09/27 14:48:52.230, 5, 27, 1980 MHz, 120.61 W, 0 %, 73547 MiB
2026/09/27 14:48:52.230, 6, 25, 1980 MHz, 119.94 W, 0 %, 73547 MiB
2026/09/27 14:48:52.230, 7, 24, 1980 MHz, 116.08 W, 1 %, 73547 MiB
2026/09/27 14:48:54.230, 0, 23, 1980 MHz, 114.35 W, 0 %, 73547 MiB
2026/09/27 14:48:54.231, 1, 26, 1980 MHz, 115.19 W, 0 %, 73547 MiB
2026/09/27 14:48:54.231, 2, 30, 1980 MHz, 119.48 W, 0 %, 73547 MiB
2026/09/27 14:48:54.231, 3, 25, 1980 MHz, 121.24 W, 0 %, 73547 MiB
2026/09/27 14:48:54.231, 4, 24, 1980 MHz, 117.55 W, 0 %, 73547 MiB
2026/09/27 14:48:54.231, 5, 27, 1980 MHz, 120.61 W, 0 %, 73547 MiB
2026/09/27 14:48:54.231, 6, 25, 1980 MHz, 119.97 W, 0 %, 73547 MiB
2026/09/27 14:48:54.231, 7, 24, 1980 MHz, 116.09 W, 1 %, 73547 MiB
2026/09/27 14:48:56.232, 0, 23, 1980 MHz, 114.30 W, 0 %, 73547 MiB
2026/09/27 14:48:56.232, 1, 26, 1980 MHz, 115.26 W, 0 %, 73547 MiB
2026/09/27 14:48:56.232, 2, 30, 1980 MHz, 119.52 W, 0 %, 73547 MiB
2026/09/27 14:48:56.232, 3, 25, 1980 MHz, 121.21 W, 0 %, 73547 MiB
2026/09/27 14:48:56.232, 4, 24, 1980 MHz, 117.56 W, 0 %, 73547 MiB
2026/09/27 14:48:56.232, 5, 27, 1980 MHz, 120.64 W, 0 %, 73547 MiB
2026/09/27 14:48:56.232, 6, 25, 1980 MHz, 119.90 W, 0 %, 73547 MiB
2026/09/27 14:48:56.232, 7, 24, 1980 MHz, 116.17 W, 1 %, 73547 MiB
2026/09/27 14:48:58.233, 0, 23, 1980 MHz, 114.31 W, 0 %, 73547 MiB
2026/09/27 14:48:58.233, 1, 26, 1980 MHz, 115.25 W, 0 %, 73547 MiB
2026/09/27 14:48:58.233, 2, 30, 1980 MHz, 119.52 W, 0 %, 73547 MiB
2026/09/27 14:48:58.233, 3, 25, 1980 MHz, 121.20 W, 0 %, 73547 MiB
2026/09/27 14:48:58.233, 4, 24, 1980 MHz, 117.60 W, 0 %, 73547 MiB
2026/09/27 14:48:58.233, 5, 27, 1980 MHz, 120.69 W, 0 %, 73547 MiB
2026/09/27 14:48:58.233, 6, 25, 1980 MHz, 119.94 W, 0 %, 73547 MiB
2026/09/27 14:48:58.233, 7, 24, 1980 MHz, 116.09 W, 1 %, 73547 MiB
2026/09/27 14:49:00.234, 0, 23, 1980 MHz, 114.50 W, 1 %, 73547 MiB
2026/09/27 14:49:00.234, 1, 26, 1980 MHz, 115.19 W, 0 %, 73547 MiB
2026/09/27 14:49:00.234, 2, 30, 1980 MHz, 119.44 W, 0 %, 73547 MiB
2026/09/27 14:49:00.234, 3, 25, 1980 MHz, 121.29 W, 0 %, 73547 MiB
2026/09/27 14:49:00.234, 4, 24, 1980 MHz, 117.55 W, 0 %, 73547 MiB
2026/09/27 14:49:00.234, 5, 27, 1980 MHz, 120.60 W, 0 %, 73547 MiB
2026/09/27 14:49:00.234, 6, 25, 1980 MHz, 119.97 W, 0 %, 73547 MiB
2026/09/27 14:49:00.235, 7, 24, 1980 MHz, 115.86 W, 0 %, 73547 MiB
2026/09/27 14:49:02.235, 0, 23, 1980 MHz, 114.51 W, 1 %, 73547 MiB
2026/09/27 14:49:02.235, 1, 26, 1980 MHz, 115.26 W, 0 %, 73547 MiB
2026/09/27 14:49:02.235, 2, 30, 1980 MHz, 119.46 W, 0 %, 73547 MiB
2026/09/27 14:49:02.235, 3, 25, 1980 MHz, 121.27 W, 0 %, 73547 MiB
2026/09/27 14:49:02.235, 4, 24, 1980 MHz, 117.48 W, 0 %, 73547 MiB
2026/09/27 14:49:02.235, 5, 27, 1980 MHz, 120.61 W, 0 %, 73547 MiB
2026/09/27 14:49:02.235, 6, 25, 1980 MHz, 119.88 W, 0 %, 73547 MiB
2026/09/27 14:49:02.236, 7, 24, 1980 MHz, 115.95 W, 0 %, 73547 MiB
2026/09/27 14:49:04.236, 0, 23, 1980 MHz, 114.50 W, 1 %, 73547 MiB
2026/09/27 14:49:04.236, 1, 26, 1980 MHz, 115.26 W, 0 %, 73547 MiB
2026/09/27 14:49:04.236, 2, 30, 1980 MHz, 119.51 W, 0 %, 73547 MiB
2026/09/27 14:49:04.236, 3, 25, 1980 MHz, 121.26 W, 0 %, 73547 MiB
2026/09/27 14:49:04.237, 4, 24, 1980 MHz, 117.55 W, 0 %, 73547 MiB
2026/09/27 14:49:04.237, 5, 27, 1980 MHz, 120.66 W, 0 %, 73547 MiB
2026/09/27 14:49:04.237, 6, 25, 1980 MHz, 119.91 W, 0 %, 73547 MiB
2026/09/27 14:49:04.237, 7, 24, 1980 MHz, 115.93 W, 0 %, 73547 MiB
2026/09/27 14:49:06.237, 0, 23, 1980 MHz, 114.45 W, 1 %, 73547 MiB
2026/09/27 14:49:06.237, 1, 26, 1980 MHz, 115.19 W, 0 %, 73547 MiB
2026/09/27 14:49:06.237, 2, 30, 1980 MHz, 119.40 W, 0 %, 73547 MiB
2026/09/27 14:49:06.238, 3, 25, 1980 MHz, 121.23 W, 0 %, 73547 MiB
2026/09/27 14:49:06.238, 4, 24, 1980 MHz, 117.58 W, 0 %, 73547 MiB
2026/09/27 14:49:06.238, 5, 27, 1980 MHz, 120.60 W, 0 %, 73547 MiB
2026/09/27 14:49:06.238, 6, 25, 1980 MHz, 119.98 W, 0 %, 73547 MiB
2026/09/27 14:49:06.238, 7, 24, 1980 MHz, 115.90 W, 0 %, 73547 MiB
2026/09/27 14:49:08.238, 0, 23, 1980 MHz, 114.46 W, 1 %, 73547 MiB
2026/09/27 14:49:08.238, 1, 26, 1980 MHz, 115.18 W, 0 %, 73547 MiB
2026/09/27 14:49:08.239, 2, 30, 1980 MHz, 119.44 W, 0 %, 73547 MiB
2026/09/27 14:49:08.239, 3, 25, 1980 MHz, 121.26 W, 0 %, 73547 MiB
2026/09/27 14:49:08.239, 4, 24, 1980 MHz, 117.55 W, 0 %, 73547 MiB
2026/09/27 14:49:08.239, 5, 27, 1980 MHz, 120.55 W, 0 %, 73547 MiB
2026/09/27 14:49:08.239, 6, 25, 1980 MHz, 119.92 W, 0 %, 73547 MiB
2026/09/27 14:49:08.239, 7, 24, 1980 MHz, 115.94 W, 0 %, 73547 MiB
2026/09/27 14:49:10.239, 0, 23, 1980 MHz, 114.38 W, 1 %, 73547 MiB
2026/09/27 14:49:10.240, 1, 26, 1980 MHz, 115.27 W, 0 %, 73547 MiB
2026/09/27 14:49:10.240, 2, 30, 1980 MHz, 119.47 W, 0 %, 73547 MiB
2026/09/27 14:49:10.240, 3, 25, 1980 MHz, 121.27 W, 0 %, 73547 MiB
2026/09/27 14:49:10.240, 4, 24, 1980 MHz, 117.52 W, 0 %, 73547 MiB
2026/09/27 14:49:10.240, 5, 27, 1980 MHz, 120.62 W, 0 %, 73547 MiB
2026/09/27 14:49:10.240, 6, 25, 1980 MHz, 119.91 W, 0 %, 73547 MiB
2026/09/27 14:49:10.240, 7, 24, 1980 MHz, 115.86 W, 0 %, 73547 MiB
2026/09/27 14:49:12.240, 0, 23, 1980 MHz, 114.43 W, 1 %, 73547 MiB
2026/09/27 14:49:12.241, 1, 26, 1980 MHz, 115.23 W, 0 %, 73547 MiB
2026/09/27 14:49:12.241, 2, 30, 1980 MHz, 119.47 W, 0 %, 73547 MiB
2026/09/27 14:49:12.241, 3, 25, 1980 MHz, 121.21 W, 0 %, 73547 MiB
2026/09/27 14:49:12.241, 4, 24, 1980 MHz, 117.61 W, 0 %, 73547 MiB
2026/09/27 14:49:12.241, 5, 27, 1980 MHz, 120.59 W, 0 %, 73547 MiB
2026/09/27 14:49:12.241, 6, 25, 1980 MHz, 119.91 W, 0 %, 73547 MiB
2026/09/27 14:49:12.241, 7, 24, 1980 MHz, 115.92 W, 0 %, 73547 MiB
2026/09/27 14:49:14.241, 0, 23, 1980 MHz, 114.56 W, 1 %, 73547 MiB
2026/09/27 14:49:14.242, 1, 26, 1980 MHz, 115.22 W, 0 %, 73547 MiB
2026/09/27 14:49:14.242, 2, 30, 1980 MHz, 119.43 W, 0 %, 73547 MiB
2026/09/27 14:49:14.242, 3, 25, 1980 MHz, 121.28 W, 0 %, 73547 MiB
2026/09/27 14:49:14.242, 4, 24, 1980 MHz, 117.54 W, 0 %, 73547 MiB
2026/09/27 14:49:14.242, 5, 27, 1980 MHz, 120.57 W, 0 %, 73547 MiB
2026/09/27 14:49:14.242, 6, 25, 1980 MHz, 119.93 W, 0 %, 73547 MiB
2026/09/27 14:49:14.242, 7, 24, 1980 MHz, 115.89 W, 0 %, 73547 MiB
2026/09/27 14:49:16.242, 0, 23, 1980 MHz, 114.40 W, 0 %, 73547 MiB
2026/09/27 14:49:16.243, 1, 26, 1980 MHz, 116.38 W, 1 %, 73547 MiB
2026/09/27 14:49:16.243, 2, 30, 1980 MHz, 119.49 W, 0 %, 73547 MiB
2026/09/27 14:49:16.243, 3, 25, 1980 MHz, 121.29 W, 0 %, 73547 MiB
2026/09/27 14:49:16.243, 4, 24, 1980 MHz, 117.56 W, 0 %, 73547 MiB
2026/09/27 14:49:16.243, 5, 27, 1980 MHz, 120.60 W, 0 %, 73547 MiB
2026/09/27 14:49:16.243, 6, 25, 1980 MHz, 119.89 W, 0 %, 73547 MiB
2026/09/27 14:49:16.243, 7, 24, 1980 MHz, 115.90 W, 0 %, 73547 MiB
2026/09/27 14:49:18.244, 0, 23, 1980 MHz, 114.32 W, 0 %, 73547 MiB
2026/09/27 14:49:18.244, 1, 26, 1980 MHz, 115.40 W, 1 %, 73547 MiB
2026/09/27 14:49:18.244, 2, 30, 1980 MHz, 119.45 W, 0 %, 73547 MiB
2026/09/27 14:49:18.244, 3, 25, 1980 MHz, 121.26 W, 0 %, 73547 MiB
2026/09/27 14:49:18.244, 4, 24, 1980 MHz, 117.51 W, 0 %, 73547 MiB
2026/09/27 14:49:18.244, 5, 27, 1980 MHz, 120.61 W, 0 %, 73547 MiB
2026/09/27 14:49:18.244, 6, 25, 1980 MHz, 119.94 W, 0 %, 73547 MiB
2026/09/27 14:49:18.244, 7, 24, 1980 MHz, 115.83 W, 0 %, 73547 MiB
2026/09/27 14:49:20.245, 0, 23, 1980 MHz, 114.37 W, 0 %, 73547 MiB
2026/09/27 14:49:20.245, 1, 26, 1980 MHz, 115.44 W, 1 %, 73547 MiB
2026/09/27 14:49:20.245, 2, 30, 1980 MHz, 119.43 W, 0 %, 73547 MiB
2026/09/27 14:49:20.245, 3, 25, 1980 MHz, 121.24 W, 0 %, 73547 MiB
2026/09/27 14:49:20.245, 4, 24, 1980 MHz, 117.61 W, 0 %, 73547 MiB
2026/09/27 14:49:20.245, 5, 27, 1980 MHz, 120.58 W, 0 %, 73547 MiB
2026/09/27 14:49:20.245, 6, 25, 1980 MHz, 119.93 W, 0 %, 73547 MiB
2026/09/27 14:49:20.245, 7, 24, 1980 MHz, 115.90 W, 0 %, 73547 MiB
2026/09/27 14:49:22.246, 0, 23, 1980 MHz, 114.36 W, 0 %, 73547 MiB
2026/09/27 14:49:22.246, 1, 26, 1980 MHz, 115.43 W, 1 %, 73547 MiB
2026/09/27 14:49:22.246, 2, 30, 1980 MHz, 119.51 W, 0 %, 73547 MiB
2026/09/27 14:49:22.246, 3, 25, 1980 MHz, 121.26 W, 0 %, 73547 MiB
2026/09/27 14:49:22.246, 4, 24, 1980 MHz, 117.57 W, 0 %, 73547 MiB
2026/09/27 14:49:22.246, 5, 27, 1980 MHz, 120.57 W, 0 %, 73547 MiB
2026/09/27 14:49:22.246, 6, 25, 1980 MHz, 119.90 W, 0 %, 73547 MiB
2026/09/27 14:49:22.246, 7, 24, 1980 MHz, 115.92 W, 0 %, 73547 MiB
2026/09/27 14:49:24.247, 0, 23, 1980 MHz, 114.32 W, 0 %, 73547 MiB
2026/09/27 14:49:24.247, 1, 26, 1980 MHz, 115.54 W, 1 %, 73547 MiB
2026/09/27 14:49:24.247, 2, 30, 1980 MHz, 119.49 W, 0 %, 73547 MiB
2026/09/27 14:49:24.247, 3, 25, 1980 MHz, 121.20 W, 0 %, 73547 MiB
2026/09/27 14:49:24.247, 4, 24, 1980 MHz, 117.58 W, 0 %, 73547 MiB
2026/09/27 14:49:24.247, 5, 27, 1980 MHz, 120.63 W, 0 %, 73547 MiB
2026/09/27 14:49:24.247, 6, 25, 1980 MHz, 119.93 W, 0 %, 73547 MiB
2026/09/27 14:49:24.248, 7, 24, 1980 MHz, 115.85 W, 0 %, 73547 MiB
2026/09/27 14:49:26.248, 0, 23, 1980 MHz, 114.36 W, 0 %, 73547 MiB
2026/09/27 14:49:26.248, 1, 26, 1980 MHz, 115.50 W, 1 %, 73547 MiB
2026/09/27 14:49:26.248, 2, 30, 1980 MHz, 119.44 W, 0 %, 73547 MiB
2026/09/27 14:49:26.248, 3, 25, 1980 MHz, 121.24 W, 0 %, 73547 MiB
2026/09/27 14:49:26.248, 4, 24, 1980 MHz, 117.56 W, 0 %, 73547 MiB
2026/09/27 14:49:26.249, 5, 27, 1980 MHz, 120.61 W, 0 %, 73547 MiB
2026/09/27 14:49:26.249, 6, 25, 1980 MHz, 119.94 W, 0 %, 73547 MiB
2026/09/27 14:49:26.249, 7, 24, 1980 MHz, 115.85 W, 0 %, 73547 MiB
2026/09/27 14:49:28.249, 0, 23, 1980 MHz, 114.39 W, 0 %, 73547 MiB
2026/09/27 14:49:28.249, 1, 26, 1980 MHz, 115.47 W, 1 %, 73547 MiB
2026/09/27 14:49:28.249, 2, 30, 1980 MHz, 119.45 W, 0 %, 73547 MiB
2026/09/27 14:49:28.249, 3, 25, 1980 MHz, 121.27 W, 0 %, 73547 MiB
2026/09/27 14:49:28.250, 4, 24, 1980 MHz, 117.56 W, 0 %, 73547 MiB
2026/09/27 14:49:28.250, 5, 27, 1980 MHz, 120.56 W, 0 %, 73547 MiB
2026/09/27 14:49:28.250, 6, 25, 1980 MHz, 119.94 W, 0 %, 73547 MiB
2026/09/27 14:49:28.250, 7, 24, 1980 MHz, 115.93 W, 0 %, 73547 MiB
2026/09/27 14:49:30.250, 0, 23, 1980 MHz, 114.33 W, 0 %, 73547 MiB
2026/09/27 14:49:30.250, 1, 26, 1980 MHz, 115.54 W, 1 %, 73547 MiB
2026/09/27 14:49:30.250, 2, 30, 1980 MHz, 119.48 W, 0 %, 73547 MiB
2026/09/27 14:49:30.251, 3, 25, 1980 MHz, 121.24 W, 0 %, 73547 MiB
2026/09/27 14:49:30.251, 4, 24, 1980 MHz, 117.56 W, 0 %, 73547 MiB
2026/09/27 14:49:30.251, 5, 27, 1980 MHz, 120.63 W, 0 %, 73547 MiB
2026/09/27 14:49:30.251, 6, 25, 1980 MHz, 119.86 W, 0 %, 73547 MiB
2026/09/27 14:49:30.251, 7, 24, 1980 MHz, 115.86 W, 0 %, 73547 MiB
2026/09/27 14:49:32.251, 0, 23, 1980 MHz, 114.33 W, 0 %, 73547 MiB
2026/09/27 14:49:32.251, 1, 26, 1980 MHz, 115.42 W, 1 %, 73547 MiB
2026/09/27 14:49:32.252, 2, 30, 1980 MHz, 119.44 W, 0 %, 73547 MiB
2026/09/27 14:49:32.252, 3, 25, 1980 MHz, 121.22 W, 0 %, 73547 MiB
2026/09/27 14:49:32.252, 4, 24, 1980 MHz, 117.60 W, 0 %, 73547 MiB
2026/09/27 14:49:32.252, 5, 27, 1980 MHz, 120.55 W, 0 %, 73547 MiB
2026/09/27 14:49:32.252, 6, 25, 1980 MHz, 119.92 W, 0 %, 73547 MiB
2026/09/27 14:49:32.252, 7, 24, 1980 MHz, 115.89 W, 0 %, 73547 MiB
2026/09/27 14:49:34.252, 0, 23, 1980 MHz, 114.35 W, 0 %, 73547 MiB
2026/09/27 14:49:34.253, 1, 26, 1980 MHz, 115.28 W, 0 %, 73547 MiB
2026/09/27 14:49:34.253, 2, 30, 1980 MHz, 120.69 W, 0 %, 73547 MiB
2026/09/27 14:49:34.253, 3, 25, 1980 MHz, 121.25 W, 0 %, 73547 MiB
2026/09/27 14:49:34.253, 4, 24, 1980 MHz, 117.56 W, 0 %, 73547 MiB
2026/09/27 14:49:34.253, 5, 27, 1980 MHz, 120.53 W, 0 %, 73547 MiB
2026/09/27 14:49:34.253, 6, 25, 1980 MHz, 119.86 W, 0 %, 73547 MiB
2026/09/27 14:49:34.253, 7, 24, 1980 MHz, 115.91 W, 0 %, 73547 MiB
2026/09/27 14:49:36.253, 0, 23, 1980 MHz, 114.30 W, 0 %, 73547 MiB
2026/09/27 14:49:36.256, 1, 26, 1980 MHz, 115.33 W, 0 %, 73547 MiB
2026/09/27 14:49:36.256, 2, 30, 1980 MHz, 119.69 W, 1 %, 73547 MiB
2026/09/27 14:49:36.256, 3, 25, 1980 MHz, 121.25 W, 0 %, 73547 MiB
2026/09/27 14:49:36.257, 4, 24, 1980 MHz, 117.51 W, 0 %, 73547 MiB
2026/09/27 14:49:36.257, 5, 27, 1980 MHz, 120.57 W, 0 %, 73547 MiB
2026/09/27 14:49:36.257, 6, 25, 1980 MHz, 119.88 W, 0 %, 73547 MiB
2026/09/27 14:49:36.257, 7, 24, 1980 MHz, 115.84 W, 0 %, 73547 MiB
2026/09/27 14:49:38.257, 0, 23, 1980 MHz, 114.31 W, 0 %, 73547 MiB
2026/09/27 14:49:38.257, 1, 26, 1980 MHz, 115.27 W, 0 %, 73547 MiB
2026/09/27 14:49:38.258, 2, 30, 1980 MHz, 119.64 W, 1 %, 73547 MiB
2026/09/27 14:49:38.258, 3, 25, 1980 MHz, 121.25 W, 0 %, 73547 MiB
2026/09/27 14:49:38.258, 4, 24, 1980 MHz, 117.57 W, 0 %, 73547 MiB
2026/09/27 14:49:38.258, 5, 27, 1980 MHz, 120.61 W, 0 %, 73547 MiB
2026/09/27 14:49:38.258, 6, 25, 1980 MHz, 119.93 W, 0 %, 73547 MiB
2026/09/27 14:49:38.258, 7, 24, 1980 MHz, 115.86 W, 0 %, 73547 MiB
2026/09/27 14:49:40.258, 0, 23, 1980 MHz, 114.34 W, 0 %, 73547 MiB
2026/09/27 14:49:40.259, 1, 26, 1980 MHz, 115.19 W, 0 %, 73547 MiB
2026/09/27 14:49:40.259, 2, 30, 1980 MHz, 119.67 W, 1 %, 73547 MiB
2026/09/27 14:49:40.259, 3, 25, 1980 MHz, 121.24 W, 0 %, 73547 MiB
2026/09/27 14:49:40.259, 4, 24, 1980 MHz, 117.52 W, 0 %, 73547 MiB
2026/09/27 14:49:40.259, 5, 27, 1980 MHz, 120.58 W, 0 %, 73547 MiB
2026/09/27 14:49:40.259, 6, 25, 1980 MHz, 119.92 W, 0 %, 73547 MiB
2026/09/27 14:49:40.259, 7, 24, 1980 MHz, 115.88 W, 0 %, 73547 MiB
2026/09/27 14:49:42.259, 0, 23, 1980 MHz, 114.33 W, 0 %, 73547 MiB
2026/09/27 14:49:42.260, 1, 26, 1980 MHz, 115.29 W, 0 %, 73547 MiB
2026/09/27 14:49:42.260, 2, 30, 1980 MHz, 119.75 W, 1 %, 73547 MiB
2026/09/27 14:49:42.260, 3, 25, 1980 MHz, 121.21 W, 0 %, 73547 MiB
2026/09/27 14:49:42.260, 4, 24, 1980 MHz, 117.52 W, 0 %, 73547 MiB
2026/09/27 14:49:42.260, 5, 27, 1980 MHz, 120.60 W, 0 %, 73547 MiB
2026/09/27 14:49:42.260, 6, 25, 1980 MHz, 119.90 W, 0 %, 73547 MiB
2026/09/27 14:49:42.260, 7, 24, 1980 MHz, 115.92 W, 0 %, 73547 MiB
2026/09/27 14:49:44.260, 0, 23, 1980 MHz, 114.35 W, 0 %, 73547 MiB
2026/09/27 14:49:44.261, 1, 26, 1980 MHz, 115.32 W, 0 %, 73547 MiB
2026/09/27 14:49:44.261, 2, 30, 1980 MHz, 119.76 W, 1 %, 73547 MiB
2026/09/27 14:49:44.261, 3, 25, 1980 MHz, 121.21 W, 0 %, 73547 MiB
2026/09/27 14:49:44.261, 4, 24, 1980 MHz, 117.58 W, 0 %, 73547 MiB
2026/09/27 14:49:44.261, 5, 27, 1980 MHz, 120.59 W, 0 %, 73547 MiB
2026/09/27 14:49:44.261, 6, 25, 1980 MHz, 119.90 W, 0 %, 73547 MiB
2026/09/27 14:49:44.261, 7, 24, 1980 MHz, 115.90 W, 0 %, 73547 MiB
2026/09/27 14:49:46.262, 0, 23, 1980 MHz, 114.31 W, 0 %, 73547 MiB
2026/09/27 14:49:46.262, 1, 26, 1980 MHz, 115.28 W, 0 %, 73547 MiB
2026/09/27 14:49:46.262, 2, 30, 1980 MHz, 119.76 W, 1 %, 73547 MiB
2026/09/27 14:49:46.262, 3, 25, 1980 MHz, 121.25 W, 0 %, 73547 MiB
2026/09/27 14:49:46.262, 4, 24, 1980 MHz, 117.63 W, 0 %, 73547 MiB
2026/09/27 14:49:46.262, 5, 27, 1980 MHz, 120.62 W, 0 %, 73547 MiB
2026/09/27 14:49:46.262, 6, 25, 1980 MHz, 119.91 W, 0 %, 73547 MiB
2026/09/27 14:49:46.262, 7, 24, 1980 MHz, 115.89 W, 0 %, 73547 MiB
2026/09/27 14:49:48.263, 0, 23, 1980 MHz, 114.34 W, 0 %, 73547 MiB
2026/09/27 14:49:48.263, 1, 26, 1980 MHz, 115.29 W, 0 %, 73547 MiB
2026/09/27 14:49:48.263, 2, 30, 1980 MHz, 119.66 W, 1 %, 73547 MiB
2026/09/27 14:49:48.263, 3, 25, 1980 MHz, 121.19 W, 0 %, 73547 MiB
2026/09/27 14:49:48.263, 4, 24, 1980 MHz, 117.57 W, 0 %, 73547 MiB
2026/09/27 14:49:48.263, 5, 27, 1980 MHz, 120.54 W, 0 %, 73547 MiB
2026/09/27 14:49:48.263, 6, 25, 1980 MHz, 119.88 W, 0 %, 73547 MiB
2026/09/27 14:49:48.263, 7, 24, 1980 MHz, 115.91 W, 0 %, 73547 MiB
2026/09/27 14:49:50.264, 0, 23, 1980 MHz, 114.30 W, 0 %, 73547 MiB
2026/09/27 14:49:50.264, 1, 26, 1980 MHz, 115.33 W, 0 %, 73547 MiB
2026/09/27 14:49:50.264, 2, 30, 1980 MHz, 119.78 W, 1 %, 73547 MiB
2026/09/27 14:49:50.264, 3, 25, 1980 MHz, 121.24 W, 0 %, 73547 MiB
2026/09/27 14:49:50.264, 4, 24, 1980 MHz, 117.54 W, 0 %, 73547 MiB
2026/09/27 14:49:50.264, 5, 27, 1980 MHz, 120.58 W, 0 %, 73547 MiB
2026/09/27 14:49:50.264, 6, 25, 1980 MHz, 119.90 W, 0 %, 73547 MiB
2026/09/27 14:49:50.265, 7, 24, 1980 MHz, 115.86 W, 0 %, 73547 MiB
2026/09/27 14:49:52.265, 0, 23, 1980 MHz, 114.35 W, 0 %, 73547 MiB
2026/09/27 14:49:52.265, 1, 26, 1980 MHz, 115.26 W, 0 %, 73547 MiB
2026/09/27 14:49:52.265, 2, 30, 1980 MHz, 119.70 W, 1 %, 73547 MiB
2026/09/27 14:49:52.265, 3, 25, 1980 MHz, 121.28 W, 0 %, 73547 MiB
2026/09/27 14:49:52.265, 4, 24, 1980 MHz, 117.58 W, 0 %, 73547 MiB
2026/09/27 14:49:52.266, 5, 27, 1980 MHz, 120.64 W, 0 %, 73547 MiB
2026/09/27 14:49:52.266, 6, 25, 1980 MHz, 119.95 W, 0 %, 73547 MiB
2026/09/27 14:49:52.266, 7, 24, 1980 MHz, 115.86 W, 0 %, 73547 MiB
2026/09/27 14:49:54.266, 0, 23, 1980 MHz, 114.39 W, 0 %, 73547 MiB
2026/09/27 14:49:54.266, 1, 26, 1980 MHz, 115.21 W, 0 %, 73547 MiB
2026/09/27 14:49:54.266, 2, 30, 1980 MHz, 119.50 W, 0 %, 73547 MiB
2026/09/27 14:49:54.266, 3, 25, 1980 MHz, 121.42 W, 1 %, 73547 MiB
2026/09/27 14:49:54.267, 4, 24, 1980 MHz, 117.53 W, 0 %, 73547 MiB
2026/09/27 14:49:54.267, 5, 27, 1980 MHz, 120.54 W, 0 %, 73547 MiB
2026/09/27 14:49:54.267, 6, 25, 1980 MHz, 119.87 W, 0 %, 73547 MiB
2026/09/27 14:49:54.267, 7, 24, 1980 MHz, 115.89 W, 0 %, 73547 MiB
2026/09/27 14:49:56.267, 0, 23, 1980 MHz, 114.33 W, 0 %, 73547 MiB
2026/09/27 14:49:56.267, 1, 26, 1980 MHz, 115.29 W, 0 %, 73547 MiB
2026/09/27 14:49:56.267, 2, 30, 1980 MHz, 119.55 W, 0 %, 73547 MiB
2026/09/27 14:49:56.268, 3, 25, 1980 MHz, 121.50 W, 1 %, 73547 MiB
2026/09/27 14:49:56.268, 4, 24, 1980 MHz, 117.55 W, 0 %, 73547 MiB
2026/09/27 14:49:56.268, 5, 27, 1980 MHz, 120.58 W, 0 %, 73547 MiB
2026/09/27 14:49:56.268, 6, 25, 1980 MHz, 119.87 W, 0 %, 73547 MiB
2026/09/27 14:49:56.268, 7, 24, 1980 MHz, 115.83 W, 0 %, 73547 MiB
2026/09/27 14:49:58.268, 0, 23, 1980 MHz, 114.32 W, 0 %, 73547 MiB
2026/09/27 14:49:58.268, 1, 26, 1980 MHz, 115.30 W, 0 %, 73547 MiB
2026/09/27 14:49:58.269, 2, 30, 1980 MHz, 119.54 W, 0 %, 73547 MiB
2026/09/27 14:49:58.269, 3, 25, 1980 MHz, 121.30 W, 1 %, 73547 MiB
2026/09/27 14:49:58.269, 4, 24, 1980 MHz, 117.64 W, 0 %, 73547 MiB
2026/09/27 14:49:58.269, 5, 27, 1980 MHz, 120.57 W, 0 %, 73547 MiB
2026/09/27 14:49:58.269, 6, 25, 1980 MHz, 119.91 W, 0 %, 73547 MiB
2026/09/27 14:49:58.269, 7, 24, 1980 MHz, 115.86 W, 0 %, 73547 MiB
2026/09/27 14:50:00.269, 0, 23, 1980 MHz, 114.32 W, 0 %, 73547 MiB
2026/09/27 14:50:00.269, 1, 26, 1980 MHz, 115.32 W, 0 %, 73547 MiB
2026/09/27 14:50:00.270, 2, 30, 1980 MHz, 119.54 W, 0 %, 73547 MiB
2026/09/27 14:50:00.270, 3, 25, 1980 MHz, 121.56 W, 1 %, 73547 MiB
2026/09/27 14:50:00.270, 4, 24, 1980 MHz, 117.60 W, 0 %, 73547 MiB
2026/09/27 14:50:00.270, 5, 27, 1980 MHz, 120.54 W, 0 %, 73547 MiB
2026/09/27 14:50:00.270, 6, 25, 1980 MHz, 119.87 W, 0 %, 73547 MiB
2026/09/27 14:50:00.270, 7, 24, 1980 MHz, 115.87 W, 0 %, 73547 MiB
2026/09/27 14:50:02.270, 0, 23, 1980 MHz, 114.28 W, 0 %, 73547 MiB
2026/09/27 14:50:02.271, 1, 26, 1980 MHz, 115.33 W, 0 %, 73547 MiB
2026/09/27 14:50:02.271, 2, 30, 1980 MHz, 119.58 W, 0 %, 73547 MiB
2026/09/27 14:50:02.271, 3, 25, 1980 MHz, 121.47 W, 1 %, 73547 MiB
2026/09/27 14:50:02.271, 4, 24, 1980 MHz, 117.55 W, 0 %, 73547 MiB
2026/09/27 14:50:02.271, 5, 27, 1980 MHz, 120.58 W, 0 %, 73547 MiB
2026/09/27 14:50:02.271, 6, 25, 1980 MHz, 119.85 W, 0 %, 73547 MiB
2026/09/27 14:50:02.271, 7, 24, 1980 MHz, 115.89 W, 0 %, 73547 MiB
2026/09/27 14:50:04.271, 0, 23, 1980 MHz, 114.34 W, 0 %, 73547 MiB
2026/09/27 14:50:04.272, 1, 26, 1980 MHz, 115.25 W, 0 %, 73547 MiB
2026/09/27 14:50:04.272, 2, 30, 1980 MHz, 119.53 W, 0 %, 73547 MiB
2026/09/27 14:50:04.272, 3, 25, 1980 MHz, 121.57 W, 1 %, 73547 MiB
2026/09/27 14:50:04.272, 4, 24, 1980 MHz, 117.60 W, 0 %, 73547 MiB
2026/09/27 14:50:04.272, 5, 27, 1980 MHz, 120.60 W, 0 %, 73547 MiB
2026/09/27 14:50:04.272, 6, 25, 1980 MHz, 119.93 W, 0 %, 73547 MiB
2026/09/27 14:50:04.272, 7, 24, 1980 MHz, 115.90 W, 0 %, 73547 MiB
2026/09/27 14:50:06.273, 0, 23, 1980 MHz, 114.34 W, 0 %, 73547 MiB
2026/09/27 14:50:06.273, 1, 26, 1980 MHz, 115.26 W, 0 %, 73547 MiB
2026/09/27 14:50:06.273, 2, 30, 1980 MHz, 119.49 W, 0 %, 73547 MiB
2026/09/27 14:50:06.273, 3, 25, 1980 MHz, 121.50 W, 1 %, 73547 MiB
2026/09/27 14:50:06.273, 4, 24, 1980 MHz, 117.58 W, 0 %, 73547 MiB
2026/09/27 14:50:06.273, 5, 27, 1980 MHz, 120.59 W, 0 %, 73547 MiB
2026/09/27 14:50:06.273, 6, 25, 1980 MHz, 119.92 W, 0 %, 73547 MiB
2026/09/27 14:50:06.273, 7, 24, 1980 MHz, 115.90 W, 0 %, 73547 MiB
2026/09/27 14:50:08.274, 0, 23, 1980 MHz, 114.31 W, 0 %, 73547 MiB
2026/09/27 14:50:08.274, 1, 26, 1980 MHz, 115.32 W, 0 %, 73547 MiB
2026/09/27 14:50:08.274, 2, 30, 1980 MHz, 119.54 W, 0 %, 73547 MiB
2026/09/27 14:50:08.274, 3, 25, 1980 MHz, 121.50 W, 1 %, 73547 MiB
2026/09/27 14:50:08.274, 4, 24, 1980 MHz, 117.57 W, 0 %, 73547 MiB
2026/09/27 14:50:08.274, 5, 27, 1980 MHz, 120.56 W, 0 %, 73547 MiB
2026/09/27 14:50:08.274, 6, 25, 1980 MHz, 119.83 W, 0 %, 73547 MiB
2026/09/27 14:50:08.274, 7, 24, 1980 MHz, 115.85 W, 0 %, 73547 MiB
2026/09/27 14:50:10.275, 0, 23, 1980 MHz, 114.31 W, 0 %, 73547 MiB
2026/09/27 14:50:10.275, 1, 26, 1980 MHz, 115.30 W, 0 %, 73547 MiB
2026/09/27 14:50:10.275, 2, 30, 1980 MHz, 119.56 W, 0 %, 73547 MiB
2026/09/27 14:50:10.275, 3, 25, 1980 MHz, 121.30 W, 1 %, 73547 MiB
2026/09/27 14:50:10.275, 4, 24, 1980 MHz, 117.58 W, 0 %, 73547 MiB
2026/09/27 14:50:10.275, 5, 27, 1980 MHz, 120.57 W, 0 %, 73547 MiB
2026/09/27 14:50:10.275, 6, 25, 1980 MHz, 119.89 W, 0 %, 73547 MiB
2026/09/27 14:50:10.275, 7, 24, 1980 MHz, 115.88 W, 0 %, 73547 MiB
2026/09/27 14:50:12.276, 0, 23, 1980 MHz, 114.32 W, 0 %, 73547 MiB
2026/09/27 14:50:12.276, 1, 26, 1980 MHz, 115.30 W, 0 %, 73547 MiB
2026/09/27 14:50:12.276, 2, 30, 1980 MHz, 119.49 W, 0 %, 73547 MiB
2026/09/27 14:50:12.276, 3, 25, 1980 MHz, 121.24 W, 0 %, 73547 MiB
2026/09/27 14:50:12.276, 4, 24, 1980 MHz, 117.68 W, 1 %, 73547 MiB
2026/09/27 14:50:12.276, 5, 27, 1980 MHz, 120.52 W, 0 %, 73547 MiB
2026/09/27 14:50:12.276, 6, 25, 1980 MHz, 119.93 W, 0 %, 73547 MiB
2026/09/27 14:50:12.276, 7, 24, 1980 MHz, 115.89 W, 0 %, 73547 MiB
2026/09/27 14:50:14.277, 0, 23, 1980 MHz, 114.32 W, 0 %, 73547 MiB
2026/09/27 14:50:14.277, 1, 26, 1980 MHz, 115.27 W, 0 %, 73547 MiB
2026/09/27 14:50:14.277, 2, 30, 1980 MHz, 119.51 W, 0 %, 73547 MiB
2026/09/27 14:50:14.277, 3, 25, 1980 MHz, 121.27 W, 0 %, 73547 MiB
2026/09/27 14:50:14.277, 4, 24, 1980 MHz, 117.69 W, 1 %, 73547 MiB
2026/09/27 14:50:14.277, 5, 27, 1980 MHz, 120.52 W, 0 %, 73547 MiB
2026/09/27 14:50:14.277, 6, 25, 1980 MHz, 119.87 W, 0 %, 73547 MiB
2026/09/27 14:50:14.278, 7, 24, 1980 MHz, 115.84 W, 0 %, 73547 MiB
2026/09/27 14:50:16.278, 0, 23, 1980 MHz, 114.29 W, 0 %, 73547 MiB
2026/09/27 14:50:16.279, 1, 26, 1980 MHz, 115.36 W, 0 %, 73547 MiB
2026/09/27 14:50:16.279, 2, 30, 1980 MHz, 119.54 W, 0 %, 73547 MiB
2026/09/27 14:50:16.279, 3, 25, 1980 MHz, 121.23 W, 0 %, 73547 MiB
2026/09/27 14:50:16.279, 4, 24, 1980 MHz, 117.75 W, 1 %, 73547 MiB
2026/09/27 14:50:16.279, 5, 27, 1980 MHz, 120.55 W, 0 %, 73547 MiB
2026/09/27 14:50:16.279, 6, 25, 1980 MHz, 119.91 W, 0 %, 73547 MiB
2026/09/27 14:50:16.279, 7, 24, 1980 MHz, 115.84 W, 0 %, 73547 MiB
2026/09/27 14:50:18.279, 0, 23, 1980 MHz, 114.28 W, 0 %, 73547 MiB
2026/09/27 14:50:18.280, 1, 26, 1980 MHz, 115.26 W, 0 %, 73547 MiB
2026/09/27 14:50:18.280, 2, 30, 1980 MHz, 119.50 W, 0 %, 73547 MiB
2026/09/27 14:50:18.280, 3, 25, 1980 MHz, 121.22 W, 0 %, 73547 MiB
2026/09/27 14:50:18.280, 4, 24, 1980 MHz, 117.82 W, 1 %, 73547 MiB
2026/09/27 14:50:18.280, 5, 27, 1980 MHz, 120.62 W, 0 %, 73547 MiB
2026/09/27 14:50:18.280, 6, 25, 1980 MHz, 119.95 W, 0 %, 73547 MiB
2026/09/27 14:50:18.280, 7, 24, 1980 MHz, 115.88 W, 0 %, 73547 MiB
2026/09/27 14:50:20.280, 0, 23, 1980 MHz, 114.32 W, 0 %, 73547 MiB
2026/09/27 14:50:20.281, 1, 26, 1980 MHz, 115.21 W, 0 %, 73547 MiB
2026/09/27 14:50:20.281, 2, 30, 1980 MHz, 119.49 W, 0 %, 73547 MiB
2026/09/27 14:50:20.281, 3, 25, 1980 MHz, 121.31 W, 0 %, 73547 MiB
2026/09/27 14:50:20.281, 4, 24, 1980 MHz, 117.63 W, 1 %, 73547 MiB
2026/09/27 14:50:20.281, 5, 27, 1980 MHz, 120.60 W, 0 %, 73547 MiB
2026/09/27 14:50:20.281, 6, 25, 1980 MHz, 119.87 W, 0 %, 73547 MiB
2026/09/27 14:50:20.281, 7, 24, 1980 MHz, 115.88 W, 0 %, 73547 MiB
2026/09/27 14:50:22.281, 0, 23, 1980 MHz, 114.29 W, 0 %, 73547 MiB
2026/09/27 14:50:22.282, 1, 26, 1980 MHz, 115.33 W, 0 %, 73547 MiB
2026/09/27 14:50:22.282, 2, 30, 1980 MHz, 119.49 W, 0 %, 73547 MiB
2026/09/27 14:50:22.282, 3, 25, 1980 MHz, 121.21 W, 0 %, 73547 MiB
2026/09/27 14:50:22.282, 4, 24, 1980 MHz, 117.61 W, 1 %, 73547 MiB
2026/09/27 14:50:22.282, 5, 27, 1980 MHz, 120.56 W, 0 %, 73547 MiB
2026/09/27 14:50:22.282, 6, 25, 1980 MHz, 119.84 W, 0 %, 73547 MiB
2026/09/27 14:50:22.282, 7, 24, 1980 MHz, 115.85 W, 0 %, 73547 MiB
2026/09/27 14:50:24.282, 0, 23, 1980 MHz, 114.30 W, 0 %, 73547 MiB
2026/09/27 14:50:24.282, 1, 26, 1980 MHz, 115.28 W, 0 %, 73547 MiB
2026/09/27 14:50:24.283, 2, 30, 1980 MHz, 119.53 W, 0 %, 73547 MiB
2026/09/27 14:50:24.283, 3, 25, 1980 MHz, 121.22 W, 0 %, 73547 MiB
2026/09/27 14:50:24.283, 4, 24, 1980 MHz, 117.66 W, 1 %, 73547 MiB
2026/09/27 14:50:24.283, 5, 27, 1980 MHz, 120.57 W, 0 %, 73547 MiB
2026/09/27 14:50:24.283, 6, 25, 1980 MHz, 119.85 W, 0 %, 73547 MiB
2026/09/27 14:50:24.283, 7, 24, 1980 MHz, 115.85 W, 0 %, 73547 MiB
2026/09/27 14:50:26.283, 0, 23, 1980 MHz, 114.30 W, 0 %, 73547 MiB
2026/09/27 14:50:26.284, 1, 26, 1980 MHz, 115.28 W, 0 %, 73547 MiB
2026/09/27 14:50:26.284, 2, 30, 1980 MHz, 119.53 W, 0 %, 73547 MiB
2026/09/27 14:50:26.284, 3, 25, 1980 MHz, 121.28 W, 0 %, 73547 MiB
2026/09/27 14:50:26.284, 4, 24, 1980 MHz, 117.84 W, 1 %, 73547 MiB
2026/09/27 14:50:26.284, 5, 27, 1980 MHz, 120.57 W, 0 %, 73547 MiB
2026/09/27 14:50:26.284, 6, 25, 1980 MHz, 119.86 W, 0 %, 73547 MiB
2026/09/27 14:50:26.284, 7, 24, 1980 MHz, 115.95 W, 0 %, 73547 MiB
2026/09/27 14:50:28.284, 0, 23, 1980 MHz, 114.35 W, 0 %, 73547 MiB
2026/09/27 14:50:28.285, 1, 26, 1980 MHz, 115.26 W, 0 %, 73547 MiB
2026/09/27 14:50:28.285, 2, 30, 1980 MHz, 119.50 W, 0 %, 73547 MiB
2026/09/27 14:50:28.285, 3, 25, 1980 MHz, 121.24 W, 0 %, 73547 MiB
2026/09/27 14:50:28.285, 4, 24, 1980 MHz, 117.71 W, 1 %, 73547 MiB
2026/09/27 14:50:28.285, 5, 27, 1980 MHz, 120.51 W, 0 %, 73547 MiB
2026/09/27 14:50:28.285, 6, 25, 1980 MHz, 119.87 W, 0 %, 73547 MiB
2026/09/27 14:50:28.285, 7, 24, 1980 MHz, 115.84 W, 0 %, 73547 MiB
2026/09/27 14:50:30.285, 0, 23, 1980 MHz, 114.33 W, 0 %, 73547 MiB
2026/09/27 14:50:30.286, 1, 26, 1980 MHz, 115.25 W, 0 %, 73547 MiB
2026/09/27 14:50:30.286, 2, 30, 1980 MHz, 119.50 W, 0 %, 73547 MiB
2026/09/27 14:50:30.286, 3, 25, 1980 MHz, 121.23 W, 0 %, 73547 MiB
2026/09/27 14:50:30.286, 4, 24, 1980 MHz, 117.54 W, 0 %, 73547 MiB
2026/09/27 14:50:30.286, 5, 27, 1980 MHz, 120.82 W, 1 %, 73547 MiB
2026/09/27 14:50:30.286, 6, 25, 1980 MHz, 119.93 W, 0 %, 73547 MiB
2026/09/27 14:50:30.286, 7, 24, 1980 MHz, 115.83 W, 0 %, 73547 MiB
2026/09/27 14:50:32.287, 0, 23, 1980 MHz, 114.35 W, 0 %, 73547 MiB
2026/09/27 14:50:32.287, 1, 26, 1980 MHz, 115.22 W, 0 %, 73547 MiB
2026/09/27 14:50:32.287, 2, 30, 1980 MHz, 119.45 W, 0 %, 73547 MiB
2026/09/27 14:50:32.287, 3, 25, 1980 MHz, 121.24 W, 0 %, 73547 MiB
2026/09/27 14:50:32.287, 4, 24, 1980 MHz, 117.61 W, 0 %, 73547 MiB
2026/09/27 14:50:32.287, 5, 27, 1980 MHz, 120.85 W, 1 %, 73547 MiB
2026/09/27 14:50:32.287, 6, 25, 1980 MHz, 119.97 W, 0 %, 73547 MiB
2026/09/27 14:50:32.287, 7, 24, 1980 MHz, 115.87 W, 0 %, 73547 MiB
2026/09/27 14:50:34.288, 0, 23, 1980 MHz, 114.31 W, 0 %, 73547 MiB
2026/09/27 14:50:34.288, 1, 26, 1980 MHz, 115.31 W, 0 %, 73547 MiB
2026/09/27 14:50:34.288, 2, 30, 1980 MHz, 119.50 W, 0 %, 73547 MiB
2026/09/27 14:50:34.288, 3, 25, 1980 MHz, 121.22 W, 0 %, 73547 MiB
2026/09/27 14:50:34.288, 4, 24, 1980 MHz, 117.62 W, 0 %, 73547 MiB
2026/09/27 14:50:34.288, 5, 27, 1980 MHz, 120.84 W, 1 %, 73547 MiB
2026/09/27 14:50:34.288, 6, 25, 1980 MHz, 119.82 W, 0 %, 73547 MiB
2026/09/27 14:50:34.288, 7, 24, 1980 MHz, 115.84 W, 0 %, 73547 MiB
2026/09/27 14:50:36.289, 0, 23, 1980 MHz, 114.28 W, 0 %, 73547 MiB
2026/09/27 14:50:36.289, 1, 26, 1980 MHz, 115.33 W, 0 %, 73547 MiB
2026/09/27 14:50:36.289, 2, 30, 1980 MHz, 119.53 W, 0 %, 73547 MiB
2026/09/27 14:50:36.289, 3, 25, 1980 MHz, 121.21 W, 0 %, 73547 MiB
2026/09/27 14:50:36.289, 4, 24, 1980 MHz, 117.61 W, 0 %, 73547 MiB
2026/09/27 14:50:36.289, 5, 27, 1980 MHz, 120.79 W, 1 %, 73547 MiB
2026/09/27 14:50:36.289, 6, 25, 1980 MHz, 119.86 W, 0 %, 73547 MiB
2026/09/27 14:50:36.290, 7, 24, 1980 MHz, 115.81 W, 0 %, 73547 MiB
2026/09/27 14:50:38.290, 0, 23, 1980 MHz, 114.33 W, 0 %, 73547 MiB
2026/09/27 14:50:38.290, 1, 26, 1980 MHz, 115.28 W, 0 %, 73547 MiB
2026/09/27 14:50:38.290, 2, 30, 1980 MHz, 119.49 W, 0 %, 73547 MiB
2026/09/27 14:50:38.290, 3, 25, 1980 MHz, 121.22 W, 0 %, 73547 MiB
2026/09/27 14:50:38.290, 4, 24, 1980 MHz, 117.64 W, 0 %, 73547 MiB
2026/09/27 14:50:38.290, 5, 27, 1980 MHz, 120.83 W, 1 %, 73547 MiB
2026/09/27 14:50:38.291, 6, 25, 1980 MHz, 119.96 W, 0 %, 73547 MiB
2026/09/27 14:50:38.291, 7, 24, 1980 MHz, 115.84 W, 0 %, 73547 MiB
2026/09/27 14:50:40.291, 0, 23, 1980 MHz, 114.33 W, 0 %, 73547 MiB
2026/09/27 14:50:40.291, 1, 26, 1980 MHz, 115.28 W, 0 %, 73547 MiB
2026/09/27 14:50:40.291, 2, 30, 1980 MHz, 119.47 W, 0 %, 73547 MiB
2026/09/27 14:50:40.291, 3, 25, 1980 MHz, 121.26 W, 0 %, 73547 MiB
2026/09/27 14:50:40.292, 4, 24, 1980 MHz, 117.55 W, 0 %, 73547 MiB
2026/09/27 14:50:40.292, 5, 27, 1980 MHz, 120.69 W, 1 %, 73547 MiB
2026/09/27 14:50:40.292, 6, 25, 1980 MHz, 119.82 W, 0 %, 73547 MiB
2026/09/27 14:50:40.292, 7, 24, 1980 MHz, 115.82 W, 0 %, 73547 MiB
2026/09/27 14:50:42.292, 0, 23, 1980 MHz, 114.28 W, 0 %, 73547 MiB
2026/09/27 14:50:42.292, 1, 26, 1980 MHz, 115.29 W, 0 %, 73547 MiB
2026/09/27 14:50:42.292, 2, 30, 1980 MHz, 119.51 W, 0 %, 73547 MiB
2026/09/27 14:50:42.293, 3, 25, 1980 MHz, 121.22 W, 0 %, 73547 MiB
2026/09/27 14:50:42.293, 4, 24, 1980 MHz, 117.61 W, 0 %, 73547 MiB
2026/09/27 14:50:42.293, 5, 27, 1980 MHz, 120.71 W, 1 %, 73547 MiB
2026/09/27 14:50:42.293, 6, 25, 1980 MHz, 119.89 W, 0 %, 73547 MiB
2026/09/27 14:50:42.293, 7, 24, 1980 MHz, 115.85 W, 0 %, 73547 MiB
2026/09/27 14:50:44.293, 0, 23, 1980 MHz, 114.25 W, 0 %, 73547 MiB
2026/09/27 14:50:44.294, 1, 26, 1980 MHz, 115.25 W, 0 %, 73547 MiB
2026/09/27 14:50:44.294, 2, 30, 1980 MHz, 119.57 W, 0 %, 73547 MiB
2026/09/27 14:50:44.294, 3, 25, 1980 MHz, 121.26 W, 0 %, 73547 MiB
2026/09/27 14:50:44.294, 4, 24, 1980 MHz, 117.64 W, 0 %, 73547 MiB
2026/09/27 14:50:44.294, 5, 27, 1980 MHz, 120.71 W, 1 %, 73547 MiB
2026/09/27 14:50:44.294, 6, 25, 1980 MHz, 119.87 W, 0 %, 73547 MiB
2026/09/27 14:50:44.294, 7, 24, 1980 MHz, 115.86 W, 0 %, 73547 MiB
2026/09/27 14:50:46.294, 0, 23, 1980 MHz, 114.33 W, 0 %, 73547 MiB
2026/09/27 14:50:46.295, 1, 26, 1980 MHz, 115.30 W, 0 %, 73547 MiB
2026/09/27 14:50:46.295, 2, 30, 1980 MHz, 119.45 W, 0 %, 73547 MiB
2026/09/27 14:50:46.295, 3, 25, 1980 MHz, 121.28 W, 0 %, 73547 MiB
2026/09/27 14:50:46.295, 4, 24, 1980 MHz, 117.56 W, 0 %, 73547 MiB
2026/09/27 14:50:46.295, 5, 27, 1980 MHz, 120.69 W, 1 %, 73547 MiB
2026/09/27 14:50:46.295, 6, 25, 1980 MHz, 119.87 W, 0 %, 73547 MiB
2026/09/27 14:50:46.295, 7, 24, 1980 MHz, 115.88 W, 0 %, 73547 MiB
2026/09/27 14:50:48.295, 0, 23, 1980 MHz, 114.30 W, 0 %, 73547 MiB
2026/09/27 14:50:48.296, 1, 26, 1980 MHz, 115.33 W, 0 %, 73547 MiB
2026/09/27 14:50:48.296, 2, 30, 1980 MHz, 119.46 W, 0 %, 73547 MiB
2026/09/27 14:50:48.296, 3, 25, 1980 MHz, 121.22 W, 0 %, 73547 MiB
2026/09/27 14:50:48.296, 4, 24, 1980 MHz, 117.62 W, 0 %, 73547 MiB
2026/09/27 14:50:48.296, 5, 27, 1980 MHz, 120.55 W, 0 %, 73547 MiB
2026/09/27 14:50:48.296, 6, 25, 1980 MHz, 120.12 W, 1 %, 73547 MiB
2026/09/27 14:50:48.296, 7, 24, 1980 MHz, 115.83 W, 0 %, 73547 MiB
2026/09/27 14:50:50.297, 0, 23, 1980 MHz, 114.28 W, 0 %, 73547 MiB
2026/09/27 14:50:50.297, 1, 26, 1980 MHz, 115.23 W, 0 %, 73547 MiB
2026/09/27 14:50:50.297, 2, 30, 1980 MHz, 119.52 W, 0 %, 73547 MiB
2026/09/27 14:50:50.297, 3, 25, 1980 MHz, 121.27 W, 0 %, 73547 MiB
2026/09/27 14:50:50.297, 4, 24, 1980 MHz, 117.57 W, 0 %, 73547 MiB
2026/09/27 14:50:50.297, 5, 27, 1980 MHz, 120.65 W, 0 %, 73547 MiB
2026/09/27 14:50:50.297, 6, 25, 1980 MHz, 120.06 W, 1 %, 73547 MiB
2026/09/27 14:50:50.297, 7, 24, 1980 MHz, 115.83 W, 0 %, 73547 MiB
2026/09/27 14:50:52.298, 0, 23, 1980 MHz, 114.31 W, 0 %, 73547 MiB
2026/09/27 14:50:52.298, 1, 26, 1980 MHz, 115.25 W, 0 %, 73547 MiB
2026/09/27 14:50:52.298, 2, 30, 1980 MHz, 119.46 W, 0 %, 73547 MiB
2026/09/27 14:50:52.298, 3, 25, 1980 MHz, 121.27 W, 0 %, 73547 MiB
2026/09/27 14:50:52.298, 4, 24, 1980 MHz, 117.59 W, 0 %, 73547 MiB
2026/09/27 14:50:52.298, 5, 27, 1980 MHz, 120.62 W, 0 %, 73547 MiB
2026/09/27 14:50:52.298, 6, 25, 1980 MHz, 120.15 W, 1 %, 73547 MiB
2026/09/27 14:50:52.298, 7, 24, 1980 MHz, 115.88 W, 0 %, 73547 MiB
2026/09/27 14:50:54.299, 0, 23, 1980 MHz, 114.37 W, 0 %, 73547 MiB
2026/09/27 14:50:54.299, 1, 26, 1980 MHz, 115.27 W, 0 %, 73547 MiB
2026/09/27 14:50:54.299, 2, 30, 1980 MHz, 119.43 W, 0 %, 73547 MiB
2026/09/27 14:50:54.299, 3, 25, 1980 MHz, 121.25 W, 0 %, 73547 MiB
2026/09/27 14:50:54.299, 4, 24, 1980 MHz, 117.50 W, 0 %, 73547 MiB
2026/09/27 14:50:54.299, 5, 27, 1980 MHz, 120.61 W, 0 %, 73547 MiB
2026/09/27 14:50:54.299, 6, 25, 1980 MHz, 120.01 W, 1 %, 73547 MiB
2026/09/27 14:50:54.300, 7, 24, 1980 MHz, 115.78 W, 0 %, 73547 MiB
2026/09/27 14:50:56.300, 0, 23, 1980 MHz, 114.28 W, 0 %, 73547 MiB
2026/09/27 14:50:56.300, 1, 26, 1980 MHz, 115.28 W, 0 %, 73547 MiB
2026/09/27 14:50:56.300, 2, 30, 1980 MHz, 119.50 W, 0 %, 73547 MiB
2026/09/27 14:50:56.300, 3, 25, 1980 MHz, 121.20 W, 0 %, 73547 MiB
2026/09/27 14:50:56.300, 4, 24, 1980 MHz, 117.60 W, 0 %, 73547 MiB
2026/09/27 14:50:56.301, 5, 27, 1980 MHz, 120.61 W, 0 %, 73547 MiB
2026/09/27 14:50:56.301, 6, 25, 1980 MHz, 120.00 W, 1 %, 73547 MiB
2026/09/27 14:50:56.301, 7, 24, 1980 MHz, 115.79 W, 0 %, 73547 MiB
2026/09/27 14:50:58.301, 0, 23, 1980 MHz, 114.33 W, 0 %, 73547 MiB
2026/09/27 14:50:58.301, 1, 26, 1980 MHz, 115.22 W, 0 %, 73547 MiB
2026/09/27 14:50:58.301, 2, 30, 1980 MHz, 119.50 W, 0 %, 73547 MiB
2026/09/27 14:50:58.302, 3, 25, 1980 MHz, 121.28 W, 0 %, 73547 MiB
2026/09/27 14:50:58.302, 4, 24, 1980 MHz, 117.60 W, 0 %, 73547 MiB
2026/09/27 14:50:58.302, 5, 27, 1980 MHz, 120.62 W, 0 %, 73547 MiB
2026/09/27 14:50:58.302, 6, 25, 1980 MHz, 120.14 W, 1 %, 73547 MiB
2026/09/27 14:50:58.302, 7, 24, 1980 MHz, 115.86 W, 0 %, 73547 MiB
2026/09/27 14:51:00.302, 0, 23, 1980 MHz, 114.36 W, 0 %, 73547 MiB
2026/09/27 14:51:00.302, 1, 26, 1980 MHz, 115.29 W, 0 %, 73547 MiB
2026/09/27 14:51:00.303, 2, 30, 1980 MHz, 119.49 W, 0 %, 73547 MiB
2026/09/27 14:51:00.303, 3, 25, 1980 MHz, 121.25 W, 0 %, 73547 MiB
2026/09/27 14:51:00.303, 4, 24, 1980 MHz, 117.53 W, 0 %, 73547 MiB
2026/09/27 14:51:00.303, 5, 27, 1980 MHz, 120.57 W, 0 %, 73547 MiB
2026/09/27 14:51:00.303, 6, 25, 1980 MHz, 120.15 W, 1 %, 73547 MiB
2026/09/27 14:51:00.303, 7, 24, 1980 MHz, 115.83 W, 0 %, 73547 MiB
2026/09/27 14:51:02.303, 0, 23, 1980 MHz, 114.32 W, 0 %, 73547 MiB
2026/09/27 14:51:02.304, 1, 26, 1980 MHz, 115.31 W, 0 %, 73547 MiB
2026/09/27 14:51:02.304, 2, 30, 1980 MHz, 119.44 W, 0 %, 73547 MiB
2026/09/27 14:51:02.304, 3, 25, 1980 MHz, 121.21 W, 0 %, 73547 MiB
2026/09/27 14:51:02.304, 4, 24, 1980 MHz, 117.57 W, 0 %, 73547 MiB
2026/09/27 14:51:02.304, 5, 27, 1980 MHz, 120.60 W, 0 %, 73547 MiB
2026/09/27 14:51:02.304, 6, 25, 1980 MHz, 119.97 W, 0 %, 73547 MiB
2026/09/27 14:51:02.304, 7, 24, 1980 MHz, 115.82 W, 0 %, 73547 MiB
2026/09/27 14:51:04.304, 0, 23, 1980 MHz, 114.31 W, 0 %, 73547 MiB
2026/09/27 14:51:04.305, 1, 26, 1980 MHz, 115.23 W, 0 %, 73547 MiB
2026/09/27 14:51:04.305, 2, 30, 1980 MHz, 119.50 W, 0 %, 73547 MiB
2026/09/27 14:51:04.305, 3, 25, 1980 MHz, 121.22 W, 0 %, 73547 MiB
2026/09/27 14:51:04.305, 4, 24, 1980 MHz, 117.61 W, 0 %, 73547 MiB
2026/09/27 14:51:04.305, 5, 27, 1980 MHz, 120.62 W, 0 %, 73547 MiB
2026/09/27 14:51:04.305, 6, 25, 1980 MHz, 120.10 W, 0 %, 73547 MiB
2026/09/27 14:51:04.305, 7, 24, 1980 MHz, 115.91 W, 0 %, 73547 MiB
2026/09/27 14:51:06.305, 0, 23, 1980 MHz, 114.32 W, 0 %, 73547 MiB
2026/09/27 14:51:06.306, 1, 26, 1980 MHz, 115.17 W, 0 %, 73547 MiB
2026/09/27 14:51:06.306, 2, 30, 1980 MHz, 119.46 W, 0 %, 73547 MiB
2026/09/27 14:51:06.306, 3, 25, 1980 MHz, 121.31 W, 0 %, 73547 MiB
2026/09/27 14:51:06.306, 4, 24, 1980 MHz, 117.52 W, 0 %, 73547 MiB
2026/09/27 14:51:06.306, 5, 27, 1980 MHz, 120.61 W, 0 %, 73547 MiB
2026/09/27 14:51:06.306, 6, 25, 1980 MHz, 119.90 W, 0 %, 73547 MiB
2026/09/27 14:51:06.307, 7, 24, 1980 MHz, 116.11 W, 1 %, 73547 MiB
2026/09/27 14:51:08.307, 0, 23, 1980 MHz, 114.31 W, 0 %, 73547 MiB
2026/09/27 14:51:08.308, 1, 26, 1980 MHz, 115.32 W, 0 %, 73547 MiB
2026/09/27 14:51:08.308, 2, 30, 1980 MHz, 119.49 W, 0 %, 73547 MiB
2026/09/27 14:51:08.308, 3, 25, 1980 MHz, 121.21 W, 0 %, 73547 MiB
2026/09/27 14:51:08.308, 4, 24, 1980 MHz, 117.58 W, 0 %, 73547 MiB
2026/09/27 14:51:08.308, 5, 27, 1980 MHz, 120.54 W, 0 %, 73547 MiB
2026/09/27 14:51:08.308, 6, 25, 1980 MHz, 119.93 W, 0 %, 73547 MiB
2026/09/27 14:51:08.308, 7, 24, 1980 MHz, 116.04 W, 1 %, 73547 MiB
2026/09/27 14:51:10.308, 0, 23, 1980 MHz, 114.27 W, 0 %, 73547 MiB
2026/09/27 14:51:10.309, 1, 26, 1980 MHz, 115.26 W, 0 %, 73547 MiB
2026/09/27 14:51:10.309, 2, 30, 1980 MHz, 119.53 W, 0 %, 73547 MiB
2026/09/27 14:51:10.309, 3, 25, 1980 MHz, 121.21 W, 0 %, 73547 MiB
2026/09/27 14:51:10.309, 4, 24, 1980 MHz, 117.64 W, 0 %, 73547 MiB
2026/09/27 14:51:10.309, 5, 27, 1980 MHz, 120.62 W, 0 %, 73547 MiB
2026/09/27 14:51:10.309, 6, 25, 1980 MHz, 119.91 W, 0 %, 73547 MiB
2026/09/27 14:51:10.309, 7, 24, 1980 MHz, 116.08 W, 1 %, 73547 MiB
2026/09/27 14:51:12.309, 0, 23, 1980 MHz, 114.36 W, 0 %, 73547 MiB
2026/09/27 14:51:12.310, 1, 26, 1980 MHz, 115.24 W, 0 %, 73547 MiB
2026/09/27 14:51:12.310, 2, 30, 1980 MHz, 119.48 W, 0 %, 73547 MiB
2026/09/27 14:51:12.310, 3, 25, 1980 MHz, 121.23 W, 0 %, 73547 MiB
2026/09/27 14:51:12.310, 4, 24, 1980 MHz, 117.60 W, 0 %, 73547 MiB
2026/09/27 14:51:12.310, 5, 27, 1980 MHz, 120.56 W, 0 %, 73547 MiB
2026/09/27 14:51:12.310, 6, 25, 1980 MHz, 119.85 W, 0 %, 73547 MiB
2026/09/27 14:51:12.310, 7, 24, 1980 MHz, 116.07 W, 1 %, 73547 MiB
2026/09/27 14:51:14.311, 0, 23, 1980 MHz, 114.36 W, 0 %, 73547 MiB
2026/09/27 14:51:14.311, 1, 26, 1980 MHz, 115.30 W, 0 %, 73547 MiB
2026/09/27 14:51:14.311, 2, 30, 1980 MHz, 119.51 W, 0 %, 73547 MiB
2026/09/27 14:51:14.311, 3, 25, 1980 MHz, 121.24 W, 0 %, 73547 MiB
2026/09/27 14:51:14.311, 4, 24, 1980 MHz, 117.58 W, 0 %, 73547 MiB
2026/09/27 14:51:14.311, 5, 27, 1980 MHz, 120.55 W, 0 %, 73547 MiB
2026/09/27 14:51:14.311, 6, 25, 1980 MHz, 119.92 W, 0 %, 73547 MiB
2026/09/27 14:51:14.311, 7, 24, 1980 MHz, 116.14 W, 1 %, 73547 MiB
2026/09/27 14:51:16.312, 0, 23, 1980 MHz, 114.33 W, 0 %, 73547 MiB
2026/09/27 14:51:16.312, 1, 26, 1980 MHz, 115.27 W, 0 %, 73547 MiB
2026/09/27 14:51:16.312, 2, 30, 1980 MHz, 119.48 W, 0 %, 73547 MiB
2026/09/27 14:51:16.312, 3, 25, 1980 MHz, 121.23 W, 0 %, 73547 MiB
2026/09/27 14:51:16.312, 4, 24, 1980 MHz, 117.60 W, 0 %, 73547 MiB
2026/09/27 14:51:16.312, 5, 27, 1980 MHz, 120.61 W, 0 %, 73547 MiB
2026/09/27 14:51:16.312, 6, 25, 1980 MHz, 119.93 W, 0 %, 73547 MiB
2026/09/27 14:51:16.312, 7, 24, 1980 MHz, 116.05 W, 1 %, 73547 MiB
2026/09/27 14:51:18.313, 0, 23, 1980 MHz, 114.29 W, 0 %, 73547 MiB
2026/09/27 14:51:18.313, 1, 26, 1980 MHz, 115.18 W, 0 %, 73547 MiB
2026/09/27 14:51:18.313, 2, 30, 1980 MHz, 119.47 W, 0 %, 73547 MiB
2026/09/27 14:51:18.313, 3, 25, 1980 MHz, 121.28 W, 0 %, 73547 MiB
2026/09/27 14:51:18.313, 4, 24, 1980 MHz, 117.55 W, 0 %, 73547 MiB
2026/09/27 14:51:18.313, 5, 27, 1980 MHz, 120.63 W, 0 %, 73547 MiB
2026/09/27 14:51:18.313, 6, 25, 1980 MHz, 119.89 W, 0 %, 73547 MiB
2026/09/27 14:51:18.313, 7, 24, 1980 MHz, 116.13 W, 1 %, 73547 MiB
2026/09/27 14:51:20.314, 0, 23, 1980 MHz, 114.34 W, 0 %, 73547 MiB
2026/09/27 14:51:20.314, 1, 26, 1980 MHz, 115.27 W, 0 %, 73547 MiB
2026/09/27 14:51:20.314, 2, 30, 1980 MHz, 119.46 W, 0 %, 73547 MiB
2026/09/27 14:51:20.314, 3, 25, 1980 MHz, 121.22 W, 0 %, 73547 MiB
2026/09/27 14:51:20.314, 4, 24, 1980 MHz, 117.58 W, 0 %, 73547 MiB
2026/09/27 14:51:20.314, 5, 27, 1980 MHz, 120.54 W, 0 %, 73547 MiB
2026/09/27 14:51:20.314, 6, 25, 1980 MHz, 119.84 W, 0 %, 73547 MiB
2026/09/27 14:51:20.315, 7, 24, 1980 MHz, 116.06 W, 1 %, 73547 MiB
2026/09/27 14:51:22.315, 0, 23, 1980 MHz, 114.30 W, 0 %, 73547 MiB
2026/09/27 14:51:22.315, 1, 26, 1980 MHz, 115.25 W, 0 %, 73547 MiB
2026/09/27 14:51:22.315, 2, 30, 1980 MHz, 119.48 W, 0 %, 73547 MiB
2026/09/27 14:51:22.315, 3, 25, 1980 MHz, 121.24 W, 0 %, 73547 MiB
2026/09/27 14:51:22.315, 4, 24, 1980 MHz, 117.54 W, 0 %, 73547 MiB
2026/09/27 14:51:22.315, 5, 27, 1980 MHz, 120.57 W, 0 %, 73547 MiB
2026/09/27 14:51:22.316, 6, 25, 1980 MHz, 119.88 W, 0 %, 73547 MiB
2026/09/27 14:51:22.316, 7, 24, 1980 MHz, 116.00 W, 1 %, 73547 MiB
2026/09/27 14:51:24.316, 0, 23, 1980 MHz, 114.30 W, 0 %, 73555 MiB
2026/09/27 14:51:24.316, 1, 26, 1980 MHz, 115.28 W, 0 %, 73555 MiB
2026/09/27 14:51:24.316, 2, 30, 1980 MHz, 119.54 W, 0 %, 73555 MiB
2026/09/27 14:51:24.316, 3, 25, 1980 MHz, 121.21 W, 5 %, 73555 MiB
2026/09/27 14:51:24.316, 4, 24, 1980 MHz, 117.59 W, 5 %, 73555 MiB
2026/09/27 14:51:24.317, 5, 27, 1980 MHz, 120.58 W, 0 %, 73555 MiB
2026/09/27 14:51:24.317, 6, 25, 1980 MHz, 119.91 W, 0 %, 73555 MiB
2026/09/27 14:51:24.317, 7, 24, 1980 MHz, 115.89 W, 5 %, 73555 MiB
2026/09/27 14:51:26.317, 0, 23, 1980 MHz, 114.40 W, 0 %, 73563 MiB
2026/09/27 14:51:26.317, 1, 26, 1980 MHz, 115.34 W, 0 %, 73563 MiB
2026/09/27 14:51:26.317, 2, 30, 1980 MHz, 119.61 W, 7 %, 73757 MiB
2026/09/27 14:51:26.317, 3, 25, 1980 MHz, 121.36 W, 5 %, 73757 MiB
2026/09/27 14:51:26.317, 4, 24, 1980 MHz, 117.65 W, 0 %, 73563 MiB
2026/09/27 14:51:26.317, 5, 27, 1980 MHz, 120.56 W, 0 %, 73563 MiB
2026/09/27 14:51:26.317, 6, 25, 1980 MHz, 119.83 W, 1 %, 73609 MiB
2026/09/27 14:51:26.317, 7, 24, 1980 MHz, 115.91 W, 0 %, 73563 MiB
2026/09/27 14:51:28.318, 0, 23, 1980 MHz, 114.30 W, 0 %, 73777 MiB
2026/09/27 14:51:28.318, 1, 26, 1980 MHz, 115.26 W, 0 %, 73777 MiB
2026/09/27 14:51:28.318, 2, 30, 1980 MHz, 119.49 W, 0 %, 73777 MiB
2026/09/27 14:51:28.318, 3, 25, 1980 MHz, 121.19 W, 0 %, 73777 MiB
2026/09/27 14:51:28.318, 4, 24, 1980 MHz, 117.57 W, 0 %, 73777 MiB
2026/09/27 14:51:28.318, 5, 27, 1980 MHz, 120.54 W, 0 %, 73777 MiB
2026/09/27 14:51:28.318, 6, 25, 1980 MHz, 119.87 W, 0 %, 73777 MiB
2026/09/27 14:51:28.318, 7, 24, 1980 MHz, 115.90 W, 0 %, 73777 MiB
2026/09/27 14:51:30.319, 0, 23, 1980 MHz, 114.27 W, 0 %, 74483 MiB
2026/09/27 14:51:30.319, 1, 26, 1980 MHz, 115.21 W, 0 %, 74483 MiB
2026/09/27 14:51:30.319, 2, 30, 1980 MHz, 119.46 W, 0 %, 74483 MiB
2026/09/27 14:51:30.319, 3, 25, 1980 MHz, 121.43 W, 0 %, 74483 MiB
2026/09/27 14:51:30.319, 4, 24, 1980 MHz, 117.62 W, 0 %, 74483 MiB
2026/09/27 14:51:30.319, 5, 27, 1980 MHz, 120.57 W, 0 %, 74483 MiB
2026/09/27 14:51:30.319, 6, 25, 1980 MHz, 119.90 W, 0 %, 74483 MiB
2026/09/27 14:51:30.319, 7, 24, 1980 MHz, 115.86 W, 0 %, 74483 MiB
2026/09/27 14:51:32.319, 0, 23, 1980 MHz, 114.24 W, 0 %, 74485 MiB
2026/09/27 14:51:32.320, 1, 26, 1980 MHz, 115.16 W, 0 %, 74483 MiB
2026/09/27 14:51:32.320, 2, 30, 1980 MHz, 119.47 W, 0 %, 74483 MiB
2026/09/27 14:51:32.320, 3, 25, 1980 MHz, 121.26 W, 0 %, 74483 MiB
2026/09/27 14:51:32.320, 4, 24, 1980 MHz, 117.58 W, 0 %, 74483 MiB
2026/09/27 14:51:32.320, 5, 27, 1980 MHz, 120.58 W, 0 %, 74483 MiB
2026/09/27 14:51:32.320, 6, 25, 1980 MHz, 119.84 W, 0 %, 74483 MiB
2026/09/27 14:51:32.320, 7, 24, 1980 MHz, 115.84 W, 0 %, 74483 MiB
2026/09/27 14:51:34.320, 0, 23, 1980 MHz, 114.30 W, 0 %, 74485 MiB
2026/09/27 14:51:34.321, 1, 26, 1980 MHz, 115.32 W, 0 %, 74483 MiB
2026/09/27 14:51:34.321, 2, 30, 1980 MHz, 119.43 W, 0 %, 74483 MiB
2026/09/27 14:51:34.321, 3, 25, 1980 MHz, 121.22 W, 0 %, 74483 MiB
2026/09/27 14:51:34.321, 4, 24, 1980 MHz, 117.54 W, 0 %, 74483 MiB
2026/09/27 14:51:34.321, 5, 27, 1980 MHz, 120.56 W, 0 %, 74483 MiB
2026/09/27 14:51:34.321, 6, 25, 1980 MHz, 119.83 W, 0 %, 74483 MiB
2026/09/27 14:51:34.321, 7, 24, 1980 MHz, 115.79 W, 0 %, 74483 MiB
2026/09/27 14:51:36.322, 0, 35, 1980 MHz, 309.84 W, 100 %, 74933 MiB
2026/09/27 14:51:36.322, 1, 35, 1980 MHz, 319.07 W, 100 %, 75315 MiB
2026/09/27 14:51:36.322, 2, 39, 1980 MHz, 317.70 W, 100 %, 75315 MiB
2026/09/27 14:51:36.322, 3, 33, 1980 MHz, 344.35 W, 100 %, 75315 MiB
2026/09/27 14:51:36.322, 4, 34, 1980 MHz, 313.23 W, 100 %, 75315 MiB
2026/09/27 14:51:36.322, 5, 37, 1980 MHz, 324.60 W, 100 %, 75315 MiB
2026/09/27 14:51:36.322, 6, 34, 1980 MHz, 309.86 W, 100 %, 75315 MiB
2026/09/27 14:51:36.322, 7, 34, 1980 MHz, 321.98 W, 100 %, 74931 MiB
2026/09/27 14:51:38.323, 0, 38, 1980 MHz, 515.41 W, 100 %, 74933 MiB
2026/09/27 14:51:38.323, 1, 39, 1980 MHz, 513.34 W, 100 %, 75315 MiB
2026/09/27 14:51:38.323, 2, 42, 1980 MHz, 522.81 W, 100 %, 75315 MiB
2026/09/27 14:51:38.323, 3, 37, 1980 MHz, 529.59 W, 100 %, 75315 MiB
2026/09/27 14:51:38.323, 4, 38, 1980 MHz, 513.66 W, 100 %, 75315 MiB
2026/09/27 14:51:38.323, 5, 40, 1980 MHz, 527.89 W, 100 %, 75315 MiB
2026/09/27 14:51:38.323, 6, 37, 1980 MHz, 509.78 W, 100 %, 75315 MiB
2026/09/27 14:51:38.323, 7, 38, 1980 MHz, 513.06 W, 100 %, 74931 MiB
2026/09/27 14:51:40.324, 0, 39, 1980 MHz, 515.86 W, 100 %, 74933 MiB
2026/09/27 14:51:40.324, 1, 40, 1980 MHz, 515.23 W, 100 %, 75315 MiB
2026/09/27 14:51:40.324, 2, 43, 1980 MHz, 522.74 W, 100 %, 75315 MiB
2026/09/27 14:51:40.324, 3, 37, 1980 MHz, 532.76 W, 100 %, 75315 MiB
2026/09/27 14:51:40.324, 4, 39, 1980 MHz, 515.27 W, 100 %, 75315 MiB
2026/09/27 14:51:40.324, 5, 42, 1980 MHz, 529.17 W, 100 %, 75315 MiB
2026/09/27 14:51:40.324, 6, 38, 1980 MHz, 514.36 W, 100 %, 75315 MiB
2026/09/27 14:51:40.324, 7, 39, 1980 MHz, 514.24 W, 100 %, 74931 MiB
2026/09/27 14:51:42.325, 0, 40, 1980 MHz, 514.99 W, 100 %, 74933 MiB
2026/09/27 14:51:42.325, 1, 42, 1980 MHz, 515.87 W, 100 %, 75315 MiB
2026/09/27 14:51:42.325, 2, 44, 1980 MHz, 522.45 W, 100 %, 75315 MiB
2026/09/27 14:51:42.325, 3, 38, 1980 MHz, 535.42 W, 100 %, 75315 MiB
2026/09/27 14:51:42.325, 4, 40, 1980 MHz, 514.42 W, 100 %, 75315 MiB
2026/09/27 14:51:42.325, 5, 43, 1980 MHz, 529.89 W, 100 %, 75315 MiB
2026/09/27 14:51:42.325, 6, 39, 1980 MHz, 515.66 W, 100 %, 75315 MiB
2026/09/27 14:51:42.325, 7, 40, 1980 MHz, 516.29 W, 100 %, 74931 MiB
2026/09/27 14:51:44.326, 0, 40, 1980 MHz, 516.67 W, 100 %, 74933 MiB
2026/09/27 14:51:44.326, 1, 42, 1980 MHz, 515.26 W, 100 %, 75315 MiB
2026/09/27 14:51:44.326, 2, 44, 1980 MHz, 523.77 W, 100 %, 75315 MiB
2026/09/27 14:51:44.326, 3, 39, 1980 MHz, 535.89 W, 100 %, 75315 MiB
2026/09/27 14:51:44.326, 4, 41, 1980 MHz, 518.65 W, 100 %, 75315 MiB
2026/09/27 14:51:44.326, 5, 43, 1980 MHz, 530.00 W, 100 %, 75315 MiB
2026/09/27 14:51:44.326, 6, 40, 1980 MHz, 516.24 W, 100 %, 75315 MiB
2026/09/27 14:51:44.326, 7, 41, 1980 MHz, 517.11 W, 100 %, 74931 MiB
2026/09/27 14:51:46.327, 0, 41, 1980 MHz, 517.77 W, 100 %, 74933 MiB
2026/09/27 14:51:46.327, 1, 43, 1980 MHz, 515.73 W, 100 %, 75315 MiB
2026/09/27 14:51:46.327, 2, 45, 1980 MHz, 525.07 W, 100 %, 75315 MiB
2026/09/27 14:51:46.327, 3, 40, 1980 MHz, 535.42 W, 100 %, 75315 MiB
2026/09/27 14:51:46.327, 4, 41, 1980 MHz, 520.24 W, 100 %, 75315 MiB
2026/09/27 14:51:46.327, 5, 44, 1980 MHz, 529.48 W, 100 %, 75315 MiB
2026/09/27 14:51:46.327, 6, 41, 1980 MHz, 519.70 W, 100 %, 75315 MiB
2026/09/27 14:51:46.327, 7, 41, 1980 MHz, 515.84 W, 100 %, 74931 MiB
2026/09/27 14:51:48.328, 0, 41, 1980 MHz, 517.86 W, 100 %, 74933 MiB
2026/09/27 14:51:48.328, 1, 44, 1980 MHz, 517.02 W, 100 %, 75315 MiB
2026/09/27 14:51:48.328, 2, 46, 1980 MHz, 525.44 W, 100 %, 75315 MiB
2026/09/27 14:51:48.328, 3, 40, 1980 MHz, 536.11 W, 100 %, 75315 MiB
2026/09/27 14:51:48.328, 4, 42, 1980 MHz, 521.05 W, 100 %, 75315 MiB
2026/09/27 14:51:48.328, 5, 45, 1980 MHz, 532.09 W, 100 %, 75315 MiB
2026/09/27 14:51:48.328, 6, 41, 1980 MHz, 519.10 W, 100 %, 75315 MiB
2026/09/27 14:51:48.328, 7, 42, 1980 MHz, 517.67 W, 100 %, 74931 MiB
2026/09/27 14:51:50.329, 0, 42, 1980 MHz, 517.19 W, 100 %, 74933 MiB
2026/09/27 14:51:50.329, 1, 44, 1980 MHz, 518.53 W, 100 %, 75315 MiB
2026/09/27 14:51:50.329, 2, 46, 1980 MHz, 524.43 W, 100 %, 75315 MiB
2026/09/27 14:51:50.329, 3, 41, 1980 MHz, 536.71 W, 100 %, 75315 MiB
2026/09/27 14:51:50.329, 4, 42, 1980 MHz, 520.16 W, 100 %, 75315 MiB
2026/09/27 14:51:50.329, 5, 46, 1980 MHz, 531.03 W, 100 %, 75315 MiB
2026/09/27 14:51:50.329, 6, 42, 1980 MHz, 516.68 W, 100 %, 75315 MiB
2026/09/27 14:51:50.329, 7, 42, 1980 MHz, 519.37 W, 100 %, 74931 MiB
2026/09/27 14:51:52.330, 0, 42, 1980 MHz, 517.01 W, 100 %, 74933 MiB
2026/09/27 14:51:52.330, 1, 44, 1980 MHz, 517.88 W, 100 %, 75315 MiB
2026/09/27 14:51:52.330, 2, 47, 1980 MHz, 525.50 W, 100 %, 75315 MiB
2026/09/27 14:51:52.330, 3, 41, 1980 MHz, 537.53 W, 100 %, 75315 MiB
2026/09/27 14:51:52.330, 4, 43, 1980 MHz, 519.76 W, 100 %, 75315 MiB
2026/09/27 14:51:52.330, 5, 46, 1980 MHz, 530.98 W, 100 %, 75315 MiB
2026/09/27 14:51:52.330, 6, 42, 1980 MHz, 520.08 W, 100 %, 75315 MiB
2026/09/27 14:51:52.331, 7, 43, 1980 MHz, 517.92 W, 100 %, 74931 MiB
2026/09/27 14:51:54.331, 0, 42, 1980 MHz, 518.80 W, 100 %, 74933 MiB
2026/09/27 14:51:54.331, 1, 45, 1980 MHz, 518.06 W, 100 %, 75315 MiB
2026/09/27 14:51:54.331, 2, 47, 1980 MHz, 526.26 W, 100 %, 75315 MiB
2026/09/27 14:51:54.331, 3, 41, 1980 MHz, 537.89 W, 100 %, 75315 MiB
2026/09/27 14:51:54.331, 4, 43, 1980 MHz, 521.42 W, 100 %, 75315 MiB
2026/09/27 14:51:54.331, 5, 46, 1980 MHz, 532.21 W, 100 %, 75315 MiB
2026/09/27 14:51:54.331, 6, 43, 1980 MHz, 518.66 W, 100 %, 75315 MiB
2026/09/27 14:51:54.331, 7, 43, 1980 MHz, 519.03 W, 100 %, 74931 MiB
2026/09/27 14:51:56.332, 0, 43, 1980 MHz, 519.43 W, 100 %, 74933 MiB
2026/09/27 14:51:56.332, 1, 45, 1980 MHz, 518.31 W, 100 %, 75315 MiB
2026/09/27 14:51:56.332, 2, 48, 1980 MHz, 527.81 W, 100 %, 75315 MiB
2026/09/27 14:51:56.332, 3, 41, 1980 MHz, 536.74 W, 100 %, 75315 MiB
2026/09/27 14:51:56.332, 4, 43, 1980 MHz, 522.17 W, 100 %, 75315 MiB
2026/09/27 14:51:56.332, 5, 47, 1980 MHz, 533.26 W, 100 %, 75315 MiB
2026/09/27 14:51:56.332, 6, 43, 1980 MHz, 520.86 W, 100 %, 75315 MiB
2026/09/27 14:51:56.332, 7, 43, 1980 MHz, 518.51 W, 100 %, 74931 MiB
2026/09/27 14:51:58.333, 0, 43, 1980 MHz, 518.20 W, 100 %, 74933 MiB
2026/09/27 14:51:58.333, 1, 46, 1980 MHz, 520.21 W, 100 %, 75315 MiB
2026/09/27 14:51:58.333, 2, 48, 1980 MHz, 527.47 W, 100 %, 75315 MiB
2026/09/27 14:51:58.333, 3, 42, 1980 MHz, 537.80 W, 100 %, 75315 MiB
2026/09/27 14:51:58.333, 4, 43, 1980 MHz, 521.16 W, 100 %, 75315 MiB
2026/09/27 14:51:58.333, 5, 47, 1980 MHz, 533.54 W, 100 %, 75315 MiB
2026/09/27 14:51:58.333, 6, 44, 1980 MHz, 518.08 W, 100 %, 75315 MiB
2026/09/27 14:51:58.334, 7, 43, 1980 MHz, 519.21 W, 100 %, 74931 MiB
2026/09/27 14:52:00.334, 0, 43, 1980 MHz, 518.24 W, 100 %, 74933 MiB
2026/09/27 14:52:00.334, 1, 46, 1980 MHz, 519.12 W, 100 %, 75315 MiB
2026/09/27 14:52:00.334, 2, 48, 1980 MHz, 528.11 W, 100 %, 75315 MiB
2026/09/27 14:52:00.334, 3, 42, 1980 MHz, 539.52 W, 100 %, 75315 MiB
2026/09/27 14:52:00.334, 4, 44, 1980 MHz, 521.94 W, 100 %, 75315 MiB
2026/09/27 14:52:00.334, 5, 47, 1980 MHz, 533.39 W, 100 %, 75315 MiB
2026/09/27 14:52:00.334, 6, 44, 1980 MHz, 522.20 W, 100 %, 75315 MiB
2026/09/27 14:52:00.335, 7, 43, 1980 MHz, 520.27 W, 100 %, 74931 MiB
2026/09/27 14:52:02.335, 0, 43, 1980 MHz, 520.02 W, 100 %, 74933 MiB
2026/09/27 14:52:02.335, 1, 46, 1980 MHz, 519.69 W, 100 %, 75315 MiB
2026/09/27 14:52:02.335, 2, 49, 1980 MHz, 529.87 W, 100 %, 75315 MiB
2026/09/27 14:52:02.335, 3, 42, 1980 MHz, 539.09 W, 100 %, 75315 MiB
2026/09/27 14:52:02.335, 4, 44, 1980 MHz, 522.75 W, 100 %, 75315 MiB
2026/09/27 14:52:02.335, 5, 48, 1980 MHz, 532.99 W, 100 %, 75315 MiB
2026/09/27 14:52:02.336, 6, 44, 1980 MHz, 525.27 W, 100 %, 75315 MiB
2026/09/27 14:52:02.336, 7, 44, 1980 MHz, 519.84 W, 100 %, 74931 MiB
2026/09/27 14:52:04.336, 0, 43, 1980 MHz, 520.21 W, 100 %, 74933 MiB
2026/09/27 14:52:04.336, 1, 47, 1980 MHz, 519.05 W, 100 %, 75315 MiB
2026/09/27 14:52:04.336, 2, 49, 1980 MHz, 529.85 W, 100 %, 75315 MiB
2026/09/27 14:52:04.336, 3, 42, 1980 MHz, 537.75 W, 100 %, 75315 MiB
2026/09/27 14:52:04.337, 4, 44, 1980 MHz, 523.63 W, 100 %, 75315 MiB
2026/09/27 14:52:04.337, 5, 48, 1980 MHz, 534.03 W, 100 %, 75315 MiB
2026/09/27 14:52:04.337, 6, 44, 1980 MHz, 522.04 W, 100 %, 75315 MiB
2026/09/27 14:52:04.337, 7, 44, 1980 MHz, 518.46 W, 100 %, 74931 MiB
2026/09/27 14:52:06.337, 0, 43, 1980 MHz, 519.66 W, 100 %, 74933 MiB
2026/09/27 14:52:06.337, 1, 47, 1980 MHz, 520.62 W, 100 %, 75315 MiB
2026/09/27 14:52:06.337, 2, 49, 1980 MHz, 529.67 W, 100 %, 75315 MiB
2026/09/27 14:52:06.337, 3, 42, 1980 MHz, 538.26 W, 100 %, 75315 MiB
2026/09/27 14:52:06.337, 4, 44, 1980 MHz, 522.66 W, 100 %, 75315 MiB
2026/09/27 14:52:06.338, 5, 48, 1980 MHz, 535.03 W, 100 %, 75315 MiB
2026/09/27 14:52:06.338, 6, 45, 1980 MHz, 523.49 W, 100 %, 75315 MiB
2026/09/27 14:52:06.338, 7, 44, 1980 MHz, 519.34 W, 100 %, 74931 MiB
2026/09/27 14:52:08.338, 0, 43, 1980 MHz, 518.08 W, 100 %, 74933 MiB
2026/09/27 14:52:08.338, 1, 47, 1980 MHz, 520.84 W, 100 %, 75315 MiB
2026/09/27 14:52:08.338, 2, 49, 1980 MHz, 529.37 W, 100 %, 75315 MiB
2026/09/27 14:52:08.338, 3, 43, 1980 MHz, 540.41 W, 100 %, 75315 MiB
2026/09/27 14:52:08.339, 4, 44, 1980 MHz, 522.80 W, 100 %, 75315 MiB
2026/09/27 14:52:08.339, 5, 48, 1980 MHz, 536.65 W, 100 %, 75315 MiB
2026/09/27 14:52:08.339, 6, 45, 1980 MHz, 524.61 W, 100 %, 75315 MiB
2026/09/27 14:52:08.339, 7, 44, 1980 MHz, 520.56 W, 100 %, 74931 MiB
2026/09/27 14:52:10.339, 0, 43, 1980 MHz, 518.91 W, 100 %, 74933 MiB
2026/09/27 14:52:10.339, 1, 47, 1980 MHz, 519.69 W, 100 %, 75315 MiB
2026/09/27 14:52:10.339, 2, 49, 1980 MHz, 530.28 W, 100 %, 75315 MiB
2026/09/27 14:52:10.339, 3, 42, 1980 MHz, 539.82 W, 100 %, 75315 MiB
2026/09/27 14:52:10.340, 4, 44, 1980 MHz, 522.73 W, 100 %, 75315 MiB
2026/09/27 14:52:10.340, 5, 49, 1980 MHz, 536.86 W, 100 %, 75315 MiB
2026/09/27 14:52:10.340, 6, 45, 1980 MHz, 522.33 W, 100 %, 75315 MiB
2026/09/27 14:52:10.340, 7, 44, 1980 MHz, 520.42 W, 100 %, 74931 MiB
2026/09/27 14:52:12.340, 0, 43, 1980 MHz, 519.98 W, 100 %, 74933 MiB
2026/09/27 14:52:12.340, 1, 47, 1980 MHz, 519.33 W, 100 %, 75315 MiB
2026/09/27 14:52:12.340, 2, 50, 1980 MHz, 530.60 W, 100 %, 75315 MiB
2026/09/27 14:52:12.340, 3, 42, 1980 MHz, 538.47 W, 100 %, 75315 MiB
2026/09/27 14:52:12.341, 4, 44, 1980 MHz, 523.17 W, 100 %, 75315 MiB
2026/09/27 14:52:12.341, 5, 49, 1980 MHz, 537.26 W, 100 %, 75315 MiB
2026/09/27 14:52:12.341, 6, 45, 1980 MHz, 523.53 W, 100 %, 75315 MiB
2026/09/27 14:52:12.341, 7, 44, 1980 MHz, 520.09 W, 100 %, 74931 MiB
2026/09/27 14:52:14.341, 0, 43, 1980 MHz, 519.17 W, 100 %, 74933 MiB
2026/09/27 14:52:14.341, 1, 47, 1980 MHz, 520.39 W, 100 %, 75315 MiB
2026/09/27 14:52:14.341, 2, 50, 1980 MHz, 530.79 W, 100 %, 75315 MiB
2026/09/27 14:52:14.341, 3, 43, 1980 MHz, 538.86 W, 100 %, 75315 MiB
2026/09/27 14:52:14.342, 4, 44, 1980 MHz, 524.41 W, 100 %, 75315 MiB
2026/09/27 14:52:14.342, 5, 49, 1980 MHz, 538.34 W, 100 %, 75315 MiB
2026/09/27 14:52:14.342, 6, 45, 1980 MHz, 524.24 W, 100 %, 75315 MiB
2026/09/27 14:52:14.342, 7, 44, 1980 MHz, 520.03 W, 100 %, 74931 MiB
2026/09/27 14:52:16.342, 0, 43, 1980 MHz, 518.78 W, 100 %, 74933 MiB
2026/09/27 14:52:16.342, 1, 47, 1980 MHz, 521.61 W, 100 %, 75315 MiB
2026/09/27 14:52:16.342, 2, 50, 1980 MHz, 529.51 W, 100 %, 75315 MiB
2026/09/27 14:52:16.342, 3, 43, 1980 MHz, 539.82 W, 100 %, 75315 MiB
2026/09/27 14:52:16.343, 4, 45, 1980 MHz, 522.94 W, 100 %, 75315 MiB
2026/09/27 14:52:16.343, 5, 49, 1980 MHz, 539.10 W, 100 %, 75315 MiB
2026/09/27 14:52:16.343, 6, 45, 1980 MHz, 524.89 W, 100 %, 75315 MiB
2026/09/27 14:52:16.343, 7, 44, 1980 MHz, 520.06 W, 100 %, 74931 MiB
2026/09/27 14:52:18.343, 0, 43, 1980 MHz, 520.03 W, 100 %, 74933 MiB
2026/09/27 14:52:18.343, 1, 47, 1980 MHz, 521.48 W, 100 %, 75315 MiB
2026/09/27 14:52:18.343, 2, 50, 1980 MHz, 530.00 W, 100 %, 75315 MiB
2026/09/27 14:52:18.343, 3, 43, 1980 MHz, 539.97 W, 100 %, 75315 MiB
2026/09/27 14:52:18.344, 4, 44, 1980 MHz, 523.67 W, 100 %, 75315 MiB
2026/09/27 14:52:18.344, 5, 49, 1980 MHz, 537.83 W, 100 %, 75315 MiB
2026/09/27 14:52:18.344, 6, 45, 1980 MHz, 523.96 W, 100 %, 75315 MiB
2026/09/27 14:52:18.344, 7, 44, 1980 MHz, 520.66 W, 100 %, 74931 MiB
2026/09/27 14:52:20.344, 0, 44, 1980 MHz, 520.38 W, 100 %, 74933 MiB
2026/09/27 14:52:20.344, 1, 48, 1980 MHz, 520.26 W, 100 %, 75315 MiB
2026/09/27 14:52:20.344, 2, 50, 1980 MHz, 531.10 W, 100 %, 75315 MiB
2026/09/27 14:52:20.344, 3, 43, 1980 MHz, 539.74 W, 100 %, 75315 MiB
2026/09/27 14:52:20.345, 4, 44, 1980 MHz, 524.31 W, 100 %, 75315 MiB
2026/09/27 14:52:20.345, 5, 49, 1980 MHz, 537.24 W, 100 %, 75315 MiB
2026/09/27 14:52:20.345, 6, 45, 1980 MHz, 526.50 W, 100 %, 75315 MiB
2026/09/27 14:52:20.345, 7, 44, 1980 MHz, 520.45 W, 100 %, 74931 MiB
2026/09/27 14:52:22.345, 0, 43, 1980 MHz, 520.49 W, 100 %, 74933 MiB
2026/09/27 14:52:22.345, 1, 47, 1980 MHz, 520.59 W, 100 %, 75315 MiB
2026/09/27 14:52:22.345, 2, 50, 1980 MHz, 531.86 W, 100 %, 75315 MiB
2026/09/27 14:52:22.345, 3, 43, 1980 MHz, 539.49 W, 100 %, 75315 MiB
2026/09/27 14:52:22.346, 4, 45, 1980 MHz, 526.12 W, 100 %, 75315 MiB
2026/09/27 14:52:22.346, 5, 50, 1980 MHz, 538.73 W, 100 %, 75315 MiB
2026/09/27 14:52:22.346, 6, 45, 1980 MHz, 527.04 W, 100 %, 75315 MiB
2026/09/27 14:52:22.346, 7, 44, 1980 MHz, 520.59 W, 100 %, 74931 MiB
2026/09/27 14:52:24.346, 0, 43, 1980 MHz, 519.83 W, 100 %, 74933 MiB
2026/09/27 14:52:24.346, 1, 47, 1980 MHz, 521.66 W, 100 %, 75315 MiB
2026/09/27 14:52:24.346, 2, 50, 1980 MHz, 530.17 W, 100 %, 75315 MiB
2026/09/27 14:52:24.346, 3, 43, 1980 MHz, 540.35 W, 100 %, 75315 MiB
2026/09/27 14:52:24.347, 4, 45, 1980 MHz, 524.96 W, 100 %, 75315 MiB
2026/09/27 14:52:24.347, 5, 49, 1980 MHz, 539.41 W, 100 %, 75315 MiB
2026/09/27 14:52:24.347, 6, 45, 1980 MHz, 524.02 W, 100 %, 75315 MiB
2026/09/27 14:52:24.347, 7, 44, 1980 MHz, 520.52 W, 100 %, 74931 MiB
2026/09/27 14:52:26.347, 0, 44, 1980 MHz, 517.99 W, 100 %, 74933 MiB
2026/09/27 14:52:26.347, 1, 48, 1980 MHz, 521.81 W, 100 %, 75315 MiB
2026/09/27 14:52:26.347, 2, 50, 1980 MHz, 529.67 W, 100 %, 75315 MiB
2026/09/27 14:52:26.347, 3, 43, 1980 MHz, 540.94 W, 100 %, 75315 MiB
2026/09/27 14:52:26.348, 4, 45, 1980 MHz, 524.60 W, 100 %, 75315 MiB
2026/09/27 14:52:26.348, 5, 50, 1980 MHz, 538.54 W, 100 %, 75315 MiB
2026/09/27 14:52:26.348, 6, 45, 1980 MHz, 522.89 W, 100 %, 75315 MiB
2026/09/27 14:52:26.348, 7, 44, 1980 MHz, 521.21 W, 100 %, 74931 MiB
2026/09/27 14:52:28.348, 0, 44, 1980 MHz, 519.39 W, 100 %, 74933 MiB
2026/09/27 14:52:28.348, 1, 48, 1980 MHz, 520.87 W, 100 %, 75315 MiB
2026/09/27 14:52:28.348, 2, 50, 1980 MHz, 530.77 W, 100 %, 75315 MiB
2026/09/27 14:52:28.348, 3, 43, 1980 MHz, 541.22 W, 100 %, 75315 MiB
2026/09/27 14:52:28.349, 4, 45, 1980 MHz, 524.81 W, 100 %, 75315 MiB
2026/09/27 14:52:28.349, 5, 50, 1980 MHz, 537.84 W, 100 %, 75315 MiB
2026/09/27 14:52:28.349, 6, 45, 1980 MHz, 525.95 W, 100 %, 75315 MiB
2026/09/27 14:52:28.349, 7, 44, 1980 MHz, 520.09 W, 100 %, 74931 MiB
2026/09/27 14:52:30.349, 0, 43, 1980 MHz, 520.23 W, 100 %, 74933 MiB
2026/09/27 14:52:30.349, 1, 48, 1980 MHz, 520.56 W, 100 %, 75315 MiB
2026/09/27 14:52:30.349, 2, 50, 1980 MHz, 530.91 W, 100 %, 75315 MiB
2026/09/27 14:52:30.349, 3, 43, 1980 MHz, 540.82 W, 100 %, 75315 MiB
2026/09/27 14:52:30.350, 4, 45, 1980 MHz, 527.00 W, 100 %, 75315 MiB
2026/09/27 14:52:30.350, 5, 50, 1980 MHz, 537.87 W, 100 %, 75315 MiB
2026/09/27 14:52:30.350, 6, 46, 1980 MHz, 526.07 W, 100 %, 75315 MiB
2026/09/27 14:52:30.350, 7, 44, 1980 MHz, 518.95 W, 100 %, 74931 MiB
2026/09/27 14:52:32.350, 0, 43, 1980 MHz, 519.34 W, 100 %, 74933 MiB
2026/09/27 14:52:32.350, 1, 48, 1980 MHz, 521.11 W, 100 %, 75315 MiB
2026/09/27 14:52:32.350, 2, 50, 1980 MHz, 530.63 W, 100 %, 75315 MiB
2026/09/27 14:52:32.350, 3, 43, 1980 MHz, 540.90 W, 100 %, 75315 MiB
2026/09/27 14:52:32.351, 4, 45, 1980 MHz, 526.17 W, 100 %, 75315 MiB
2026/09/27 14:52:32.351, 5, 50, 1980 MHz, 539.40 W, 100 %, 75315 MiB
2026/09/27 14:52:32.351, 6, 46, 1980 MHz, 525.56 W, 100 %, 75315 MiB
2026/09/27 14:52:32.351, 7, 44, 1980 MHz, 520.61 W, 100 %, 74931 MiB
2026/09/27 14:52:34.351, 0, 44, 1980 MHz, 518.62 W, 100 %, 74933 MiB
2026/09/27 14:52:34.351, 1, 48, 1980 MHz, 521.96 W, 100 %, 75315 MiB
2026/09/27 14:52:34.351, 2, 50, 1980 MHz, 529.73 W, 100 %, 75315 MiB
2026/09/27 14:52:34.352, 3, 43, 1980 MHz, 542.52 W, 100 %, 75315 MiB
2026/09/27 14:52:34.352, 4, 45, 1980 MHz, 525.18 W, 100 %, 75315 MiB
2026/09/27 14:52:34.352, 5, 50, 1980 MHz, 539.55 W, 100 %, 75315 MiB
2026/09/27 14:52:34.352, 6, 46, 1980 MHz, 525.74 W, 100 %, 75315 MiB
2026/09/27 14:52:34.352, 7, 45, 1980 MHz, 521.65 W, 100 %, 74931 MiB
2026/09/27 14:52:36.352, 0, 44, 1980 MHz, 519.67 W, 100 %, 74933 MiB
2026/09/27 14:52:36.352, 1, 48, 1980 MHz, 520.55 W, 100 %, 75315 MiB
2026/09/27 14:52:36.353, 2, 51, 1980 MHz, 530.77 W, 100 %, 75315 MiB
2026/09/27 14:52:36.353, 3, 43, 1980 MHz, 543.75 W, 100 %, 75315 MiB
2026/09/27 14:52:36.353, 4, 45, 1980 MHz, 527.40 W, 100 %, 75315 MiB
2026/09/27 14:52:36.353, 5, 50, 1980 MHz, 538.73 W, 100 %, 75315 MiB
2026/09/27 14:52:36.353, 6, 46, 1980 MHz, 525.84 W, 100 %, 75315 MiB
2026/09/27 14:52:36.353, 7, 45, 1980 MHz, 519.57 W, 100 %, 74931 MiB
2026/09/27 14:52:38.353, 0, 43, 1980 MHz, 520.19 W, 100 %, 74933 MiB
2026/09/27 14:52:38.353, 1, 48, 1980 MHz, 520.97 W, 100 %, 75315 MiB
2026/09/27 14:52:38.354, 2, 50, 1980 MHz, 530.65 W, 100 %, 75315 MiB
2026/09/27 14:52:38.354, 3, 43, 1980 MHz, 542.47 W, 100 %, 75315 MiB
2026/09/27 14:52:38.354, 4, 45, 1980 MHz, 528.06 W, 100 %, 75315 MiB
2026/09/27 14:52:38.354, 5, 50, 1980 MHz, 538.73 W, 100 %, 75315 MiB
2026/09/27 14:52:38.354, 6, 46, 1980 MHz, 526.00 W, 100 %, 75315 MiB
2026/09/27 14:52:38.354, 7, 44, 1980 MHz, 520.40 W, 100 %, 74931 MiB
2026/09/27 14:52:40.354, 0, 44, 1980 MHz, 520.55 W, 100 %, 74933 MiB
2026/09/27 14:52:40.355, 1, 48, 1980 MHz, 523.54 W, 100 %, 75315 MiB
2026/09/27 14:52:40.355, 2, 50, 1980 MHz, 531.58 W, 100 %, 75315 MiB
2026/09/27 14:52:40.355, 3, 43, 1980 MHz, 541.68 W, 100 %, 75315 MiB
2026/09/27 14:52:40.355, 4, 45, 1980 MHz, 528.17 W, 100 %, 75315 MiB
2026/09/27 14:52:40.355, 5, 50, 1980 MHz, 539.44 W, 100 %, 75315 MiB
2026/09/27 14:52:40.355, 6, 46, 1980 MHz, 525.37 W, 100 %, 75315 MiB
2026/09/27 14:52:40.355, 7, 44, 1980 MHz, 519.44 W, 100 %, 74931 MiB
2026/09/27 14:52:42.355, 0, 44, 1980 MHz, 519.74 W, 100 %, 74933 MiB
2026/09/27 14:52:42.356, 1, 48, 1980 MHz, 525.20 W, 100 %, 75315 MiB
2026/09/27 14:52:42.356, 2, 51, 1980 MHz, 531.67 W, 100 %, 75315 MiB
2026/09/27 14:52:42.356, 3, 43, 1980 MHz, 543.64 W, 100 %, 75315 MiB
2026/09/27 14:52:42.356, 4, 45, 1980 MHz, 527.22 W, 100 %, 75315 MiB
2026/09/27 14:52:42.356, 5, 50, 1980 MHz, 540.61 W, 100 %, 75315 MiB
2026/09/27 14:52:42.356, 6, 46, 1980 MHz, 524.32 W, 100 %, 75315 MiB
2026/09/27 14:52:42.356, 7, 45, 1980 MHz, 520.74 W, 100 %, 74931 MiB
2026/09/27 14:52:44.356, 0, 44, 1980 MHz, 518.71 W, 100 %, 74933 MiB
2026/09/27 14:52:44.357, 1, 48, 1980 MHz, 524.59 W, 100 %, 75315 MiB
2026/09/27 14:52:44.357, 2, 51, 1980 MHz, 530.25 W, 100 %, 75315 MiB
2026/09/27 14:52:44.357, 3, 43, 1980 MHz, 544.40 W, 100 %, 75315 MiB
2026/09/27 14:52:44.357, 4, 45, 1980 MHz, 527.30 W, 100 %, 75315 MiB
2026/09/27 14:52:44.357, 5, 50, 1980 MHz, 539.89 W, 100 %, 75315 MiB
2026/09/27 14:52:44.357, 6, 46, 1980 MHz, 524.39 W, 100 %, 75315 MiB
2026/09/27 14:52:44.357, 7, 45, 1980 MHz, 522.20 W, 100 %, 74931 MiB
2026/09/27 14:52:46.357, 0, 44, 1980 MHz, 520.37 W, 100 %, 74933 MiB
2026/09/27 14:52:46.358, 1, 48, 1980 MHz, 523.30 W, 100 %, 75315 MiB
2026/09/27 14:52:46.358, 2, 51, 1980 MHz, 532.24 W, 100 %, 75315 MiB
2026/09/27 14:52:46.358, 3, 43, 1980 MHz, 543.60 W, 100 %, 75315 MiB
2026/09/27 14:52:46.358, 4, 45, 1980 MHz, 527.73 W, 100 %, 75315 MiB
2026/09/27 14:52:46.358, 5, 50, 1980 MHz, 537.97 W, 100 %, 75315 MiB
2026/09/27 14:52:46.358, 6, 46, 1980 MHz, 525.68 W, 100 %, 75315 MiB
2026/09/27 14:52:46.358, 7, 44, 1980 MHz, 519.99 W, 100 %, 74931 MiB
2026/09/27 14:52:48.358, 0, 44, 1980 MHz, 520.56 W, 100 %, 74933 MiB
2026/09/27 14:52:48.359, 1, 48, 1980 MHz, 523.72 W, 100 %, 75315 MiB
2026/09/27 14:52:48.359, 2, 51, 1980 MHz, 531.69 W, 100 %, 75315 MiB
2026/09/27 14:52:48.359, 3, 43, 1980 MHz, 542.64 W, 100 %, 75315 MiB
2026/09/27 14:52:48.359, 4, 45, 1980 MHz, 528.68 W, 100 %, 75315 MiB
2026/09/27 14:52:48.359, 5, 50, 1980 MHz, 539.13 W, 100 %, 75315 MiB
2026/09/27 14:52:48.359, 6, 46, 1980 MHz, 524.10 W, 100 %, 75315 MiB
2026/09/27 14:52:48.359, 7, 44, 1980 MHz, 520.18 W, 100 %, 74931 MiB
2026/09/27 14:52:50.359, 0, 44, 1980 MHz, 518.66 W, 100 %, 74933 MiB
2026/09/27 14:52:50.360, 1, 48, 1980 MHz, 524.90 W, 100 %, 75315 MiB
2026/09/27 14:52:50.360, 2, 51, 1980 MHz, 530.60 W, 100 %, 75315 MiB
2026/09/27 14:52:50.360, 3, 43, 1980 MHz, 544.47 W, 100 %, 75315 MiB
2026/09/27 14:52:50.360, 4, 45, 1980 MHz, 527.90 W, 100 %, 75315 MiB
2026/09/27 14:52:50.360, 5, 50, 1980 MHz, 539.90 W, 100 %, 75315 MiB
2026/09/27 14:52:50.360, 6, 46, 1980 MHz, 524.90 W, 100 %, 75315 MiB
2026/09/27 14:52:50.360, 7, 45, 1980 MHz, 520.06 W, 100 %, 74931 MiB
2026/09/27 14:52:52.361, 0, 44, 1980 MHz, 519.68 W, 100 %, 74933 MiB
2026/09/27 14:52:52.361, 1, 48, 1980 MHz, 525.49 W, 100 %, 75315 MiB
2026/09/27 14:52:52.361, 2, 51, 1980 MHz, 530.10 W, 100 %, 75315 MiB
2026/09/27 14:52:52.361, 3, 43, 1980 MHz, 545.27 W, 100 %, 75315 MiB
2026/09/27 14:52:52.361, 4, 45, 1980 MHz, 528.51 W, 100 %, 75315 MiB
2026/09/27 14:52:52.361, 5, 50, 1980 MHz, 539.29 W, 100 %, 75315 MiB
2026/09/27 14:52:52.361, 6, 46, 1980 MHz, 523.39 W, 100 %, 75315 MiB
2026/09/27 14:52:52.361, 7, 45, 1980 MHz, 521.93 W, 100 %, 74931 MiB
2026/09/27 14:52:54.362, 0, 44, 1980 MHz, 520.66 W, 100 %, 74933 MiB
2026/09/27 14:52:54.362, 1, 48, 1980 MHz, 524.87 W, 100 %, 75315 MiB
2026/09/27 14:52:54.362, 2, 51, 1980 MHz, 530.14 W, 100 %, 75315 MiB
2026/09/27 14:52:54.362, 3, 43, 1980 MHz, 546.20 W, 100 %, 75315 MiB
2026/09/27 14:52:54.362, 4, 45, 1980 MHz, 528.59 W, 100 %, 75315 MiB
2026/09/27 14:52:54.362, 5, 50, 1980 MHz, 537.95 W, 100 %, 75315 MiB
2026/09/27 14:52:54.362, 6, 46, 1980 MHz, 525.64 W, 100 %, 75315 MiB
2026/09/27 14:52:54.362, 7, 45, 1980 MHz, 520.02 W, 100 %, 74931 MiB
2026/09/27 14:52:56.363, 0, 44, 1980 MHz, 520.06 W, 100 %, 74933 MiB
2026/09/27 14:52:56.363, 1, 48, 1980 MHz, 523.24 W, 100 %, 75315 MiB
2026/09/27 14:52:56.363, 2, 51, 1980 MHz, 532.66 W, 100 %, 75315 MiB
2026/09/27 14:52:56.363, 3, 43, 1980 MHz, 545.69 W, 100 %, 75315 MiB
2026/09/27 14:52:56.363, 4, 45, 1980 MHz, 530.62 W, 100 %, 75315 MiB
2026/09/27 14:52:56.363, 5, 50, 1980 MHz, 540.44 W, 100 %, 75315 MiB
2026/09/27 14:52:56.363, 6, 46, 1980 MHz, 526.27 W, 100 %, 75315 MiB
2026/09/27 14:52:56.363, 7, 45, 1980 MHz, 520.29 W, 100 %, 74931 MiB
2026/09/27 14:52:58.364, 0, 44, 1980 MHz, 519.57 W, 100 %, 74933 MiB
2026/09/27 14:52:58.364, 1, 48, 1980 MHz, 524.44 W, 100 %, 75315 MiB
2026/09/27 14:52:58.364, 2, 51, 1980 MHz, 532.45 W, 100 %, 75315 MiB
2026/09/27 14:52:58.364, 3, 43, 1980 MHz, 545.03 W, 100 %, 75315 MiB
2026/09/27 14:52:58.364, 4, 45, 1980 MHz, 530.80 W, 100 %, 75315 MiB
2026/09/27 14:52:58.364, 5, 50, 1980 MHz, 540.07 W, 100 %, 75315 MiB
2026/09/27 14:52:58.364, 6, 46, 1980 MHz, 524.30 W, 100 %, 75315 MiB
2026/09/27 14:52:58.364, 7, 45, 1980 MHz, 521.12 W, 100 %, 74931 MiB
2026/09/27 14:53:00.365, 0, 44, 1980 MHz, 519.20 W, 100 %, 74933 MiB
2026/09/27 14:53:00.365, 1, 48, 1980 MHz, 525.10 W, 100 %, 75315 MiB
2026/09/27 14:53:00.365, 2, 51, 1980 MHz, 531.28 W, 100 %, 75315 MiB
2026/09/27 14:53:00.365, 3, 43, 1980 MHz, 546.03 W, 100 %, 75315 MiB
2026/09/27 14:53:00.365, 4, 45, 1980 MHz, 530.08 W, 100 %, 75315 MiB
2026/09/27 14:53:00.365, 5, 51, 1980 MHz, 539.42 W, 100 %, 75315 MiB
2026/09/27 14:53:00.365, 6, 46, 1980 MHz, 524.92 W, 100 %, 75315 MiB
2026/09/27 14:53:00.365, 7, 45, 1980 MHz, 521.18 W, 100 %, 74931 MiB
2026/09/27 14:53:02.366, 0, 44, 1980 MHz, 519.94 W, 100 %, 74933 MiB
2026/09/27 14:53:02.366, 1, 48, 1980 MHz, 524.17 W, 100 %, 75315 MiB
2026/09/27 14:53:02.366, 2, 51, 1980 MHz, 530.43 W, 100 %, 75315 MiB
2026/09/27 14:53:02.366, 3, 43, 1980 MHz, 547.07 W, 100 %, 75315 MiB
2026/09/27 14:53:02.366, 4, 45, 1980 MHz, 530.22 W, 100 %, 75315 MiB
2026/09/27 14:53:02.366, 5, 51, 1980 MHz, 539.65 W, 100 %, 75315 MiB
2026/09/27 14:53:02.366, 6, 46, 1980 MHz, 525.69 W, 100 %, 75315 MiB
2026/09/27 14:53:02.366, 7, 44, 1980 MHz, 522.29 W, 100 %, 74931 MiB
2026/09/27 14:53:04.367, 0, 44, 1980 MHz, 520.73 W, 100 %, 74933 MiB
2026/09/27 14:53:04.367, 1, 48, 1980 MHz, 524.19 W, 100 %, 75315 MiB
2026/09/27 14:53:04.367, 2, 51, 1980 MHz, 531.79 W, 100 %, 75315 MiB
2026/09/27 14:53:04.367, 3, 44, 1980 MHz, 547.11 W, 100 %, 75315 MiB
2026/09/27 14:53:04.367, 4, 45, 1980 MHz, 532.28 W, 100 %, 75315 MiB
2026/09/27 14:53:04.367, 5, 50, 1980 MHz, 538.25 W, 100 %, 75315 MiB
2026/09/27 14:53:04.367, 6, 46, 1980 MHz, 526.66 W, 100 %, 75315 MiB
2026/09/27 14:53:04.367, 7, 45, 1980 MHz, 519.73 W, 100 %, 74931 MiB
2026/09/27 14:53:06.368, 0, 44, 1980 MHz, 520.22 W, 100 %, 74933 MiB
2026/09/27 14:53:06.368, 1, 48, 1980 MHz, 523.98 W, 100 %, 75315 MiB
2026/09/27 14:53:06.368, 2, 51, 1980 MHz, 532.13 W, 100 %, 75315 MiB
2026/09/27 14:53:06.368, 3, 43, 1980 MHz, 547.40 W, 100 %, 75315 MiB
2026/09/27 14:53:06.368, 4, 45, 1980 MHz, 533.14 W, 100 %, 75315 MiB
2026/09/27 14:53:06.368, 5, 50, 1980 MHz, 540.30 W, 100 %, 75315 MiB
2026/09/27 14:53:06.368, 6, 46, 1980 MHz, 526.64 W, 100 %, 75315 MiB
2026/09/27 14:53:06.368, 7, 45, 1980 MHz, 520.22 W, 100 %, 74931 MiB
2026/09/27 14:53:08.369, 0, 44, 1980 MHz, 519.22 W, 100 %, 74933 MiB
2026/09/27 14:53:08.369, 1, 49, 1980 MHz, 525.68 W, 100 %, 75315 MiB
2026/09/27 14:53:08.369, 2, 51, 1980 MHz, 532.37 W, 100 %, 75315 MiB
2026/09/27 14:53:08.369, 3, 43, 1980 MHz, 548.65 W, 100 %, 75315 MiB
2026/09/27 14:53:08.369, 4, 45, 1980 MHz, 531.24 W, 100 %, 75315 MiB
2026/09/27 14:53:08.369, 5, 51, 1980 MHz, 540.54 W, 100 %, 75315 MiB
2026/09/27 14:53:08.369, 6, 46, 1980 MHz, 526.28 W, 100 %, 75315 MiB
2026/09/27 14:53:08.369, 7, 45, 1980 MHz, 522.45 W, 100 %, 74931 MiB
2026/09/27 14:53:10.370, 0, 44, 1980 MHz, 519.43 W, 100 %, 74933 MiB
2026/09/27 14:53:10.370, 1, 48, 1980 MHz, 525.41 W, 100 %, 75315 MiB
2026/09/27 14:53:10.370, 2, 51, 1980 MHz, 530.00 W, 100 %, 75315 MiB
2026/09/27 14:53:10.370, 3, 44, 1980 MHz, 549.80 W, 100 %, 75315 MiB
2026/09/27 14:53:10.370, 4, 45, 1980 MHz, 532.58 W, 100 %, 75315 MiB
2026/09/27 14:53:10.370, 5, 51, 1980 MHz, 539.73 W, 100 %, 75315 MiB
2026/09/27 14:53:10.370, 6, 46, 1980 MHz, 525.34 W, 100 %, 75315 MiB
2026/09/27 14:53:10.370, 7, 45, 1980 MHz, 522.10 W, 100 %, 74931 MiB
2026/09/27 14:53:12.371, 0, 44, 1980 MHz, 520.55 W, 100 %, 74933 MiB
2026/09/27 14:53:12.371, 1, 48, 1980 MHz, 524.95 W, 100 %, 75315 MiB
2026/09/27 14:53:12.371, 2, 51, 1980 MHz, 531.69 W, 100 %, 75315 MiB
2026/09/27 14:53:12.371, 3, 44, 1980 MHz, 549.97 W, 100 %, 75315 MiB
2026/09/27 14:53:12.371, 4, 45, 1980 MHz, 533.33 W, 100 %, 75315 MiB
2026/09/27 14:53:12.371, 5, 50, 1980 MHz, 538.90 W, 100 %, 75315 MiB
2026/09/27 14:53:12.371, 6, 46, 1980 MHz, 525.81 W, 100 %, 75315 MiB
2026/09/27 14:53:12.371, 7, 45, 1980 MHz, 521.34 W, 100 %, 74931 MiB
2026/09/27 14:53:14.372, 0, 44, 1980 MHz, 520.73 W, 100 %, 74933 MiB
2026/09/27 14:53:14.372, 1, 48, 1980 MHz, 524.33 W, 100 %, 75315 MiB
2026/09/27 14:53:14.372, 2, 51, 1980 MHz, 532.98 W, 100 %, 75315 MiB
2026/09/27 14:53:14.372, 3, 44, 1980 MHz, 550.76 W, 100 %, 75315 MiB
2026/09/27 14:53:14.372, 4, 45, 1980 MHz, 534.84 W, 100 %, 75315 MiB
2026/09/27 14:53:14.372, 5, 51, 1980 MHz, 539.74 W, 100 %, 75315 MiB
2026/09/27 14:53:14.372, 6, 46, 1980 MHz, 526.29 W, 100 %, 75315 MiB
2026/09/27 14:53:14.372, 7, 45, 1980 MHz, 519.62 W, 100 %, 74931 MiB
2026/09/27 14:53:16.373, 0, 44, 1980 MHz, 519.48 W, 100 %, 75189 MiB
2026/09/27 14:53:16.373, 1, 48, 1980 MHz, 525.32 W, 100 %, 75571 MiB
2026/09/27 14:53:16.373, 2, 51, 1980 MHz, 530.66 W, 100 %, 75571 MiB
2026/09/27 14:53:16.373, 3, 44, 1980 MHz, 551.19 W, 100 %, 75571 MiB
2026/09/27 14:53:16.373, 4, 46, 1980 MHz, 533.72 W, 100 %, 75571 MiB
2026/09/27 14:53:16.373, 5, 51, 1980 MHz, 540.86 W, 100 %, 75571 MiB
2026/09/27 14:53:16.373, 6, 46, 1980 MHz, 525.73 W, 100 %, 75571 MiB
2026/09/27 14:53:16.373, 7, 45, 1980 MHz, 522.09 W, 100 %, 75187 MiB
2026/09/27 14:53:18.374, 0, 44, 1980 MHz, 520.34 W, 100 %, 75189 MiB
2026/09/27 14:53:18.374, 1, 48, 1980 MHz, 524.74 W, 100 %, 75571 MiB
2026/09/27 14:53:18.374, 2, 51, 1980 MHz, 531.15 W, 100 %, 75571 MiB
2026/09/27 14:53:18.374, 3, 44, 1980 MHz, 552.37 W, 100 %, 75571 MiB
2026/09/27 14:53:18.374, 4, 45, 1980 MHz, 535.74 W, 100 %, 75571 MiB
2026/09/27 14:53:18.374, 5, 50, 1980 MHz, 539.64 W, 100 %, 75571 MiB
2026/09/27 14:53:18.374, 6, 46, 1980 MHz, 525.52 W, 100 %, 75571 MiB
2026/09/27 14:53:18.374, 7, 45, 1980 MHz, 521.77 W, 100 %, 75187 MiB
2026/09/27 14:53:20.375, 0, 44, 1980 MHz, 520.74 W, 100 %, 75189 MiB
2026/09/27 14:53:20.375, 1, 48, 1980 MHz, 523.80 W, 100 %, 75571 MiB
2026/09/27 14:53:20.375, 2, 51, 1980 MHz, 531.89 W, 100 %, 75571 MiB
2026/09/27 14:53:20.375, 3, 44, 1980 MHz, 552.04 W, 100 %, 75571 MiB
2026/09/27 14:53:20.375, 4, 45, 1980 MHz, 536.69 W, 100 %, 75571 MiB
2026/09/27 14:53:20.375, 5, 51, 1980 MHz, 539.27 W, 100 %, 75571 MiB
2026/09/27 14:53:20.375, 6, 46, 1980 MHz, 526.45 W, 100 %, 75571 MiB
2026/09/27 14:53:20.375, 7, 45, 1980 MHz, 520.26 W, 100 %, 75187 MiB
2026/09/27 14:53:22.376, 0, 44, 1980 MHz, 519.90 W, 100 %, 75189 MiB
2026/09/27 14:53:22.376, 1, 49, 1980 MHz, 524.38 W, 100 %, 75571 MiB
2026/09/27 14:53:22.376, 2, 51, 1980 MHz, 532.55 W, 100 %, 75571 MiB
2026/09/27 14:53:22.376, 3, 43, 1980 MHz, 551.84 W, 100 %, 75571 MiB
2026/09/27 14:53:22.376, 4, 45, 1980 MHz, 536.19 W, 100 %, 75571 MiB
2026/09/27 14:53:22.376, 5, 51, 1980 MHz, 540.26 W, 100 %, 75571 MiB
2026/09/27 14:53:22.376, 6, 46, 1980 MHz, 524.98 W, 100 %, 75571 MiB
2026/09/27 14:53:22.376, 7, 45, 1980 MHz, 521.34 W, 100 %, 75187 MiB
2026/09/27 14:53:24.377, 0, 44, 1980 MHz, 519.08 W, 100 %, 75189 MiB
2026/09/27 14:53:24.377, 1, 48, 1980 MHz, 525.57 W, 100 %, 75571 MiB
2026/09/27 14:53:24.377, 2, 51, 1980 MHz, 530.38 W, 100 %, 75571 MiB
2026/09/27 14:53:24.377, 3, 44, 1980 MHz, 553.05 W, 100 %, 75571 MiB
2026/09/27 14:53:24.377, 4, 46, 1980 MHz, 536.20 W, 100 %, 75571 MiB
2026/09/27 14:53:24.377, 5, 51, 1980 MHz, 541.18 W, 100 %, 75571 MiB
2026/09/27 14:53:24.377, 6, 46, 1980 MHz, 525.17 W, 100 %, 75571 MiB
2026/09/27 14:53:24.377, 7, 44, 1980 MHz, 521.65 W, 100 %, 75187 MiB
2026/09/27 14:53:26.378, 0, 44, 1980 MHz, 520.23 W, 100 %, 75189 MiB
2026/09/27 14:53:26.378, 1, 48, 1980 MHz, 524.32 W, 100 %, 75571 MiB
2026/09/27 14:53:26.378, 2, 51, 1980 MHz, 530.88 W, 100 %, 75571 MiB
2026/09/27 14:53:26.378, 3, 44, 1980 MHz, 553.26 W, 100 %, 75571 MiB
2026/09/27 14:53:26.378, 4, 46, 1980 MHz, 536.74 W, 100 %, 75571 MiB
2026/09/27 14:53:26.378, 5, 51, 1980 MHz, 540.59 W, 100 %, 75571 MiB
2026/09/27 14:53:26.378, 6, 46, 1980 MHz, 526.13 W, 100 %, 75571 MiB
2026/09/27 14:53:26.378, 7, 45, 1980 MHz, 521.85 W, 100 %, 75187 MiB
2026/09/27 14:53:28.379, 0, 44, 1980 MHz, 520.61 W, 100 %, 75189 MiB
2026/09/27 14:53:28.379, 1, 48, 1980 MHz, 522.59 W, 100 %, 75571 MiB
2026/09/27 14:53:28.379, 2, 51, 1980 MHz, 532.04 W, 100 %, 75571 MiB
2026/09/27 14:53:28.379, 3, 44, 1980 MHz, 554.25 W, 100 %, 75571 MiB
2026/09/27 14:53:28.379, 4, 45, 1980 MHz, 538.39 W, 100 %, 75571 MiB
2026/09/27 14:53:28.379, 5, 51, 1980 MHz, 538.58 W, 100 %, 75571 MiB
2026/09/27 14:53:28.379, 6, 46, 1980 MHz, 527.87 W, 100 %, 75571 MiB
2026/09/27 14:53:28.379, 7, 45, 1980 MHz, 520.16 W, 100 %, 75187 MiB
2026/09/27 14:53:30.380, 0, 44, 1980 MHz, 520.63 W, 100 %, 75189 MiB
2026/09/27 14:53:30.380, 1, 48, 1980 MHz, 522.70 W, 100 %, 75571 MiB
2026/09/27 14:53:30.380, 2, 51, 1980 MHz, 531.85 W, 100 %, 75571 MiB
2026/09/27 14:53:30.380, 3, 44, 1980 MHz, 552.07 W, 100 %, 75571 MiB
2026/09/27 14:53:30.380, 4, 46, 1980 MHz, 538.54 W, 100 %, 75571 MiB
2026/09/27 14:53:30.380, 5, 51, 1980 MHz, 540.59 W, 100 %, 75571 MiB
2026/09/27 14:53:30.380, 6, 46, 1980 MHz, 526.04 W, 100 %, 75571 MiB
2026/09/27 14:53:30.380, 7, 45, 1980 MHz, 518.89 W, 100 %, 75187 MiB
2026/09/27 14:53:32.381, 0, 44, 1980 MHz, 518.82 W, 100 %, 75189 MiB
2026/09/27 14:53:32.381, 1, 48, 1980 MHz, 524.09 W, 100 %, 75571 MiB
2026/09/27 14:53:32.381, 2, 51, 1980 MHz, 531.78 W, 100 %, 75571 MiB
2026/09/27 14:53:32.381, 3, 44, 1980 MHz, 554.20 W, 100 %, 75571 MiB
2026/09/27 14:53:32.381, 4, 46, 1980 MHz, 539.15 W, 100 %, 75571 MiB
2026/09/27 14:53:32.381, 5, 51, 1980 MHz, 540.62 W, 100 %, 75571 MiB
2026/09/27 14:53:32.381, 6, 46, 1980 MHz, 524.88 W, 100 %, 75571 MiB
2026/09/27 14:53:32.381, 7, 45, 1980 MHz, 520.67 W, 100 %, 75187 MiB
2026/09/27 14:53:34.382, 0, 44, 1980 MHz, 519.95 W, 100 %, 75189 MiB
2026/09/27 14:53:34.382, 1, 48, 1980 MHz, 524.26 W, 100 %, 75571 MiB
2026/09/27 14:53:34.382, 2, 51, 1980 MHz, 531.42 W, 100 %, 75571 MiB
2026/09/27 14:53:34.382, 3, 44, 1980 MHz, 557.04 W, 100 %, 75571 MiB
2026/09/27 14:53:34.382, 4, 46, 1980 MHz, 539.79 W, 100 %, 75571 MiB
2026/09/27 14:53:34.382, 5, 51, 1980 MHz, 539.94 W, 100 %, 75571 MiB
2026/09/27 14:53:34.382, 6, 46, 1980 MHz, 524.93 W, 100 %, 75571 MiB
2026/09/27 14:53:34.382, 7, 45, 1980 MHz, 522.78 W, 100 %, 75187 MiB
2026/09/27 14:53:36.383, 0, 44, 1980 MHz, 520.30 W, 100 %, 75189 MiB
2026/09/27 14:53:36.383, 1, 48, 1980 MHz, 523.10 W, 100 %, 75571 MiB
2026/09/27 14:53:36.383, 2, 51, 1980 MHz, 531.27 W, 100 %, 75571 MiB
2026/09/27 14:53:36.383, 3, 44, 1980 MHz, 556.63 W, 100 %, 75571 MiB
2026/09/27 14:53:36.383, 4, 46, 1980 MHz, 541.02 W, 100 %, 75571 MiB
2026/09/27 14:53:36.383, 5, 51, 1980 MHz, 538.19 W, 100 %, 75571 MiB
2026/09/27 14:53:36.383, 6, 46, 1980 MHz, 524.83 W, 100 %, 75571 MiB
2026/09/27 14:53:36.383, 7, 45, 1980 MHz, 522.23 W, 100 %, 75187 MiB
2026/09/27 14:53:38.384, 0, 44, 1980 MHz, 519.33 W, 100 %, 75189 MiB
2026/09/27 14:53:38.384, 1, 48, 1980 MHz, 523.11 W, 100 %, 75571 MiB
2026/09/27 14:53:38.384, 2, 51, 1980 MHz, 531.47 W, 100 %, 75571 MiB
2026/09/27 14:53:38.384, 3, 44, 1980 MHz, 556.56 W, 100 %, 75571 MiB
2026/09/27 14:53:38.384, 4, 46, 1980 MHz, 542.34 W, 100 %, 75571 MiB
2026/09/27 14:53:38.384, 5, 51, 1980 MHz, 540.12 W, 100 %, 75571 MiB
2026/09/27 14:53:38.384, 6, 46, 1980 MHz, 526.37 W, 100 %, 75571 MiB
2026/09/27 14:53:38.384, 7, 45, 1980 MHz, 520.80 W, 100 %, 75187 MiB
2026/09/27 14:53:40.385, 0, 44, 1980 MHz, 518.61 W, 100 %, 75189 MiB
2026/09/27 14:53:40.385, 1, 48, 1980 MHz, 524.53 W, 100 %, 75571 MiB
2026/09/27 14:53:40.385, 2, 51, 1980 MHz, 532.20 W, 100 %, 75571 MiB
2026/09/27 14:53:40.385, 3, 44, 1980 MHz, 557.39 W, 100 %, 75571 MiB
2026/09/27 14:53:40.385, 4, 46, 1980 MHz, 541.62 W, 100 %, 75571 MiB
2026/09/27 14:53:40.385, 5, 51, 1980 MHz, 541.08 W, 100 %, 75571 MiB
2026/09/27 14:53:40.385, 6, 46, 1980 MHz, 526.29 W, 100 %, 75571 MiB
2026/09/27 14:53:40.385, 7, 45, 1980 MHz, 520.70 W, 100 %, 75187 MiB
2026/09/27 14:53:42.386, 0, 44, 1980 MHz, 520.24 W, 100 %, 75189 MiB
2026/09/27 14:53:42.386, 1, 48, 1980 MHz, 524.24 W, 100 %, 75571 MiB
2026/09/27 14:53:42.386, 2, 51, 1980 MHz, 531.33 W, 100 %, 75571 MiB
2026/09/27 14:53:42.386, 3, 44, 1980 MHz, 558.75 W, 100 %, 75571 MiB
2026/09/27 14:53:42.386, 4, 46, 1980 MHz, 542.03 W, 100 %, 75571 MiB
2026/09/27 14:53:42.386, 5, 51, 1980 MHz, 540.20 W, 100 %, 75571 MiB
2026/09/27 14:53:42.386, 6, 46, 1980 MHz, 525.44 W, 100 %, 75571 MiB
2026/09/27 14:53:42.386, 7, 45, 1980 MHz, 522.13 W, 100 %, 75187 MiB
2026/09/27 14:53:44.387, 0, 44, 1980 MHz, 520.07 W, 100 %, 75189 MiB
2026/09/27 14:53:44.387, 1, 49, 1980 MHz, 522.84 W, 100 %, 75571 MiB
2026/09/27 14:53:44.387, 2, 51, 1980 MHz, 531.43 W, 100 %, 75571 MiB
2026/09/27 14:53:44.387, 3, 44, 1980 MHz, 560.59 W, 100 %, 75571 MiB
2026/09/27 14:53:44.387, 4, 46, 1980 MHz, 542.59 W, 100 %, 75571 MiB
2026/09/27 14:53:44.387, 5, 51, 1980 MHz, 539.96 W, 100 %, 75571 MiB
2026/09/27 14:53:44.387, 6, 46, 1980 MHz, 525.26 W, 100 %, 75571 MiB
2026/09/27 14:53:44.388, 7, 45, 1980 MHz, 521.95 W, 100 %, 75187 MiB
2026/09/27 14:53:46.388, 0, 44, 1980 MHz, 520.40 W, 100 %, 75189 MiB
2026/09/27 14:53:46.388, 1, 48, 1980 MHz, 522.36 W, 100 %, 75571 MiB
2026/09/27 14:53:46.388, 2, 51, 1980 MHz, 532.67 W, 100 %, 75571 MiB
2026/09/27 14:53:46.388, 3, 44, 1980 MHz, 559.72 W, 100 %, 75571 MiB
2026/09/27 14:53:46.388, 4, 46, 1980 MHz, 544.30 W, 100 %, 75571 MiB
2026/09/27 14:53:46.389, 5, 51, 1980 MHz, 539.95 W, 100 %, 75571 MiB
2026/09/27 14:53:46.389, 6, 46, 1980 MHz, 525.99 W, 100 %, 75571 MiB
2026/09/27 14:53:46.389, 7, 45, 1980 MHz, 521.20 W, 100 %, 75187 MiB
2026/09/27 14:53:48.389, 0, 44, 1980 MHz, 519.41 W, 100 %, 75189 MiB
2026/09/27 14:53:48.389, 1, 48, 1980 MHz, 522.27 W, 100 %, 75571 MiB
2026/09/27 14:53:48.389, 2, 51, 1980 MHz, 531.99 W, 100 %, 75571 MiB
2026/09/27 14:53:48.389, 3, 44, 1980 MHz, 558.85 W, 100 %, 75571 MiB
2026/09/27 14:53:48.389, 4, 46, 1980 MHz, 544.97 W, 100 %, 75571 MiB
2026/09/27 14:53:48.390, 5, 51, 1980 MHz, 539.53 W, 100 %, 75571 MiB
2026/09/27 14:53:48.390, 6, 46, 1980 MHz, 524.93 W, 100 %, 75571 MiB
2026/09/27 14:53:48.390, 7, 45, 1980 MHz, 520.60 W, 100 %, 75187 MiB
2026/09/27 14:53:50.390, 0, 44, 1980 MHz, 519.13 W, 100 %, 75189 MiB
2026/09/27 14:53:50.390, 1, 48, 1980 MHz, 523.99 W, 100 %, 75571 MiB
2026/09/27 14:53:50.390, 2, 51, 1980 MHz, 532.00 W, 100 %, 75571 MiB
2026/09/27 14:53:50.390, 3, 44, 1980 MHz, 561.56 W, 100 %, 75571 MiB
2026/09/27 14:53:50.390, 4, 46, 1980 MHz, 545.56 W, 100 %, 75571 MiB
2026/09/27 14:53:50.391, 5, 51, 1980 MHz, 541.20 W, 100 %, 75571 MiB
2026/09/27 14:53:50.391, 6, 46, 1980 MHz, 525.42 W, 100 %, 75571 MiB
2026/09/27 14:53:50.391, 7, 45, 1980 MHz, 520.94 W, 100 %, 75187 MiB
2026/09/27 14:53:52.391, 0, 44, 1980 MHz, 519.79 W, 100 %, 75189 MiB
2026/09/27 14:53:52.391, 1, 49, 1980 MHz, 522.92 W, 100 %, 75571 MiB
2026/09/27 14:53:52.391, 2, 51, 1980 MHz, 530.62 W, 100 %, 75571 MiB
2026/09/27 14:53:52.392, 3, 44, 1980 MHz, 561.94 W, 100 %, 75571 MiB
2026/09/27 14:53:52.392, 4, 46, 1980 MHz, 546.82 W, 100 %, 75571 MiB
2026/09/27 14:53:52.392, 5, 51, 1980 MHz, 539.99 W, 100 %, 75571 MiB
2026/09/27 14:53:52.392, 6, 46, 1980 MHz, 525.82 W, 100 %, 75571 MiB
2026/09/27 14:53:52.392, 7, 45, 1980 MHz, 522.06 W, 100 %, 75187 MiB
2026/09/27 14:53:54.392, 0, 44, 1980 MHz, 520.39 W, 100 %, 75189 MiB
2026/09/27 14:53:54.392, 1, 48, 1980 MHz, 522.88 W, 100 %, 75571 MiB
2026/09/27 14:53:54.392, 2, 51, 1980 MHz, 531.19 W, 100 %, 75571 MiB
2026/09/27 14:53:54.393, 3, 44, 1980 MHz, 563.16 W, 100 %, 75571 MiB
2026/09/27 14:53:54.393, 4, 46, 1980 MHz, 548.42 W, 100 %, 75571 MiB
2026/09/27 14:53:54.393, 5, 51, 1980 MHz, 539.56 W, 100 %, 75571 MiB
2026/09/27 14:53:54.393, 6, 46, 1980 MHz, 527.18 W, 100 %, 75571 MiB
2026/09/27 14:53:54.393, 7, 45, 1980 MHz, 521.64 W, 100 %, 75187 MiB
2026/09/27 14:53:56.393, 0, 44, 1980 MHz, 520.04 W, 100 %, 75189 MiB
2026/09/27 14:53:56.393, 1, 48, 1980 MHz, 522.82 W, 100 %, 75571 MiB
2026/09/27 14:53:56.393, 2, 51, 1980 MHz, 531.10 W, 100 %, 75571 MiB
2026/09/27 14:53:56.393, 3, 44, 1980 MHz, 563.28 W, 100 %, 75571 MiB
2026/09/27 14:53:56.394, 4, 46, 1980 MHz, 548.60 W, 100 %, 75571 MiB
2026/09/27 14:53:56.394, 5, 51, 1980 MHz, 540.68 W, 100 %, 75571 MiB
2026/09/27 14:53:56.394, 6, 46, 1980 MHz, 527.25 W, 100 %, 75571 MiB
2026/09/27 14:53:56.394, 7, 45, 1980 MHz, 520.24 W, 100 %, 75187 MiB
2026/09/27 14:53:58.394, 0, 44, 1980 MHz, 519.34 W, 100 %, 75189 MiB
2026/09/27 14:53:58.394, 1, 48, 1980 MHz, 523.72 W, 100 %, 75571 MiB
2026/09/27 14:53:58.394, 2, 51, 1980 MHz, 531.15 W, 100 %, 75571 MiB
2026/09/27 14:53:58.394, 3, 44, 1980 MHz, 564.53 W, 100 %, 75571 MiB
2026/09/27 14:53:58.395, 4, 46, 1980 MHz, 548.85 W, 100 %, 75571 MiB
2026/09/27 14:53:58.395, 5, 51, 1980 MHz, 540.20 W, 100 %, 75571 MiB
2026/09/27 14:53:58.395, 6, 46, 1980 MHz, 525.80 W, 100 %, 75571 MiB
2026/09/27 14:53:58.395, 7, 45, 1980 MHz, 521.26 W, 100 %, 75187 MiB
2026/09/27 14:54:00.395, 0, 44, 1980 MHz, 519.97 W, 100 %, 75189 MiB
2026/09/27 14:54:00.395, 1, 49, 1980 MHz, 524.07 W, 100 %, 75571 MiB
2026/09/27 14:54:00.395, 2, 52, 1980 MHz, 533.09 W, 100 %, 75571 MiB
2026/09/27 14:54:00.395, 3, 44, 1980 MHz, 564.95 W, 100 %, 75571 MiB
2026/09/27 14:54:00.396, 4, 46, 1980 MHz, 549.02 W, 100 %, 75571 MiB
2026/09/27 14:54:00.396, 5, 51, 1980 MHz, 541.01 W, 100 %, 75571 MiB
2026/09/27 14:54:00.396, 6, 46, 1980 MHz, 527.30 W, 100 %, 75571 MiB
2026/09/27 14:54:00.396, 7, 45, 1980 MHz, 522.07 W, 100 %, 75187 MiB
2026/09/27 14:54:02.396, 0, 44, 1980 MHz, 520.30 W, 100 %, 75189 MiB
2026/09/27 14:54:02.396, 1, 48, 1980 MHz, 522.79 W, 100 %, 75571 MiB
2026/09/27 14:54:02.396, 2, 51, 1980 MHz, 532.47 W, 100 %, 75571 MiB
2026/09/27 14:54:02.396, 3, 44, 1980 MHz, 566.07 W, 100 %, 75571 MiB
2026/09/27 14:54:02.397, 4, 46, 1980 MHz, 550.74 W, 100 %, 75571 MiB
2026/09/27 14:54:02.397, 5, 51, 1980 MHz, 540.05 W, 100 %, 75571 MiB
2026/09/27 14:54:02.397, 6, 46, 1980 MHz, 526.09 W, 100 %, 75571 MiB
2026/09/27 14:54:02.397, 7, 45, 1980 MHz, 521.98 W, 100 %, 75187 MiB
2026/09/27 14:54:04.397, 0, 44, 1980 MHz, 520.61 W, 100 %, 75189 MiB
2026/09/27 14:54:04.397, 1, 48, 1980 MHz, 523.28 W, 100 %, 75571 MiB
2026/09/27 14:54:04.397, 2, 51, 1980 MHz, 529.96 W, 100 %, 75571 MiB
2026/09/27 14:54:04.398, 3, 44, 1980 MHz, 565.08 W, 100 %, 75571 MiB
2026/09/27 14:54:04.398, 4, 46, 1980 MHz, 551.22 W, 100 %, 75571 MiB
2026/09/27 14:54:04.398, 5, 51, 1980 MHz, 539.40 W, 100 %, 75571 MiB
2026/09/27 14:54:04.398, 6, 46, 1980 MHz, 525.15 W, 100 %, 75571 MiB
2026/09/27 14:54:04.398, 7, 45, 1980 MHz, 520.81 W, 100 %, 75187 MiB
2026/09/27 14:54:06.398, 0, 44, 1980 MHz, 519.86 W, 100 %, 75189 MiB
2026/09/27 14:54:06.398, 1, 48, 1980 MHz, 524.02 W, 100 %, 75571 MiB
2026/09/27 14:54:06.398, 2, 51, 1980 MHz, 531.78 W, 100 %, 75571 MiB
2026/09/27 14:54:06.399, 3, 44, 1980 MHz, 564.60 W, 100 %, 75571 MiB
2026/09/27 14:54:06.399, 4, 46, 1980 MHz, 551.34 W, 100 %, 75571 MiB
2026/09/27 14:54:06.399, 5, 51, 1980 MHz, 540.60 W, 100 %, 75571 MiB
2026/09/27 14:54:06.399, 6, 46, 1980 MHz, 524.95 W, 100 %, 75571 MiB
2026/09/27 14:54:06.399, 7, 45, 1980 MHz, 520.46 W, 100 %, 75187 MiB
2026/09/27 14:54:08.399, 0, 44, 1980 MHz, 518.79 W, 100 %, 75189 MiB
2026/09/27 14:54:08.399, 1, 49, 1980 MHz, 524.07 W, 100 %, 75571 MiB
2026/09/27 14:54:08.399, 2, 52, 1980 MHz, 531.86 W, 100 %, 75571 MiB
2026/09/27 14:54:08.400, 3, 44, 1980 MHz, 565.38 W, 100 %, 75571 MiB
2026/09/27 14:54:08.400, 4, 46, 1980 MHz, 552.17 W, 100 %, 75571 MiB
2026/09/27 14:54:08.400, 5, 51, 1980 MHz, 540.90 W, 100 %, 75571 MiB
2026/09/27 14:54:08.400, 6, 46, 1980 MHz, 524.56 W, 100 %, 75571 MiB
2026/09/27 14:54:08.400, 7, 45, 1980 MHz, 521.11 W, 100 %, 75187 MiB
2026/09/27 14:54:10.400, 0, 44, 1980 MHz, 520.36 W, 100 %, 75189 MiB
2026/09/27 14:54:10.400, 1, 48, 1980 MHz, 522.04 W, 100 %, 75571 MiB
2026/09/27 14:54:10.401, 2, 51, 1980 MHz, 532.22 W, 100 %, 75571 MiB
2026/09/27 14:54:10.401, 3, 44, 1980 MHz, 567.84 W, 100 %, 75571 MiB
2026/09/27 14:54:10.401, 4, 46, 1980 MHz, 553.13 W, 100 %, 75571 MiB
2026/09/27 14:54:10.401, 5, 51, 1980 MHz, 539.14 W, 100 %, 75571 MiB
2026/09/27 14:54:10.401, 6, 46, 1980 MHz, 524.31 W, 100 %, 75571 MiB
2026/09/27 14:54:10.401, 7, 45, 1980 MHz, 521.45 W, 100 %, 75187 MiB
2026/09/27 14:54:12.401, 0, 44, 1980 MHz, 520.66 W, 100 %, 75189 MiB
2026/09/27 14:54:12.401, 1, 48, 1980 MHz, 522.80 W, 100 %, 75571 MiB
2026/09/27 14:54:12.402, 2, 51, 1980 MHz, 531.75 W, 100 %, 75571 MiB
2026/09/27 14:54:12.402, 3, 44, 1980 MHz, 568.61 W, 100 %, 75571 MiB
2026/09/27 14:54:12.402, 4, 46, 1980 MHz, 554.16 W, 100 %, 75571 MiB
2026/09/27 14:54:12.402, 5, 51, 1980 MHz, 540.26 W, 100 %, 75571 MiB
2026/09/27 14:54:12.402, 6, 46, 1980 MHz, 525.27 W, 100 %, 75571 MiB
2026/09/27 14:54:12.402, 7, 45, 1980 MHz, 520.22 W, 100 %, 75187 MiB
2026/09/27 14:54:14.402, 0, 44, 1980 MHz, 519.66 W, 100 %, 75189 MiB
2026/09/27 14:54:14.402, 1, 48, 1980 MHz, 524.34 W, 100 %, 75571 MiB
2026/09/27 14:54:14.403, 2, 51, 1980 MHz, 531.80 W, 100 %, 75571 MiB
2026/09/27 14:54:14.403, 3, 44, 1980 MHz, 570.97 W, 100 %, 75571 MiB
2026/09/27 14:54:14.403, 4, 46, 1980 MHz, 556.05 W, 100 %, 75571 MiB
2026/09/27 14:54:14.403, 5, 51, 1980 MHz, 539.32 W, 100 %, 75571 MiB
2026/09/27 14:54:14.403, 6, 46, 1980 MHz, 524.93 W, 100 %, 75571 MiB
2026/09/27 14:54:14.403, 7, 45, 1980 MHz, 520.91 W, 100 %, 75187 MiB
2026/09/27 14:54:16.403, 0, 44, 1980 MHz, 519.24 W, 100 %, 75189 MiB
2026/09/27 14:54:16.403, 1, 49, 1980 MHz, 524.80 W, 100 %, 75571 MiB
2026/09/27 14:54:16.404, 2, 52, 1980 MHz, 531.92 W, 100 %, 75571 MiB
2026/09/27 14:54:16.404, 3, 44, 1980 MHz, 570.42 W, 100 %, 75571 MiB
2026/09/27 14:54:16.404, 4, 46, 1980 MHz, 555.76 W, 100 %, 75571 MiB
2026/09/27 14:54:16.404, 5, 51, 1980 MHz, 541.44 W, 100 %, 75571 MiB
2026/09/27 14:54:16.404, 6, 46, 1980 MHz, 524.66 W, 100 %, 75571 MiB
2026/09/27 14:54:16.404, 7, 45, 1980 MHz, 522.11 W, 100 %, 75187 MiB
2026/09/27 14:54:18.404, 0, 44, 1980 MHz, 520.35 W, 100 %, 75189 MiB
2026/09/27 14:54:18.405, 1, 48, 1980 MHz, 523.20 W, 100 %, 75571 MiB
2026/09/27 14:54:18.405, 2, 52, 1980 MHz, 531.10 W, 100 %, 75571 MiB
2026/09/27 14:54:18.405, 3, 45, 1980 MHz, 569.84 W, 100 %, 75571 MiB
2026/09/27 14:54:18.405, 4, 46, 1980 MHz, 556.29 W, 100 %, 75571 MiB
2026/09/27 14:54:18.405, 5, 51, 1980 MHz, 540.36 W, 100 %, 75571 MiB
2026/09/27 14:54:18.405, 6, 46, 1980 MHz, 525.31 W, 100 %, 75571 MiB
2026/09/27 14:54:18.405, 7, 45, 1980 MHz, 520.75 W, 100 %, 75187 MiB
2026/09/27 14:54:20.405, 0, 44, 1980 MHz, 520.56 W, 100 %, 75189 MiB
2026/09/27 14:54:20.406, 1, 48, 1980 MHz, 523.18 W, 100 %, 75571 MiB
2026/09/27 14:54:20.406, 2, 51, 1980 MHz, 533.32 W, 100 %, 75571 MiB
2026/09/27 14:54:20.406, 3, 45, 1980 MHz, 571.52 W, 100 %, 75571 MiB
2026/09/27 14:54:20.406, 4, 47, 1980 MHz, 557.40 W, 100 %, 75571 MiB
2026/09/27 14:54:20.406, 5, 51, 1980 MHz, 539.46 W, 100 %, 75571 MiB
2026/09/27 14:54:20.406, 6, 46, 1980 MHz, 526.02 W, 100 %, 75571 MiB
2026/09/27 14:54:20.406, 7, 45, 1980 MHz, 520.08 W, 100 %, 75187 MiB
2026/09/27 14:54:22.406, 0, 44, 1980 MHz, 519.70 W, 100 %, 75189 MiB
2026/09/27 14:54:22.407, 1, 48, 1980 MHz, 523.40 W, 100 %, 75571 MiB
2026/09/27 14:54:22.407, 2, 52, 1980 MHz, 533.09 W, 100 %, 75571 MiB
2026/09/27 14:54:22.407, 3, 44, 1980 MHz, 572.26 W, 100 %, 75571 MiB
2026/09/27 14:54:22.407, 4, 46, 1980 MHz, 558.57 W, 100 %, 75571 MiB
2026/09/27 14:54:22.407, 5, 51, 1980 MHz, 539.58 W, 100 %, 75571 MiB
2026/09/27 14:54:22.407, 6, 46, 1980 MHz, 525.43 W, 100 %, 75571 MiB
2026/09/27 14:54:22.407, 7, 45, 1980 MHz, 519.35 W, 100 %, 75187 MiB
2026/09/27 14:54:24.407, 0, 44, 1980 MHz, 519.16 W, 100 %, 75189 MiB
2026/09/27 14:54:24.408, 1, 48, 1980 MHz, 523.59 W, 100 %, 75571 MiB
2026/09/27 14:54:24.408, 2, 52, 1980 MHz, 532.21 W, 100 %, 75571 MiB
2026/09/27 14:54:24.408, 3, 44, 1980 MHz, 573.62 W, 100 %, 75571 MiB
2026/09/27 14:54:24.408, 4, 47, 1980 MHz, 558.23 W, 100 %, 75571 MiB
2026/09/27 14:54:24.408, 5, 51, 1980 MHz, 541.02 W, 100 %, 75571 MiB
2026/09/27 14:54:24.408, 6, 46, 1980 MHz, 525.01 W, 100 %, 75571 MiB
2026/09/27 14:54:24.408, 7, 45, 1980 MHz, 519.96 W, 100 %, 75187 MiB
2026/09/27 14:54:26.408, 0, 44, 1980 MHz, 520.02 W, 100 %, 75189 MiB
2026/09/27 14:54:26.408, 1, 48, 1980 MHz, 523.11 W, 100 %, 75571 MiB
2026/09/27 14:54:26.409, 2, 51, 1980 MHz, 530.59 W, 100 %, 75571 MiB
2026/09/27 14:54:26.409, 3, 45, 1980 MHz, 574.20 W, 100 %, 75571 MiB
2026/09/27 14:54:26.409, 4, 47, 1980 MHz, 559.35 W, 100 %, 75571 MiB
2026/09/27 14:54:26.409, 5, 51, 1980 MHz, 539.79 W, 100 %, 75571 MiB
2026/09/27 14:54:26.409, 6, 46, 1980 MHz, 524.96 W, 100 %, 75571 MiB
2026/09/27 14:54:26.409, 7, 45, 1980 MHz, 520.90 W, 100 %, 75187 MiB
2026/09/27 14:54:28.409, 0, 44, 1980 MHz, 520.59 W, 100 %, 75189 MiB
2026/09/27 14:54:28.409, 1, 48, 1980 MHz, 522.24 W, 100 %, 75571 MiB
2026/09/27 14:54:28.410, 2, 51, 1980 MHz, 532.61 W, 100 %, 75571 MiB
2026/09/27 14:54:28.410, 3, 45, 1980 MHz, 574.14 W, 100 %, 75571 MiB
2026/09/27 14:54:28.410, 4, 47, 1980 MHz, 560.62 W, 100 %, 75571 MiB
2026/09/27 14:54:28.410, 5, 51, 1980 MHz, 539.37 W, 100 %, 75571 MiB
2026/09/27 14:54:28.410, 6, 46, 1980 MHz, 525.20 W, 100 %, 75571 MiB
2026/09/27 14:54:28.410, 7, 45, 1980 MHz, 519.92 W, 100 %, 75187 MiB
2026/09/27 14:54:30.410, 0, 44, 1980 MHz, 519.77 W, 100 %, 75189 MiB
2026/09/27 14:54:30.410, 1, 48, 1980 MHz, 523.57 W, 100 %, 75571 MiB
2026/09/27 14:54:30.411, 2, 51, 1980 MHz, 532.60 W, 100 %, 75571 MiB
2026/09/27 14:54:30.411, 3, 44, 1980 MHz, 574.83 W, 100 %, 75571 MiB
2026/09/27 14:54:30.411, 4, 46, 1980 MHz, 561.86 W, 100 %, 75571 MiB
2026/09/27 14:54:30.411, 5, 51, 1980 MHz, 540.09 W, 100 %, 75571 MiB
2026/09/27 14:54:30.411, 6, 46, 1980 MHz, 526.74 W, 100 %, 75571 MiB
2026/09/27 14:54:30.411, 7, 45, 1980 MHz, 519.13 W, 100 %, 75187 MiB
2026/09/27 14:54:32.411, 0, 44, 1980 MHz, 518.91 W, 100 %, 75189 MiB
2026/09/27 14:54:32.412, 1, 48, 1980 MHz, 523.70 W, 100 %, 75571 MiB
2026/09/27 14:54:32.412, 2, 52, 1980 MHz, 531.47 W, 100 %, 75571 MiB
2026/09/27 14:54:32.412, 3, 44, 1980 MHz, 576.82 W, 100 %, 75571 MiB
2026/09/27 14:54:32.412, 4, 47, 1980 MHz, 561.42 W, 100 %, 75571 MiB
2026/09/27 14:54:32.412, 5, 51, 1980 MHz, 540.07 W, 100 %, 75571 MiB
2026/09/27 14:54:32.412, 6, 46, 1980 MHz, 526.65 W, 100 %, 75571 MiB
2026/09/27 14:54:32.412, 7, 45, 1980 MHz, 520.52 W, 100 %, 75187 MiB
2026/09/27 14:54:34.412, 0, 44, 1980 MHz, 519.75 W, 100 %, 75189 MiB
2026/09/27 14:54:34.413, 1, 48, 1980 MHz, 523.93 W, 100 %, 75571 MiB
2026/09/27 14:54:34.413, 2, 51, 1980 MHz, 531.55 W, 100 %, 75571 MiB
2026/09/27 14:54:34.413, 3, 45, 1980 MHz, 577.66 W, 100 %, 75571 MiB
2026/09/27 14:54:34.413, 4, 47, 1980 MHz, 561.83 W, 100 %, 75571 MiB
2026/09/27 14:54:34.413, 5, 51, 1980 MHz, 540.20 W, 100 %, 75571 MiB
2026/09/27 14:54:34.413, 6, 46, 1980 MHz, 525.32 W, 100 %, 75571 MiB
2026/09/27 14:54:34.413, 7, 45, 1980 MHz, 520.41 W, 100 %, 75187 MiB
2026/09/27 14:54:36.413, 0, 44, 1980 MHz, 519.70 W, 100 %, 75189 MiB
2026/09/27 14:54:36.414, 1, 48, 1980 MHz, 523.46 W, 100 %, 75571 MiB
2026/09/27 14:54:36.414, 2, 51, 1980 MHz, 531.97 W, 100 %, 75571 MiB
2026/09/27 14:54:36.414, 3, 45, 1980 MHz, 578.37 W, 100 %, 75571 MiB
2026/09/27 14:54:36.414, 4, 47, 1980 MHz, 563.23 W, 100 %, 75571 MiB
2026/09/27 14:54:36.414, 5, 51, 1980 MHz, 539.40 W, 100 %, 75571 MiB
2026/09/27 14:54:36.414, 6, 46, 1980 MHz, 524.28 W, 100 %, 75571 MiB
2026/09/27 14:54:36.414, 7, 45, 1980 MHz, 522.77 W, 100 %, 75187 MiB
2026/09/27 14:54:38.414, 0, 44, 1980 MHz, 520.36 W, 100 %, 75189 MiB
2026/09/27 14:54:38.415, 1, 48, 1980 MHz, 522.36 W, 100 %, 75571 MiB
2026/09/27 14:54:38.415, 2, 51, 1980 MHz, 531.59 W, 100 %, 75571 MiB
2026/09/27 14:54:38.415, 3, 45, 1980 MHz, 577.84 W, 100 %, 75571 MiB
2026/09/27 14:54:38.415, 4, 47, 1980 MHz, 565.56 W, 100 %, 75571 MiB
2026/09/27 14:54:38.415, 5, 51, 1980 MHz, 540.07 W, 100 %, 75571 MiB
2026/09/27 14:54:38.415, 6, 46, 1980 MHz, 524.79 W, 100 %, 75571 MiB
2026/09/27 14:54:38.415, 7, 45, 1980 MHz, 521.82 W, 100 %, 75187 MiB
2026/09/27 14:54:40.415, 0, 44, 1980 MHz, 519.24 W, 100 %, 75189 MiB
2026/09/27 14:54:40.416, 1, 48, 1980 MHz, 523.82 W, 100 %, 75571 MiB
2026/09/27 14:54:40.416, 2, 52, 1980 MHz, 532.10 W, 100 %, 75571 MiB
2026/09/27 14:54:40.416, 3, 44, 1980 MHz, 578.08 W, 100 %, 75571 MiB
2026/09/27 14:54:40.416, 4, 47, 1980 MHz, 566.13 W, 100 %, 75571 MiB
2026/09/27 14:54:40.416, 5, 51, 1980 MHz, 541.12 W, 100 %, 75571 MiB
2026/09/27 14:54:40.416, 6, 46, 1980 MHz, 525.59 W, 100 %, 75571 MiB
2026/09/27 14:54:40.416, 7, 45, 1980 MHz, 519.41 W, 100 %, 75187 MiB
2026/09/27 14:54:42.416, 0, 43, 1980 MHz, 518.66 W, 100 %, 75189 MiB
2026/09/27 14:54:42.417, 1, 48, 1980 MHz, 523.82 W, 100 %, 75571 MiB
2026/09/27 14:54:42.417, 2, 51, 1980 MHz, 532.37 W, 100 %, 75571 MiB
2026/09/27 14:54:42.417, 3, 45, 1980 MHz, 578.93 W, 100 %, 75571 MiB
2026/09/27 14:54:42.417, 4, 47, 1980 MHz, 566.77 W, 100 %, 75571 MiB
2026/09/27 14:54:42.417, 5, 51, 1980 MHz, 540.31 W, 100 %, 75571 MiB
2026/09/27 14:54:42.417, 6, 46, 1980 MHz, 525.13 W, 100 %, 75571 MiB
2026/09/27 14:54:42.417, 7, 45, 1980 MHz, 520.12 W, 100 %, 75187 MiB
2026/09/27 14:54:44.417, 0, 44, 1980 MHz, 520.37 W, 100 %, 75189 MiB
2026/09/27 14:54:44.418, 1, 48, 1980 MHz, 523.97 W, 100 %, 75571 MiB
2026/09/27 14:54:44.418, 2, 51, 1980 MHz, 532.06 W, 100 %, 75571 MiB
2026/09/27 14:54:44.418, 3, 45, 1980 MHz, 581.98 W, 100 %, 75571 MiB
2026/09/27 14:54:44.418, 4, 47, 1980 MHz, 566.04 W, 100 %, 75571 MiB
2026/09/27 14:54:44.418, 5, 51, 1980 MHz, 541.03 W, 100 %, 75571 MiB
2026/09/27 14:54:44.418, 6, 46, 1980 MHz, 525.44 W, 100 %, 75571 MiB
2026/09/27 14:54:44.418, 7, 45, 1980 MHz, 519.90 W, 100 %, 75187 MiB
2026/09/27 14:54:46.418, 0, 44, 1980 MHz, 520.41 W, 100 %, 75189 MiB
2026/09/27 14:54:46.419, 1, 48, 1980 MHz, 523.05 W, 100 %, 75571 MiB
2026/09/27 14:54:46.419, 2, 52, 1980 MHz, 531.24 W, 100 %, 75571 MiB
2026/09/27 14:54:46.419, 3, 45, 1980 MHz, 580.85 W, 100 %, 75571 MiB
2026/09/27 14:54:46.419, 4, 47, 1980 MHz, 567.63 W, 100 %, 75571 MiB
2026/09/27 14:54:46.419, 5, 51, 1980 MHz, 539.22 W, 100 %, 75571 MiB
2026/09/27 14:54:46.419, 6, 46, 1980 MHz, 523.28 W, 100 %, 75571 MiB
2026/09/27 14:54:46.419, 7, 45, 1980 MHz, 521.05 W, 100 %, 75187 MiB
2026/09/27 14:54:48.419, 0, 44, 1980 MHz, 519.28 W, 100 %, 75189 MiB
2026/09/27 14:54:48.420, 1, 48, 1980 MHz, 523.29 W, 100 %, 75571 MiB
2026/09/27 14:54:48.420, 2, 52, 1980 MHz, 532.26 W, 100 %, 75571 MiB
2026/09/27 14:54:48.420, 3, 45, 1980 MHz, 581.35 W, 100 %, 75571 MiB
2026/09/27 14:54:48.420, 4, 47, 1980 MHz, 568.11 W, 100 %, 75571 MiB
2026/09/27 14:54:48.420, 5, 51, 1980 MHz, 540.21 W, 100 %, 75571 MiB
2026/09/27 14:54:48.420, 6, 46, 1980 MHz, 524.29 W, 100 %, 75571 MiB
2026/09/27 14:54:48.420, 7, 45, 1980 MHz, 520.98 W, 100 %, 75187 MiB
2026/09/27 14:54:50.420, 0, 44, 1980 MHz, 518.79 W, 100 %, 75189 MiB
2026/09/27 14:54:50.421, 1, 48, 1980 MHz, 524.05 W, 100 %, 75571 MiB
2026/09/27 14:54:50.421, 2, 51, 1980 MHz, 530.90 W, 100 %, 75571 MiB
2026/09/27 14:54:50.421, 3, 45, 1980 MHz, 582.07 W, 100 %, 75571 MiB
2026/09/27 14:54:50.421, 4, 47, 1980 MHz, 569.25 W, 100 %, 75571 MiB
2026/09/27 14:54:50.421, 5, 51, 1980 MHz, 541.04 W, 100 %, 75571 MiB
2026/09/27 14:54:50.421, 6, 46, 1980 MHz, 525.68 W, 100 %, 75571 MiB
2026/09/27 14:54:50.421, 7, 44, 1980 MHz, 520.95 W, 100 %, 75187 MiB
2026/09/27 14:54:52.421, 0, 44, 1980 MHz, 520.20 W, 100 %, 75189 MiB
2026/09/27 14:54:52.422, 1, 48, 1980 MHz, 524.05 W, 100 %, 75571 MiB
2026/09/27 14:54:52.422, 2, 51, 1980 MHz, 531.13 W, 100 %, 75571 MiB
2026/09/27 14:54:52.422, 3, 45, 1980 MHz, 583.23 W, 100 %, 75571 MiB
2026/09/27 14:54:52.422, 4, 47, 1980 MHz, 569.67 W, 100 %, 75571 MiB
2026/09/27 14:54:52.422, 5, 51, 1980 MHz, 540.61 W, 100 %, 75571 MiB
2026/09/27 14:54:52.422, 6, 46, 1980 MHz, 525.56 W, 100 %, 75571 MiB
2026/09/27 14:54:52.422, 7, 45, 1980 MHz, 521.57 W, 100 %, 75187 MiB
2026/09/27 14:54:54.422, 0, 44, 1980 MHz, 520.42 W, 100 %, 75189 MiB
2026/09/27 14:54:54.423, 1, 48, 1980 MHz, 522.12 W, 100 %, 75571 MiB
2026/09/27 14:54:54.423, 2, 52, 1980 MHz, 530.59 W, 100 %, 75571 MiB
2026/09/27 14:54:54.423, 3, 45, 1980 MHz, 586.91 W, 100 %, 75571 MiB
2026/09/27 14:54:54.423, 4, 47, 1980 MHz, 570.99 W, 100 %, 75571 MiB
2026/09/27 14:54:54.423, 5, 51, 1980 MHz, 540.59 W, 100 %, 75571 MiB
2026/09/27 14:54:54.423, 6, 46, 1980 MHz, 525.48 W, 100 %, 75571 MiB
2026/09/27 14:54:54.423, 7, 45, 1980 MHz, 521.00 W, 100 %, 75187 MiB
2026/09/27 14:54:56.423, 0, 43, 1980 MHz, 519.59 W, 100 %, 75189 MiB
2026/09/27 14:54:56.424, 1, 48, 1980 MHz, 522.94 W, 100 %, 75571 MiB
2026/09/27 14:54:56.424, 2, 52, 1980 MHz, 529.73 W, 100 %, 75571 MiB
2026/09/27 14:54:56.424, 3, 45, 1980 MHz, 586.59 W, 100 %, 75571 MiB
2026/09/27 14:54:56.424, 4, 47, 1980 MHz, 572.12 W, 100 %, 75571 MiB
2026/09/27 14:54:56.424, 5, 51, 1980 MHz, 540.39 W, 100 %, 75571 MiB
2026/09/27 14:54:56.424, 6, 46, 1980 MHz, 525.33 W, 100 %, 75571 MiB
2026/09/27 14:54:56.424, 7, 45, 1980 MHz, 520.98 W, 100 %, 75187 MiB
2026/09/27 14:54:58.424, 0, 44, 1980 MHz, 518.72 W, 100 %, 75189 MiB
2026/09/27 14:54:58.425, 1, 48, 1980 MHz, 524.13 W, 100 %, 75571 MiB
2026/09/27 14:54:58.425, 2, 51, 1980 MHz, 529.46 W, 100 %, 75571 MiB
2026/09/27 14:54:58.425, 3, 45, 1980 MHz, 586.54 W, 100 %, 75571 MiB
2026/09/27 14:54:58.425, 4, 47, 1980 MHz, 572.34 W, 100 %, 75571 MiB
2026/09/27 14:54:58.425, 5, 51, 1980 MHz, 540.59 W, 100 %, 75571 MiB
2026/09/27 14:54:58.425, 6, 46, 1980 MHz, 526.68 W, 100 %, 75571 MiB
2026/09/27 14:54:58.425, 7, 45, 1980 MHz, 520.89 W, 100 %, 75187 MiB
2026/09/27 14:55:00.425, 0, 44, 1980 MHz, 520.26 W, 100 %, 75189 MiB
2026/09/27 14:55:00.426, 1, 48, 1980 MHz, 523.06 W, 100 %, 75571 MiB
2026/09/27 14:55:00.426, 2, 51, 1980 MHz, 530.95 W, 100 %, 75571 MiB
2026/09/27 14:55:00.426, 3, 45, 1980 MHz, 585.25 W, 100 %, 75571 MiB
2026/09/27 14:55:00.426, 4, 47, 1980 MHz, 572.26 W, 100 %, 75571 MiB
2026/09/27 14:55:00.426, 5, 51, 1980 MHz, 540.83 W, 100 %, 75571 MiB
2026/09/27 14:55:00.426, 6, 46, 1980 MHz, 526.75 W, 100 %, 75571 MiB
2026/09/27 14:55:00.426, 7, 45, 1980 MHz, 523.07 W, 100 %, 75187 MiB
2026/09/27 14:55:02.426, 0, 44, 1980 MHz, 520.40 W, 100 %, 75189 MiB
2026/09/27 14:55:02.427, 1, 48, 1980 MHz, 523.36 W, 100 %, 75571 MiB
2026/09/27 14:55:02.427, 2, 52, 1980 MHz, 531.48 W, 100 %, 75571 MiB
2026/09/27 14:55:02.427, 3, 45, 1980 MHz, 587.86 W, 100 %, 75571 MiB
2026/09/27 14:55:02.427, 4, 47, 1980 MHz, 572.87 W, 100 %, 75571 MiB
2026/09/27 14:55:02.427, 5, 51, 1980 MHz, 539.59 W, 100 %, 75571 MiB
2026/09/27 14:55:02.427, 6, 46, 1980 MHz, 526.58 W, 100 %, 75571 MiB
2026/09/27 14:55:02.427, 7, 45, 1980 MHz, 521.31 W, 100 %, 75187 MiB
2026/09/27 14:55:04.427, 0, 43, 1980 MHz, 519.23 W, 100 %, 75189 MiB
2026/09/27 14:55:04.428, 1, 48, 1980 MHz, 523.76 W, 100 %, 75571 MiB
2026/09/27 14:55:04.428, 2, 52, 1980 MHz, 529.48 W, 100 %, 75571 MiB
2026/09/27 14:55:04.428, 3, 45, 1980 MHz, 587.96 W, 100 %, 75571 MiB
2026/09/27 14:55:04.428, 4, 47, 1980 MHz, 574.42 W, 100 %, 75571 MiB
2026/09/27 14:55:04.428, 5, 51, 1980 MHz, 539.55 W, 100 %, 75571 MiB
2026/09/27 14:55:04.428, 6, 46, 1980 MHz, 524.97 W, 100 %, 75571 MiB
2026/09/27 14:55:04.428, 7, 45, 1980 MHz, 519.43 W, 100 %, 75187 MiB
2026/09/27 14:55:06.428, 0, 44, 1980 MHz, 518.77 W, 100 %, 75189 MiB
2026/09/27 14:55:06.429, 1, 48, 1980 MHz, 523.83 W, 100 %, 75571 MiB
2026/09/27 14:55:06.429, 2, 51, 1980 MHz, 529.96 W, 100 %, 75571 MiB
2026/09/27 14:55:06.429, 3, 45, 1980 MHz, 589.61 W, 100 %, 75571 MiB
2026/09/27 14:55:06.429, 4, 48, 1980 MHz, 575.55 W, 100 %, 75571 MiB
2026/09/27 14:55:06.429, 5, 51, 1980 MHz, 540.34 W, 100 %, 75571 MiB
2026/09/27 14:55:06.429, 6, 46, 1980 MHz, 524.58 W, 100 %, 75571 MiB
2026/09/27 14:55:06.429, 7, 45, 1980 MHz, 519.68 W, 100 %, 75187 MiB
2026/09/27 14:55:08.429, 0, 44, 1980 MHz, 519.06 W, 100 %, 75189 MiB
2026/09/27 14:55:08.430, 1, 48, 1980 MHz, 523.16 W, 100 %, 75571 MiB
2026/09/27 14:55:08.430, 2, 52, 1980 MHz, 530.02 W, 100 %, 75571 MiB
2026/09/27 14:55:08.430, 3, 45, 1980 MHz, 587.74 W, 100 %, 75571 MiB
2026/09/27 14:55:08.430, 4, 47, 1980 MHz, 575.72 W, 100 %, 75571 MiB
2026/09/27 14:55:08.430, 5, 51, 1980 MHz, 541.18 W, 100 %, 75571 MiB
2026/09/27 14:55:08.430, 6, 46, 1980 MHz, 526.09 W, 100 %, 75571 MiB
2026/09/27 14:55:08.430, 7, 45, 1980 MHz, 520.64 W, 100 %, 75187 MiB
2026/09/27 14:55:10.430, 0, 44, 1980 MHz, 519.82 W, 100 %, 75189 MiB
2026/09/27 14:55:10.431, 1, 48, 1980 MHz, 523.42 W, 100 %, 75571 MiB
2026/09/27 14:55:10.431, 2, 52, 1980 MHz, 531.39 W, 100 %, 75571 MiB
2026/09/27 14:55:10.431, 3, 45, 1980 MHz, 589.95 W, 100 %, 75571 MiB
2026/09/27 14:55:10.431, 4, 48, 1980 MHz, 575.48 W, 100 %, 75571 MiB
2026/09/27 14:55:10.431, 5, 51, 1980 MHz, 540.79 W, 100 %, 75571 MiB
2026/09/27 14:55:10.431, 6, 46, 1980 MHz, 527.97 W, 100 %, 75571 MiB
2026/09/27 14:55:10.431, 7, 45, 1980 MHz, 522.01 W, 100 %, 75187 MiB
2026/09/27 14:55:12.431, 0, 44, 1980 MHz, 520.38 W, 100 %, 75189 MiB
2026/09/27 14:55:12.432, 1, 48, 1980 MHz, 522.60 W, 100 %, 75571 MiB
2026/09/27 14:55:12.432, 2, 52, 1980 MHz, 530.44 W, 100 %, 75571 MiB
2026/09/27 14:55:12.432, 3, 45, 1980 MHz, 592.30 W, 100 %, 75571 MiB
2026/09/27 14:55:12.432, 4, 47, 1980 MHz, 578.01 W, 100 %, 75571 MiB
2026/09/27 14:55:12.432, 5, 51, 1980 MHz, 539.36 W, 100 %, 75571 MiB
2026/09/27 14:55:12.432, 6, 46, 1980 MHz, 525.37 W, 100 %, 75571 MiB
2026/09/27 14:55:12.432, 7, 45, 1980 MHz, 522.20 W, 100 %, 75187 MiB
2026/09/27 14:55:14.432, 0, 44, 1980 MHz, 519.49 W, 100 %, 75189 MiB
2026/09/27 14:55:14.433, 1, 48, 1980 MHz, 523.79 W, 100 %, 75571 MiB
2026/09/27 14:55:14.433, 2, 51, 1980 MHz, 529.47 W, 100 %, 75571 MiB
2026/09/27 14:55:14.433, 3, 45, 1980 MHz, 592.49 W, 100 %, 75571 MiB
2026/09/27 14:55:14.433, 4, 48, 1980 MHz, 577.27 W, 100 %, 75571 MiB
2026/09/27 14:55:14.433, 5, 51, 1980 MHz, 540.03 W, 100 %, 75571 MiB
2026/09/27 14:55:14.433, 6, 46, 1980 MHz, 523.72 W, 100 %, 75571 MiB
2026/09/27 14:55:14.433, 7, 45, 1980 MHz, 519.65 W, 100 %, 75187 MiB
2026/09/27 14:55:16.433, 0, 44, 1980 MHz, 518.68 W, 100 %, 75189 MiB
2026/09/27 14:55:16.434, 1, 48, 1980 MHz, 523.80 W, 100 %, 75571 MiB
2026/09/27 14:55:16.434, 2, 52, 1980 MHz, 530.03 W, 100 %, 75571 MiB
2026/09/27 14:55:16.434, 3, 45, 1980 MHz, 593.36 W, 100 %, 75571 MiB
2026/09/27 14:55:16.434, 4, 47, 1980 MHz, 578.44 W, 100 %, 75571 MiB
2026/09/27 14:55:16.434, 5, 51, 1980 MHz, 541.40 W, 100 %, 75571 MiB
2026/09/27 14:55:16.434, 6, 46, 1980 MHz, 523.75 W, 100 %, 75571 MiB
2026/09/27 14:55:16.434, 7, 45, 1980 MHz, 520.50 W, 100 %, 75187 MiB
2026/09/27 14:55:18.434, 0, 44, 1980 MHz, 520.01 W, 100 %, 75189 MiB
2026/09/27 14:55:18.435, 1, 48, 1980 MHz, 522.69 W, 100 %, 75571 MiB
2026/09/27 14:55:18.435, 2, 52, 1980 MHz, 530.88 W, 100 %, 75571 MiB
2026/09/27 14:55:18.435, 3, 45, 1980 MHz, 592.70 W, 100 %, 75571 MiB
2026/09/27 14:55:18.435, 4, 48, 1980 MHz, 578.33 W, 100 %, 75571 MiB
2026/09/27 14:55:18.435, 5, 51, 1980 MHz, 540.98 W, 100 %, 75571 MiB
2026/09/27 14:55:18.435, 6, 46, 1980 MHz, 524.71 W, 100 %, 75571 MiB
2026/09/27 14:55:18.435, 7, 45, 1980 MHz, 520.55 W, 100 %, 75187 MiB
2026/09/27 14:55:20.435, 0, 44, 1980 MHz, 520.39 W, 100 %, 75189 MiB
2026/09/27 14:55:20.436, 1, 48, 1980 MHz, 522.04 W, 100 %, 75571 MiB
2026/09/27 14:55:20.436, 2, 52, 1980 MHz, 531.12 W, 100 %, 75571 MiB
2026/09/27 14:55:20.436, 3, 46, 1980 MHz, 595.30 W, 100 %, 75571 MiB
2026/09/27 14:55:20.436, 4, 48, 1980 MHz, 579.94 W, 100 %, 75571 MiB
2026/09/27 14:55:20.436, 5, 51, 1980 MHz, 539.55 W, 100 %, 75571 MiB
2026/09/27 14:55:20.436, 6, 46, 1980 MHz, 525.80 W, 100 %, 75571 MiB
2026/09/27 14:55:20.436, 7, 45, 1980 MHz, 519.85 W, 100 %, 75187 MiB
2026/09/27 14:55:22.436, 0, 44, 1980 MHz, 520.67 W, 100 %, 75189 MiB
2026/09/27 14:55:22.437, 1, 48, 1980 MHz, 523.59 W, 100 %, 75571 MiB
2026/09/27 14:55:22.437, 2, 52, 1980 MHz, 530.96 W, 100 %, 75571 MiB
2026/09/27 14:55:22.437, 3, 45, 1980 MHz, 595.40 W, 100 %, 75571 MiB
2026/09/27 14:55:22.437, 4, 48, 1980 MHz, 581.27 W, 100 %, 75571 MiB
2026/09/27 14:55:22.437, 5, 51, 1980 MHz, 540.88 W, 100 %, 75571 MiB
2026/09/27 14:55:22.437, 6, 46, 1980 MHz, 524.17 W, 100 %, 75571 MiB
2026/09/27 14:55:22.437, 7, 45, 1980 MHz, 520.39 W, 100 %, 75187 MiB
2026/09/27 14:55:24.437, 0, 44, 1980 MHz, 518.86 W, 100 %, 75189 MiB
2026/09/27 14:55:24.438, 1, 48, 1980 MHz, 523.35 W, 100 %, 75571 MiB
2026/09/27 14:55:24.438, 2, 52, 1980 MHz, 529.24 W, 100 %, 75571 MiB
2026/09/27 14:55:24.438, 3, 45, 1980 MHz, 597.09 W, 100 %, 75571 MiB
2026/09/27 14:55:24.438, 4, 47, 1980 MHz, 581.38 W, 100 %, 75571 MiB
2026/09/27 14:55:24.438, 5, 51, 1980 MHz, 540.98 W, 100 %, 75571 MiB
2026/09/27 14:55:24.438, 6, 46, 1980 MHz, 525.51 W, 100 %, 75571 MiB
2026/09/27 14:55:24.438, 7, 45, 1980 MHz, 519.91 W, 100 %, 75187 MiB
2026/09/27 14:55:26.438, 0, 44, 1980 MHz, 519.52 W, 100 %, 75189 MiB
2026/09/27 14:55:26.439, 1, 48, 1980 MHz, 523.23 W, 100 %, 75571 MiB
2026/09/27 14:55:26.439, 2, 52, 1980 MHz, 529.18 W, 100 %, 75571 MiB
2026/09/27 14:55:26.439, 3, 45, 1980 MHz, 594.46 W, 100 %, 75571 MiB
2026/09/27 14:55:26.439, 4, 48, 1980 MHz, 582.90 W, 100 %, 75571 MiB
2026/09/27 14:55:26.439, 5, 51, 1980 MHz, 540.59 W, 100 %, 75571 MiB
2026/09/27 14:55:26.439, 6, 46, 1980 MHz, 525.29 W, 100 %, 75571 MiB
2026/09/27 14:55:26.439, 7, 45, 1980 MHz, 521.45 W, 100 %, 75187 MiB
2026/09/27 14:55:28.439, 0, 44, 1980 MHz, 520.46 W, 100 %, 75189 MiB
2026/09/27 14:55:28.440, 1, 48, 1980 MHz, 522.33 W, 100 %, 75571 MiB
2026/09/27 14:55:28.440, 2, 51, 1980 MHz, 530.03 W, 100 %, 75571 MiB
2026/09/27 14:55:28.440, 3, 46, 1980 MHz, 596.42 W, 100 %, 75571 MiB
2026/09/27 14:55:28.440, 4, 48, 1980 MHz, 582.49 W, 100 %, 75571 MiB
2026/09/27 14:55:28.440, 5, 51, 1980 MHz, 539.77 W, 100 %, 75571 MiB
2026/09/27 14:55:28.440, 6, 46, 1980 MHz, 525.57 W, 100 %, 75571 MiB
2026/09/27 14:55:28.440, 7, 45, 1980 MHz, 520.43 W, 100 %, 75187 MiB
2026/09/27 14:55:30.440, 0, 44, 1980 MHz, 519.65 W, 100 %, 75189 MiB
2026/09/27 14:55:30.441, 1, 48, 1980 MHz, 523.19 W, 100 %, 75571 MiB
2026/09/27 14:55:30.441, 2, 52, 1980 MHz, 530.71 W, 100 %, 75571 MiB
2026/09/27 14:55:30.441, 3, 46, 1980 MHz, 598.81 W, 100 %, 75571 MiB
2026/09/27 14:55:30.441, 4, 48, 1980 MHz, 584.29 W, 100 %, 75571 MiB
2026/09/27 14:55:30.441, 5, 51, 1980 MHz, 539.97 W, 100 %, 75571 MiB
2026/09/27 14:55:30.441, 6, 46, 1980 MHz, 525.41 W, 100 %, 75571 MiB
2026/09/27 14:55:30.441, 7, 45, 1980 MHz, 519.12 W, 100 %, 75187 MiB
2026/09/27 14:55:32.441, 0, 44, 1980 MHz, 518.94 W, 100 %, 75189 MiB
2026/09/27 14:55:32.442, 1, 48, 1980 MHz, 524.11 W, 100 %, 75571 MiB
2026/09/27 14:55:32.442, 2, 52, 1980 MHz, 530.66 W, 100 %, 75571 MiB
2026/09/27 14:55:32.442, 3, 46, 1980 MHz, 598.70 W, 100 %, 75571 MiB
2026/09/27 14:55:32.442, 4, 47, 1980 MHz, 584.25 W, 100 %, 75571 MiB
2026/09/27 14:55:32.442, 5, 51, 1980 MHz, 540.22 W, 100 %, 75571 MiB
2026/09/27 14:55:32.442, 6, 46, 1980 MHz, 525.03 W, 100 %, 75571 MiB
2026/09/27 14:55:32.442, 7, 45, 1980 MHz, 519.90 W, 100 %, 75187 MiB
2026/09/27 14:55:34.442, 0, 44, 1980 MHz, 519.67 W, 100 %, 75189 MiB
2026/09/27 14:55:34.443, 1, 48, 1980 MHz, 522.68 W, 100 %, 75571 MiB
2026/09/27 14:55:34.443, 2, 52, 1980 MHz, 530.54 W, 100 %, 75571 MiB
2026/09/27 14:55:34.443, 3, 46, 1980 MHz, 598.97 W, 100 %, 75571 MiB
2026/09/27 14:55:34.443, 4, 48, 1980 MHz, 583.10 W, 100 %, 75571 MiB
2026/09/27 14:55:34.443, 5, 51, 1980 MHz, 541.02 W, 100 %, 75571 MiB
2026/09/27 14:55:34.443, 6, 46, 1980 MHz, 525.34 W, 100 %, 75571 MiB
2026/09/27 14:55:34.443, 7, 45, 1980 MHz, 521.59 W, 100 %, 75187 MiB
2026/09/27 14:55:36.443, 0, 44, 1980 MHz, 519.81 W, 100 %, 75189 MiB
2026/09/27 14:55:36.444, 1, 48, 1980 MHz, 522.28 W, 100 %, 75571 MiB
2026/09/27 14:55:36.444, 2, 52, 1980 MHz, 530.55 W, 100 %, 75571 MiB
2026/09/27 14:55:36.444, 3, 46, 1980 MHz, 599.06 W, 100 %, 75571 MiB
2026/09/27 14:55:36.444, 4, 48, 1980 MHz, 582.91 W, 100 %, 75571 MiB
2026/09/27 14:55:36.444, 5, 51, 1980 MHz, 540.63 W, 100 %, 75571 MiB
2026/09/27 14:55:36.444, 6, 46, 1980 MHz, 526.49 W, 100 %, 75571 MiB
2026/09/27 14:55:36.444, 7, 45, 1980 MHz, 520.71 W, 100 %, 75187 MiB
2026/09/27 14:55:38.445, 0, 44, 1980 MHz, 520.85 W, 100 %, 75189 MiB
2026/09/27 14:55:38.445, 1, 48, 1980 MHz, 523.52 W, 100 %, 75571 MiB
2026/09/27 14:55:38.445, 2, 52, 1980 MHz, 531.56 W, 100 %, 75571 MiB
2026/09/27 14:55:38.445, 3, 46, 1980 MHz, 601.01 W, 100 %, 75571 MiB
2026/09/27 14:55:38.445, 4, 48, 1980 MHz, 585.12 W, 100 %, 75571 MiB
2026/09/27 14:55:38.445, 5, 51, 1980 MHz, 539.33 W, 100 %, 75571 MiB
2026/09/27 14:55:38.445, 6, 46, 1980 MHz, 526.83 W, 100 %, 75571 MiB
2026/09/27 14:55:38.445, 7, 45, 1980 MHz, 520.28 W, 100 %, 75187 MiB
2026/09/27 14:55:40.446, 0, 44, 1980 MHz, 519.62 W, 100 %, 75189 MiB
2026/09/27 14:55:40.446, 1, 48, 1980 MHz, 523.28 W, 100 %, 75571 MiB
2026/09/27 14:55:40.446, 2, 52, 1980 MHz, 530.61 W, 100 %, 75571 MiB
2026/09/27 14:55:40.446, 3, 46, 1980 MHz, 601.67 W, 100 %, 75571 MiB
2026/09/27 14:55:40.446, 4, 48, 1980 MHz, 586.29 W, 100 %, 75571 MiB
2026/09/27 14:55:40.446, 5, 51, 1980 MHz, 541.21 W, 100 %, 75571 MiB
2026/09/27 14:55:40.446, 6, 46, 1980 MHz, 526.16 W, 100 %, 75571 MiB
2026/09/27 14:55:40.446, 7, 45, 1980 MHz, 520.82 W, 100 %, 75187 MiB
2026/09/27 14:55:42.447, 0, 44, 1980 MHz, 519.35 W, 100 %, 75189 MiB
2026/09/27 14:55:42.447, 1, 48, 1980 MHz, 524.47 W, 100 %, 75571 MiB
2026/09/27 14:55:42.447, 2, 52, 1980 MHz, 529.87 W, 100 %, 75571 MiB
2026/09/27 14:55:42.447, 3, 46, 1980 MHz, 601.26 W, 100 %, 75571 MiB
2026/09/27 14:55:42.447, 4, 48, 1980 MHz, 585.60 W, 100 %, 75571 MiB
2026/09/27 14:55:42.447, 5, 51, 1980 MHz, 541.10 W, 100 %, 75571 MiB
2026/09/27 14:55:42.447, 6, 46, 1980 MHz, 525.46 W, 100 %, 75571 MiB
2026/09/27 14:55:42.447, 7, 45, 1980 MHz, 521.66 W, 100 %, 75187 MiB
2026/09/27 14:55:44.448, 0, 44, 1980 MHz, 519.69 W, 100 %, 75189 MiB
2026/09/27 14:55:44.448, 1, 48, 1980 MHz, 522.78 W, 100 %, 75571 MiB
2026/09/27 14:55:44.448, 2, 52, 1980 MHz, 529.90 W, 100 %, 75571 MiB
2026/09/27 14:55:44.448, 3, 46, 1980 MHz, 603.09 W, 100 %, 75571 MiB
2026/09/27 14:55:44.448, 4, 48, 1980 MHz, 586.04 W, 100 %, 75571 MiB
2026/09/27 14:55:44.448, 5, 51, 1980 MHz, 541.05 W, 100 %, 75571 MiB
2026/09/27 14:55:44.448, 6, 46, 1980 MHz, 525.40 W, 100 %, 75571 MiB
2026/09/27 14:55:44.448, 7, 45, 1980 MHz, 523.14 W, 100 %, 75187 MiB
2026/09/27 14:55:46.449, 0, 44, 1980 MHz, 520.40 W, 100 %, 75189 MiB
2026/09/27 14:55:46.449, 1, 48, 1980 MHz, 522.59 W, 100 %, 75571 MiB
2026/09/27 14:55:46.449, 2, 52, 1980 MHz, 530.37 W, 100 %, 75571 MiB
2026/09/27 14:55:46.449, 3, 46, 1980 MHz, 602.11 W, 100 %, 75571 MiB
2026/09/27 14:55:46.449, 4, 48, 1980 MHz, 587.01 W, 100 %, 75571 MiB
2026/09/27 14:55:46.449, 5, 51, 1980 MHz, 540.10 W, 100 %, 75571 MiB
2026/09/27 14:55:46.449, 6, 46, 1980 MHz, 527.15 W, 100 %, 75571 MiB
2026/09/27 14:55:46.449, 7, 45, 1980 MHz, 521.77 W, 100 %, 75187 MiB
2026/09/27 14:55:48.450, 0, 44, 1980 MHz, 519.49 W, 100 %, 75189 MiB
2026/09/27 14:55:48.450, 1, 48, 1980 MHz, 523.55 W, 100 %, 75571 MiB
2026/09/27 14:55:48.450, 2, 52, 1980 MHz, 530.87 W, 100 %, 75571 MiB
2026/09/27 14:55:48.450, 3, 46, 1980 MHz, 605.08 W, 100 %, 75571 MiB
2026/09/27 14:55:48.450, 4, 48, 1980 MHz, 587.16 W, 100 %, 75571 MiB
2026/09/27 14:55:48.450, 5, 51, 1980 MHz, 540.00 W, 100 %, 75571 MiB
2026/09/27 14:55:48.450, 6, 46, 1980 MHz, 526.77 W, 100 %, 75571 MiB
2026/09/27 14:55:48.450, 7, 45, 1980 MHz, 521.23 W, 100 %, 75187 MiB
2026/09/27 14:55:50.451, 0, 44, 1980 MHz, 519.36 W, 100 %, 75189 MiB
2026/09/27 14:55:50.451, 1, 48, 1980 MHz, 524.65 W, 100 %, 75571 MiB
2026/09/27 14:55:50.451, 2, 52, 1980 MHz, 531.11 W, 100 %, 75571 MiB
2026/09/27 14:55:50.451, 3, 46, 1980 MHz, 605.99 W, 100 %, 75571 MiB
2026/09/27 14:55:50.451, 4, 48, 1980 MHz, 588.53 W, 100 %, 75571 MiB
2026/09/27 14:55:50.451, 5, 52, 1980 MHz, 540.97 W, 100 %, 75571 MiB
2026/09/27 14:55:50.451, 6, 46, 1980 MHz, 526.39 W, 100 %, 75571 MiB
2026/09/27 14:55:50.451, 7, 45, 1980 MHz, 520.77 W, 100 %, 75187 MiB
2026/09/27 14:55:52.452, 0, 44, 1980 MHz, 520.33 W, 100 %, 75189 MiB
2026/09/27 14:55:52.452, 1, 48, 1980 MHz, 522.47 W, 100 %, 75571 MiB
2026/09/27 14:55:52.452, 2, 52, 1980 MHz, 529.89 W, 100 %, 75571 MiB
2026/09/27 14:55:52.452, 3, 46, 1980 MHz, 605.02 W, 100 %, 75571 MiB
2026/09/27 14:55:52.452, 4, 48, 1980 MHz, 590.75 W, 100 %, 75571 MiB
2026/09/27 14:55:52.452, 5, 51, 1980 MHz, 541.46 W, 100 %, 75571 MiB
2026/09/27 14:55:52.452, 6, 46, 1980 MHz, 526.09 W, 100 %, 75571 MiB
2026/09/27 14:55:52.452, 7, 45, 1980 MHz, 520.84 W, 100 %, 75187 MiB
2026/09/27 14:55:54.453, 0, 44, 1980 MHz, 520.69 W, 100 %, 75189 MiB
2026/09/27 14:55:54.453, 1, 48, 1980 MHz, 523.06 W, 100 %, 75571 MiB
2026/09/27 14:55:54.453, 2, 52, 1980 MHz, 530.70 W, 100 %, 75571 MiB
2026/09/27 14:55:54.453, 3, 46, 1980 MHz, 606.50 W, 100 %, 75571 MiB
2026/09/27 14:55:54.453, 4, 48, 1980 MHz, 589.46 W, 100 %, 75571 MiB
2026/09/27 14:55:54.453, 5, 51, 1980 MHz, 539.95 W, 100 %, 75571 MiB
2026/09/27 14:55:54.453, 6, 46, 1980 MHz, 526.19 W, 100 %, 75571 MiB
2026/09/27 14:55:54.453, 7, 45, 1980 MHz, 520.26 W, 100 %, 75187 MiB
2026/09/27 14:55:56.454, 0, 44, 1980 MHz, 520.51 W, 100 %, 75189 MiB
2026/09/27 14:55:56.454, 1, 49, 1980 MHz, 523.51 W, 100 %, 75571 MiB
2026/09/27 14:55:56.454, 2, 52, 1980 MHz, 530.18 W, 100 %, 75571 MiB
2026/09/27 14:55:56.454, 3, 46, 1980 MHz, 605.53 W, 100 %, 75571 MiB
2026/09/27 14:55:56.454, 4, 48, 1980 MHz, 589.99 W, 100 %, 75571 MiB
2026/09/27 14:55:56.454, 5, 51, 1980 MHz, 540.40 W, 100 %, 75571 MiB
2026/09/27 14:55:56.454, 6, 46, 1980 MHz, 526.78 W, 100 %, 75571 MiB
2026/09/27 14:55:56.454, 7, 45, 1980 MHz, 520.10 W, 100 %, 75187 MiB
2026/09/27 14:55:58.455, 0, 44, 1980 MHz, 518.32 W, 100 %, 75189 MiB
2026/09/27 14:55:58.455, 1, 48, 1980 MHz, 523.02 W, 100 %, 75571 MiB
2026/09/27 14:55:58.455, 2, 52, 1980 MHz, 531.06 W, 100 %, 75571 MiB
2026/09/27 14:55:58.455, 3, 46, 1980 MHz, 608.01 W, 100 %, 75571 MiB
2026/09/27 14:55:58.455, 4, 48, 1980 MHz, 590.78 W, 100 %, 75571 MiB
2026/09/27 14:55:58.455, 5, 52, 1980 MHz, 542.10 W, 100 %, 75571 MiB
2026/09/27 14:55:58.455, 6, 46, 1980 MHz, 526.68 W, 100 %, 75571 MiB
2026/09/27 14:55:58.455, 7, 45, 1980 MHz, 519.95 W, 100 %, 75187 MiB
2026/09/27 14:56:00.456, 0, 44, 1980 MHz, 519.10 W, 100 %, 75189 MiB
2026/09/27 14:56:00.456, 1, 48, 1980 MHz, 523.59 W, 100 %, 75571 MiB
2026/09/27 14:56:00.456, 2, 52, 1980 MHz, 530.17 W, 100 %, 75571 MiB
2026/09/27 14:56:00.456, 3, 46, 1980 MHz, 609.27 W, 100 %, 75571 MiB
2026/09/27 14:56:00.456, 4, 48, 1980 MHz, 592.33 W, 100 %, 75571 MiB
2026/09/27 14:56:00.456, 5, 51, 1980 MHz, 541.30 W, 100 %, 75571 MiB
2026/09/27 14:56:00.456, 6, 46, 1980 MHz, 525.77 W, 100 %, 75571 MiB
2026/09/27 14:56:00.456, 7, 45, 1980 MHz, 520.32 W, 100 %, 75187 MiB
2026/09/27 14:56:02.457, 0, 44, 1980 MHz, 520.85 W, 100 %, 75189 MiB
2026/09/27 14:56:02.457, 1, 48, 1980 MHz, 522.63 W, 100 %, 75571 MiB
2026/09/27 14:56:02.457, 2, 52, 1980 MHz, 529.04 W, 100 %, 75571 MiB
2026/09/27 14:56:02.457, 3, 46, 1980 MHz, 609.08 W, 100 %, 75571 MiB
2026/09/27 14:56:02.457, 4, 48, 1980 MHz, 591.78 W, 100 %, 75571 MiB
2026/09/27 14:56:02.457, 5, 51, 1980 MHz, 540.67 W, 100 %, 75571 MiB
2026/09/27 14:56:02.457, 6, 46, 1980 MHz, 525.15 W, 100 %, 75571 MiB
2026/09/27 14:56:02.457, 7, 45, 1980 MHz, 520.45 W, 100 %, 75187 MiB
2026/09/27 14:56:04.458, 0, 44, 1980 MHz, 520.20 W, 100 %, 75189 MiB
2026/09/27 14:56:04.458, 1, 49, 1980 MHz, 523.02 W, 100 %, 75571 MiB
2026/09/27 14:56:04.458, 2, 52, 1980 MHz, 530.78 W, 100 %, 75571 MiB
2026/09/27 14:56:04.458, 3, 46, 1980 MHz, 608.55 W, 100 %, 75571 MiB
2026/09/27 14:56:04.458, 4, 48, 1980 MHz, 592.06 W, 100 %, 75571 MiB
2026/09/27 14:56:04.458, 5, 52, 1980 MHz, 539.86 W, 100 %, 75571 MiB
2026/09/27 14:56:04.458, 6, 46, 1980 MHz, 526.97 W, 100 %, 75571 MiB
2026/09/27 14:56:04.458, 7, 45, 1980 MHz, 520.12 W, 100 %, 75187 MiB
2026/09/27 14:56:06.459, 0, 44, 1980 MHz, 518.84 W, 100 %, 75189 MiB
2026/09/27 14:56:06.459, 1, 48, 1980 MHz, 523.79 W, 100 %, 75571 MiB
2026/09/27 14:56:06.459, 2, 52, 1980 MHz, 532.17 W, 100 %, 75571 MiB
2026/09/27 14:56:06.459, 3, 46, 1980 MHz, 609.68 W, 100 %, 75571 MiB
2026/09/27 14:56:06.459, 4, 48, 1980 MHz, 594.30 W, 100 %, 75571 MiB
2026/09/27 14:56:06.459, 5, 52, 1980 MHz, 540.44 W, 100 %, 75571 MiB
2026/09/27 14:56:06.459, 6, 46, 1980 MHz, 526.79 W, 100 %, 75571 MiB
2026/09/27 14:56:06.459, 7, 45, 1980 MHz, 521.13 W, 100 %, 75187 MiB
2026/09/27 14:56:08.460, 0, 44, 1980 MHz, 519.97 W, 100 %, 75189 MiB
2026/09/27 14:56:08.460, 1, 48, 1980 MHz, 523.96 W, 100 %, 75571 MiB
2026/09/27 14:56:08.460, 2, 52, 1980 MHz, 531.44 W, 100 %, 75571 MiB
2026/09/27 14:56:08.460, 3, 46, 1980 MHz, 610.34 W, 100 %, 75571 MiB
2026/09/27 14:56:08.460, 4, 48, 1980 MHz, 594.34 W, 100 %, 75571 MiB
2026/09/27 14:56:08.460, 5, 51, 1980 MHz, 541.47 W, 100 %, 75571 MiB
2026/09/27 14:56:08.460, 6, 46, 1980 MHz, 525.33 W, 100 %, 75571 MiB
2026/09/27 14:56:08.460, 7, 45, 1980 MHz, 522.73 W, 100 %, 75187 MiB
2026/09/27 14:56:10.460, 0, 44, 1980 MHz, 520.31 W, 100 %, 75189 MiB
2026/09/27 14:56:10.461, 1, 48, 1980 MHz, 521.67 W, 100 %, 75571 MiB
2026/09/27 14:56:10.461, 2, 52, 1980 MHz, 529.60 W, 100 %, 75571 MiB
2026/09/27 14:56:10.461, 3, 46, 1980 MHz, 610.06 W, 100 %, 75571 MiB
2026/09/27 14:56:10.461, 4, 48, 1980 MHz, 595.02 W, 100 %, 75571 MiB
2026/09/27 14:56:10.461, 5, 52, 1980 MHz, 540.70 W, 100 %, 75571 MiB
2026/09/27 14:56:10.461, 6, 46, 1980 MHz, 525.18 W, 100 %, 75571 MiB
2026/09/27 14:56:10.461, 7, 45, 1980 MHz, 522.32 W, 100 %, 75187 MiB
2026/09/27 14:56:12.462, 0, 44, 1980 MHz, 519.05 W, 100 %, 75189 MiB
2026/09/27 14:56:12.462, 1, 49, 1980 MHz, 523.68 W, 100 %, 75571 MiB
2026/09/27 14:56:12.462, 2, 52, 1980 MHz, 531.08 W, 100 %, 75571 MiB
2026/09/27 14:56:12.462, 3, 46, 1980 MHz, 611.46 W, 100 %, 75571 MiB
2026/09/27 14:56:12.462, 4, 48, 1980 MHz, 594.97 W, 100 %, 75571 MiB
2026/09/27 14:56:12.462, 5, 52, 1980 MHz, 540.04 W, 100 %, 75571 MiB
2026/09/27 14:56:12.462, 6, 46, 1980 MHz, 525.73 W, 100 %, 75571 MiB
2026/09/27 14:56:12.462, 7, 45, 1980 MHz, 521.08 W, 100 %, 75187 MiB
2026/09/27 14:56:14.463, 0, 44, 1980 MHz, 518.84 W, 100 %, 75189 MiB
2026/09/27 14:56:14.463, 1, 48, 1980 MHz, 523.59 W, 100 %, 75571 MiB
2026/09/27 14:56:14.463, 2, 52, 1980 MHz, 531.22 W, 100 %, 75571 MiB
2026/09/27 14:56:14.463, 3, 46, 1980 MHz, 612.98 W, 100 %, 75571 MiB
2026/09/27 14:56:14.463, 4, 48, 1980 MHz, 595.07 W, 100 %, 75571 MiB
2026/09/27 14:56:14.463, 5, 52, 1980 MHz, 539.59 W, 100 %, 75571 MiB
2026/09/27 14:56:14.463, 6, 46, 1980 MHz, 527.19 W, 100 %, 75571 MiB
2026/09/27 14:56:14.463, 7, 45, 1980 MHz, 521.15 W, 100 %, 75187 MiB
2026/09/27 14:56:16.464, 0, 44, 1980 MHz, 519.16 W, 100 %, 75189 MiB
2026/09/27 14:56:16.464, 1, 48, 1980 MHz, 524.17 W, 100 %, 75571 MiB
2026/09/27 14:56:16.464, 2, 52, 1980 MHz, 531.81 W, 100 %, 75571 MiB
2026/09/27 14:56:16.464, 3, 47, 1980 MHz, 613.46 W, 100 %, 75571 MiB
2026/09/27 14:56:16.464, 4, 49, 1980 MHz, 596.53 W, 100 %, 75571 MiB
2026/09/27 14:56:16.464, 5, 51, 1980 MHz, 540.58 W, 100 %, 75571 MiB
2026/09/27 14:56:16.464, 6, 46, 1980 MHz, 527.76 W, 100 %, 75571 MiB
2026/09/27 14:56:16.464, 7, 45, 1980 MHz, 521.98 W, 100 %, 75187 MiB
2026/09/27 14:56:18.465, 0, 44, 1980 MHz, 519.58 W, 100 %, 75189 MiB
2026/09/27 14:56:18.465, 1, 48, 1980 MHz, 523.08 W, 100 %, 75571 MiB
2026/09/27 14:56:18.465, 2, 52, 1980 MHz, 530.04 W, 100 %, 75571 MiB
2026/09/27 14:56:18.465, 3, 46, 1980 MHz, 613.47 W, 100 %, 75571 MiB
2026/09/27 14:56:18.465, 4, 48, 1980 MHz, 597.30 W, 100 %, 75571 MiB
2026/09/27 14:56:18.465, 5, 52, 1980 MHz, 541.92 W, 100 %, 75571 MiB
2026/09/27 14:56:18.465, 6, 46, 1980 MHz, 525.45 W, 100 %, 75571 MiB
2026/09/27 14:56:18.465, 7, 45, 1980 MHz, 522.62 W, 100 %, 75187 MiB
2026/09/27 14:56:20.466, 0, 44, 1980 MHz, 520.50 W, 100 %, 75189 MiB
2026/09/27 14:56:20.466, 1, 49, 1980 MHz, 522.37 W, 100 %, 75571 MiB
2026/09/27 14:56:20.466, 2, 52, 1980 MHz, 529.96 W, 100 %, 75571 MiB
2026/09/27 14:56:20.466, 3, 46, 1980 MHz, 613.84 W, 100 %, 75571 MiB
2026/09/27 14:56:20.466, 4, 49, 1980 MHz, 598.34 W, 100 %, 75571 MiB
2026/09/27 14:56:20.466, 5, 52, 1980 MHz, 540.33 W, 100 %, 75571 MiB
2026/09/27 14:56:20.466, 6, 46, 1980 MHz, 524.63 W, 100 %, 75571 MiB
2026/09/27 14:56:20.466, 7, 45, 1980 MHz, 522.13 W, 100 %, 75187 MiB
2026/09/27 14:56:22.467, 0, 44, 1980 MHz, 519.29 W, 100 %, 75189 MiB
2026/09/27 14:56:22.467, 1, 48, 1980 MHz, 523.42 W, 100 %, 75571 MiB
2026/09/27 14:56:22.467, 2, 52, 1980 MHz, 531.07 W, 100 %, 75571 MiB
2026/09/27 14:56:22.467, 3, 46, 1980 MHz, 614.28 W, 100 %, 75571 MiB
2026/09/27 14:56:22.467, 4, 49, 1980 MHz, 597.75 W, 100 %, 75571 MiB
2026/09/27 14:56:22.467, 5, 52, 1980 MHz, 540.15 W, 100 %, 75571 MiB
2026/09/27 14:56:22.467, 6, 46, 1980 MHz, 525.97 W, 100 %, 75571 MiB
2026/09/27 14:56:22.467, 7, 45, 1980 MHz, 521.20 W, 100 %, 75187 MiB
2026/09/27 14:56:24.468, 0, 44, 1980 MHz, 518.94 W, 100 %, 75189 MiB
2026/09/27 14:56:24.468, 1, 48, 1980 MHz, 524.00 W, 100 %, 75571 MiB
2026/09/27 14:56:24.468, 2, 52, 1980 MHz, 531.79 W, 100 %, 75571 MiB
2026/09/27 14:56:24.468, 3, 46, 1980 MHz, 615.61 W, 100 %, 75571 MiB
2026/09/27 14:56:24.468, 4, 49, 1980 MHz, 598.56 W, 100 %, 75571 MiB
2026/09/27 14:56:24.468, 5, 52, 1980 MHz, 541.33 W, 100 %, 75571 MiB
2026/09/27 14:56:24.468, 6, 46, 1980 MHz, 525.53 W, 100 %, 75571 MiB
2026/09/27 14:56:24.468, 7, 45, 1980 MHz, 522.49 W, 100 %, 75187 MiB
2026/09/27 14:56:26.469, 0, 44, 1980 MHz, 519.88 W, 100 %, 75189 MiB
2026/09/27 14:56:26.469, 1, 48, 1980 MHz, 522.71 W, 100 %, 75571 MiB
2026/09/27 14:56:26.469, 2, 52, 1980 MHz, 531.26 W, 100 %, 75571 MiB
2026/09/27 14:56:26.469, 3, 46, 1980 MHz, 615.34 W, 100 %, 75571 MiB
2026/09/27 14:56:26.469, 4, 48, 1980 MHz, 601.26 W, 100 %, 75571 MiB
2026/09/27 14:56:26.469, 5, 52, 1980 MHz, 541.82 W, 100 %, 75571 MiB
2026/09/27 14:56:26.469, 6, 46, 1980 MHz, 527.65 W, 100 %, 75571 MiB
2026/09/27 14:56:26.469, 7, 45, 1980 MHz, 522.08 W, 100 %, 75187 MiB
2026/09/27 14:56:28.470, 0, 44, 1980 MHz, 520.58 W, 100 %, 75189 MiB
2026/09/27 14:56:28.470, 1, 49, 1980 MHz, 522.83 W, 100 %, 75571 MiB
2026/09/27 14:56:28.470, 2, 52, 1980 MHz, 530.62 W, 100 %, 75571 MiB
2026/09/27 14:56:28.470, 3, 47, 1980 MHz, 616.94 W, 100 %, 75571 MiB
2026/09/27 14:56:28.470, 4, 49, 1980 MHz, 599.97 W, 100 %, 75571 MiB
2026/09/27 14:56:28.470, 5, 52, 1980 MHz, 541.35 W, 100 %, 75571 MiB
2026/09/27 14:56:28.470, 6, 46, 1980 MHz, 525.86 W, 100 %, 75571 MiB
2026/09/27 14:56:28.470, 7, 45, 1980 MHz, 522.17 W, 100 %, 75187 MiB
2026/09/27 14:56:30.471, 0, 44, 1980 MHz, 519.53 W, 100 %, 75189 MiB
2026/09/27 14:56:30.471, 1, 48, 1980 MHz, 522.63 W, 100 %, 75571 MiB
2026/09/27 14:56:30.471, 2, 52, 1980 MHz, 530.57 W, 100 %, 75571 MiB
2026/09/27 14:56:30.471, 3, 47, 1980 MHz, 615.90 W, 100 %, 75571 MiB
2026/09/27 14:56:30.471, 4, 49, 1980 MHz, 599.92 W, 100 %, 75571 MiB
2026/09/27 14:56:30.471, 5, 52, 1980 MHz, 540.72 W, 100 %, 75571 MiB
2026/09/27 14:56:30.471, 6, 46, 1980 MHz, 523.85 W, 100 %, 75571 MiB
2026/09/27 14:56:30.471, 7, 45, 1980 MHz, 520.26 W, 100 %, 75187 MiB
2026/09/27 14:56:32.472, 0, 44, 1980 MHz, 515.06 W, 100 %, 75189 MiB
2026/09/27 14:56:32.472, 1, 48, 1980 MHz, 518.08 W, 100 %, 75571 MiB
2026/09/27 14:56:32.472, 2, 52, 1980 MHz, 526.00 W, 100 %, 75571 MiB
2026/09/27 14:56:32.472, 3, 46, 1980 MHz, 609.91 W, 100 %, 75571 MiB
2026/09/27 14:56:32.472, 4, 49, 1980 MHz, 594.80 W, 100 %, 75571 MiB
2026/09/27 14:56:32.472, 5, 52, 1980 MHz, 535.61 W, 100 %, 75571 MiB
2026/09/27 14:56:32.472, 6, 46, 1980 MHz, 519.88 W, 100 %, 75571 MiB
2026/09/27 14:56:32.472, 7, 45, 1980 MHz, 515.74 W, 100 %, 75187 MiB
2026/09/27 14:56:34.473, 0, 44, 1980 MHz, 519.71 W, 100 %, 75189 MiB
2026/09/27 14:56:34.473, 1, 49, 1980 MHz, 522.83 W, 100 %, 75571 MiB
2026/09/27 14:56:34.473, 2, 52, 1980 MHz, 531.94 W, 100 %, 75571 MiB
2026/09/27 14:56:34.473, 3, 47, 1980 MHz, 618.22 W, 100 %, 75571 MiB
2026/09/27 14:56:34.473, 4, 49, 1980 MHz, 601.58 W, 100 %, 75571 MiB
2026/09/27 14:56:34.473, 5, 52, 1980 MHz, 543.04 W, 100 %, 75571 MiB
2026/09/27 14:56:34.473, 6, 46, 1980 MHz, 525.76 W, 100 %, 75571 MiB
2026/09/27 14:56:34.473, 7, 45, 1980 MHz, 522.07 W, 100 %, 75187 MiB
2026/09/27 14:56:36.474, 0, 44, 1980 MHz, 520.03 W, 100 %, 75189 MiB
2026/09/27 14:56:36.474, 1, 48, 1980 MHz, 522.53 W, 100 %, 75571 MiB
2026/09/27 14:56:36.474, 2, 52, 1980 MHz, 530.82 W, 100 %, 75571 MiB
2026/09/27 14:56:36.474, 3, 47, 1980 MHz, 617.07 W, 100 %, 75571 MiB
2026/09/27 14:56:36.474, 4, 49, 1980 MHz, 602.11 W, 100 %, 75571 MiB
2026/09/27 14:56:36.474, 5, 52, 1980 MHz, 541.26 W, 100 %, 75571 MiB
2026/09/27 14:56:36.474, 6, 46, 1980 MHz, 525.86 W, 100 %, 75571 MiB
2026/09/27 14:56:36.474, 7, 45, 1980 MHz, 520.86 W, 100 %, 75187 MiB
2026/09/27 14:56:38.475, 0, 44, 1980 MHz, 519.76 W, 100 %, 75189 MiB
2026/09/27 14:56:38.475, 1, 48, 1980 MHz, 522.91 W, 100 %, 75571 MiB
2026/09/27 14:56:38.475, 2, 52, 1980 MHz, 533.39 W, 100 %, 75571 MiB
2026/09/27 14:56:38.475, 3, 47, 1980 MHz, 618.01 W, 100 %, 75571 MiB
2026/09/27 14:56:38.475, 4, 49, 1980 MHz, 601.54 W, 100 %, 75571 MiB
2026/09/27 14:56:38.475, 5, 52, 1980 MHz, 540.62 W, 100 %, 75571 MiB
2026/09/27 14:56:38.475, 6, 46, 1980 MHz, 526.00 W, 100 %, 75571 MiB
2026/09/27 14:56:38.475, 7, 45, 1980 MHz, 519.45 W, 100 %, 75187 MiB
2026/09/27 14:56:40.476, 0, 44, 1980 MHz, 519.03 W, 100 %, 75189 MiB
2026/09/27 14:56:40.476, 1, 48, 1980 MHz, 523.92 W, 100 %, 75571 MiB
2026/09/27 14:56:40.476, 2, 52, 1980 MHz, 531.47 W, 100 %, 75571 MiB
2026/09/27 14:56:40.476, 3, 47, 1980 MHz, 618.95 W, 100 %, 75571 MiB
2026/09/27 14:56:40.476, 4, 49, 1980 MHz, 603.23 W, 100 %, 75571 MiB
2026/09/27 14:56:40.476, 5, 52, 1980 MHz, 543.48 W, 100 %, 75571 MiB
2026/09/27 14:56:40.476, 6, 46, 1980 MHz, 528.17 W, 100 %, 75571 MiB
2026/09/27 14:56:40.476, 7, 45, 1980 MHz, 520.97 W, 100 %, 75187 MiB
2026/09/27 14:56:42.477, 0, 44, 1980 MHz, 518.88 W, 100 %, 75189 MiB
2026/09/27 14:56:42.477, 1, 48, 1980 MHz, 523.64 W, 100 %, 75571 MiB
2026/09/27 14:56:42.477, 2, 52, 1980 MHz, 532.85 W, 100 %, 75571 MiB
2026/09/27 14:56:42.477, 3, 47, 1980 MHz, 619.97 W, 100 %, 75571 MiB
2026/09/27 14:56:42.477, 4, 49, 1980 MHz, 603.32 W, 100 %, 75571 MiB
2026/09/27 14:56:42.477, 5, 52, 1980 MHz, 542.49 W, 100 %, 75571 MiB
2026/09/27 14:56:42.477, 6, 46, 1980 MHz, 528.49 W, 100 %, 75571 MiB
2026/09/27 14:56:42.477, 7, 45, 1980 MHz, 521.16 W, 100 %, 75187 MiB
2026/09/27 14:56:44.478, 0, 44, 1980 MHz, 520.34 W, 100 %, 75189 MiB
2026/09/27 14:56:44.478, 1, 48, 1980 MHz, 522.65 W, 100 %, 75571 MiB
2026/09/27 14:56:44.478, 2, 52, 1980 MHz, 533.39 W, 100 %, 75571 MiB
2026/09/27 14:56:44.478, 3, 47, 1980 MHz, 619.41 W, 100 %, 75571 MiB
2026/09/27 14:56:44.478, 4, 49, 1980 MHz, 602.88 W, 100 %, 75571 MiB
2026/09/27 14:56:44.478, 5, 52, 1980 MHz, 543.34 W, 100 %, 75571 MiB
2026/09/27 14:56:44.478, 6, 46, 1980 MHz, 526.70 W, 100 %, 75571 MiB
2026/09/27 14:56:44.478, 7, 45, 1980 MHz, 521.98 W, 100 %, 75187 MiB
2026/09/27 14:56:46.479, 0, 44, 1980 MHz, 520.33 W, 100 %, 75189 MiB
2026/09/27 14:56:46.479, 1, 48, 1980 MHz, 522.11 W, 100 %, 75571 MiB
2026/09/27 14:56:46.479, 2, 52, 1980 MHz, 533.22 W, 100 %, 75571 MiB
2026/09/27 14:56:46.479, 3, 47, 1980 MHz, 618.55 W, 100 %, 75571 MiB
2026/09/27 14:56:46.479, 4, 49, 1980 MHz, 602.37 W, 100 %, 75571 MiB
2026/09/27 14:56:46.479, 5, 52, 1980 MHz, 542.26 W, 100 %, 75571 MiB
2026/09/27 14:56:46.479, 6, 46, 1980 MHz, 525.59 W, 100 %, 75571 MiB
2026/09/27 14:56:46.479, 7, 45, 1980 MHz, 521.51 W, 100 %, 75187 MiB
2026/09/27 14:56:48.480, 0, 44, 1980 MHz, 519.36 W, 100 %, 75189 MiB
2026/09/27 14:56:48.480, 1, 48, 1980 MHz, 523.55 W, 100 %, 75571 MiB
2026/09/27 14:56:48.480, 2, 52, 1980 MHz, 533.86 W, 100 %, 75571 MiB
2026/09/27 14:56:48.480, 3, 47, 1980 MHz, 619.61 W, 100 %, 75571 MiB
2026/09/27 14:56:48.480, 4, 49, 1980 MHz, 604.29 W, 100 %, 75571 MiB
2026/09/27 14:56:48.480, 5, 52, 1980 MHz, 543.80 W, 100 %, 75571 MiB
2026/09/27 14:56:48.480, 6, 46, 1980 MHz, 526.23 W, 100 %, 75571 MiB
2026/09/27 14:56:48.480, 7, 45, 1980 MHz, 521.64 W, 100 %, 75187 MiB
2026/09/27 14:56:50.481, 0, 44, 1980 MHz, 519.34 W, 100 %, 75189 MiB
2026/09/27 14:56:50.481, 1, 48, 1980 MHz, 523.74 W, 100 %, 75571 MiB
2026/09/27 14:56:50.481, 2, 52, 1980 MHz, 535.22 W, 100 %, 75571 MiB
2026/09/27 14:56:50.481, 3, 47, 1980 MHz, 620.62 W, 100 %, 75571 MiB
2026/09/27 14:56:50.481, 4, 49, 1980 MHz, 605.03 W, 100 %, 75571 MiB
2026/09/27 14:56:50.481, 5, 52, 1980 MHz, 544.18 W, 100 %, 75571 MiB
2026/09/27 14:56:50.481, 6, 46, 1980 MHz, 526.28 W, 100 %, 75571 MiB
2026/09/27 14:56:50.481, 7, 45, 1980 MHz, 522.77 W, 100 %, 75187 MiB
2026/09/27 14:56:52.482, 0, 43, 1980 MHz, 519.66 W, 100 %, 75189 MiB
2026/09/27 14:56:52.482, 1, 48, 1980 MHz, 522.35 W, 100 %, 75571 MiB
2026/09/27 14:56:52.482, 2, 52, 1980 MHz, 534.54 W, 100 %, 75571 MiB
2026/09/27 14:56:52.482, 3, 47, 1980 MHz, 619.34 W, 100 %, 75571 MiB
2026/09/27 14:56:52.482, 4, 49, 1980 MHz, 604.42 W, 100 %, 75571 MiB
2026/09/27 14:56:52.482, 5, 52, 1980 MHz, 544.23 W, 100 %, 75571 MiB
2026/09/27 14:56:52.482, 6, 46, 1980 MHz, 526.31 W, 100 %, 75571 MiB
2026/09/27 14:56:52.482, 7, 45, 1980 MHz, 521.29 W, 100 %, 75187 MiB
2026/09/27 14:56:54.483, 0, 44, 1980 MHz, 520.53 W, 100 %, 75189 MiB
2026/09/27 14:56:54.483, 1, 48, 1980 MHz, 522.37 W, 100 %, 75571 MiB
2026/09/27 14:56:54.483, 2, 52, 1980 MHz, 534.97 W, 100 %, 75571 MiB
2026/09/27 14:56:54.483, 3, 47, 1980 MHz, 619.61 W, 100 %, 75571 MiB
2026/09/27 14:56:54.483, 4, 49, 1980 MHz, 604.21 W, 100 %, 75571 MiB
2026/09/27 14:56:54.483, 5, 52, 1980 MHz, 543.69 W, 100 %, 75571 MiB
2026/09/27 14:56:54.483, 6, 46, 1980 MHz, 525.59 W, 100 %, 75571 MiB
2026/09/27 14:56:54.483, 7, 45, 1980 MHz, 519.44 W, 100 %, 75187 MiB
2026/09/27 14:56:56.484, 0, 44, 1980 MHz, 519.72 W, 100 %, 75189 MiB
2026/09/27 14:56:56.484, 1, 48, 1980 MHz, 524.55 W, 100 %, 75571 MiB
2026/09/27 14:56:56.484, 2, 52, 1980 MHz, 535.31 W, 100 %, 75571 MiB
2026/09/27 14:56:56.484, 3, 47, 1980 MHz, 620.80 W, 100 %, 75571 MiB
2026/09/27 14:56:56.484, 4, 49, 1980 MHz, 604.89 W, 100 %, 75571 MiB
2026/09/27 14:56:56.484, 5, 52, 1980 MHz, 544.72 W, 100 %, 75571 MiB
2026/09/27 14:56:56.484, 6, 46, 1980 MHz, 525.04 W, 100 %, 75571 MiB
2026/09/27 14:56:56.484, 7, 45, 1980 MHz, 520.25 W, 100 %, 75187 MiB
2026/09/27 14:56:58.485, 0, 44, 1980 MHz, 518.90 W, 100 %, 75189 MiB
2026/09/27 14:56:58.485, 1, 48, 1980 MHz, 522.87 W, 100 %, 75571 MiB
2026/09/27 14:56:58.485, 2, 52, 1980 MHz, 536.75 W, 100 %, 75571 MiB
2026/09/27 14:56:58.485, 3, 47, 1980 MHz, 620.24 W, 100 %, 75571 MiB
2026/09/27 14:56:58.485, 4, 49, 1980 MHz, 605.31 W, 100 %, 75571 MiB
2026/09/27 14:56:58.485, 5, 52, 1980 MHz, 546.33 W, 100 %, 75571 MiB
2026/09/27 14:56:58.485, 6, 46, 1980 MHz, 526.45 W, 100 %, 75571 MiB
2026/09/27 14:56:58.485, 7, 45, 1980 MHz, 520.90 W, 100 %, 75187 MiB
2026/09/27 14:57:00.486, 0, 43, 1980 MHz, 519.29 W, 100 %, 75189 MiB
2026/09/27 14:57:00.486, 1, 48, 1980 MHz, 522.70 W, 100 %, 75571 MiB
2026/09/27 14:57:00.486, 2, 52, 1980 MHz, 536.22 W, 100 %, 75571 MiB
2026/09/27 14:57:00.486, 3, 47, 1980 MHz, 620.03 W, 100 %, 75571 MiB
2026/09/27 14:57:00.486, 4, 49, 1980 MHz, 605.37 W, 100 %, 75571 MiB
2026/09/27 14:57:00.486, 5, 52, 1980 MHz, 546.43 W, 100 %, 75571 MiB
2026/09/27 14:57:00.486, 6, 46, 1980 MHz, 526.07 W, 100 %, 75571 MiB
2026/09/27 14:57:00.486, 7, 45, 1980 MHz, 522.59 W, 100 %, 75187 MiB
2026/09/27 14:57:02.487, 0, 44, 1980 MHz, 520.34 W, 100 %, 75189 MiB
2026/09/27 14:57:02.487, 1, 48, 1980 MHz, 522.44 W, 100 %, 75571 MiB
2026/09/27 14:57:02.487, 2, 52, 1980 MHz, 535.27 W, 100 %, 75571 MiB
2026/09/27 14:57:02.487, 3, 47, 1980 MHz, 621.25 W, 100 %, 75571 MiB
2026/09/27 14:57:02.487, 4, 49, 1980 MHz, 604.40 W, 100 %, 75571 MiB
2026/09/27 14:57:02.487, 5, 52, 1980 MHz, 546.30 W, 100 %, 75571 MiB
2026/09/27 14:57:02.487, 6, 46, 1980 MHz, 524.84 W, 100 %, 75571 MiB
2026/09/27 14:57:02.487, 7, 45, 1980 MHz, 521.21 W, 100 %, 75187 MiB
2026/09/27 14:57:04.488, 0, 44, 1980 MHz, 519.70 W, 100 %, 75189 MiB
2026/09/27 14:57:04.488, 1, 48, 1980 MHz, 523.72 W, 100 %, 75571 MiB
2026/09/27 14:57:04.488, 2, 52, 1980 MHz, 536.53 W, 100 %, 75571 MiB
2026/09/27 14:57:04.488, 3, 46, 1980 MHz, 620.68 W, 100 %, 75571 MiB
2026/09/27 14:57:04.488, 4, 49, 1980 MHz, 604.52 W, 100 %, 75571 MiB
2026/09/27 14:57:04.488, 5, 52, 1980 MHz, 545.67 W, 100 %, 75571 MiB
2026/09/27 14:57:04.488, 6, 46, 1980 MHz, 524.68 W, 100 %, 75571 MiB
2026/09/27 14:57:04.488, 7, 45, 1980 MHz, 519.28 W, 100 %, 75187 MiB
2026/09/27 14:57:06.489, 0, 44, 1980 MHz, 518.82 W, 100 %, 75189 MiB
2026/09/27 14:57:06.489, 1, 48, 1980 MHz, 523.97 W, 100 %, 75571 MiB
2026/09/27 14:57:06.489, 2, 52, 1980 MHz, 538.91 W, 100 %, 75571 MiB
2026/09/27 14:57:06.489, 3, 47, 1980 MHz, 620.57 W, 100 %, 75571 MiB
2026/09/27 14:57:06.489, 4, 49, 1980 MHz, 606.09 W, 100 %, 75571 MiB
2026/09/27 14:57:06.490, 5, 52, 1980 MHz, 547.41 W, 100 %, 75571 MiB
2026/09/27 14:57:06.490, 6, 46, 1980 MHz, 525.93 W, 100 %, 75571 MiB
2026/09/27 14:57:06.490, 7, 45, 1980 MHz, 520.82 W, 100 %, 75187 MiB
2026/09/27 14:57:08.490, 0, 43, 1980 MHz, 519.95 W, 100 %, 75189 MiB
2026/09/27 14:57:08.490, 1, 48, 1980 MHz, 522.84 W, 100 %, 75571 MiB
2026/09/27 14:57:08.490, 2, 52, 1980 MHz, 539.12 W, 100 %, 75571 MiB
2026/09/27 14:57:08.490, 3, 47, 1980 MHz, 620.98 W, 100 %, 75571 MiB
2026/09/27 14:57:08.491, 4, 49, 1980 MHz, 606.41 W, 100 %, 75571 MiB
2026/09/27 14:57:08.491, 5, 52, 1980 MHz, 548.41 W, 100 %, 75571 MiB
2026/09/27 14:57:08.491, 6, 46, 1980 MHz, 527.14 W, 100 %, 75571 MiB
2026/09/27 14:57:08.491, 7, 45, 1980 MHz, 521.69 W, 100 %, 75187 MiB
2026/09/27 14:57:10.491, 0, 44, 1980 MHz, 519.91 W, 100 %, 75189 MiB
2026/09/27 14:57:10.491, 1, 48, 1980 MHz, 522.77 W, 100 %, 75571 MiB
2026/09/27 14:57:10.491, 2, 52, 1980 MHz, 538.55 W, 100 %, 75571 MiB
2026/09/27 14:57:10.492, 3, 47, 1980 MHz, 623.03 W, 100 %, 75571 MiB
2026/09/27 14:57:10.492, 4, 49, 1980 MHz, 606.49 W, 100 %, 75571 MiB
2026/09/27 14:57:10.492, 5, 52, 1980 MHz, 548.05 W, 100 %, 75571 MiB
2026/09/27 14:57:10.492, 6, 46, 1980 MHz, 525.20 W, 100 %, 75571 MiB
2026/09/27 14:57:10.492, 7, 45, 1980 MHz, 521.99 W, 100 %, 75187 MiB
2026/09/27 14:57:12.492, 0, 44, 1980 MHz, 520.33 W, 100 %, 75189 MiB
2026/09/27 14:57:12.492, 1, 48, 1980 MHz, 523.17 W, 100 %, 75571 MiB
2026/09/27 14:57:12.492, 2, 52, 1980 MHz, 538.79 W, 100 %, 75571 MiB
2026/09/27 14:57:12.493, 3, 47, 1980 MHz, 621.36 W, 100 %, 75571 MiB
2026/09/27 14:57:12.493, 4, 49, 1980 MHz, 605.66 W, 100 %, 75571 MiB
2026/09/27 14:57:12.493, 5, 52, 1980 MHz, 548.19 W, 100 %, 75571 MiB
2026/09/27 14:57:12.493, 6, 46, 1980 MHz, 524.74 W, 100 %, 75571 MiB
2026/09/27 14:57:12.493, 7, 45, 1980 MHz, 519.96 W, 100 %, 75187 MiB
2026/09/27 14:57:14.493, 0, 44, 1980 MHz, 519.69 W, 100 %, 75189 MiB
2026/09/27 14:57:14.493, 1, 48, 1980 MHz, 523.93 W, 100 %, 75571 MiB
2026/09/27 14:57:14.493, 2, 52, 1980 MHz, 539.69 W, 100 %, 75571 MiB
2026/09/27 14:57:14.494, 3, 47, 1980 MHz, 620.82 W, 100 %, 75571 MiB
2026/09/27 14:57:14.494, 4, 49, 1980 MHz, 606.42 W, 100 %, 75571 MiB
2026/09/27 14:57:14.494, 5, 52, 1980 MHz, 549.46 W, 100 %, 75571 MiB
2026/09/27 14:57:14.494, 6, 46, 1980 MHz, 525.67 W, 100 %, 75571 MiB
2026/09/27 14:57:14.494, 7, 45, 1980 MHz, 519.74 W, 100 %, 75187 MiB
2026/09/27 14:57:16.494, 0, 43, 1980 MHz, 518.97 W, 100 %, 75189 MiB
2026/09/27 14:57:16.494, 1, 48, 1980 MHz, 522.63 W, 100 %, 75571 MiB
2026/09/27 14:57:16.495, 2, 52, 1980 MHz, 541.13 W, 100 %, 75571 MiB
2026/09/27 14:57:16.495, 3, 47, 1980 MHz, 620.76 W, 100 %, 75571 MiB
2026/09/27 14:57:16.495, 4, 49, 1980 MHz, 606.59 W, 100 %, 75571 MiB
2026/09/27 14:57:16.495, 5, 52, 1980 MHz, 550.42 W, 100 %, 75571 MiB
2026/09/27 14:57:16.495, 6, 46, 1980 MHz, 526.20 W, 100 %, 75571 MiB
2026/09/27 14:57:16.495, 7, 45, 1980 MHz, 520.26 W, 100 %, 75187 MiB
2026/09/27 14:57:18.495, 0, 44, 1980 MHz, 519.63 W, 100 %, 75189 MiB
2026/09/27 14:57:18.495, 1, 48, 1980 MHz, 523.14 W, 100 %, 75571 MiB
2026/09/27 14:57:18.496, 2, 52, 1980 MHz, 541.53 W, 100 %, 75571 MiB
2026/09/27 14:57:18.496, 3, 47, 1980 MHz, 622.78 W, 100 %, 75571 MiB
2026/09/27 14:57:18.496, 4, 49, 1980 MHz, 607.24 W, 100 %, 75571 MiB
2026/09/27 14:57:18.496, 5, 52, 1980 MHz, 550.10 W, 100 %, 75571 MiB
2026/09/27 14:57:18.496, 6, 46, 1980 MHz, 525.22 W, 100 %, 75571 MiB
2026/09/27 14:57:18.496, 7, 45, 1980 MHz, 522.11 W, 100 %, 75187 MiB
2026/09/27 14:57:20.496, 0, 44, 1980 MHz, 520.14 W, 100 %, 75189 MiB
2026/09/27 14:57:20.497, 1, 48, 1980 MHz, 523.12 W, 100 %, 75571 MiB
2026/09/27 14:57:20.497, 2, 53, 1980 MHz, 541.58 W, 100 %, 75571 MiB
2026/09/27 14:57:20.497, 3, 47, 1980 MHz, 622.28 W, 100 %, 75571 MiB
2026/09/27 14:57:20.497, 4, 49, 1980 MHz, 605.22 W, 100 %, 75571 MiB
2026/09/27 14:57:20.497, 5, 52, 1980 MHz, 550.77 W, 100 %, 75571 MiB
2026/09/27 14:57:20.497, 6, 46, 1980 MHz, 524.41 W, 100 %, 75571 MiB
2026/09/27 14:57:20.497, 7, 45, 1980 MHz, 521.86 W, 100 %, 75187 MiB
2026/09/27 14:57:22.497, 0, 44, 1980 MHz, 519.95 W, 100 %, 75189 MiB
2026/09/27 14:57:22.498, 1, 48, 1980 MHz, 524.02 W, 100 %, 75571 MiB
2026/09/27 14:57:22.498, 2, 53, 1980 MHz, 541.54 W, 100 %, 75571 MiB
2026/09/27 14:57:22.498, 3, 47, 1980 MHz, 620.04 W, 100 %, 75571 MiB
2026/09/27 14:57:22.498, 4, 49, 1980 MHz, 605.80 W, 100 %, 75571 MiB
2026/09/27 14:57:22.498, 5, 52, 1980 MHz, 549.58 W, 100 %, 75571 MiB
2026/09/27 14:57:22.498, 6, 46, 1980 MHz, 525.03 W, 100 %, 75571 MiB
2026/09/27 14:57:22.498, 7, 45, 1980 MHz, 521.52 W, 100 %, 75187 MiB
2026/09/27 14:57:24.498, 0, 43, 1980 MHz, 519.11 W, 100 %, 75189 MiB
2026/09/27 14:57:24.499, 1, 48, 1980 MHz, 524.05 W, 100 %, 75571 MiB
2026/09/27 14:57:24.499, 2, 52, 1980 MHz, 542.67 W, 100 %, 75571 MiB
2026/09/27 14:57:24.499, 3, 47, 1980 MHz, 622.66 W, 100 %, 75571 MiB
2026/09/27 14:57:24.499, 4, 49, 1980 MHz, 607.04 W, 100 %, 75571 MiB
2026/09/27 14:57:24.499, 5, 52, 1980 MHz, 553.27 W, 100 %, 75571 MiB
2026/09/27 14:57:24.499, 6, 46, 1980 MHz, 525.92 W, 100 %, 75571 MiB
2026/09/27 14:57:24.499, 7, 45, 1980 MHz, 522.67 W, 100 %, 75187 MiB
2026/09/27 14:57:26.499, 0, 44, 1980 MHz, 518.89 W, 100 %, 75189 MiB
2026/09/27 14:57:26.500, 1, 48, 1980 MHz, 524.37 W, 100 %, 75571 MiB
2026/09/27 14:57:26.500, 2, 52, 1980 MHz, 543.46 W, 100 %, 75571 MiB
2026/09/27 14:57:26.500, 3, 47, 1980 MHz, 622.18 W, 100 %, 75571 MiB
2026/09/27 14:57:26.500, 4, 49, 1980 MHz, 607.46 W, 100 %, 75571 MiB
2026/09/27 14:57:26.500, 5, 52, 1980 MHz, 552.40 W, 100 %, 75571 MiB
2026/09/27 14:57:26.500, 6, 46, 1980 MHz, 525.91 W, 100 %, 75571 MiB
2026/09/27 14:57:26.500, 7, 45, 1980 MHz, 522.10 W, 100 %, 75187 MiB
2026/09/27 14:57:28.500, 0, 44, 1980 MHz, 520.58 W, 100 %, 75189 MiB
2026/09/27 14:57:28.501, 1, 48, 1980 MHz, 524.35 W, 100 %, 75571 MiB
2026/09/27 14:57:28.501, 2, 53, 1980 MHz, 543.18 W, 100 %, 75571 MiB
2026/09/27 14:57:28.501, 3, 47, 1980 MHz, 621.32 W, 100 %, 75571 MiB
2026/09/27 14:57:28.501, 4, 49, 1980 MHz, 605.45 W, 100 %, 75571 MiB
2026/09/27 14:57:28.501, 5, 52, 1980 MHz, 552.86 W, 100 %, 75571 MiB
2026/09/27 14:57:28.501, 6, 46, 1980 MHz, 524.68 W, 100 %, 75571 MiB
2026/09/27 14:57:28.501, 7, 45, 1980 MHz, 521.15 W, 100 %, 75187 MiB
2026/09/27 14:57:30.501, 0, 44, 1980 MHz, 520.34 W, 100 %, 75189 MiB
2026/09/27 14:57:30.502, 1, 48, 1980 MHz, 525.85 W, 100 %, 75571 MiB
2026/09/27 14:57:30.502, 2, 53, 1980 MHz, 543.93 W, 100 %, 75571 MiB
2026/09/27 14:57:30.502, 3, 47, 1980 MHz, 621.05 W, 100 %, 75571 MiB
2026/09/27 14:57:30.502, 4, 49, 1980 MHz, 606.27 W, 100 %, 75571 MiB
2026/09/27 14:57:30.502, 5, 52, 1980 MHz, 552.68 W, 100 %, 75571 MiB
2026/09/27 14:57:30.502, 6, 46, 1980 MHz, 524.56 W, 100 %, 75571 MiB
2026/09/27 14:57:30.502, 7, 45, 1980 MHz, 519.64 W, 100 %, 75187 MiB
2026/09/27 14:57:32.502, 0, 44, 1980 MHz, 518.89 W, 100 %, 75189 MiB
2026/09/27 14:57:32.503, 1, 48, 1980 MHz, 526.13 W, 100 %, 75571 MiB
2026/09/27 14:57:32.503, 2, 53, 1980 MHz, 544.72 W, 100 %, 75571 MiB
2026/09/27 14:57:32.503, 3, 47, 1980 MHz, 621.69 W, 100 %, 75571 MiB
2026/09/27 14:57:32.503, 4, 49, 1980 MHz, 606.98 W, 100 %, 75571 MiB
2026/09/27 14:57:32.503, 5, 52, 1980 MHz, 554.49 W, 100 %, 75571 MiB
2026/09/27 14:57:32.503, 6, 46, 1980 MHz, 525.84 W, 100 %, 75571 MiB
2026/09/27 14:57:32.503, 7, 45, 1980 MHz, 520.46 W, 100 %, 75187 MiB
2026/09/27 14:57:34.503, 0, 44, 1980 MHz, 519.18 W, 100 %, 75189 MiB
2026/09/27 14:57:34.504, 1, 48, 1980 MHz, 525.09 W, 100 %, 75571 MiB
2026/09/27 14:57:34.504, 2, 53, 1980 MHz, 546.75 W, 100 %, 75571 MiB
2026/09/27 14:57:34.504, 3, 47, 1980 MHz, 621.60 W, 100 %, 75571 MiB
2026/09/27 14:57:34.504, 4, 49, 1980 MHz, 606.41 W, 100 %, 75571 MiB
2026/09/27 14:57:34.504, 5, 52, 1980 MHz, 555.36 W, 100 %, 75571 MiB
2026/09/27 14:57:34.504, 6, 46, 1980 MHz, 525.50 W, 100 %, 75571 MiB
2026/09/27 14:57:34.504, 7, 45, 1980 MHz, 521.23 W, 100 %, 75187 MiB
2026/09/27 14:57:36.504, 0, 44, 1980 MHz, 520.60 W, 100 %, 75189 MiB
2026/09/27 14:57:36.505, 1, 49, 1980 MHz, 523.80 W, 100 %, 75571 MiB
2026/09/27 14:57:36.505, 2, 53, 1980 MHz, 545.19 W, 100 %, 75571 MiB
2026/09/27 14:57:36.505, 3, 47, 1980 MHz, 621.65 W, 100 %, 75571 MiB
2026/09/27 14:57:36.505, 4, 49, 1980 MHz, 605.68 W, 100 %, 75571 MiB
2026/09/27 14:57:36.505, 5, 52, 1980 MHz, 555.60 W, 100 %, 75571 MiB
2026/09/27 14:57:36.505, 6, 46, 1980 MHz, 525.62 W, 100 %, 75571 MiB
2026/09/27 14:57:36.505, 7, 45, 1980 MHz, 520.88 W, 100 %, 75187 MiB
2026/09/27 14:57:38.505, 0, 44, 1980 MHz, 520.78 W, 100 %, 75189 MiB
2026/09/27 14:57:38.506, 1, 48, 1980 MHz, 525.64 W, 100 %, 75571 MiB
2026/09/27 14:57:38.506, 2, 53, 1980 MHz, 546.64 W, 100 %, 75571 MiB
2026/09/27 14:57:38.506, 3, 47, 1980 MHz, 623.07 W, 100 %, 75571 MiB
2026/09/27 14:57:38.506, 4, 49, 1980 MHz, 606.28 W, 100 %, 75571 MiB
2026/09/27 14:57:38.506, 5, 52, 1980 MHz, 555.73 W, 100 %, 75571 MiB
2026/09/27 14:57:38.506, 6, 46, 1980 MHz, 525.09 W, 100 %, 75571 MiB
2026/09/27 14:57:38.506, 7, 45, 1980 MHz, 519.47 W, 100 %, 75187 MiB
2026/09/27 14:57:40.506, 0, 43, 1980 MHz, 519.09 W, 100 %, 75189 MiB
2026/09/27 14:57:40.507, 1, 48, 1980 MHz, 525.76 W, 100 %, 75571 MiB
2026/09/27 14:57:40.507, 2, 53, 1980 MHz, 546.87 W, 100 %, 75571 MiB
2026/09/27 14:57:40.507, 3, 47, 1980 MHz, 621.19 W, 100 %, 75571 MiB
2026/09/27 14:57:40.507, 4, 49, 1980 MHz, 606.18 W, 100 %, 75571 MiB
2026/09/27 14:57:40.507, 5, 52, 1980 MHz, 556.87 W, 100 %, 75571 MiB
2026/09/27 14:57:40.507, 6, 46, 1980 MHz, 525.08 W, 100 %, 75571 MiB
2026/09/27 14:57:40.507, 7, 45, 1980 MHz, 520.07 W, 100 %, 75187 MiB
2026/09/27 14:57:42.507, 0, 44, 1980 MHz, 518.84 W, 100 %, 75189 MiB
2026/09/27 14:57:42.508, 1, 48, 1980 MHz, 525.44 W, 100 %, 75571 MiB
2026/09/27 14:57:42.508, 2, 53, 1980 MHz, 549.35 W, 100 %, 75571 MiB
2026/09/27 14:57:42.508, 3, 47, 1980 MHz, 621.60 W, 100 %, 75571 MiB
2026/09/27 14:57:42.508, 4, 49, 1980 MHz, 607.64 W, 100 %, 75571 MiB
2026/09/27 14:57:42.508, 5, 52, 1980 MHz, 557.23 W, 100 %, 75571 MiB
2026/09/27 14:57:42.508, 6, 46, 1980 MHz, 526.03 W, 100 %, 75571 MiB
2026/09/27 14:57:42.508, 7, 45, 1980 MHz, 522.02 W, 100 %, 75187 MiB
2026/09/27 14:57:44.508, 0, 44, 1980 MHz, 519.83 W, 100 %, 75189 MiB
2026/09/27 14:57:44.509, 1, 48, 1980 MHz, 524.39 W, 100 %, 75571 MiB
2026/09/27 14:57:44.509, 2, 53, 1980 MHz, 548.63 W, 100 %, 75571 MiB
2026/09/27 14:57:44.509, 3, 47, 1980 MHz, 623.49 W, 100 %, 75571 MiB
2026/09/27 14:57:44.509, 4, 49, 1980 MHz, 605.74 W, 100 %, 75571 MiB
2026/09/27 14:57:44.509, 5, 52, 1980 MHz, 556.70 W, 100 %, 75571 MiB
2026/09/27 14:57:44.509, 6, 46, 1980 MHz, 526.36 W, 100 %, 75571 MiB
2026/09/27 14:57:44.509, 7, 45, 1980 MHz, 520.09 W, 100 %, 75187 MiB
2026/09/27 14:57:46.510, 0, 43, 1980 MHz, 519.71 W, 100 %, 75189 MiB
2026/09/27 14:57:46.510, 1, 48, 1980 MHz, 524.19 W, 100 %, 75571 MiB
2026/09/27 14:57:46.510, 2, 53, 1980 MHz, 548.98 W, 100 %, 75571 MiB
2026/09/27 14:57:46.510, 3, 47, 1980 MHz, 621.80 W, 100 %, 75571 MiB
2026/09/27 14:57:46.510, 4, 49, 1980 MHz, 606.60 W, 100 %, 75571 MiB
2026/09/27 14:57:46.510, 5, 52, 1980 MHz, 558.25 W, 100 %, 75571 MiB
2026/09/27 14:57:46.510, 6, 46, 1980 MHz, 526.27 W, 100 %, 75571 MiB
2026/09/27 14:57:46.510, 7, 44, 1980 MHz, 520.79 W, 100 %, 75187 MiB
2026/09/27 14:57:48.511, 0, 43, 1980 MHz, 519.73 W, 100 %, 75189 MiB
2026/09/27 14:57:48.511, 1, 48, 1980 MHz, 525.66 W, 100 %, 75571 MiB
2026/09/27 14:57:48.511, 2, 53, 1980 MHz, 548.19 W, 100 %, 75571 MiB
2026/09/27 14:57:48.511, 3, 47, 1980 MHz, 621.03 W, 100 %, 75571 MiB
2026/09/27 14:57:48.511, 4, 49, 1980 MHz, 605.86 W, 100 %, 75571 MiB
2026/09/27 14:57:48.511, 5, 52, 1980 MHz, 558.01 W, 100 %, 75571 MiB
2026/09/27 14:57:48.511, 6, 46, 1980 MHz, 525.67 W, 100 %, 75571 MiB
2026/09/27 14:57:48.511, 7, 45, 1980 MHz, 520.54 W, 100 %, 75187 MiB
2026/09/27 14:57:50.512, 0, 44, 1980 MHz, 518.88 W, 100 %, 75189 MiB
2026/09/27 14:57:50.512, 1, 48, 1980 MHz, 525.70 W, 100 %, 75571 MiB
2026/09/27 14:57:50.512, 2, 53, 1980 MHz, 550.93 W, 100 %, 75571 MiB
2026/09/27 14:57:50.512, 3, 47, 1980 MHz, 621.88 W, 100 %, 75571 MiB
2026/09/27 14:57:50.512, 4, 49, 1980 MHz, 606.71 W, 100 %, 75571 MiB
2026/09/27 14:57:50.512, 5, 52, 1980 MHz, 559.77 W, 100 %, 75571 MiB
2026/09/27 14:57:50.512, 6, 46, 1980 MHz, 526.64 W, 100 %, 75571 MiB
2026/09/27 14:57:50.512, 7, 45, 1980 MHz, 521.70 W, 100 %, 75187 MiB
2026/09/27 14:57:52.512, 0, 44, 1980 MHz, 519.74 W, 100 %, 75189 MiB
2026/09/27 14:57:52.513, 1, 48, 1980 MHz, 524.01 W, 100 %, 75571 MiB
2026/09/27 14:57:52.513, 2, 53, 1980 MHz, 552.51 W, 100 %, 75571 MiB
2026/09/27 14:57:52.513, 3, 47, 1980 MHz, 622.64 W, 100 %, 75571 MiB
2026/09/27 14:57:52.513, 4, 49, 1980 MHz, 607.30 W, 100 %, 75571 MiB
2026/09/27 14:57:52.513, 5, 53, 1980 MHz, 560.01 W, 100 %, 75571 MiB
2026/09/27 14:57:52.513, 6, 46, 1980 MHz, 527.12 W, 100 %, 75571 MiB
2026/09/27 14:57:52.513, 7, 45, 1980 MHz, 521.50 W, 100 %, 75187 MiB
2026/09/27 14:57:54.514, 0, 43, 1980 MHz, 519.69 W, 100 %, 75189 MiB
2026/09/27 14:57:54.514, 1, 48, 1980 MHz, 523.91 W, 100 %, 75571 MiB
2026/09/27 14:57:54.514, 2, 53, 1980 MHz, 550.41 W, 100 %, 75571 MiB
2026/09/27 14:57:54.514, 3, 47, 1980 MHz, 621.39 W, 100 %, 75571 MiB
2026/09/27 14:57:54.514, 4, 49, 1980 MHz, 606.31 W, 100 %, 75571 MiB
2026/09/27 14:57:54.514, 5, 53, 1980 MHz, 560.79 W, 100 %, 75571 MiB
2026/09/27 14:57:54.514, 6, 46, 1980 MHz, 527.21 W, 100 %, 75571 MiB
2026/09/27 14:57:54.514, 7, 44, 1980 MHz, 521.59 W, 100 %, 75187 MiB
2026/09/27 14:57:56.515, 0, 43, 1980 MHz, 520.64 W, 100 %, 75189 MiB
2026/09/27 14:57:56.515, 1, 48, 1980 MHz, 525.12 W, 100 %, 75571 MiB
2026/09/27 14:57:56.515, 2, 53, 1980 MHz, 551.53 W, 100 %, 75571 MiB
2026/09/27 14:57:56.515, 3, 47, 1980 MHz, 619.15 W, 100 %, 75571 MiB
2026/09/27 14:57:56.515, 4, 49, 1980 MHz, 605.96 W, 100 %, 75571 MiB
2026/09/27 14:57:56.515, 5, 53, 1980 MHz, 561.16 W, 100 %, 75571 MiB
2026/09/27 14:57:56.515, 6, 46, 1980 MHz, 525.77 W, 100 %, 75571 MiB
2026/09/27 14:57:56.515, 7, 44, 1980 MHz, 519.68 W, 100 %, 75187 MiB
2026/09/27 14:57:58.516, 0, 44, 1980 MHz, 518.58 W, 100 %, 75189 MiB
2026/09/27 14:57:58.516, 1, 48, 1980 MHz, 525.71 W, 100 %, 75571 MiB
2026/09/27 14:57:58.516, 2, 53, 1980 MHz, 550.66 W, 100 %, 75571 MiB
2026/09/27 14:57:58.516, 3, 47, 1980 MHz, 621.39 W, 100 %, 75571 MiB
2026/09/27 14:57:58.516, 4, 49, 1980 MHz, 606.90 W, 100 %, 75571 MiB
2026/09/27 14:57:58.516, 5, 52, 1980 MHz, 562.19 W, 100 %, 75571 MiB
2026/09/27 14:57:58.516, 6, 46, 1980 MHz, 527.67 W, 100 %, 75571 MiB
2026/09/27 14:57:58.516, 7, 45, 1980 MHz, 520.60 W, 100 %, 75187 MiB
2026/09/27 14:58:00.517, 0, 44, 1980 MHz, 519.36 W, 100 %, 75189 MiB
2026/09/27 14:58:00.517, 1, 48, 1980 MHz, 524.73 W, 100 %, 75571 MiB
2026/09/27 14:58:00.517, 2, 53, 1980 MHz, 554.32 W, 100 %, 75571 MiB
2026/09/27 14:58:00.517, 3, 47, 1980 MHz, 621.39 W, 100 %, 75571 MiB
2026/09/27 14:58:00.517, 4, 49, 1980 MHz, 606.84 W, 100 %, 75571 MiB
2026/09/27 14:58:00.517, 5, 53, 1980 MHz, 562.47 W, 100 %, 75571 MiB
2026/09/27 14:58:00.517, 6, 46, 1980 MHz, 528.13 W, 100 %, 75571 MiB
2026/09/27 14:58:00.517, 7, 45, 1980 MHz, 521.35 W, 100 %, 75187 MiB
2026/09/27 14:58:02.518, 0, 43, 1980 MHz, 520.01 W, 100 %, 75189 MiB
2026/09/27 14:58:02.518, 1, 48, 1980 MHz, 524.91 W, 100 %, 75571 MiB
2026/09/27 14:58:02.518, 2, 53, 1980 MHz, 553.08 W, 100 %, 75571 MiB
2026/09/27 14:58:02.518, 3, 47, 1980 MHz, 621.22 W, 100 %, 75571 MiB
2026/09/27 14:58:02.518, 4, 49, 1980 MHz, 606.09 W, 100 %, 75571 MiB
2026/09/27 14:58:02.518, 5, 53, 1980 MHz, 564.02 W, 100 %, 75571 MiB
2026/09/27 14:58:02.518, 6, 46, 1980 MHz, 527.84 W, 100 %, 75571 MiB
2026/09/27 14:58:02.518, 7, 44, 1980 MHz, 520.75 W, 100 %, 75187 MiB
2026/09/27 14:58:04.519, 0, 43, 1980 MHz, 520.10 W, 100 %, 75189 MiB
2026/09/27 14:58:04.519, 1, 48, 1980 MHz, 524.41 W, 100 %, 75571 MiB
2026/09/27 14:58:04.519, 2, 53, 1980 MHz, 553.78 W, 100 %, 75571 MiB
2026/09/27 14:58:04.519, 3, 47, 1980 MHz, 621.67 W, 100 %, 75571 MiB
2026/09/27 14:58:04.519, 4, 49, 1980 MHz, 605.45 W, 100 %, 75571 MiB
2026/09/27 14:58:04.519, 5, 53, 1980 MHz, 563.49 W, 100 %, 75571 MiB
2026/09/27 14:58:04.519, 6, 46, 1980 MHz, 525.93 W, 100 %, 75571 MiB
2026/09/27 14:58:04.519, 7, 45, 1980 MHz, 520.46 W, 100 %, 75187 MiB
2026/09/27 14:58:06.520, 0, 44, 1980 MHz, 518.97 W, 100 %, 75189 MiB
2026/09/27 14:58:06.520, 1, 48, 1980 MHz, 525.63 W, 100 %, 75571 MiB
2026/09/27 14:58:06.520, 2, 53, 1980 MHz, 554.71 W, 100 %, 75571 MiB
2026/09/27 14:58:06.520, 3, 47, 1980 MHz, 621.82 W, 100 %, 75571 MiB
2026/09/27 14:58:06.520, 4, 49, 1980 MHz, 605.59 W, 100 %, 75571 MiB
2026/09/27 14:58:06.520, 5, 53, 1980 MHz, 565.31 W, 100 %, 75571 MiB
2026/09/27 14:58:06.520, 6, 46, 1980 MHz, 526.87 W, 100 %, 75571 MiB
2026/09/27 14:58:06.520, 7, 45, 1980 MHz, 521.32 W, 100 %, 75187 MiB
2026/09/27 14:58:08.521, 0, 44, 1980 MHz, 518.76 W, 100 %, 75189 MiB
2026/09/27 14:58:08.521, 1, 48, 1980 MHz, 525.69 W, 100 %, 75571 MiB
2026/09/27 14:58:08.521, 2, 53, 1980 MHz, 555.65 W, 100 %, 75571 MiB
2026/09/27 14:58:08.521, 3, 47, 1980 MHz, 621.45 W, 100 %, 75571 MiB
2026/09/27 14:58:08.521, 4, 49, 1980 MHz, 606.97 W, 100 %, 75571 MiB
2026/09/27 14:58:08.521, 5, 53, 1980 MHz, 565.43 W, 100 %, 75571 MiB
2026/09/27 14:58:08.521, 6, 46, 1980 MHz, 527.65 W, 100 %, 75571 MiB
2026/09/27 14:58:08.521, 7, 45, 1980 MHz, 522.81 W, 100 %, 75187 MiB
2026/09/27 14:58:10.522, 0, 43, 1980 MHz, 519.94 W, 100 %, 75189 MiB
2026/09/27 14:58:10.522, 1, 48, 1980 MHz, 523.71 W, 100 %, 75571 MiB
2026/09/27 14:58:10.522, 2, 53, 1980 MHz, 555.89 W, 100 %, 75571 MiB
2026/09/27 14:58:10.522, 3, 47, 1980 MHz, 621.67 W, 100 %, 75571 MiB
2026/09/27 14:58:10.522, 4, 49, 1980 MHz, 606.42 W, 100 %, 75571 MiB
2026/09/27 14:58:10.522, 5, 53, 1980 MHz, 565.93 W, 100 %, 75571 MiB
2026/09/27 14:58:10.522, 6, 46, 1980 MHz, 528.02 W, 100 %, 75571 MiB
2026/09/27 14:58:10.522, 7, 44, 1980 MHz, 521.69 W, 100 %, 75187 MiB
2026/09/27 14:58:12.523, 0, 43, 1980 MHz, 520.74 W, 100 %, 75189 MiB
2026/09/27 14:58:12.523, 1, 48, 1980 MHz, 525.04 W, 100 %, 75571 MiB
2026/09/27 14:58:12.523, 2, 53, 1980 MHz, 555.70 W, 100 %, 75571 MiB
2026/09/27 14:58:12.523, 3, 47, 1980 MHz, 620.86 W, 100 %, 75571 MiB
2026/09/27 14:58:12.523, 4, 49, 1980 MHz, 605.71 W, 100 %, 75571 MiB
2026/09/27 14:58:12.523, 5, 53, 1980 MHz, 565.32 W, 100 %, 75571 MiB
2026/09/27 14:58:12.523, 6, 46, 1980 MHz, 524.77 W, 100 %, 75571 MiB
2026/09/27 14:58:12.523, 7, 45, 1980 MHz, 519.77 W, 100 %, 75187 MiB
2026/09/27 14:58:14.524, 0, 44, 1980 MHz, 519.36 W, 100 %, 75189 MiB
2026/09/27 14:58:14.524, 1, 48, 1980 MHz, 525.54 W, 100 %, 75571 MiB
2026/09/27 14:58:14.524, 2, 53, 1980 MHz, 557.99 W, 100 %, 75571 MiB
2026/09/27 14:58:14.524, 3, 47, 1980 MHz, 622.51 W, 100 %, 75571 MiB
2026/09/27 14:58:14.524, 4, 49, 1980 MHz, 605.44 W, 100 %, 75571 MiB
2026/09/27 14:58:14.524, 5, 53, 1980 MHz, 568.19 W, 100 %, 75571 MiB
2026/09/27 14:58:14.524, 6, 46, 1980 MHz, 525.15 W, 100 %, 75571 MiB
2026/09/27 14:58:14.524, 7, 45, 1980 MHz, 521.48 W, 100 %, 75187 MiB
2026/09/27 14:58:16.525, 0, 43, 1980 MHz, 518.71 W, 100 %, 75189 MiB
2026/09/27 14:58:16.525, 1, 48, 1980 MHz, 523.98 W, 100 %, 75571 MiB
2026/09/27 14:58:16.525, 2, 53, 1980 MHz, 558.97 W, 100 %, 75571 MiB
2026/09/27 14:58:16.525, 3, 47, 1980 MHz, 621.41 W, 100 %, 75571 MiB
2026/09/27 14:58:16.525, 4, 49, 1980 MHz, 607.24 W, 100 %, 75571 MiB
2026/09/27 14:58:16.525, 5, 53, 1980 MHz, 567.96 W, 100 %, 75571 MiB
2026/09/27 14:58:16.525, 6, 46, 1980 MHz, 526.51 W, 100 %, 75571 MiB
2026/09/27 14:58:16.525, 7, 44, 1980 MHz, 522.41 W, 100 %, 75187 MiB
2026/09/27 14:58:18.526, 0, 43, 1980 MHz, 519.97 W, 100 %, 75189 MiB
2026/09/27 14:58:18.526, 1, 48, 1980 MHz, 524.03 W, 100 %, 75571 MiB
2026/09/27 14:58:18.526, 2, 53, 1980 MHz, 558.90 W, 100 %, 75571 MiB
2026/09/27 14:58:18.526, 3, 47, 1980 MHz, 621.96 W, 100 %, 75571 MiB
2026/09/27 14:58:18.526, 4, 49, 1980 MHz, 607.04 W, 100 %, 75571 MiB
2026/09/27 14:58:18.526, 5, 53, 1980 MHz, 568.02 W, 100 %, 75571 MiB
2026/09/27 14:58:18.526, 6, 46, 1980 MHz, 525.59 W, 100 %, 75571 MiB
2026/09/27 14:58:18.526, 7, 45, 1980 MHz, 521.81 W, 100 %, 75187 MiB
2026/09/27 14:58:20.527, 0, 44, 1980 MHz, 520.55 W, 100 %, 75189 MiB
2026/09/27 14:58:20.527, 1, 48, 1980 MHz, 525.40 W, 100 %, 75571 MiB
2026/09/27 14:58:20.527, 2, 53, 1980 MHz, 557.50 W, 100 %, 75571 MiB
2026/09/27 14:58:20.527, 3, 47, 1980 MHz, 622.47 W, 100 %, 75571 MiB
2026/09/27 14:58:20.527, 4, 49, 1980 MHz, 605.58 W, 100 %, 75571 MiB
2026/09/27 14:58:20.527, 5, 53, 1980 MHz, 568.34 W, 100 %, 75571 MiB
2026/09/27 14:58:20.527, 6, 46, 1980 MHz, 525.02 W, 100 %, 75571 MiB
2026/09/27 14:58:20.527, 7, 45, 1980 MHz, 521.09 W, 100 %, 75187 MiB
2026/09/27 14:58:22.527, 0, 44, 1980 MHz, 518.41 W, 100 %, 75189 MiB
2026/09/27 14:58:22.528, 1, 48, 1980 MHz, 525.56 W, 100 %, 75571 MiB
2026/09/27 14:58:22.528, 2, 53, 1980 MHz, 558.08 W, 100 %, 75571 MiB
2026/09/27 14:58:22.528, 3, 47, 1980 MHz, 620.54 W, 100 %, 75571 MiB
2026/09/27 14:58:22.528, 4, 49, 1980 MHz, 606.40 W, 100 %, 75571 MiB
2026/09/27 14:58:22.528, 5, 53, 1980 MHz, 569.40 W, 100 %, 75571 MiB
2026/09/27 14:58:22.528, 6, 46, 1980 MHz, 526.02 W, 100 %, 75571 MiB
2026/09/27 14:58:22.528, 7, 45, 1980 MHz, 520.58 W, 100 %, 75187 MiB
2026/09/27 14:58:24.529, 0, 43, 1980 MHz, 519.57 W, 100 %, 75189 MiB
2026/09/27 14:58:24.529, 1, 48, 1980 MHz, 523.91 W, 100 %, 75571 MiB
2026/09/27 14:58:24.529, 2, 53, 1980 MHz, 560.77 W, 100 %, 75571 MiB
2026/09/27 14:58:24.529, 3, 47, 1980 MHz, 620.70 W, 100 %, 75571 MiB
2026/09/27 14:58:24.529, 4, 49, 1980 MHz, 607.11 W, 100 %, 75571 MiB
2026/09/27 14:58:24.529, 5, 53, 1980 MHz, 571.27 W, 100 %, 75571 MiB
2026/09/27 14:58:24.529, 6, 46, 1980 MHz, 526.17 W, 100 %, 75571 MiB
2026/09/27 14:58:24.529, 7, 44, 1980 MHz, 520.39 W, 100 %, 75187 MiB
2026/09/27 14:58:26.530, 0, 43, 1980 MHz, 520.34 W, 100 %, 75189 MiB
2026/09/27 14:58:26.530, 1, 48, 1980 MHz, 523.82 W, 100 %, 75571 MiB
2026/09/27 14:58:26.530, 2, 53, 1980 MHz, 559.38 W, 100 %, 75571 MiB
2026/09/27 14:58:26.530, 3, 47, 1980 MHz, 621.45 W, 100 %, 75571 MiB
2026/09/27 14:58:26.530, 4, 49, 1980 MHz, 606.69 W, 100 %, 75571 MiB
2026/09/27 14:58:26.530, 5, 53, 1980 MHz, 571.03 W, 100 %, 75571 MiB
2026/09/27 14:58:26.530, 6, 46, 1980 MHz, 524.73 W, 100 %, 75571 MiB
2026/09/27 14:58:26.530, 7, 44, 1980 MHz, 521.36 W, 100 %, 75187 MiB
2026/09/27 14:58:28.531, 0, 44, 1980 MHz, 520.12 W, 100 %, 75189 MiB
2026/09/27 14:58:28.531, 1, 48, 1980 MHz, 524.66 W, 100 %, 75571 MiB
2026/09/27 14:58:28.531, 2, 53, 1980 MHz, 560.38 W, 100 %, 75571 MiB
2026/09/27 14:58:28.531, 3, 47, 1980 MHz, 622.74 W, 100 %, 75571 MiB
2026/09/27 14:58:28.531, 4, 49, 1980 MHz, 606.15 W, 100 %, 75571 MiB
2026/09/27 14:58:28.531, 5, 53, 1980 MHz, 570.62 W, 100 %, 75571 MiB
2026/09/27 14:58:28.531, 6, 46, 1980 MHz, 523.55 W, 100 %, 75571 MiB
2026/09/27 14:58:28.531, 7, 45, 1980 MHz, 520.19 W, 100 %, 75187 MiB
2026/09/27 14:58:30.532, 0, 44, 1980 MHz, 519.63 W, 100 %, 75189 MiB
2026/09/27 14:58:30.532, 1, 48, 1980 MHz, 525.49 W, 100 %, 75571 MiB
2026/09/27 14:58:30.532, 2, 53, 1980 MHz, 560.74 W, 100 %, 75571 MiB
2026/09/27 14:58:30.532, 3, 47, 1980 MHz, 621.64 W, 100 %, 75571 MiB
2026/09/27 14:58:30.532, 4, 49, 1980 MHz, 606.28 W, 100 %, 75571 MiB
2026/09/27 14:58:30.532, 5, 53, 1980 MHz, 570.84 W, 100 %, 75571 MiB
2026/09/27 14:58:30.532, 6, 46, 1980 MHz, 525.74 W, 100 %, 75571 MiB
2026/09/27 14:58:30.532, 7, 45, 1980 MHz, 521.82 W, 100 %, 75187 MiB
2026/09/27 14:58:32.533, 0, 43, 1980 MHz, 518.49 W, 100 %, 75189 MiB
2026/09/27 14:58:32.533, 1, 48, 1980 MHz, 525.62 W, 100 %, 75571 MiB
2026/09/27 14:58:32.533, 2, 53, 1980 MHz, 562.04 W, 100 %, 75571 MiB
2026/09/27 14:58:32.533, 3, 47, 1980 MHz, 621.15 W, 100 %, 75571 MiB
2026/09/27 14:58:32.533, 4, 49, 1980 MHz, 606.52 W, 100 %, 75571 MiB
2026/09/27 14:58:32.533, 5, 53, 1980 MHz, 573.36 W, 100 %, 75571 MiB
2026/09/27 14:58:32.533, 6, 46, 1980 MHz, 525.55 W, 100 %, 75571 MiB
2026/09/27 14:58:32.533, 7, 44, 1980 MHz, 522.05 W, 100 %, 75187 MiB
2026/09/27 14:58:34.534, 0, 43, 1980 MHz, 520.29 W, 100 %, 75189 MiB
2026/09/27 14:58:34.534, 1, 48, 1980 MHz, 523.90 W, 100 %, 75571 MiB
2026/09/27 14:58:34.534, 2, 53, 1980 MHz, 564.56 W, 100 %, 75571 MiB
2026/09/27 14:58:34.534, 3, 47, 1980 MHz, 622.22 W, 100 %, 75571 MiB
2026/09/27 14:58:34.534, 4, 49, 1980 MHz, 606.98 W, 100 %, 75571 MiB
2026/09/27 14:58:34.534, 5, 53, 1980 MHz, 573.82 W, 100 %, 75571 MiB
2026/09/27 14:58:34.534, 6, 46, 1980 MHz, 526.42 W, 100 %, 75571 MiB
2026/09/27 14:58:34.534, 7, 45, 1980 MHz, 521.89 W, 100 %, 75187 MiB
2026/09/27 14:58:36.535, 0, 44, 1980 MHz, 520.06 W, 100 %, 75189 MiB
2026/09/27 14:58:36.535, 1, 48, 1980 MHz, 524.63 W, 100 %, 75571 MiB
2026/09/27 14:58:36.535, 2, 53, 1980 MHz, 563.18 W, 100 %, 75571 MiB
2026/09/27 14:58:36.535, 3, 47, 1980 MHz, 623.49 W, 100 %, 75571 MiB
2026/09/27 14:58:36.535, 4, 49, 1980 MHz, 605.73 W, 100 %, 75571 MiB
2026/09/27 14:58:36.535, 5, 53, 1980 MHz, 573.48 W, 100 %, 75571 MiB
2026/09/27 14:58:36.535, 6, 46, 1980 MHz, 524.77 W, 100 %, 75571 MiB
2026/09/27 14:58:36.535, 7, 45, 1980 MHz, 519.30 W, 100 %, 75187 MiB
2026/09/27 14:58:38.536, 0, 44, 1980 MHz, 519.60 W, 100 %, 75189 MiB
2026/09/27 14:58:38.536, 1, 48, 1980 MHz, 524.17 W, 100 %, 75571 MiB
2026/09/27 14:58:38.536, 2, 53, 1980 MHz, 563.24 W, 100 %, 75571 MiB
2026/09/27 14:58:38.536, 3, 47, 1980 MHz, 622.13 W, 100 %, 75571 MiB
2026/09/27 14:58:38.536, 4, 49, 1980 MHz, 604.79 W, 100 %, 75571 MiB
2026/09/27 14:58:38.536, 5, 53, 1980 MHz, 573.72 W, 100 %, 75571 MiB
2026/09/27 14:58:38.536, 6, 46, 1980 MHz, 524.70 W, 100 %, 75571 MiB
2026/09/27 14:58:38.536, 7, 44, 1980 MHz, 520.22 W, 100 %, 75187 MiB
2026/09/27 14:58:40.537, 0, 43, 1980 MHz, 518.53 W, 100 %, 75189 MiB
2026/09/27 14:58:40.537, 1, 48, 1980 MHz, 525.71 W, 100 %, 75571 MiB
2026/09/27 14:58:40.537, 2, 53, 1980 MHz, 565.32 W, 100 %, 75571 MiB
2026/09/27 14:58:40.537, 3, 47, 1980 MHz, 621.43 W, 100 %, 75571 MiB
2026/09/27 14:58:40.537, 4, 49, 1980 MHz, 605.99 W, 100 %, 75571 MiB
2026/09/27 14:58:40.537, 5, 53, 1980 MHz, 575.58 W, 100 %, 75571 MiB
2026/09/27 14:58:40.537, 6, 46, 1980 MHz, 524.76 W, 100 %, 75571 MiB
2026/09/27 14:58:40.537, 7, 44, 1980 MHz, 522.10 W, 100 %, 75187 MiB
2026/09/27 14:58:42.538, 0, 43, 1980 MHz, 519.45 W, 100 %, 75189 MiB
2026/09/27 14:58:42.538, 1, 48, 1980 MHz, 523.52 W, 100 %, 75571 MiB
2026/09/27 14:58:42.538, 2, 53, 1980 MHz, 565.84 W, 100 %, 75571 MiB
2026/09/27 14:58:42.538, 3, 47, 1980 MHz, 620.82 W, 100 %, 75571 MiB
2026/09/27 14:58:42.538, 4, 49, 1980 MHz, 606.66 W, 100 %, 75571 MiB
2026/09/27 14:58:42.538, 5, 53, 1980 MHz, 575.00 W, 100 %, 75571 MiB
2026/09/27 14:58:42.538, 6, 46, 1980 MHz, 525.26 W, 100 %, 75571 MiB
2026/09/27 14:58:42.538, 7, 44, 1980 MHz, 522.64 W, 100 %, 75187 MiB
2026/09/27 14:58:44.539, 0, 44, 1980 MHz, 520.45 W, 100 %, 75189 MiB
2026/09/27 14:58:44.539, 1, 48, 1980 MHz, 523.65 W, 100 %, 75571 MiB
2026/09/27 14:58:44.539, 2, 53, 1980 MHz, 565.76 W, 100 %, 75571 MiB
2026/09/27 14:58:44.539, 3, 47, 1980 MHz, 623.62 W, 100 %, 75571 MiB
2026/09/27 14:58:44.539, 4, 49, 1980 MHz, 606.15 W, 100 %, 75571 MiB
2026/09/27 14:58:44.539, 5, 53, 1980 MHz, 576.88 W, 100 %, 75571 MiB
2026/09/27 14:58:44.539, 6, 46, 1980 MHz, 526.40 W, 100 %, 75571 MiB
2026/09/27 14:58:44.539, 7, 45, 1980 MHz, 521.66 W, 100 %, 75187 MiB
2026/09/27 14:58:46.540, 0, 43, 1980 MHz, 520.17 W, 100 %, 75189 MiB
2026/09/27 14:58:46.540, 1, 48, 1980 MHz, 524.26 W, 100 %, 75571 MiB
2026/09/27 14:58:46.540, 2, 53, 1980 MHz, 565.72 W, 100 %, 75571 MiB
2026/09/27 14:58:46.540, 3, 47, 1980 MHz, 620.66 W, 100 %, 75571 MiB
2026/09/27 14:58:46.540, 4, 49, 1980 MHz, 605.49 W, 100 %, 75571 MiB
2026/09/27 14:58:46.540, 5, 53, 1980 MHz, 575.08 W, 100 %, 75571 MiB
2026/09/27 14:58:46.540, 6, 46, 1980 MHz, 525.22 W, 100 %, 75571 MiB
2026/09/27 14:58:46.540, 7, 44, 1980 MHz, 521.09 W, 100 %, 75187 MiB
2026/09/27 14:58:48.541, 0, 43, 1980 MHz, 518.90 W, 100 %, 75189 MiB
2026/09/27 14:58:48.541, 1, 48, 1980 MHz, 525.57 W, 100 %, 75571 MiB
2026/09/27 14:58:48.541, 2, 53, 1980 MHz, 566.52 W, 100 %, 75571 MiB
2026/09/27 14:58:48.541, 3, 47, 1980 MHz, 620.02 W, 100 %, 75571 MiB
2026/09/27 14:58:48.541, 4, 49, 1980 MHz, 605.65 W, 100 %, 75571 MiB
2026/09/27 14:58:48.541, 5, 53, 1980 MHz, 577.53 W, 100 %, 75571 MiB
2026/09/27 14:58:48.541, 6, 46, 1980 MHz, 525.89 W, 100 %, 75571 MiB
2026/09/27 14:58:48.541, 7, 44, 1980 MHz, 521.66 W, 100 %, 75187 MiB
2026/09/27 14:58:50.542, 0, 43, 1980 MHz, 518.80 W, 100 %, 75189 MiB
2026/09/27 14:58:50.542, 1, 48, 1980 MHz, 522.81 W, 100 %, 75571 MiB
2026/09/27 14:58:50.542, 2, 53, 1980 MHz, 568.38 W, 100 %, 75571 MiB
2026/09/27 14:58:50.542, 3, 47, 1980 MHz, 622.65 W, 100 %, 75571 MiB
2026/09/27 14:58:50.542, 4, 49, 1980 MHz, 606.00 W, 100 %, 75571 MiB
2026/09/27 14:58:50.542, 5, 53, 1980 MHz, 579.02 W, 100 %, 75571 MiB
2026/09/27 14:58:50.542, 6, 46, 1980 MHz, 527.80 W, 100 %, 75571 MiB
2026/09/27 14:58:50.542, 7, 44, 1980 MHz, 521.92 W, 100 %, 75187 MiB
2026/09/27 14:58:52.543, 0, 44, 1980 MHz, 519.81 W, 100 %, 75189 MiB
2026/09/27 14:58:52.543, 1, 48, 1980 MHz, 524.83 W, 100 %, 75571 MiB
2026/09/27 14:58:52.543, 2, 53, 1980 MHz, 568.12 W, 100 %, 75571 MiB
2026/09/27 14:58:52.543, 3, 46, 1980 MHz, 621.36 W, 100 %, 75571 MiB
2026/09/27 14:58:52.543, 4, 49, 1980 MHz, 606.04 W, 100 %, 75571 MiB
2026/09/27 14:58:52.543, 5, 53, 1980 MHz, 578.91 W, 100 %, 75571 MiB
2026/09/27 14:58:52.543, 6, 46, 1980 MHz, 526.93 W, 100 %, 75571 MiB
2026/09/27 14:58:52.543, 7, 45, 1980 MHz, 522.27 W, 100 %, 75187 MiB
2026/09/27 14:58:54.544, 0, 43, 1980 MHz, 520.53 W, 100 %, 75189 MiB
2026/09/27 14:58:54.544, 1, 48, 1980 MHz, 523.98 W, 100 %, 75571 MiB
2026/09/27 14:58:54.544, 2, 53, 1980 MHz, 567.89 W, 100 %, 75571 MiB
2026/09/27 14:58:54.544, 3, 47, 1980 MHz, 620.21 W, 100 %, 75571 MiB
2026/09/27 14:58:54.544, 4, 49, 1980 MHz, 604.88 W, 100 %, 75571 MiB
2026/09/27 14:58:54.544, 5, 53, 1980 MHz, 577.98 W, 100 %, 75571 MiB
2026/09/27 14:58:54.544, 6, 46, 1980 MHz, 525.24 W, 100 %, 75571 MiB
2026/09/27 14:58:54.544, 7, 44, 1980 MHz, 519.58 W, 100 %, 75187 MiB
2026/09/27 14:58:56.545, 0, 43, 1980 MHz, 519.38 W, 100 %, 75189 MiB
2026/09/27 14:58:56.545, 1, 48, 1980 MHz, 524.70 W, 100 %, 75571 MiB
2026/09/27 14:58:56.545, 2, 53, 1980 MHz, 569.03 W, 100 %, 75571 MiB
2026/09/27 14:58:56.545, 3, 47, 1980 MHz, 621.52 W, 100 %, 75571 MiB
2026/09/27 14:58:56.545, 4, 49, 1980 MHz, 605.24 W, 100 %, 75571 MiB
2026/09/27 14:58:56.545, 5, 53, 1980 MHz, 580.06 W, 100 %, 75571 MiB
2026/09/27 14:58:56.545, 6, 46, 1980 MHz, 526.18 W, 100 %, 75571 MiB
2026/09/27 14:58:56.545, 7, 44, 1980 MHz, 519.22 W, 100 %, 75187 MiB
2026/09/27 14:58:58.546, 0, 43, 1980 MHz, 518.74 W, 100 %, 75189 MiB
2026/09/27 14:58:58.546, 1, 48, 1980 MHz, 525.22 W, 100 %, 75571 MiB
2026/09/27 14:58:58.546, 2, 53, 1980 MHz, 569.60 W, 100 %, 75571 MiB
2026/09/27 14:58:58.546, 3, 47, 1980 MHz, 622.15 W, 100 %, 75571 MiB
2026/09/27 14:58:58.546, 4, 49, 1980 MHz, 606.09 W, 100 %, 75571 MiB
2026/09/27 14:58:58.546, 5, 53, 1980 MHz, 579.27 W, 100 %, 75571 MiB
2026/09/27 14:58:58.546, 6, 46, 1980 MHz, 526.65 W, 100 %, 75571 MiB
2026/09/27 14:58:58.546, 7, 44, 1980 MHz, 520.90 W, 100 %, 75187 MiB
2026/09/27 14:59:00.547, 0, 43, 1980 MHz, 519.98 W, 100 %, 75189 MiB
2026/09/27 14:59:00.547, 1, 48, 1980 MHz, 523.28 W, 100 %, 75571 MiB
2026/09/27 14:59:00.547, 2, 53, 1980 MHz, 571.77 W, 100 %, 75571 MiB
2026/09/27 14:59:00.547, 3, 46, 1980 MHz, 621.39 W, 100 %, 75571 MiB
2026/09/27 14:59:00.547, 4, 49, 1980 MHz, 605.69 W, 100 %, 75571 MiB
2026/09/27 14:59:00.547, 5, 53, 1980 MHz, 580.87 W, 100 %, 75571 MiB
2026/09/27 14:59:00.547, 6, 46, 1980 MHz, 527.02 W, 100 %, 75571 MiB
2026/09/27 14:59:00.547, 7, 44, 1980 MHz, 520.87 W, 100 %, 75187 MiB
2026/09/27 14:59:02.548, 0, 43, 1980 MHz, 519.83 W, 100 %, 75189 MiB
2026/09/27 14:59:02.548, 1, 48, 1980 MHz, 523.84 W, 100 %, 75571 MiB
2026/09/27 14:59:02.548, 2, 53, 1980 MHz, 570.36 W, 100 %, 75571 MiB
2026/09/27 14:59:02.548, 3, 47, 1980 MHz, 621.27 W, 100 %, 75571 MiB
2026/09/27 14:59:02.548, 4, 49, 1980 MHz, 606.22 W, 100 %, 75571 MiB
2026/09/27 14:59:02.548, 5, 53, 1980 MHz, 580.48 W, 100 %, 75571 MiB
2026/09/27 14:59:02.548, 6, 46, 1980 MHz, 525.73 W, 100 %, 75571 MiB
2026/09/27 14:59:02.548, 7, 44, 1980 MHz, 520.27 W, 100 %, 75187 MiB
2026/09/27 14:59:04.549, 0, 43, 1980 MHz, 518.90 W, 100 %, 75189 MiB
2026/09/27 14:59:04.549, 1, 48, 1980 MHz, 525.55 W, 100 %, 75571 MiB
2026/09/27 14:59:04.549, 2, 53, 1980 MHz, 570.33 W, 100 %, 75571 MiB
2026/09/27 14:59:04.549, 3, 47, 1980 MHz, 621.57 W, 100 %, 75571 MiB
2026/09/27 14:59:04.549, 4, 49, 1980 MHz, 605.48 W, 100 %, 75571 MiB
2026/09/27 14:59:04.549, 5, 53, 1980 MHz, 581.23 W, 100 %, 75571 MiB
2026/09/27 14:59:04.549, 6, 46, 1980 MHz, 525.23 W, 100 %, 75571 MiB
2026/09/27 14:59:04.549, 7, 44, 1980 MHz, 520.95 W, 100 %, 75187 MiB
2026/09/27 14:59:06.550, 0, 43, 1980 MHz, 518.58 W, 100 %, 75189 MiB
2026/09/27 14:59:06.550, 1, 48, 1980 MHz, 524.27 W, 100 %, 75571 MiB
2026/09/27 14:59:06.550, 2, 53, 1980 MHz, 571.29 W, 100 %, 75571 MiB
2026/09/27 14:59:06.550, 3, 47, 1980 MHz, 621.97 W, 100 %, 75571 MiB
2026/09/27 14:59:06.550, 4, 49, 1980 MHz, 606.04 W, 100 %, 75571 MiB
2026/09/27 14:59:06.550, 5, 53, 1980 MHz, 582.32 W, 100 %, 75571 MiB
2026/09/27 14:59:06.550, 6, 46, 1980 MHz, 526.13 W, 100 %, 75571 MiB
2026/09/27 14:59:06.550, 7, 44, 1980 MHz, 521.33 W, 100 %, 75187 MiB
2026/09/27 14:59:08.551, 0, 43, 1980 MHz, 519.20 W, 100 %, 75189 MiB
2026/09/27 14:59:08.551, 1, 48, 1980 MHz, 524.79 W, 100 %, 75571 MiB
2026/09/27 14:59:08.551, 2, 53, 1980 MHz, 573.59 W, 100 %, 75571 MiB
2026/09/27 14:59:08.551, 3, 47, 1980 MHz, 621.43 W, 100 %, 75571 MiB
2026/09/27 14:59:08.551, 4, 49, 1980 MHz, 606.55 W, 100 %, 75571 MiB
2026/09/27 14:59:08.551, 5, 53, 1980 MHz, 583.01 W, 100 %, 75571 MiB
2026/09/27 14:59:08.551, 6, 46, 1980 MHz, 526.88 W, 100 %, 75571 MiB
2026/09/27 14:59:08.551, 7, 44, 1980 MHz, 520.69 W, 100 %, 75187 MiB
2026/09/27 14:59:10.552, 0, 43, 1980 MHz, 519.91 W, 100 %, 75189 MiB
2026/09/27 14:59:10.552, 1, 48, 1980 MHz, 523.53 W, 100 %, 75571 MiB
2026/09/27 14:59:10.552, 2, 53, 1980 MHz, 571.78 W, 100 %, 75571 MiB
2026/09/27 14:59:10.552, 3, 47, 1980 MHz, 621.65 W, 100 %, 75571 MiB
2026/09/27 14:59:10.552, 4, 49, 1980 MHz, 606.29 W, 100 %, 75571 MiB
2026/09/27 14:59:10.552, 5, 53, 1980 MHz, 583.55 W, 100 %, 75571 MiB
2026/09/27 14:59:10.552, 6, 46, 1980 MHz, 525.04 W, 100 %, 75571 MiB
2026/09/27 14:59:10.552, 7, 44, 1980 MHz, 519.60 W, 100 %, 75187 MiB
2026/09/27 14:59:12.553, 0, 43, 1980 MHz, 519.43 W, 100 %, 75189 MiB
2026/09/27 14:59:12.553, 1, 48, 1980 MHz, 523.78 W, 100 %, 75571 MiB
2026/09/27 14:59:12.553, 2, 53, 1980 MHz, 573.02 W, 100 %, 75571 MiB
2026/09/27 14:59:12.553, 3, 47, 1980 MHz, 621.53 W, 100 %, 75571 MiB
2026/09/27 14:59:12.553, 4, 49, 1980 MHz, 605.66 W, 100 %, 75571 MiB
2026/09/27 14:59:12.553, 5, 53, 1980 MHz, 583.25 W, 100 %, 75571 MiB
2026/09/27 14:59:12.553, 6, 46, 1980 MHz, 524.80 W, 100 %, 75571 MiB
2026/09/27 14:59:12.553, 7, 44, 1980 MHz, 520.56 W, 100 %, 75187 MiB
2026/09/27 14:59:14.554, 0, 43, 1980 MHz, 518.37 W, 100 %, 75189 MiB
2026/09/27 14:59:14.554, 1, 48, 1980 MHz, 525.43 W, 100 %, 75571 MiB
2026/09/27 14:59:14.554, 2, 53, 1980 MHz, 574.19 W, 100 %, 75571 MiB
2026/09/27 14:59:14.554, 3, 47, 1980 MHz, 622.35 W, 100 %, 75571 MiB
2026/09/27 14:59:14.554, 4, 49, 1980 MHz, 606.45 W, 100 %, 75571 MiB
2026/09/27 14:59:14.554, 5, 53, 1980 MHz, 584.23 W, 100 %, 75571 MiB
2026/09/27 14:59:14.554, 6, 46, 1980 MHz, 525.53 W, 100 %, 75571 MiB
2026/09/27 14:59:14.554, 7, 44, 1980 MHz, 521.72 W, 100 %, 75187 MiB
2026/09/27 14:59:16.555, 0, 43, 1980 MHz, 519.16 W, 100 %, 75189 MiB
2026/09/27 14:59:16.555, 1, 48, 1980 MHz, 524.47 W, 100 %, 75571 MiB
2026/09/27 14:59:16.555, 2, 54, 1980 MHz, 574.07 W, 100 %, 75571 MiB
2026/09/27 14:59:16.555, 3, 47, 1980 MHz, 620.52 W, 100 %, 75571 MiB
2026/09/27 14:59:16.555, 4, 49, 1980 MHz, 606.41 W, 100 %, 75571 MiB
2026/09/27 14:59:16.555, 5, 53, 1980 MHz, 584.98 W, 100 %, 75571 MiB
2026/09/27 14:59:16.555, 6, 46, 1980 MHz, 526.02 W, 100 %, 75571 MiB
2026/09/27 14:59:16.555, 7, 45, 1980 MHz, 522.61 W, 100 %, 75187 MiB
2026/09/27 14:59:18.556, 0, 43, 1980 MHz, 520.31 W, 100 %, 75189 MiB
2026/09/27 14:59:18.556, 1, 48, 1980 MHz, 523.53 W, 100 %, 75571 MiB
2026/09/27 14:59:18.556, 2, 53, 1980 MHz, 575.79 W, 100 %, 75571 MiB
2026/09/27 14:59:18.556, 3, 47, 1980 MHz, 621.08 W, 100 %, 75571 MiB
2026/09/27 14:59:18.556, 4, 49, 1980 MHz, 606.53 W, 100 %, 75571 MiB
2026/09/27 14:59:18.556, 5, 53, 1980 MHz, 585.93 W, 100 %, 75571 MiB
2026/09/27 14:59:18.556, 6, 46, 1980 MHz, 526.80 W, 100 %, 75571 MiB
2026/09/27 14:59:18.556, 7, 44, 1980 MHz, 520.42 W, 100 %, 75187 MiB
2026/09/27 14:59:20.557, 0, 43, 1980 MHz, 520.14 W, 100 %, 75189 MiB
2026/09/27 14:59:20.557, 1, 48, 1980 MHz, 524.70 W, 100 %, 75571 MiB
2026/09/27 14:59:20.557, 2, 53, 1980 MHz, 574.96 W, 100 %, 75571 MiB
2026/09/27 14:59:20.557, 3, 47, 1980 MHz, 622.19 W, 100 %, 75571 MiB
2026/09/27 14:59:20.557, 4, 49, 1980 MHz, 604.80 W, 100 %, 75571 MiB
2026/09/27 14:59:20.557, 5, 53, 1980 MHz, 585.30 W, 100 %, 75571 MiB
2026/09/27 14:59:20.557, 6, 46, 1980 MHz, 524.71 W, 100 %, 75571 MiB
2026/09/27 14:59:20.557, 7, 44, 1980 MHz, 518.99 W, 100 %, 75187 MiB
2026/09/27 14:59:22.558, 0, 43, 1980 MHz, 519.03 W, 100 %, 75189 MiB
2026/09/27 14:59:22.558, 1, 48, 1980 MHz, 524.59 W, 100 %, 75571 MiB
2026/09/27 14:59:22.558, 2, 53, 1980 MHz, 574.72 W, 100 %, 75571 MiB
2026/09/27 14:59:22.558, 3, 46, 1980 MHz, 622.04 W, 100 %, 75571 MiB
2026/09/27 14:59:22.558, 4, 49, 1980 MHz, 605.27 W, 100 %, 75571 MiB
2026/09/27 14:59:22.558, 5, 53, 1980 MHz, 585.77 W, 100 %, 75571 MiB
2026/09/27 14:59:22.558, 6, 46, 1980 MHz, 526.07 W, 100 %, 75571 MiB
2026/09/27 14:59:22.558, 7, 44, 1980 MHz, 519.80 W, 100 %, 75187 MiB
2026/09/27 14:59:24.559, 0, 43, 1980 MHz, 518.38 W, 100 %, 75189 MiB
2026/09/27 14:59:24.559, 1, 48, 1980 MHz, 524.19 W, 100 %, 75571 MiB
2026/09/27 14:59:24.559, 2, 54, 1980 MHz, 577.20 W, 100 %, 75571 MiB
2026/09/27 14:59:24.559, 3, 47, 1980 MHz, 620.94 W, 100 %, 75571 MiB
2026/09/27 14:59:24.559, 4, 49, 1980 MHz, 605.95 W, 100 %, 75571 MiB
2026/09/27 14:59:24.559, 5, 53, 1980 MHz, 586.94 W, 100 %, 75571 MiB
2026/09/27 14:59:24.559, 6, 46, 1980 MHz, 526.25 W, 100 %, 75571 MiB
2026/09/27 14:59:24.559, 7, 44, 1980 MHz, 520.75 W, 100 %, 75187 MiB
2026/09/27 14:59:26.560, 0, 43, 1980 MHz, 519.79 W, 100 %, 75189 MiB
2026/09/27 14:59:26.560, 1, 48, 1980 MHz, 524.14 W, 100 %, 75571 MiB
2026/09/27 14:59:26.560, 2, 53, 1980 MHz, 578.48 W, 100 %, 75571 MiB
2026/09/27 14:59:26.560, 3, 47, 1980 MHz, 621.43 W, 100 %, 75571 MiB
2026/09/27 14:59:26.560, 4, 49, 1980 MHz, 605.93 W, 100 %, 75571 MiB
2026/09/27 14:59:26.560, 5, 53, 1980 MHz, 587.30 W, 100 %, 75571 MiB
2026/09/27 14:59:26.560, 6, 46, 1980 MHz, 526.26 W, 100 %, 75571 MiB
2026/09/27 14:59:26.560, 7, 44, 1980 MHz, 521.73 W, 100 %, 75187 MiB
2026/09/27 14:59:28.561, 0, 43, 1980 MHz, 520.43 W, 100 %, 75189 MiB
2026/09/27 14:59:28.561, 1, 48, 1980 MHz, 523.85 W, 100 %, 75571 MiB
2026/09/27 14:59:28.561, 2, 53, 1980 MHz, 577.36 W, 100 %, 75571 MiB
2026/09/27 14:59:28.561, 3, 47, 1980 MHz, 620.78 W, 100 %, 75571 MiB
2026/09/27 14:59:28.561, 4, 49, 1980 MHz, 605.77 W, 100 %, 75571 MiB
2026/09/27 14:59:28.561, 5, 53, 1980 MHz, 588.70 W, 100 %, 75571 MiB
2026/09/27 14:59:28.561, 6, 46, 1980 MHz, 524.36 W, 100 %, 75571 MiB
2026/09/27 14:59:28.561, 7, 44, 1980 MHz, 520.13 W, 100 %, 75187 MiB
2026/09/27 14:59:30.562, 0, 43, 1980 MHz, 518.99 W, 100 %, 75189 MiB
2026/09/27 14:59:30.562, 1, 48, 1980 MHz, 524.75 W, 100 %, 75571 MiB
2026/09/27 14:59:30.562, 2, 53, 1980 MHz, 577.14 W, 100 %, 75571 MiB
2026/09/27 14:59:30.562, 3, 47, 1980 MHz, 621.51 W, 100 %, 75571 MiB
2026/09/27 14:59:30.562, 4, 49, 1980 MHz, 606.30 W, 100 %, 75571 MiB
2026/09/27 14:59:30.562, 5, 53, 1980 MHz, 587.85 W, 100 %, 75571 MiB
2026/09/27 14:59:30.562, 6, 46, 1980 MHz, 525.60 W, 100 %, 75571 MiB
2026/09/27 14:59:30.562, 7, 44, 1980 MHz, 519.54 W, 100 %, 75187 MiB
2026/09/27 14:59:32.562, 0, 43, 1980 MHz, 518.85 W, 100 %, 75189 MiB
2026/09/27 14:59:32.563, 1, 48, 1980 MHz, 524.74 W, 100 %, 75571 MiB
2026/09/27 14:59:32.563, 2, 54, 1980 MHz, 579.39 W, 100 %, 75571 MiB
2026/09/27 14:59:32.563, 3, 47, 1980 MHz, 621.13 W, 100 %, 75571 MiB
2026/09/27 14:59:32.563, 4, 49, 1980 MHz, 606.83 W, 100 %, 75571 MiB
2026/09/27 14:59:32.563, 5, 53, 1980 MHz, 590.47 W, 100 %, 75571 MiB
2026/09/27 14:59:32.563, 6, 46, 1980 MHz, 525.23 W, 100 %, 75571 MiB
2026/09/27 14:59:32.563, 7, 44, 1980 MHz, 520.27 W, 100 %, 75187 MiB
2026/09/27 14:59:34.563, 0, 43, 1980 MHz, 519.32 W, 100 %, 75189 MiB
2026/09/27 14:59:34.564, 1, 48, 1980 MHz, 524.18 W, 100 %, 75571 MiB
2026/09/27 14:59:34.564, 2, 53, 1980 MHz, 580.52 W, 100 %, 75571 MiB
2026/09/27 14:59:34.564, 3, 47, 1980 MHz, 621.48 W, 100 %, 75571 MiB
2026/09/27 14:59:34.564, 4, 49, 1980 MHz, 606.30 W, 100 %, 75571 MiB
2026/09/27 14:59:34.564, 5, 54, 1980 MHz, 590.90 W, 100 %, 75571 MiB
2026/09/27 14:59:34.564, 6, 46, 1980 MHz, 526.40 W, 100 %, 75571 MiB
2026/09/27 14:59:34.564, 7, 44, 1980 MHz, 520.03 W, 100 %, 75187 MiB
2026/09/27 14:59:36.564, 0, 43, 1980 MHz, 519.48 W, 100 %, 75189 MiB
2026/09/27 14:59:36.565, 1, 48, 1980 MHz, 523.51 W, 100 %, 75571 MiB
2026/09/27 14:59:36.565, 2, 54, 1980 MHz, 580.06 W, 100 %, 75571 MiB
2026/09/27 14:59:36.565, 3, 47, 1980 MHz, 621.01 W, 100 %, 75571 MiB
2026/09/27 14:59:36.565, 4, 49, 1980 MHz, 606.18 W, 100 %, 75571 MiB
2026/09/27 14:59:36.565, 5, 53, 1980 MHz, 590.50 W, 100 %, 75571 MiB
2026/09/27 14:59:36.565, 6, 46, 1980 MHz, 525.28 W, 100 %, 75571 MiB
2026/09/27 14:59:36.565, 7, 44, 1980 MHz, 519.48 W, 100 %, 75187 MiB
2026/09/27 14:59:38.565, 0, 43, 1980 MHz, 519.83 W, 100 %, 75189 MiB
2026/09/27 14:59:38.566, 1, 48, 1980 MHz, 525.16 W, 100 %, 75571 MiB
2026/09/27 14:59:38.566, 2, 53, 1980 MHz, 581.64 W, 100 %, 75571 MiB
2026/09/27 14:59:38.566, 3, 47, 1980 MHz, 623.06 W, 100 %, 75571 MiB
2026/09/27 14:59:38.566, 4, 49, 1980 MHz, 605.32 W, 100 %, 75571 MiB
2026/09/27 14:59:38.566, 5, 54, 1980 MHz, 591.50 W, 100 %, 75571 MiB
2026/09/27 14:59:38.566, 6, 46, 1980 MHz, 524.99 W, 100 %, 75571 MiB
2026/09/27 14:59:38.566, 7, 45, 1980 MHz, 518.71 W, 100 %, 75187 MiB
2026/09/27 14:59:40.566, 0, 43, 1980 MHz, 518.88 W, 100 %, 75189 MiB
2026/09/27 14:59:40.567, 1, 48, 1980 MHz, 525.89 W, 100 %, 75571 MiB
2026/09/27 14:59:40.567, 2, 54, 1980 MHz, 581.87 W, 100 %, 75571 MiB
2026/09/27 14:59:40.567, 3, 47, 1980 MHz, 620.98 W, 100 %, 75571 MiB
2026/09/27 14:59:40.567, 4, 49, 1980 MHz, 606.21 W, 100 %, 75571 MiB
2026/09/27 14:59:40.567, 5, 53, 1980 MHz, 591.14 W, 100 %, 75571 MiB
2026/09/27 14:59:40.567, 6, 46, 1980 MHz, 526.08 W, 100 %, 75571 MiB
2026/09/27 14:59:40.567, 7, 44, 1980 MHz, 521.90 W, 100 %, 75187 MiB
2026/09/27 14:59:42.567, 0, 43, 1980 MHz, 518.96 W, 100 %, 75189 MiB
2026/09/27 14:59:42.568, 1, 48, 1980 MHz, 525.29 W, 100 %, 75571 MiB
2026/09/27 14:59:42.568, 2, 53, 1980 MHz, 582.54 W, 100 %, 75571 MiB
2026/09/27 14:59:42.568, 3, 47, 1980 MHz, 619.98 W, 100 %, 75571 MiB
2026/09/27 14:59:42.568, 4, 49, 1980 MHz, 605.74 W, 100 %, 75571 MiB
2026/09/27 14:59:42.568, 5, 54, 1980 MHz, 591.66 W, 100 %, 75571 MiB
2026/09/27 14:59:42.568, 6, 46, 1980 MHz, 525.64 W, 100 %, 75571 MiB
2026/09/27 14:59:42.568, 7, 44, 1980 MHz, 522.51 W, 100 %, 75187 MiB
2026/09/27 14:59:44.568, 0, 43, 1980 MHz, 520.02 W, 100 %, 75189 MiB
2026/09/27 14:59:44.569, 1, 48, 1980 MHz, 523.23 W, 100 %, 75571 MiB
2026/09/27 14:59:44.569, 2, 54, 1980 MHz, 583.82 W, 100 %, 75571 MiB
2026/09/27 14:59:44.569, 3, 47, 1980 MHz, 620.56 W, 100 %, 75571 MiB
2026/09/27 14:59:44.569, 4, 49, 1980 MHz, 605.13 W, 100 %, 75571 MiB
2026/09/27 14:59:44.569, 5, 53, 1980 MHz, 594.01 W, 100 %, 75571 MiB
2026/09/27 14:59:44.569, 6, 46, 1980 MHz, 525.77 W, 100 %, 75571 MiB
2026/09/27 14:59:44.569, 7, 44, 1980 MHz, 522.03 W, 100 %, 75187 MiB
2026/09/27 14:59:46.569, 0, 43, 1980 MHz, 519.67 W, 100 %, 75189 MiB
2026/09/27 14:59:46.570, 1, 48, 1980 MHz, 523.71 W, 100 %, 75571 MiB
2026/09/27 14:59:46.570, 2, 53, 1980 MHz, 583.57 W, 100 %, 75571 MiB
2026/09/27 14:59:46.570, 3, 46, 1980 MHz, 623.47 W, 100 %, 75571 MiB
2026/09/27 14:59:46.570, 4, 49, 1980 MHz, 605.85 W, 100 %, 75571 MiB
2026/09/27 14:59:46.570, 5, 54, 1980 MHz, 593.49 W, 100 %, 75571 MiB
2026/09/27 14:59:46.570, 6, 46, 1980 MHz, 525.22 W, 100 %, 75571 MiB
2026/09/27 14:59:46.570, 7, 45, 1980 MHz, 520.83 W, 100 %, 75187 MiB
2026/09/27 14:59:48.570, 0, 43, 1980 MHz, 518.23 W, 100 %, 75189 MiB
2026/09/27 14:59:48.571, 1, 48, 1980 MHz, 525.40 W, 100 %, 75571 MiB
2026/09/27 14:59:48.571, 2, 54, 1980 MHz, 583.77 W, 100 %, 75571 MiB
2026/09/27 14:59:48.571, 3, 47, 1980 MHz, 620.97 W, 100 %, 75571 MiB
2026/09/27 14:59:48.571, 4, 49, 1980 MHz, 605.45 W, 100 %, 75571 MiB
2026/09/27 14:59:48.571, 5, 53, 1980 MHz, 593.96 W, 100 %, 75571 MiB
2026/09/27 14:59:48.571, 6, 46, 1980 MHz, 524.47 W, 100 %, 75571 MiB
2026/09/27 14:59:48.571, 7, 44, 1980 MHz, 519.84 W, 100 %, 75187 MiB
2026/09/27 14:59:50.571, 0, 32, 1980 MHz, 121.12 W, 1 %, 75189 MiB
2026/09/27 14:59:50.572, 1, 37, 1980 MHz, 121.97 W, 0 %, 75571 MiB
2026/09/27 14:59:50.572, 2, 43, 1980 MHz, 126.20 W, 0 %, 75571 MiB
2026/09/27 14:59:50.572, 3, 36, 1980 MHz, 130.37 W, 0 %, 75571 MiB
2026/09/27 14:59:50.572, 4, 36, 1980 MHz, 124.62 W, 0 %, 75571 MiB
2026/09/27 14:59:50.572, 5, 41, 1980 MHz, 130.06 W, 0 %, 75571 MiB
2026/09/27 14:59:50.572, 6, 36, 1980 MHz, 128.12 W, 0 %, 75571 MiB
2026/09/27 14:59:50.572, 7, 34, 1980 MHz, 122.09 W, 0 %, 75187 MiB
2026/09/27 14:59:52.573, 0, 31, 1980 MHz, 118.59 W, 0 %, 75191 MiB
2026/09/27 14:59:52.573, 1, 35, 1980 MHz, 121.47 W, 1 %, 75575 MiB
2026/09/27 14:59:52.573, 2, 41, 1980 MHz, 125.00 W, 0 %, 75573 MiB
2026/09/27 14:59:52.573, 3, 33, 1980 MHz, 124.37 W, 0 %, 75573 MiB
2026/09/27 14:59:52.573, 4, 33, 1980 MHz, 121.80 W, 0 %, 75573 MiB
2026/09/27 14:59:52.573, 5, 39, 1980 MHz, 127.57 W, 0 %, 75573 MiB
2026/09/27 14:59:52.573, 6, 35, 1980 MHz, 126.02 W, 0 %, 75573 MiB
2026/09/27 14:59:52.573, 7, 32, 1980 MHz, 120.12 W, 0 %, 75189 MiB
2026/09/27 14:59:54.574, 0, 29, 1980 MHz, 117.75 W, 0 %, 75191 MiB
2026/09/27 14:59:54.574, 1, 34, 1980 MHz, 119.28 W, 0 %, 75575 MiB
2026/09/27 14:59:54.575, 2, 40, 1980 MHz, 125.50 W, 0 %, 75575 MiB
2026/09/27 14:59:54.575, 3, 32, 1980 MHz, 123.65 W, 0 %, 75573 MiB
2026/09/27 14:59:54.576, 4, 32, 1980 MHz, 120.93 W, 0 %, 75573 MiB
2026/09/27 14:59:54.576, 5, 38, 1980 MHz, 126.75 W, 0 %, 75573 MiB
2026/09/27 14:59:54.578, 6, 33, 1980 MHz, 125.29 W, 0 %, 75573 MiB
2026/09/27 14:59:54.579, 7, 30, 1980 MHz, 119.50 W, 0 %, 75189 MiB
2026/09/27 14:59:56.580, 0, 29, 1980 MHz, 117.16 W, 0 %, 75191 MiB
2026/09/27 14:59:56.580, 1, 33, 1980 MHz, 118.91 W, 0 %, 75575 MiB
2026/09/27 14:59:56.580, 2, 39, 1980 MHz, 123.87 W, 0 %, 75575 MiB
2026/09/27 14:59:56.580, 3, 31, 1980 MHz, 123.81 W, 0 %, 75575 MiB
2026/09/27 14:59:56.580, 4, 31, 1980 MHz, 120.94 W, 1 %, 75575 MiB
2026/09/27 14:59:56.580, 5, 37, 1980 MHz, 126.02 W, 0 %, 75573 MiB
2026/09/27 14:59:56.580, 6, 33, 1980 MHz, 124.17 W, 0 %, 75573 MiB
2026/09/27 14:59:56.580, 7, 30, 1980 MHz, 118.15 W, 0 %, 75189 MiB
2026/09/27 14:59:58.581, 0, 28, 1980 MHz, 116.91 W, 0 %, 75191 MiB
2026/09/27 14:59:58.581, 1, 32, 1980 MHz, 118.59 W, 0 %, 75575 MiB
2026/09/27 14:59:58.581, 2, 38, 1980 MHz, 123.55 W, 0 %, 75575 MiB
2026/09/27 14:59:58.581, 3, 30, 1980 MHz, 123.21 W, 0 %, 75575 MiB
2026/09/27 14:59:58.581, 4, 30, 1980 MHz, 120.35 W, 0 %, 75575 MiB
2026/09/27 14:59:58.582, 5, 36, 1980 MHz, 127.20 W, 1 %, 75575 MiB
2026/09/27 14:59:58.582, 6, 32, 1980 MHz, 123.65 W, 0 %, 75573 MiB
2026/09/27 14:59:58.582, 7, 29, 1980 MHz, 117.83 W, 0 %, 75189 MiB
2026/09/27 15:00:00.582, 0, 27, 1980 MHz, 116.66 W, 0 %, 75191 MiB
2026/09/27 15:00:00.583, 1, 32, 1980 MHz, 118.25 W, 0 %, 75575 MiB
2026/09/27 15:00:00.583, 2, 38, 1980 MHz, 123.20 W, 0 %, 75575 MiB
2026/09/27 15:00:00.583, 3, 30, 1980 MHz, 123.20 W, 0 %, 75575 MiB
2026/09/27 15:00:00.583, 4, 29, 1980 MHz, 120.28 W, 0 %, 75575 MiB
2026/09/27 15:00:00.583, 5, 35, 1980 MHz, 125.19 W, 0 %, 75575 MiB
2026/09/27 15:00:00.583, 6, 31, 1980 MHz, 124.80 W, 1 %, 75575 MiB
2026/09/27 15:00:00.583, 7, 28, 1980 MHz, 117.57 W, 0 %, 75189 MiB
2026/09/27 15:00:02.583, 0, 27, 1980 MHz, 116.44 W, 0 %, 75191 MiB
2026/09/27 15:00:02.584, 1, 31, 1980 MHz, 118.07 W, 0 %, 75575 MiB
2026/09/27 15:00:02.584, 2, 37, 1980 MHz, 122.97 W, 0 %, 75575 MiB
2026/09/27 15:00:02.584, 3, 29, 1980 MHz, 123.06 W, 0 %, 75575 MiB
2026/09/27 15:00:02.584, 4, 29, 1980 MHz, 119.99 W, 0 %, 75575 MiB
2026/09/27 15:00:02.584, 5, 34, 1980 MHz, 124.83 W, 0 %, 75575 MiB
2026/09/27 15:00:02.630, 6, 31, 1980 MHz, 122.94 W, 0 %, 75575 MiB
2026/09/27 15:00:02.699, 7, 28, 1980 MHz, 118.85 W, 1 %, 75191 MiB
2026/09/27 15:00:04.766, 0, 27, 1980 MHz, 117.33 W, 0 %, 75717 MiB
2026/09/27 15:00:04.768, 1, 31, 1980 MHz, 117.96 W, 0 %, 75594 MiB
2026/09/27 15:00:04.769, 2, 37, 1980 MHz, 122.70 W, 0 %, 75575 MiB
2026/09/27 15:00:04.773, 3, 29, 1980 MHz, 122.89 W, 0 %, 75575 MiB
2026/09/27 15:00:04.774, 4, 28, 1980 MHz, 119.81 W, 0 %, 75575 MiB
2026/09/27 15:00:04.778, 5, 34, 1980 MHz, 124.61 W, 0 %, 75575 MiB
2026/09/27 15:00:04.779, 6, 30, 1980 MHz, 122.70 W, 0 %, 75575 MiB
2026/09/27 15:00:04.780, 7, 27, 1980 MHz, 117.26 W, 0 %, 75191 MiB
2026/09/27 15:00:06.781, 0, 26, 1980 MHz, 117.68 W, 0 %, 75717 MiB
2026/09/27 15:00:06.782, 1, 30, 1980 MHz, 118.86 W, 0 %, 76101 MiB
2026/09/27 15:00:06.782, 2, 36, 1980 MHz, 123.47 W, 2 %, 76101 MiB
2026/09/27 15:00:06.784, 3, 29, 1980 MHz, 124.09 W, 0 %, 76101 MiB
2026/09/27 15:00:06.784, 4, 28, 1980 MHz, 120.57 W, 0 %, 76101 MiB
2026/09/27 15:00:06.795, 5, 33, 1980 MHz, 125.49 W, 0 %, 76101 MiB
2026/09/27 15:00:06.796, 6, 30, 1980 MHz, 123.39 W, 0 %, 76101 MiB
2026/09/27 15:00:06.796, 7, 27, 1980 MHz, 118.02 W, 0 %, 75717 MiB
2026/09/27 15:00:08.797, 0, 26, 1980 MHz, 120.40 W, 0 %, 75191 MiB
2026/09/27 15:00:08.797, 1, 30, 1980 MHz, 121.86 W, 0 %, 75575 MiB
2026/09/27 15:00:08.797, 2, 36, 1980 MHz, 122.44 W, 0 %, 75575 MiB
2026/09/27 15:00:08.797, 3, 28, 1980 MHz, 125.22 W, 0 %, 75575 MiB
2026/09/27 15:00:08.797, 4, 28, 1980 MHz, 123.77 W, 0 %, 75575 MiB
2026/09/27 15:00:08.797, 5, 33, 1980 MHz, 128.56 W, 0 %, 75575 MiB
2026/09/27 15:00:08.797, 6, 30, 1980 MHz, 126.35 W, 0 %, 75575 MiB
2026/09/27 15:00:08.797, 7, 27, 1980 MHz, 121.15 W, 0 %, 75191 MiB
2026/09/27 15:00:10.798, 0, 26, 1980 MHz, 120.31 W, 0 %, 75191 MiB
2026/09/27 15:00:10.798, 1, 30, 1980 MHz, 121.82 W, 0 %, 75575 MiB
2026/09/27 15:00:10.798, 2, 36, 1980 MHz, 122.30 W, 0 %, 75575 MiB
2026/09/27 15:00:10.798, 3, 28, 1980 MHz, 122.57 W, 0 %, 75575 MiB
2026/09/27 15:00:10.798, 4, 27, 1980 MHz, 120.14 W, 0 %, 75575 MiB
2026/09/27 15:00:10.798, 5, 33, 1980 MHz, 126.26 W, 1 %, 75575 MiB
2026/09/27 15:00:10.798, 6, 29, 1980 MHz, 126.26 W, 0 %, 75575 MiB
2026/09/27 15:00:10.799, 7, 27, 1980 MHz, 121.14 W, 0 %, 75191 MiB
2026/09/27 15:00:12.799, 0, 26, 1980 MHz, 120.26 W, 0 %, 75191 MiB
2026/09/27 15:00:12.799, 1, 30, 1980 MHz, 121.65 W, 0 %, 75575 MiB
2026/09/27 15:00:12.799, 2, 35, 1980 MHz, 122.18 W, 0 %, 75575 MiB
2026/09/27 15:00:12.800, 3, 28, 1980 MHz, 122.52 W, 0 %, 75575 MiB
2026/09/27 15:00:12.800, 4, 27, 1980 MHz, 118.17 W, 0 %, 75575 MiB
2026/09/27 15:00:12.800, 5, 32, 1980 MHz, 122.60 W, 0 %, 75575 MiB
2026/09/27 15:00:12.800, 6, 29, 1980 MHz, 123.89 W, 1 %, 75575 MiB
2026/09/27 15:00:12.800, 7, 27, 1980 MHz, 121.06 W, 0 %, 75191 MiB
2026/09/27 15:00:14.800, 0, 26, 1980 MHz, 120.20 W, 0 %, 75191 MiB
2026/09/27 15:00:14.801, 1, 29, 1980 MHz, 121.56 W, 0 %, 75575 MiB
2026/09/27 15:00:14.801, 2, 35, 1980 MHz, 122.08 W, 0 %, 75575 MiB
2026/09/27 15:00:14.801, 3, 28, 1980 MHz, 122.43 W, 0 %, 75575 MiB
2026/09/27 15:00:14.801, 4, 27, 1980 MHz, 117.80 W, 0 %, 75575 MiB
2026/09/27 15:00:14.801, 5, 32, 1980 MHz, 123.16 W, 0 %, 75575 MiB
2026/09/27 15:00:14.801, 6, 29, 1980 MHz, 121.81 W, 0 %, 75575 MiB
2026/09/27 15:00:14.801, 7, 26, 1980 MHz, 118.72 W, 1 %, 75191 MiB
2026/09/27 15:00:16.801, 0, 25, 1980 MHz, 116.96 W, 0 %, 75191 MiB
2026/09/27 15:00:16.802, 1, 29, 1980 MHz, 120.79 W, 0 %, 75575 MiB
2026/09/27 15:00:16.802, 2, 35, 1980 MHz, 121.95 W, 0 %, 75575 MiB
2026/09/27 15:00:16.802, 3, 28, 1980 MHz, 122.32 W, 0 %, 75575 MiB
2026/09/27 15:00:16.802, 4, 27, 1980 MHz, 117.77 W, 0 %, 75575 MiB
2026/09/27 15:00:16.802, 5, 32, 1980 MHz, 122.96 W, 0 %, 75575 MiB
2026/09/27 15:00:16.802, 6, 29, 1980 MHz, 121.82 W, 0 %, 75575 MiB
2026/09/27 15:00:16.802, 7, 26, 1980 MHz, 116.69 W, 0 %, 75191 MiB
2026/09/27 15:00:18.803, 0, 25, 1980 MHz, 115.88 W, 0 %, 75191 MiB
2026/09/27 15:00:18.803, 1, 29, 1980 MHz, 117.32 W, 0 %, 75575 MiB
2026/09/27 15:00:18.803, 2, 35, 1980 MHz, 122.67 W, 1 %, 75575 MiB
2026/09/27 15:00:18.803, 3, 27, 1980 MHz, 122.33 W, 0 %, 75575 MiB
2026/09/27 15:00:18.803, 4, 27, 1980 MHz, 117.67 W, 0 %, 75575 MiB
2026/09/27 15:00:18.803, 5, 31, 1980 MHz, 122.88 W, 0 %, 75575 MiB
2026/09/27 15:00:18.803, 6, 28, 1980 MHz, 121.65 W, 0 %, 75575 MiB
2026/09/27 15:00:18.803, 7, 26, 1980 MHz, 116.67 W, 0 %, 75191 MiB
2026/09/27 15:00:20.804, 0, 25, 1980 MHz, 115.89 W, 0 %, 75191 MiB
2026/09/27 15:00:20.804, 1, 29, 1980 MHz, 117.10 W, 0 %, 75575 MiB
2026/09/27 15:00:20.804, 2, 35, 1980 MHz, 121.78 W, 0 %, 75575 MiB
2026/09/27 15:00:20.804, 3, 27, 1980 MHz, 124.71 W, 1 %, 75575 MiB
2026/09/27 15:00:20.804, 4, 26, 1980 MHz, 117.54 W, 0 %, 75575 MiB
2026/09/27 15:00:20.804, 5, 31, 1980 MHz, 122.82 W, 0 %, 75575 MiB
2026/09/27 15:00:20.805, 6, 28, 1980 MHz, 121.53 W, 0 %, 75575 MiB
2026/09/27 15:00:20.805, 7, 26, 1980 MHz, 116.62 W, 0 %, 75191 MiB
2026/09/27 15:00:22.805, 0, 25, 1980 MHz, 115.81 W, 0 %, 75191 MiB
2026/09/27 15:00:22.805, 1, 29, 1980 MHz, 117.05 W, 0 %, 75575 MiB
2026/09/27 15:00:22.805, 2, 34, 1980 MHz, 121.71 W, 0 %, 75575 MiB
2026/09/27 15:00:22.806, 3, 27, 1980 MHz, 122.14 W, 0 %, 75575 MiB
2026/09/27 15:00:22.806, 4, 26, 1980 MHz, 119.37 W, 0 %, 75575 MiB
2026/09/27 15:00:22.806, 5, 31, 1980 MHz, 122.68 W, 0 %, 75575 MiB
2026/09/27 15:00:22.806, 6, 28, 1980 MHz, 121.46 W, 0 %, 75575 MiB
2026/09/27 15:00:22.806, 7, 26, 1980 MHz, 116.49 W, 0 %, 75191 MiB
2026/09/27 15:00:24.806, 0, 25, 1980 MHz, 115.74 W, 0 %, 75191 MiB
2026/09/27 15:00:24.807, 1, 28, 1980 MHz, 116.98 W, 0 %, 75575 MiB
2026/09/27 15:00:24.807, 2, 34, 1980 MHz, 121.59 W, 0 %, 75575 MiB
2026/09/27 15:00:24.807, 3, 27, 1980 MHz, 122.14 W, 0 %, 75575 MiB
2026/09/27 15:00:24.807, 4, 26, 1980 MHz, 117.49 W, 0 %, 75575 MiB
2026/09/27 15:00:24.807, 5, 31, 1980 MHz, 122.76 W, 0 %, 75575 MiB
2026/09/27 15:00:24.807, 6, 28, 1980 MHz, 122.19 W, 1 %, 75575 MiB
2026/09/27 15:00:24.807, 7, 26, 1980 MHz, 116.46 W, 0 %, 75191 MiB
2026/09/27 15:00:26.807, 0, 25, 1980 MHz, 115.79 W, 0 %, 75191 MiB
2026/09/27 15:00:26.808, 1, 28, 1980 MHz, 116.89 W, 0 %, 75575 MiB
2026/09/27 15:00:26.808, 2, 34, 1980 MHz, 121.57 W, 0 %, 75575 MiB
2026/09/27 15:00:26.808, 3, 27, 1980 MHz, 122.11 W, 0 %, 75575 MiB
2026/09/27 15:00:26.808, 4, 26, 1980 MHz, 117.40 W, 0 %, 75575 MiB
2026/09/27 15:00:26.808, 5, 31, 1980 MHz, 122.52 W, 0 %, 75575 MiB
2026/09/27 15:00:26.808, 6, 28, 1980 MHz, 121.26 W, 0 %, 75575 MiB
2026/09/27 15:00:26.808, 7, 26, 1980 MHz, 118.06 W, 1 %, 75191 MiB
2026/09/27 15:00:28.809, 0, 25, 1980 MHz, 116.59 W, 0 %, 75191 MiB
2026/09/27 15:00:28.809, 1, 28, 1980 MHz, 117.76 W, 1 %, 75575 MiB
2026/09/27 15:00:28.809, 2, 34, 1980 MHz, 121.47 W, 0 %, 75575 MiB
2026/09/27 15:00:28.809, 3, 27, 1980 MHz, 122.01 W, 0 %, 75575 MiB
2026/09/27 15:00:28.809, 4, 26, 1980 MHz, 117.32 W, 0 %, 75575 MiB
2026/09/27 15:00:28.809, 5, 31, 1980 MHz, 122.42 W, 0 %, 75575 MiB
2026/09/27 15:00:28.809, 6, 28, 1980 MHz, 121.22 W, 0 %, 75575 MiB
2026/09/27 15:00:28.809, 7, 26, 1980 MHz, 116.33 W, 0 %, 75191 MiB
2026/09/27 15:00:30.810, 0, 25, 1980 MHz, 115.71 W, 0 %, 75191 MiB
2026/09/27 15:00:30.810, 1, 28, 1980 MHz, 116.76 W, 0 %, 75575 MiB
2026/09/27 15:00:30.810, 2, 34, 1980 MHz, 123.73 W, 0 %, 75575 MiB
2026/09/27 15:00:30.810, 3, 27, 1980 MHz, 122.61 W, 1 %, 75575 MiB
2026/09/27 15:00:30.810, 4, 26, 1980 MHz, 117.39 W, 0 %, 75575 MiB
2026/09/27 15:00:30.810, 5, 30, 1980 MHz, 122.25 W, 0 %, 75575 MiB
2026/09/27 15:00:30.810, 6, 28, 1980 MHz, 121.23 W, 0 %, 75575 MiB
2026/09/27 15:00:30.811, 7, 26, 1980 MHz, 116.41 W, 0 %, 75191 MiB
2026/09/27 15:00:32.811, 0, 25, 1980 MHz, 115.72 W, 0 %, 75191 MiB
2026/09/27 15:00:32.811, 1, 28, 1980 MHz, 116.76 W, 0 %, 75575 MiB
2026/09/27 15:00:32.811, 2, 34, 1980 MHz, 121.36 W, 0 %, 75575 MiB
2026/09/27 15:00:32.811, 3, 27, 1980 MHz, 121.99 W, 0 %, 75575 MiB
2026/09/27 15:00:32.811, 4, 26, 1980 MHz, 119.74 W, 1 %, 75575 MiB
2026/09/27 15:00:32.811, 5, 30, 1980 MHz, 122.20 W, 0 %, 75575 MiB
2026/09/27 15:00:32.812, 6, 27, 1980 MHz, 121.10 W, 0 %, 75575 MiB
2026/09/27 15:00:32.812, 7, 26, 1980 MHz, 116.37 W, 0 %, 75191 MiB
2026/09/27 15:00:34.812, 0, 25, 1980 MHz, 114.81 W, 0 %, 75191 MiB
2026/09/27 15:00:34.812, 1, 28, 1980 MHz, 116.68 W, 0 %, 75575 MiB
2026/09/27 15:00:34.812, 2, 34, 1980 MHz, 121.34 W, 0 %, 75575 MiB
2026/09/27 15:00:34.812, 3, 27, 1980 MHz, 121.97 W, 0 %, 75575 MiB
2026/09/27 15:00:34.813, 4, 26, 1980 MHz, 117.22 W, 0 %, 75575 MiB
2026/09/27 15:00:34.813, 5, 30, 1980 MHz, 122.36 W, 0 %, 75575 MiB
2026/09/27 15:00:34.813, 6, 27, 1980 MHz, 122.66 W, 1 %, 75575 MiB
2026/09/27 15:00:34.813, 7, 25, 1980 MHz, 116.30 W, 0 %, 75191 MiB
2026/09/27 15:00:36.813, 0, 25, 1980 MHz, 116.03 W, 1 %, 75191 MiB
2026/09/27 15:00:36.814, 1, 28, 1980 MHz, 116.70 W, 0 %, 75575 MiB
2026/09/27 15:00:36.814, 2, 33, 1980 MHz, 121.28 W, 0 %, 75575 MiB
2026/09/27 15:00:36.814, 3, 26, 1980 MHz, 121.90 W, 0 %, 75575 MiB
2026/09/27 15:00:36.814, 4, 26, 1980 MHz, 117.24 W, 0 %, 75575 MiB
2026/09/27 15:00:36.814, 5, 30, 1980 MHz, 122.10 W, 0 %, 75575 MiB
2026/09/27 15:00:36.814, 6, 27, 1980 MHz, 121.03 W, 0 %, 75575 MiB
2026/09/27 15:00:36.814, 7, 25, 1980 MHz, 117.07 W, 0 %, 75191 MiB
2026/09/27 15:00:38.815, 0, 24, 1980 MHz, 114.79 W, 0 %, 75191 MiB
2026/09/27 15:00:38.815, 1, 28, 1980 MHz, 117.74 W, 0 %, 75575 MiB
2026/09/27 15:00:38.815, 2, 33, 1980 MHz, 122.01 W, 1 %, 75575 MiB
2026/09/27 15:00:38.815, 3, 26, 1980 MHz, 121.95 W, 0 %, 75575 MiB
2026/09/27 15:00:38.815, 4, 25, 1980 MHz, 117.18 W, 0 %, 75575 MiB
2026/09/27 15:00:38.815, 5, 30, 1980 MHz, 122.09 W, 0 %, 75575 MiB
2026/09/27 15:00:38.815, 6, 27, 1980 MHz, 121.01 W, 0 %, 75575 MiB
2026/09/27 15:00:38.815, 7, 25, 1980 MHz, 116.31 W, 0 %, 75191 MiB
2026/09/27 15:00:40.816, 0, 24, 1980 MHz, 114.78 W, 0 %, 75191 MiB
2026/09/27 15:00:40.816, 1, 28, 1980 MHz, 116.61 W, 0 %, 75575 MiB
2026/09/27 15:00:40.816, 2, 33, 1980 MHz, 121.25 W, 0 %, 75575 MiB
2026/09/27 15:00:40.816, 3, 26, 1980 MHz, 123.95 W, 0 %, 75575 MiB
2026/09/27 15:00:40.816, 4, 25, 1980 MHz, 117.43 W, 0 %, 75575 MiB
2026/09/27 15:00:40.816, 5, 30, 1980 MHz, 122.07 W, 0 %, 75575 MiB
2026/09/27 15:00:40.817, 6, 27, 1980 MHz, 120.91 W, 0 %, 75575 MiB
2026/09/27 15:00:40.817, 7, 25, 1980 MHz, 116.28 W, 0 %, 75191 MiB
2026/09/27 15:00:42.817, 0, 24, 1980 MHz, 114.73 W, 0 %, 75191 MiB
2026/09/27 15:00:42.817, 1, 28, 1980 MHz, 116.52 W, 0 %, 75575 MiB
2026/09/27 15:00:42.817, 2, 33, 1980 MHz, 121.18 W, 0 %, 75575 MiB
2026/09/27 15:00:42.818, 3, 26, 1980 MHz, 121.84 W, 0 %, 75575 MiB
2026/09/27 15:00:42.818, 4, 25, 1980 MHz, 117.11 W, 0 %, 75575 MiB
2026/09/27 15:00:42.818, 5, 30, 1980 MHz, 124.24 W, 1 %, 75575 MiB
2026/09/27 15:00:42.818, 6, 27, 1980 MHz, 120.90 W, 0 %, 75575 MiB
2026/09/27 15:00:42.818, 7, 25, 1980 MHz, 116.28 W, 0 %, 75191 MiB
2026/09/27 15:00:44.818, 0, 24, 1980 MHz, 114.67 W, 0 %, 75191 MiB
2026/09/27 15:00:44.819, 1, 27, 1980 MHz, 116.52 W, 0 %, 75575 MiB
2026/09/27 15:00:44.819, 2, 33, 1980 MHz, 121.10 W, 0 %, 75575 MiB
2026/09/27 15:00:44.819, 3, 26, 1980 MHz, 121.86 W, 0 %, 75575 MiB
2026/09/27 15:00:44.819, 4, 25, 1980 MHz, 117.10 W, 0 %, 75575 MiB
2026/09/27 15:00:44.819, 5, 30, 1980 MHz, 121.89 W, 0 %, 75575 MiB
2026/09/27 15:00:44.819, 6, 27, 1980 MHz, 121.20 W, 0 %, 75575 MiB
2026/09/27 15:00:44.819, 7, 25, 1980 MHz, 117.53 W, 1 %, 75191 MiB
2026/09/27 15:00:46.820, 0, 24, 1980 MHz, 115.64 W, 0 %, 75191 MiB
2026/09/27 15:00:46.820, 1, 27, 1980 MHz, 116.50 W, 0 %, 75575 MiB
2026/09/27 15:00:46.820, 2, 33, 1980 MHz, 121.11 W, 0 %, 75575 MiB
2026/09/27 15:00:46.820, 3, 26, 1980 MHz, 121.86 W, 0 %, 75575 MiB
2026/09/27 15:00:46.820, 4, 25, 1980 MHz, 116.97 W, 0 %, 75575 MiB
2026/09/27 15:00:46.820, 5, 29, 1980 MHz, 121.93 W, 0 %, 75575 MiB
2026/09/27 15:00:46.820, 6, 27, 1980 MHz, 120.77 W, 0 %, 75575 MiB
2026/09/27 15:00:46.820, 7, 25, 1980 MHz, 116.17 W, 0 %, 75191 MiB
2026/09/27 15:00:48.821, 0, 24, 1980 MHz, 114.60 W, 0 %, 75191 MiB
2026/09/27 15:00:48.821, 1, 27, 1980 MHz, 116.67 W, 0 %, 75575 MiB
2026/09/27 15:00:48.821, 2, 33, 1980 MHz, 121.69 W, 1 %, 75575 MiB
2026/09/27 15:00:48.821, 3, 26, 1980 MHz, 121.79 W, 0 %, 75575 MiB
2026/09/27 15:00:48.821, 4, 25, 1980 MHz, 116.98 W, 0 %, 75575 MiB
2026/09/27 15:00:48.821, 5, 29, 1980 MHz, 121.83 W, 0 %, 75575 MiB
2026/09/27 15:00:48.822, 6, 27, 1980 MHz, 120.78 W, 0 %, 75575 MiB
2026/09/27 15:00:48.822, 7, 25, 1980 MHz, 116.20 W, 0 %, 75191 MiB
2026/09/27 15:00:50.822, 0, 24, 1980 MHz, 114.60 W, 0 %, 75191 MiB
2026/09/27 15:00:50.822, 1, 27, 1980 MHz, 116.46 W, 0 %, 75575 MiB
2026/09/27 15:00:50.822, 2, 33, 1980 MHz, 121.04 W, 0 %, 75575 MiB
2026/09/27 15:00:50.822, 3, 26, 1980 MHz, 124.42 W, 1 %, 75575 MiB
2026/09/27 15:00:50.823, 4, 25, 1980 MHz, 116.94 W, 0 %, 75575 MiB
2026/09/27 15:00:50.823, 5, 29, 1980 MHz, 121.78 W, 0 %, 75575 MiB
2026/09/27 15:00:50.823, 6, 27, 1980 MHz, 120.77 W, 0 %, 75575 MiB
2026/09/27 15:00:50.823, 7, 25, 1980 MHz, 116.15 W, 0 %, 75191 MiB
2026/09/27 15:00:52.823, 0, 24, 1980 MHz, 114.64 W, 0 %, 75191 MiB
2026/09/27 15:00:52.823, 1, 27, 1980 MHz, 116.44 W, 0 %, 75575 MiB
2026/09/27 15:00:52.824, 2, 33, 1980 MHz, 121.01 W, 0 %, 75575 MiB
2026/09/27 15:00:52.824, 3, 26, 1980 MHz, 121.73 W, 0 %, 75575 MiB
2026/09/27 15:00:52.824, 4, 25, 1980 MHz, 118.96 W, 1 %, 75575 MiB
2026/09/27 15:00:52.824, 5, 29, 1980 MHz, 121.73 W, 0 %, 75575 MiB
2026/09/27 15:00:52.824, 6, 27, 1980 MHz, 120.71 W, 0 %, 75575 MiB
2026/09/27 15:00:52.824, 7, 25, 1980 MHz, 116.23 W, 0 %, 75191 MiB
2026/09/27 15:00:54.824, 0, 24, 1980 MHz, 114.62 W, 0 %, 75191 MiB
2026/09/27 15:00:54.825, 1, 27, 1980 MHz, 115.97 W, 0 %, 75575 MiB
2026/09/27 15:00:54.825, 2, 33, 1980 MHz, 120.94 W, 0 %, 75575 MiB
2026/09/27 15:00:54.825, 3, 26, 1980 MHz, 121.72 W, 0 %, 75575 MiB
2026/09/27 15:00:54.825, 4, 25, 1980 MHz, 116.89 W, 0 %, 75575 MiB
2026/09/27 15:00:54.825, 5, 29, 1980 MHz, 122.21 W, 0 %, 75575 MiB
2026/09/27 15:00:54.825, 6, 27, 1980 MHz, 120.99 W, 1 %, 75575 MiB
2026/09/27 15:00:54.825, 7, 25, 1980 MHz, 116.14 W, 0 %, 75191 MiB
2026/09/27 15:00:56.826, 0, 24, 1980 MHz, 114.57 W, 0 %, 75191 MiB
2026/09/27 15:00:56.826, 1, 27, 1980 MHz, 115.80 W, 0 %, 75575 MiB
2026/09/27 15:00:56.826, 2, 32, 1980 MHz, 120.88 W, 0 %, 75575 MiB
2026/09/27 15:00:56.826, 3, 26, 1980 MHz, 121.70 W, 0 %, 75575 MiB
2026/09/27 15:00:56.826, 4, 25, 1980 MHz, 116.93 W, 0 %, 75575 MiB
2026/09/27 15:00:56.826, 5, 29, 1980 MHz, 121.61 W, 0 %, 75575 MiB
2026/09/27 15:00:56.826, 6, 27, 1980 MHz, 120.64 W, 0 %, 75575 MiB
2026/09/27 15:00:56.826, 7, 25, 1980 MHz, 117.21 W, 1 %, 75191 MiB
2026/09/27 15:00:58.827, 0, 24, 1980 MHz, 114.57 W, 0 %, 75191 MiB
2026/09/27 15:00:58.827, 1, 27, 1980 MHz, 115.84 W, 0 %, 75575 MiB
2026/09/27 15:00:58.827, 2, 32, 1980 MHz, 120.86 W, 0 %, 75575 MiB
2026/09/27 15:00:58.827, 3, 26, 1980 MHz, 121.75 W, 0 %, 75575 MiB
2026/09/27 15:00:58.827, 4, 25, 1980 MHz, 116.88 W, 0 %, 75575 MiB
2026/09/27 15:00:58.827, 5, 29, 1980 MHz, 121.62 W, 0 %, 75575 MiB
2026/09/27 15:00:58.828, 6, 27, 1980 MHz, 120.61 W, 0 %, 75575 MiB
2026/09/27 15:00:58.828, 7, 25, 1980 MHz, 116.12 W, 0 %, 75191 MiB
2026/09/27 15:01:00.828, 0, 24, 1980 MHz, 114.58 W, 0 %, 75191 MiB
2026/09/27 15:01:00.829, 1, 27, 1980 MHz, 115.77 W, 0 %, 75575 MiB
2026/09/27 15:01:00.829, 2, 32, 1980 MHz, 120.93 W, 1 %, 75575 MiB
2026/09/27 15:01:00.829, 3, 26, 1980 MHz, 121.70 W, 0 %, 75575 MiB
2026/09/27 15:01:00.829, 4, 25, 1980 MHz, 116.83 W, 0 %, 75575 MiB
2026/09/27 15:01:00.829, 5, 29, 1980 MHz, 121.63 W, 0 %, 75575 MiB
2026/09/27 15:01:00.829, 6, 27, 1980 MHz, 120.60 W, 0 %, 75575 MiB
2026/09/27 15:01:00.829, 7, 25, 1980 MHz, 116.12 W, 0 %, 75191 MiB
2026/09/27 15:01:02.829, 0, 24, 1980 MHz, 114.49 W, 0 %, 75191 MiB
2026/09/27 15:01:02.830, 1, 27, 1980 MHz, 115.75 W, 0 %, 75575 MiB
2026/09/27 15:01:02.830, 2, 32, 1980 MHz, 120.85 W, 0 %, 75575 MiB
2026/09/27 15:01:02.830, 3, 26, 1980 MHz, 121.63 W, 1 %, 75575 MiB
2026/09/27 15:01:02.830, 4, 25, 1980 MHz, 116.89 W, 0 %, 75575 MiB
2026/09/27 15:01:02.830, 5, 29, 1980 MHz, 121.57 W, 0 %, 75575 MiB
2026/09/27 15:01:02.830, 6, 26, 1980 MHz, 120.61 W, 0 %, 75575 MiB
2026/09/27 15:01:02.830, 7, 25, 1980 MHz, 116.14 W, 0 %, 75191 MiB
2026/09/27 15:01:04.831, 0, 24, 1980 MHz, 114.46 W, 0 %, 75191 MiB
2026/09/27 15:01:04.831, 1, 27, 1980 MHz, 115.84 W, 0 %, 75575 MiB
2026/09/27 15:01:04.831, 2, 32, 1980 MHz, 120.77 W, 0 %, 75575 MiB
2026/09/27 15:01:04.831, 3, 26, 1980 MHz, 121.67 W, 0 %, 75575 MiB
2026/09/27 15:01:04.831, 4, 25, 1980 MHz, 116.90 W, 1 %, 75575 MiB
2026/09/27 15:01:04.831, 5, 29, 1980 MHz, 121.51 W, 0 %, 75575 MiB
2026/09/27 15:01:04.831, 6, 26, 1980 MHz, 120.56 W, 0 %, 75575 MiB
2026/09/27 15:01:04.831, 7, 25, 1980 MHz, 116.15 W, 0 %, 75191 MiB
2026/09/27 15:01:06.832, 0, 24, 1980 MHz, 114.52 W, 0 %, 75191 MiB
2026/09/27 15:01:06.832, 1, 27, 1980 MHz, 115.70 W, 0 %, 75575 MiB
2026/09/27 15:01:06.832, 2, 32, 1980 MHz, 120.76 W, 0 %, 75575 MiB
2026/09/27 15:01:06.832, 3, 26, 1980 MHz, 121.63 W, 0 %, 75575 MiB
2026/09/27 15:01:06.832, 4, 25, 1980 MHz, 116.72 W, 0 %, 75575 MiB
2026/09/27 15:01:06.833, 5, 29, 1980 MHz, 121.50 W, 0 %, 75575 MiB
2026/09/27 15:01:06.833, 6, 26, 1980 MHz, 120.54 W, 0 %, 75575 MiB
2026/09/27 15:01:06.833, 7, 25, 1980 MHz, 116.11 W, 0 %, 75191 MiB
2026/09/27 15:01:08.833, 0, 24, 1980 MHz, 114.46 W, 0 %, 75191 MiB
2026/09/27 15:01:08.833, 1, 27, 1980 MHz, 115.69 W, 0 %, 75575 MiB
2026/09/27 15:01:08.834, 2, 32, 1980 MHz, 120.78 W, 0 %, 75575 MiB
2026/09/27 15:01:08.834, 3, 26, 1980 MHz, 121.56 W, 0 %, 75575 MiB
2026/09/27 15:01:08.834, 4, 25, 1980 MHz, 116.73 W, 0 %, 75575 MiB
2026/09/27 15:01:08.834, 5, 29, 1980 MHz, 121.47 W, 0 %, 75575 MiB
2026/09/27 15:01:08.834, 6, 26, 1980 MHz, 120.52 W, 0 %, 75575 MiB
2026/09/27 15:01:08.834, 7, 25, 1980 MHz, 116.09 W, 1 %, 75191 MiB
2026/09/27 15:01:10.834, 0, 24, 1980 MHz, 114.56 W, 0 %, 75191 MiB
2026/09/27 15:01:10.835, 1, 27, 1980 MHz, 115.82 W, 0 %, 75575 MiB
2026/09/27 15:01:10.835, 2, 32, 1980 MHz, 120.78 W, 0 %, 75575 MiB
2026/09/27 15:01:10.835, 3, 26, 1980 MHz, 121.65 W, 0 %, 75575 MiB
2026/09/27 15:01:10.835, 4, 25, 1980 MHz, 116.83 W, 0 %, 75575 MiB
2026/09/27 15:01:10.835, 5, 29, 1980 MHz, 121.49 W, 0 %, 75575 MiB
2026/09/27 15:01:10.835, 6, 26, 1980 MHz, 120.55 W, 0 %, 75575 MiB
2026/09/27 15:01:10.835, 7, 25, 1980 MHz, 116.35 W, 0 %, 75191 MiB
2026/09/27 15:01:12.836, 0, 24, 1980 MHz, 114.49 W, 0 %, 75191 MiB
2026/09/27 15:01:12.836, 1, 27, 1980 MHz, 115.69 W, 1 %, 75575 MiB
2026/09/27 15:01:12.836, 2, 32, 1980 MHz, 120.75 W, 0 %, 75575 MiB
2026/09/27 15:01:12.836, 3, 26, 1980 MHz, 121.68 W, 0 %, 75575 MiB
2026/09/27 15:01:12.836, 4, 25, 1980 MHz, 116.77 W, 0 %, 75575 MiB
2026/09/27 15:01:12.836, 5, 29, 1980 MHz, 121.45 W, 0 %, 75575 MiB
2026/09/27 15:01:12.836, 6, 26, 1980 MHz, 120.43 W, 0 %, 75575 MiB
2026/09/27 15:01:12.836, 7, 25, 1980 MHz, 116.12 W, 0 %, 75191 MiB
2026/09/27 15:01:14.837, 0, 24, 1980 MHz, 114.49 W, 0 %, 75191 MiB
2026/09/27 15:01:14.837, 1, 27, 1980 MHz, 115.63 W, 0 %, 75575 MiB
2026/09/27 15:01:14.837, 2, 32, 1980 MHz, 120.81 W, 1 %, 75575 MiB
2026/09/27 15:01:14.837, 3, 26, 1980 MHz, 121.62 W, 0 %, 75575 MiB
2026/09/27 15:01:14.837, 4, 25, 1980 MHz, 116.76 W, 0 %, 75575 MiB
2026/09/27 15:01:14.837, 5, 29, 1980 MHz, 121.45 W, 0 %, 75575 MiB
2026/09/27 15:01:14.837, 6, 26, 1980 MHz, 120.48 W, 0 %, 75575 MiB
2026/09/27 15:01:14.837, 7, 25, 1980 MHz, 116.10 W, 0 %, 75191 MiB
2026/09/27 15:01:16.837, 0, 24, 1980 MHz, 114.45 W, 0 %, 75191 MiB
2026/09/27 15:01:16.838, 1, 27, 1980 MHz, 115.64 W, 0 %, 75575 MiB
2026/09/27 15:01:16.838, 2, 32, 1980 MHz, 120.73 W, 0 %, 75575 MiB
2026/09/27 15:01:16.838, 3, 26, 1980 MHz, 121.61 W, 0 %, 75575 MiB
2026/09/27 15:01:16.838, 4, 25, 1980 MHz, 116.76 W, 0 %, 75575 MiB
2026/09/27 15:01:16.838, 5, 29, 1980 MHz, 121.41 W, 0 %, 75575 MiB
2026/09/27 15:01:16.838, 6, 26, 1980 MHz, 120.51 W, 0 %, 75575 MiB
2026/09/27 15:01:16.838, 7, 25, 1980 MHz, 116.10 W, 0 %, 75191 MiB
2026/09/27 15:01:18.839, 0, 24, 1980 MHz, 114.45 W, 0 %, 75191 MiB
2026/09/27 15:01:18.839, 1, 27, 1980 MHz, 115.64 W, 0 %, 75575 MiB
2026/09/27 15:01:18.839, 2, 32, 1980 MHz, 120.63 W, 0 %, 75575 MiB
2026/09/27 15:01:18.839, 3, 26, 1980 MHz, 121.63 W, 0 %, 75575 MiB
2026/09/27 15:01:18.839, 4, 25, 1980 MHz, 116.61 W, 0 %, 75575 MiB
2026/09/27 15:01:18.840, 5, 29, 1980 MHz, 121.43 W, 1 %, 75575 MiB
2026/09/27 15:01:18.840, 6, 26, 1980 MHz, 120.40 W, 0 %, 75575 MiB
2026/09/27 15:01:18.840, 7, 25, 1980 MHz, 116.06 W, 0 %, 75191 MiB
2026/09/27 15:01:20.840, 0, 24, 1980 MHz, 114.51 W, 0 %, 75191 MiB
2026/09/27 15:01:20.840, 1, 27, 1980 MHz, 115.58 W, 0 %, 75575 MiB
2026/09/27 15:01:20.840, 2, 32, 1980 MHz, 120.64 W, 0 %, 75575 MiB
2026/09/27 15:01:20.841, 3, 26, 1980 MHz, 121.58 W, 0 %, 75575 MiB
2026/09/27 15:01:20.841, 4, 25, 1980 MHz, 116.62 W, 0 %, 75575 MiB
2026/09/27 15:01:20.841, 5, 28, 1980 MHz, 121.34 W, 0 %, 75575 MiB
2026/09/27 15:01:20.841, 6, 26, 1980 MHz, 120.43 W, 1 %, 75575 MiB
2026/09/27 15:01:20.841, 7, 25, 1980 MHz, 116.09 W, 0 %, 75191 MiB
2026/09/27 15:01:22.841, 0, 24, 1980 MHz, 114.50 W, 1 %, 75191 MiB
2026/09/27 15:01:22.842, 1, 27, 1980 MHz, 115.60 W, 0 %, 75575 MiB
2026/09/27 15:01:22.842, 2, 32, 1980 MHz, 120.65 W, 0 %, 75575 MiB
2026/09/27 15:01:22.842, 3, 26, 1980 MHz, 121.51 W, 0 %, 75575 MiB
2026/09/27 15:01:22.842, 4, 25, 1980 MHz, 116.67 W, 0 %, 75575 MiB
2026/09/27 15:01:22.842, 5, 28, 1980 MHz, 121.33 W, 0 %, 75575 MiB
2026/09/27 15:01:22.842, 6, 26, 1980 MHz, 120.43 W, 0 %, 75575 MiB
2026/09/27 15:01:22.842, 7, 25, 1980 MHz, 116.04 W, 0 %, 75191 MiB
2026/09/27 15:01:24.843, 0, 24, 1980 MHz, 114.41 W, 0 %, 75191 MiB
2026/09/27 15:01:24.843, 1, 27, 1980 MHz, 115.72 W, 1 %, 75575 MiB
2026/09/27 15:01:24.843, 2, 32, 1980 MHz, 120.63 W, 0 %, 75575 MiB
2026/09/27 15:01:24.843, 3, 26, 1980 MHz, 121.53 W, 0 %, 75575 MiB
2026/09/27 15:01:24.843, 4, 25, 1980 MHz, 116.61 W, 0 %, 75575 MiB
2026/09/27 15:01:24.844, 5, 28, 1980 MHz, 121.23 W, 0 %, 75575 MiB
2026/09/27 15:01:24.844, 6, 26, 1980 MHz, 120.33 W, 0 %, 75575 MiB
2026/09/27 15:01:24.844, 7, 25, 1980 MHz, 116.06 W, 0 %, 75191 MiB
2026/09/27 15:01:26.844, 0, 24, 1980 MHz, 114.43 W, 0 %, 75191 MiB
2026/09/27 15:01:26.844, 1, 27, 1980 MHz, 115.57 W, 0 %, 75575 MiB
2026/09/27 15:01:26.845, 2, 32, 1980 MHz, 120.68 W, 0 %, 75575 MiB
2026/09/27 15:01:26.845, 3, 25, 1980 MHz, 121.51 W, 0 %, 75575 MiB
2026/09/27 15:01:26.845, 4, 25, 1980 MHz, 116.60 W, 0 %, 75575 MiB
2026/09/27 15:01:26.845, 5, 28, 1980 MHz, 121.25 W, 0 %, 75575 MiB
2026/09/27 15:01:26.845, 6, 26, 1980 MHz, 120.30 W, 0 %, 75575 MiB
2026/09/27 15:01:26.845, 7, 25, 1980 MHz, 116.02 W, 0 %, 75191 MiB
2026/09/27 15:01:28.845, 0, 24, 1980 MHz, 114.38 W, 0 %, 75191 MiB
2026/09/27 15:01:28.846, 1, 27, 1980 MHz, 115.55 W, 0 %, 75575 MiB
2026/09/27 15:01:28.846, 2, 32, 1980 MHz, 120.65 W, 0 %, 75575 MiB
2026/09/27 15:01:28.846, 3, 25, 1980 MHz, 121.52 W, 0 %, 75575 MiB
2026/09/27 15:01:28.846, 4, 25, 1980 MHz, 116.61 W, 1 %, 75575 MiB
2026/09/27 15:01:28.846, 5, 28, 1980 MHz, 121.25 W, 0 %, 75575 MiB
2026/09/27 15:01:28.846, 6, 26, 1980 MHz, 120.36 W, 0 %, 75575 MiB
2026/09/27 15:01:28.846, 7, 25, 1980 MHz, 116.00 W, 0 %, 75191 MiB
2026/09/27 15:01:30.847, 0, 24, 1980 MHz, 114.34 W, 0 %, 75191 MiB
2026/09/27 15:01:30.847, 1, 27, 1980 MHz, 115.57 W, 0 %, 75575 MiB
2026/09/27 15:01:30.847, 2, 32, 1980 MHz, 120.58 W, 0 %, 75575 MiB
2026/09/27 15:01:30.847, 3, 25, 1980 MHz, 121.55 W, 0 %, 75575 MiB
2026/09/27 15:01:30.847, 4, 24, 1980 MHz, 116.57 W, 0 %, 75575 MiB
2026/09/27 15:01:30.847, 5, 28, 1980 MHz, 121.33 W, 1 %, 75575 MiB
2026/09/27 15:01:30.847, 6, 26, 1980 MHz, 120.24 W, 0 %, 75575 MiB
2026/09/27 15:01:30.847, 7, 25, 1980 MHz, 115.94 W, 0 %, 75191 MiB
2026/09/27 15:01:32.848, 0, 24, 1980 MHz, 114.42 W, 0 %, 75191 MiB
2026/09/27 15:01:32.848, 1, 27, 1980 MHz, 115.51 W, 0 %, 75575 MiB
2026/09/27 15:01:32.848, 2, 32, 1980 MHz, 120.56 W, 0 %, 75575 MiB
2026/09/27 15:01:32.848, 3, 25, 1980 MHz, 121.48 W, 0 %, 75575 MiB
2026/09/27 15:01:32.849, 4, 24, 1980 MHz, 116.59 W, 0 %, 75575 MiB
2026/09/27 15:01:32.849, 5, 28, 1980 MHz, 121.19 W, 0 %, 75575 MiB
2026/09/27 15:01:32.849, 6, 26, 1980 MHz, 120.27 W, 0 %, 75575 MiB
2026/09/27 15:01:32.849, 7, 25, 1980 MHz, 116.02 W, 0 %, 75191 MiB
2026/09/27 15:01:34.849, 0, 24, 1980 MHz, 114.46 W, 1 %, 75191 MiB
2026/09/27 15:01:34.850, 1, 27, 1980 MHz, 115.53 W, 0 %, 75575 MiB
2026/09/27 15:01:34.850, 2, 32, 1980 MHz, 120.56 W, 0 %, 75575 MiB
2026/09/27 15:01:34.850, 3, 25, 1980 MHz, 121.49 W, 0 %, 75575 MiB
2026/09/27 15:01:34.850, 4, 24, 1980 MHz, 116.56 W, 0 %, 75575 MiB
2026/09/27 15:01:34.850, 5, 28, 1980 MHz, 121.23 W, 0 %, 75575 MiB
2026/09/27 15:01:34.850, 6, 26, 1980 MHz, 120.27 W, 0 %, 75575 MiB
2026/09/27 15:01:34.850, 7, 25, 1980 MHz, 115.94 W, 0 %, 75191 MiB
2026/09/27 15:01:36.850, 0, 24, 1980 MHz, 114.38 W, 0 %, 75191 MiB
2026/09/27 15:01:36.851, 1, 26, 1980 MHz, 115.64 W, 1 %, 75575 MiB
2026/09/27 15:01:36.851, 2, 32, 1980 MHz, 120.54 W, 0 %, 75575 MiB
2026/09/27 15:01:36.851, 3, 25, 1980 MHz, 121.49 W, 0 %, 75575 MiB
2026/09/27 15:01:36.851, 4, 24, 1980 MHz, 116.58 W, 0 %, 75575 MiB
2026/09/27 15:01:36.851, 5, 28, 1980 MHz, 121.17 W, 0 %, 75575 MiB
2026/09/27 15:01:36.851, 6, 26, 1980 MHz, 120.33 W, 0 %, 75575 MiB
2026/09/27 15:01:36.851, 7, 25, 1980 MHz, 115.94 W, 0 %, 75191 MiB
2026/09/27 15:01:38.852, 0, 24, 1980 MHz, 114.39 W, 0 %, 75191 MiB
2026/09/27 15:01:38.852, 1, 26, 1980 MHz, 115.55 W, 0 %, 75575 MiB
2026/09/27 15:01:38.852, 2, 32, 1980 MHz, 120.54 W, 0 %, 75575 MiB
2026/09/27 15:01:38.852, 3, 25, 1980 MHz, 121.51 W, 1 %, 75575 MiB
2026/09/27 15:01:38.852, 4, 24, 1980 MHz, 116.54 W, 0 %, 75575 MiB
2026/09/27 15:01:38.852, 5, 28, 1980 MHz, 121.14 W, 0 %, 75575 MiB
2026/09/27 15:01:38.852, 6, 26, 1980 MHz, 120.21 W, 0 %, 75575 MiB
2026/09/27 15:01:38.852, 7, 25, 1980 MHz, 115.95 W, 0 %, 75191 MiB
2026/09/27 15:01:40.853, 0, 24, 1980 MHz, 114.44 W, 0 %, 75191 MiB
2026/09/27 15:01:40.853, 1, 26, 1980 MHz, 115.48 W, 0 %, 75575 MiB
2026/09/27 15:01:40.853, 2, 32, 1980 MHz, 120.51 W, 0 %, 75575 MiB
2026/09/27 15:01:40.853, 3, 25, 1980 MHz, 121.43 W, 0 %, 75575 MiB
2026/09/27 15:01:40.853, 4, 24, 1980 MHz, 116.56 W, 1 %, 75575 MiB
2026/09/27 15:01:40.854, 5, 28, 1980 MHz, 121.15 W, 0 %, 75575 MiB
2026/09/27 15:01:40.854, 6, 26, 1980 MHz, 120.22 W, 0 %, 75575 MiB
2026/09/27 15:01:40.854, 7, 25, 1980 MHz, 115.92 W, 0 %, 75191 MiB
2026/09/27 15:01:42.854, 0, 24, 1980 MHz, 114.39 W, 0 %, 75191 MiB
2026/09/27 15:01:42.854, 1, 26, 1980 MHz, 115.59 W, 0 %, 75575 MiB
2026/09/27 15:01:42.855, 2, 32, 1980 MHz, 120.51 W, 0 %, 75575 MiB
2026/09/27 15:01:42.855, 3, 25, 1980 MHz, 121.40 W, 0 %, 75575 MiB
2026/09/27 15:01:42.855, 4, 24, 1980 MHz, 116.57 W, 0 %, 75575 MiB
2026/09/27 15:01:42.855, 5, 28, 1980 MHz, 121.12 W, 0 %, 75575 MiB
2026/09/27 15:01:42.855, 6, 26, 1980 MHz, 120.25 W, 0 %, 75575 MiB
2026/09/27 15:01:42.855, 7, 25, 1980 MHz, 115.95 W, 0 %, 75191 MiB
2026/09/27 15:01:44.855, 0, 24, 1980 MHz, 114.36 W, 0 %, 75191 MiB
2026/09/27 15:01:44.856, 1, 26, 1980 MHz, 115.57 W, 0 %, 75575 MiB
2026/09/27 15:01:44.856, 2, 32, 1980 MHz, 120.51 W, 0 %, 75575 MiB
2026/09/27 15:01:44.856, 3, 25, 1980 MHz, 121.48 W, 0 %, 75575 MiB
2026/09/27 15:01:44.856, 4, 24, 1980 MHz, 116.54 W, 0 %, 75575 MiB
2026/09/27 15:01:44.856, 5, 28, 1980 MHz, 121.09 W, 0 %, 75575 MiB
2026/09/27 15:01:44.856, 6, 26, 1980 MHz, 120.18 W, 0 %, 75575 MiB
2026/09/27 15:01:44.856, 7, 25, 1980 MHz, 115.97 W, 1 %, 75191 MiB
2026/09/27 15:01:46.857, 0, 24, 1980 MHz, 114.44 W, 0 %, 75191 MiB
2026/09/27 15:01:46.857, 1, 26, 1980 MHz, 115.46 W, 1 %, 75575 MiB
2026/09/27 15:01:46.857, 2, 32, 1980 MHz, 120.49 W, 0 %, 75575 MiB
2026/09/27 15:01:46.857, 3, 25, 1980 MHz, 121.43 W, 0 %, 75575 MiB
2026/09/27 15:01:46.857, 4, 24, 1980 MHz, 116.46 W, 0 %, 75575 MiB
2026/09/27 15:01:46.857, 5, 28, 1980 MHz, 121.08 W, 0 %, 75575 MiB
2026/09/27 15:01:46.857, 6, 26, 1980 MHz, 120.19 W, 0 %, 75575 MiB
2026/09/27 15:01:46.857, 7, 25, 1980 MHz, 115.89 W, 0 %, 75191 MiB
2026/09/27 15:01:48.858, 0, 24, 1980 MHz, 114.37 W, 0 %, 75191 MiB
2026/09/27 15:01:48.858, 1, 26, 1980 MHz, 115.46 W, 0 %, 75575 MiB
2026/09/27 15:01:48.858, 2, 32, 1980 MHz, 120.53 W, 1 %, 75575 MiB
2026/09/27 15:01:48.858, 3, 25, 1980 MHz, 121.41 W, 0 %, 75575 MiB
2026/09/27 15:01:48.858, 4, 24, 1980 MHz, 116.43 W, 0 %, 75575 MiB
2026/09/27 15:01:48.858, 5, 28, 1980 MHz, 121.10 W, 0 %, 75575 MiB
2026/09/27 15:01:48.859, 6, 26, 1980 MHz, 120.19 W, 0 %, 75575 MiB
2026/09/27 15:01:48.859, 7, 25, 1980 MHz, 115.87 W, 0 %, 75191 MiB
2026/09/27 15:01:50.859, 0, 24, 1980 MHz, 114.30 W, 0 %, 75191 MiB
2026/09/27 15:01:50.860, 1, 26, 1980 MHz, 115.50 W, 0 %, 75575 MiB
2026/09/27 15:01:50.860, 2, 32, 1980 MHz, 120.45 W, 0 %, 75575 MiB
2026/09/27 15:01:50.860, 3, 25, 1980 MHz, 121.43 W, 0 %, 75575 MiB
2026/09/27 15:01:50.860, 4, 24, 1980 MHz, 116.54 W, 1 %, 75575 MiB
2026/09/27 15:01:50.860, 5, 28, 1980 MHz, 121.08 W, 0 %, 75575 MiB
2026/09/27 15:01:50.860, 6, 26, 1980 MHz, 120.15 W, 0 %, 75575 MiB
2026/09/27 15:01:50.860, 7, 25, 1980 MHz, 115.93 W, 0 %, 75191 MiB
2026/09/27 15:01:52.860, 0, 24, 1980 MHz, 114.33 W, 0 %, 75191 MiB
2026/09/27 15:01:52.861, 1, 26, 1980 MHz, 115.45 W, 0 %, 75575 MiB
2026/09/27 15:01:52.861, 2, 32, 1980 MHz, 120.40 W, 0 %, 75575 MiB
2026/09/27 15:01:52.861, 3, 25, 1980 MHz, 121.40 W, 0 %, 75575 MiB
2026/09/27 15:01:52.861, 4, 24, 1980 MHz, 116.46 W, 0 %, 75575 MiB
2026/09/27 15:01:52.861, 5, 28, 1980 MHz, 121.03 W, 0 %, 75575 MiB
2026/09/27 15:01:52.861, 6, 26, 1980 MHz, 120.18 W, 1 %, 75575 MiB
2026/09/27 15:01:52.861, 7, 25, 1980 MHz, 115.92 W, 0 %, 75191 MiB
2026/09/27 15:01:54.862, 0, 24, 1980 MHz, 114.42 W, 1 %, 75191 MiB
2026/09/27 15:01:54.862, 1, 26, 1980 MHz, 115.50 W, 0 %, 75575 MiB
2026/09/27 15:01:54.862, 2, 31, 1980 MHz, 120.52 W, 0 %, 75575 MiB
2026/09/27 15:01:54.862, 3, 25, 1980 MHz, 121.41 W, 0 %, 75575 MiB
2026/09/27 15:01:54.862, 4, 24, 1980 MHz, 116.49 W, 0 %, 75575 MiB
2026/09/27 15:01:54.862, 5, 28, 1980 MHz, 121.06 W, 0 %, 75575 MiB
2026/09/27 15:01:54.862, 6, 26, 1980 MHz, 120.17 W, 0 %, 75575 MiB
2026/09/27 15:01:54.862, 7, 25, 1980 MHz, 115.98 W, 0 %, 75191 MiB
2026/09/27 15:01:56.863, 0, 24, 1980 MHz, 114.33 W, 0 %, 75191 MiB
2026/09/27 15:01:56.863, 1, 26, 1980 MHz, 115.46 W, 1 %, 75575 MiB
2026/09/27 15:01:56.863, 2, 31, 1980 MHz, 120.44 W, 0 %, 75575 MiB
2026/09/27 15:01:56.863, 3, 25, 1980 MHz, 121.39 W, 0 %, 75575 MiB
2026/09/27 15:01:56.863, 4, 24, 1980 MHz, 116.54 W, 0 %, 75575 MiB
2026/09/27 15:01:56.863, 5, 28, 1980 MHz, 121.04 W, 0 %, 75575 MiB
2026/09/27 15:01:56.863, 6, 26, 1980 MHz, 120.19 W, 0 %, 75575 MiB
2026/09/27 15:01:56.863, 7, 25, 1980 MHz, 116.00 W, 0 %, 75191 MiB
2026/09/27 15:01:58.864, 0, 24, 1980 MHz, 114.33 W, 0 %, 75191 MiB
2026/09/27 15:01:58.864, 1, 26, 1980 MHz, 115.49 W, 0 %, 75575 MiB
2026/09/27 15:01:58.864, 2, 31, 1980 MHz, 119.84 W, 0 %, 75575 MiB
2026/09/27 15:01:58.864, 3, 25, 1980 MHz, 121.39 W, 1 %, 75575 MiB
2026/09/27 15:01:58.864, 4, 24, 1980 MHz, 116.46 W, 0 %, 75575 MiB
2026/09/27 15:01:58.864, 5, 28, 1980 MHz, 121.00 W, 0 %, 75575 MiB
2026/09/27 15:01:58.864, 6, 26, 1980 MHz, 120.15 W, 0 %, 75575 MiB
2026/09/27 15:01:58.865, 7, 24, 1980 MHz, 115.96 W, 0 %, 75191 MiB
2026/09/27 15:02:00.865, 0, 24, 1980 MHz, 114.35 W, 0 %, 75191 MiB
2026/09/27 15:02:00.865, 1, 26, 1980 MHz, 115.40 W, 0 %, 75575 MiB
2026/09/27 15:02:00.865, 2, 31, 1980 MHz, 119.81 W, 0 %, 75575 MiB
2026/09/27 15:02:00.865, 3, 25, 1980 MHz, 120.91 W, 0 %, 75575 MiB
2026/09/27 15:02:00.866, 4, 24, 1980 MHz, 116.43 W, 0 %, 75575 MiB
2026/09/27 15:02:00.866, 5, 28, 1980 MHz, 121.05 W, 1 %, 75575 MiB
2026/09/27 15:02:00.866, 6, 26, 1980 MHz, 120.19 W, 0 %, 75575 MiB
2026/09/27 15:02:00.866, 7, 24, 1980 MHz, 115.89 W, 0 %, 75191 MiB
2026/09/27 15:02:02.866, 0, 24, 1980 MHz, 114.34 W, 0 %, 75191 MiB
2026/09/27 15:02:02.867, 1, 26, 1980 MHz, 115.43 W, 0 %, 75575 MiB
2026/09/27 15:02:02.867, 2, 31, 1980 MHz, 119.79 W, 0 %, 75575 MiB
2026/09/27 15:02:02.867, 3, 25, 1980 MHz, 120.87 W, 0 %, 75575 MiB
2026/09/27 15:02:02.867, 4, 24, 1980 MHz, 116.39 W, 0 %, 75575 MiB
2026/09/27 15:02:02.867, 5, 28, 1980 MHz, 120.95 W, 0 %, 75575 MiB
2026/09/27 15:02:02.867, 6, 26, 1980 MHz, 120.09 W, 0 %, 75575 MiB
2026/09/27 15:02:02.867, 7, 24, 1980 MHz, 115.90 W, 1 %, 75191 MiB
2026/09/27 15:02:04.867, 0, 24, 1980 MHz, 114.36 W, 0 %, 75191 MiB
2026/09/27 15:02:04.868, 1, 26, 1980 MHz, 115.46 W, 0 %, 75575 MiB
2026/09/27 15:02:04.868, 2, 31, 1980 MHz, 119.82 W, 0 %, 75575 MiB
2026/09/27 15:02:04.868, 3, 25, 1980 MHz, 120.92 W, 0 %, 75575 MiB
2026/09/27 15:02:04.868, 4, 24, 1980 MHz, 116.37 W, 0 %, 75575 MiB
2026/09/27 15:02:04.868, 5, 28, 1980 MHz, 120.92 W, 0 %, 75575 MiB
2026/09/27 15:02:04.868, 6, 26, 1980 MHz, 120.08 W, 0 %, 75575 MiB
2026/09/27 15:02:04.868, 7, 24, 1980 MHz, 115.89 W, 0 %, 75191 MiB
2026/09/27 15:02:06.869, 0, 23, 1980 MHz, 114.36 W, 0 %, 75191 MiB
2026/09/27 15:02:06.869, 1, 26, 1980 MHz, 115.36 W, 0 %, 75575 MiB
2026/09/27 15:02:06.869, 2, 31, 1980 MHz, 119.81 W, 1 %, 75575 MiB
2026/09/27 15:02:06.869, 3, 25, 1980 MHz, 120.82 W, 0 %, 75575 MiB
2026/09/27 15:02:06.869, 4, 24, 1980 MHz, 116.35 W, 0 %, 75575 MiB
2026/09/27 15:02:06.869, 5, 28, 1980 MHz, 120.91 W, 0 %, 75575 MiB
2026/09/27 15:02:06.869, 6, 26, 1980 MHz, 120.01 W, 0 %, 75575 MiB
2026/09/27 15:02:06.869, 7, 24, 1980 MHz, 115.78 W, 0 %, 75191 MiB
2026/09/27 15:02:08.870, 0, 23, 1980 MHz, 114.36 W, 0 %, 75191 MiB
2026/09/27 15:02:08.870, 1, 26, 1980 MHz, 115.39 W, 0 %, 75575 MiB
2026/09/27 15:02:08.870, 2, 31, 1980 MHz, 119.80 W, 0 %, 75575 MiB
2026/09/27 15:02:08.870, 3, 25, 1980 MHz, 120.86 W, 0 %, 75575 MiB
2026/09/27 15:02:08.870, 4, 24, 1980 MHz, 116.45 W, 1 %, 75575 MiB
2026/09/27 15:02:08.870, 5, 28, 1980 MHz, 120.89 W, 0 %, 75575 MiB
2026/09/27 15:02:08.870, 6, 26, 1980 MHz, 120.07 W, 0 %, 75575 MiB
2026/09/27 15:02:08.870, 7, 24, 1980 MHz, 115.87 W, 0 %, 75191 MiB
2026/09/27 15:02:10.871, 0, 23, 1980 MHz, 114.24 W, 0 %, 75191 MiB
2026/09/27 15:02:10.871, 1, 26, 1980 MHz, 115.46 W, 0 %, 75575 MiB
2026/09/27 15:02:10.871, 2, 31, 1980 MHz, 119.70 W, 0 %, 75575 MiB
2026/09/27 15:02:10.871, 3, 25, 1980 MHz, 120.90 W, 0 %, 75575 MiB
2026/09/27 15:02:10.871, 4, 24, 1980 MHz, 116.35 W, 0 %, 75575 MiB
2026/09/27 15:02:10.872, 5, 28, 1980 MHz, 120.91 W, 0 %, 75575 MiB
2026/09/27 15:02:10.872, 6, 26, 1980 MHz, 120.04 W, 1 %, 75575 MiB
2026/09/27 15:02:10.872, 7, 24, 1980 MHz, 115.88 W, 0 %, 75191 MiB
2026/09/27 15:02:12.872, 0, 23, 1980 MHz, 114.35 W, 1 %, 75191 MiB
2026/09/27 15:02:12.873, 1, 26, 1980 MHz, 115.42 W, 0 %, 75575 MiB
2026/09/27 15:02:12.873, 2, 31, 1980 MHz, 119.67 W, 0 %, 75575 MiB
2026/09/27 15:02:12.873, 3, 25, 1980 MHz, 121.31 W, 0 %, 75575 MiB
2026/09/27 15:02:12.873, 4, 24, 1980 MHz, 116.28 W, 0 %, 75575 MiB
2026/09/27 15:02:12.873, 5, 27, 1980 MHz, 120.89 W, 0 %, 75575 MiB
2026/09/27 15:02:12.873, 6, 26, 1980 MHz, 120.01 W, 0 %, 75575 MiB
2026/09/27 15:02:12.873, 7, 24, 1980 MHz, 115.85 W, 0 %, 75191 MiB
2026/09/27 15:02:14.874, 0, 23, 1980 MHz, 114.25 W, 0 %, 75191 MiB
2026/09/27 15:02:14.874, 1, 26, 1980 MHz, 115.39 W, 0 %, 75575 MiB
2026/09/27 15:02:14.874, 2, 31, 1980 MHz, 119.67 W, 1 %, 75575 MiB
2026/09/27 15:02:14.874, 3, 25, 1980 MHz, 121.32 W, 0 %, 75575 MiB
2026/09/27 15:02:14.874, 4, 24, 1980 MHz, 116.31 W, 0 %, 75575 MiB
2026/09/27 15:02:14.874, 5, 27, 1980 MHz, 120.87 W, 0 %, 75575 MiB
2026/09/27 15:02:14.874, 6, 26, 1980 MHz, 120.01 W, 0 %, 75575 MiB
2026/09/27 15:02:14.874, 7, 24, 1980 MHz, 115.79 W, 0 %, 75191 MiB
2026/09/27 15:02:16.875, 0, 23, 1980 MHz, 114.24 W, 0 %, 75191 MiB
2026/09/27 15:02:16.875, 1, 26, 1980 MHz, 115.32 W, 0 %, 75575 MiB
2026/09/27 15:02:16.875, 2, 31, 1980 MHz, 119.65 W, 0 %, 75575 MiB
2026/09/27 15:02:16.875, 3, 25, 1980 MHz, 121.41 W, 1 %, 75575 MiB
2026/09/27 15:02:16.875, 4, 24, 1980 MHz, 116.29 W, 0 %, 75575 MiB
2026/09/27 15:02:16.875, 5, 27, 1980 MHz, 120.85 W, 0 %, 75575 MiB
2026/09/27 15:02:16.875, 6, 26, 1980 MHz, 120.06 W, 0 %, 75575 MiB
2026/09/27 15:02:16.876, 7, 24, 1980 MHz, 115.86 W, 0 %, 75191 MiB
2026/09/27 15:02:18.876, 0, 23, 1980 MHz, 114.30 W, 0 %, 75191 MiB
2026/09/27 15:02:18.876, 1, 26, 1980 MHz, 115.33 W, 0 %, 75575 MiB
2026/09/27 15:02:18.876, 2, 31, 1980 MHz, 119.62 W, 0 %, 75575 MiB
2026/09/27 15:02:18.877, 3, 25, 1980 MHz, 121.29 W, 0 %, 75575 MiB
2026/09/27 15:02:18.877, 4, 24, 1980 MHz, 116.34 W, 0 %, 75575 MiB
2026/09/27 15:02:18.877, 5, 27, 1980 MHz, 120.92 W, 1 %, 75575 MiB
2026/09/27 15:02:18.877, 6, 26, 1980 MHz, 120.00 W, 0 %, 75575 MiB
2026/09/27 15:02:18.877, 7, 24, 1980 MHz, 115.85 W, 0 %, 75191 MiB
2026/09/27 15:02:20.877, 0, 23, 1980 MHz, 114.34 W, 0 %, 75191 MiB
2026/09/27 15:02:20.878, 1, 26, 1980 MHz, 115.26 W, 0 %, 75575 MiB
2026/09/27 15:02:20.878, 2, 31, 1980 MHz, 119.67 W, 0 %, 75575 MiB
2026/09/27 15:02:20.878, 3, 25, 1980 MHz, 121.28 W, 0 %, 75575 MiB
2026/09/27 15:02:20.878, 4, 24, 1980 MHz, 116.36 W, 0 %, 75575 MiB
2026/09/27 15:02:20.878, 5, 27, 1980 MHz, 120.86 W, 0 %, 75575 MiB
2026/09/27 15:02:20.878, 6, 26, 1980 MHz, 120.06 W, 0 %, 75575 MiB
2026/09/27 15:02:20.878, 7, 24, 1980 MHz, 115.87 W, 1 %, 75191 MiB
2026/09/27 15:02:22.878, 0, 23, 1980 MHz, 114.27 W, 0 %, 75191 MiB
2026/09/27 15:02:22.879, 1, 26, 1980 MHz, 115.38 W, 0 %, 75575 MiB
2026/09/27 15:02:22.879, 2, 31, 1980 MHz, 119.72 W, 0 %, 75575 MiB
2026/09/27 15:02:22.879, 3, 25, 1980 MHz, 121.34 W, 0 %, 75575 MiB
2026/09/27 15:02:22.879, 4, 24, 1980 MHz, 116.40 W, 0 %, 75575 MiB
2026/09/27 15:02:22.879, 5, 27, 1980 MHz, 120.84 W, 0 %, 75575 MiB
2026/09/27 15:02:22.879, 6, 26, 1980 MHz, 120.01 W, 0 %, 75575 MiB
2026/09/27 15:02:22.879, 7, 24, 1980 MHz, 115.85 W, 0 %, 75191 MiB
2026/09/27 15:02:24.880, 0, 24, 1980 MHz, 114.26 W, 0 %, 75191 MiB
2026/09/27 15:02:24.880, 1, 26, 1980 MHz, 115.42 W, 0 %, 75575 MiB
2026/09/27 15:02:24.880, 2, 31, 1980 MHz, 119.72 W, 0 %, 75575 MiB
2026/09/27 15:02:24.880, 3, 25, 1980 MHz, 121.31 W, 0 %, 75575 MiB
2026/09/27 15:02:24.880, 4, 24, 1980 MHz, 116.37 W, 0 %, 75575 MiB
2026/09/27 15:02:24.880, 5, 27, 1980 MHz, 120.81 W, 0 %, 75575 MiB
2026/09/27 15:02:24.881, 6, 26, 1980 MHz, 120.01 W, 0 %, 75575 MiB
2026/09/27 15:02:24.881, 7, 24, 1980 MHz, 115.87 W, 0 %, 75191 MiB
2026/09/27 15:02:26.881, 0, 24, 1980 MHz, 122.36 W, 49 %, 2209 MiB
2026/09/27 15:02:26.881, 1, 26, 1980 MHz, 122.56 W, 100 %, 2593 MiB
2026/09/27 15:02:26.881, 2, 31, 1980 MHz, 123.69 W, 100 %, 2593 MiB
2026/09/27 15:02:26.881, 3, 25, 1980 MHz, 123.18 W, 100 %, 2593 MiB
2026/09/27 15:02:26.882, 4, 24, 1980 MHz, 116.41 W, 0 %, 2593 MiB
2026/09/27 15:02:26.882, 5, 27, 1980 MHz, 120.84 W, 0 %, 75575 MiB
2026/09/27 15:02:26.882, 6, 26, 1980 MHz, 120.09 W, 0 %, 75575 MiB
2026/09/27 15:02:26.882, 7, 24, 1980 MHz, 115.89 W, 0 %, 75191 MiB
2026/09/27 15:02:28.882, 0, 24, 1980 MHz, 114.25 W, 0 %, 2195 MiB
2026/09/27 15:02:28.882, 1, 26, 1980 MHz, 115.28 W, 0 %, 2579 MiB
2026/09/27 15:02:28.883, 2, 31, 1980 MHz, 119.63 W, 0 %, 2579 MiB
2026/09/27 15:02:28.883, 3, 25, 1980 MHz, 121.22 W, 0 %, 2579 MiB
2026/09/27 15:02:28.883, 4, 24, 1980 MHz, 116.33 W, 0 %, 2579 MiB
2026/09/27 15:02:28.883, 5, 27, 1980 MHz, 121.84 W, 0 %, 2579 MiB
2026/09/27 15:02:28.883, 6, 26, 1980 MHz, 122.03 W, 0 %, 2579 MiB
2026/09/27 15:02:28.883, 7, 25, 1980 MHz, 119.83 W, 1 %, 2195 MiB
2026/09/27 15:02:30.883, 0, 24, 1980 MHz, 118.61 W, 6 %, 0 MiB
2026/09/27 15:02:30.908, 1, 26, 1980 MHz, 119.79 W, 0 %, 0 MiB
2026/09/27 15:02:30.909, 2, 31, 1980 MHz, 124.12 W, 0 %, 0 MiB
2026/09/27 15:02:30.909, 3, 25, 1980 MHz, 126.01 W, 0 %, 0 MiB
2026/09/27 15:02:30.909, 4, 24, 1980 MHz, 120.71 W, 0 %, 0 MiB
2026/09/27 15:02:30.909, 5, 28, 1980 MHz, 125.36 W, 0 %, 0 MiB
2026/09/27 15:02:30.909, 6, 26, 1980 MHz, 124.39 W, 0 %, 0 MiB
2026/09/27 15:02:30.909, 7, 25, 1980 MHz, 120.18 W, 0 %, 0 MiB
2026/09/27 15:02:32.909, 0, 22, 345 MHz, 88.73 W, 0 %, 0 MiB
2026/09/27 15:02:32.910, 1, 25, 390 MHz, 95.96 W, 0 %, 0 MiB
2026/09/27 15:02:32.910, 2, 30, 360 MHz, 95.84 W, 0 %, 0 MiB
2026/09/27 15:02:32.910, 3, 24, 345 MHz, 71.59 W, 0 %, 0 MiB
2026/09/27 15:02:32.910, 4, 23, 345 MHz, 72.22 W, 0 %, 0 MiB
2026/09/27 15:02:32.910, 5, 26, 345 MHz, 75.54 W, 0 %, 0 MiB
2026/09/27 15:02:32.910, 6, 24, 345 MHz, 73.59 W, 0 %, 0 MiB
2026/09/27 15:02:32.910, 7, 23, 345 MHz, 77.03 W, 0 %, 0 MiB
2026/09/27 15:02:34.911, 0, 22, 345 MHz, 69.88 W, 0 %, 0 MiB
2026/09/27 15:02:34.911, 1, 25, 345 MHz, 69.37 W, 0 %, 0 MiB
2026/09/27 15:02:34.911, 2, 30, 345 MHz, 71.20 W, 0 %, 0 MiB
2026/09/27 15:02:34.911, 3, 24, 345 MHz, 71.03 W, 0 %, 0 MiB
2026/09/27 15:02:34.911, 4, 22, 345 MHz, 71.36 W, 0 %, 0 MiB
2026/09/27 15:02:34.911, 5, 26, 345 MHz, 72.05 W, 0 %, 0 MiB
2026/09/27 15:02:34.911, 6, 24, 345 MHz, 73.44 W, 0 %, 0 MiB
2026/09/27 15:02:34.911, 7, 23, 345 MHz, 71.29 W, 0 %, 0 MiB
2026/09/27 15:02:36.912, 0, 22, 345 MHz, 69.75 W, 0 %, 0 MiB
2026/09/27 15:02:36.912, 1, 25, 345 MHz, 69.35 W, 0 %, 0 MiB
2026/09/27 15:02:36.912, 2, 30, 345 MHz, 71.11 W, 0 %, 0 MiB
2026/09/27 15:02:36.912, 3, 23, 345 MHz, 71.06 W, 0 %, 0 MiB
2026/09/27 15:02:36.912, 4, 22, 345 MHz, 71.24 W, 0 %, 0 MiB
2026/09/27 15:02:36.912, 5, 26, 345 MHz, 71.94 W, 0 %, 0 MiB
2026/09/27 15:02:36.912, 6, 24, 345 MHz, 73.29 W, 0 %, 0 MiB
2026/09/27 15:02:36.912, 7, 23, 345 MHz, 71.18 W, 0 %, 0 MiB
2026/09/27 15:02:38.913, 0, 22, 345 MHz, 69.78 W, 0 %, 0 MiB
2026/09/27 15:02:38.913, 1, 24, 345 MHz, 69.29 W, 0 %, 0 MiB
2026/09/27 15:02:38.913, 2, 29, 345 MHz, 71.08 W, 0 %, 0 MiB
2026/09/27 15:02:38.913, 3, 23, 345 MHz, 71.04 W, 0 %, 0 MiB
2026/09/27 15:02:38.913, 4, 22, 345 MHz, 71.24 W, 0 %, 0 MiB
2026/09/27 15:02:38.913, 5, 26, 345 MHz, 71.96 W, 0 %, 0 MiB
2026/09/27 15:02:38.913, 6, 24, 345 MHz, 73.27 W, 0 %, 0 MiB
2026/09/27 15:02:38.914, 7, 23, 345 MHz, 71.21 W, 0 %, 0 MiB
2026/09/27 15:02:40.914, 0, 22, 345 MHz, 69.79 W, 0 %, 0 MiB
2026/09/27 15:02:40.914, 1, 24, 345 MHz, 69.23 W, 0 %, 0 MiB
2026/09/27 15:02:40.914, 2, 29, 345 MHz, 71.04 W, 0 %, 0 MiB
2026/09/27 15:02:40.914, 3, 23, 345 MHz, 70.98 W, 0 %, 0 MiB
2026/09/27 15:02:40.914, 4, 22, 345 MHz, 71.15 W, 0 %, 0 MiB
2026/09/27 15:02:40.915, 5, 26, 345 MHz, 71.93 W, 0 %, 0 MiB
2026/09/27 15:02:40.915, 6, 24, 345 MHz, 73.25 W, 0 %, 0 MiB
2026/09/27 15:02:40.915, 7, 23, 345 MHz, 71.13 W, 0 %, 0 MiB
2026/09/27 15:02:42.915, 0, 21, 345 MHz, 69.73 W, 0 %, 0 MiB
2026/09/27 15:02:42.915, 1, 24, 345 MHz, 69.24 W, 0 %, 0 MiB
2026/09/27 15:02:42.915, 2, 29, 345 MHz, 71.08 W, 0 %, 0 MiB
2026/09/27 15:02:42.916, 3, 23, 345 MHz, 70.99 W, 0 %, 0 MiB
2026/09/27 15:02:42.916, 4, 22, 345 MHz, 71.24 W, 0 %, 0 MiB
2026/09/27 15:02:42.916, 5, 25, 345 MHz, 71.94 W, 0 %, 0 MiB
2026/09/27 15:02:42.916, 6, 24, 345 MHz, 73.25 W, 0 %, 0 MiB
2026/09/27 15:02:42.916, 7, 23, 345 MHz, 71.16 W, 0 %, 0 MiB
2026/09/27 15:02:44.916, 0, 21, 345 MHz, 69.71 W, 0 %, 0 MiB
2026/09/27 15:02:44.917, 1, 24, 345 MHz, 69.29 W, 0 %, 0 MiB
2026/09/27 15:02:44.917, 2, 29, 345 MHz, 71.04 W, 0 %, 0 MiB
2026/09/27 15:02:44.917, 3, 23, 345 MHz, 71.03 W, 0 %, 0 MiB
2026/09/27 15:02:44.917, 4, 22, 345 MHz, 71.14 W, 0 %, 0 MiB
2026/09/27 15:02:44.917, 5, 25, 345 MHz, 71.89 W, 0 %, 0 MiB
2026/09/27 15:02:44.917, 6, 24, 345 MHz, 73.18 W, 0 %, 0 MiB
2026/09/27 15:02:44.917, 7, 22, 345 MHz, 71.09 W, 0 %, 0 MiB
2026/09/27 15:02:46.917, 0, 21, 345 MHz, 69.69 W, 0 %, 0 MiB
2026/09/27 15:02:46.918, 1, 24, 345 MHz, 69.20 W, 0 %, 0 MiB
2026/09/27 15:02:46.918, 2, 29, 345 MHz, 71.00 W, 0 %, 0 MiB
2026/09/27 15:02:46.918, 3, 23, 345 MHz, 70.86 W, 0 %, 0 MiB
2026/09/27 15:02:46.918, 4, 22, 345 MHz, 71.14 W, 0 %, 0 MiB
2026/09/27 15:02:46.918, 5, 25, 345 MHz, 71.87 W, 0 %, 0 MiB
2026/09/27 15:02:46.918, 6, 24, 345 MHz, 73.17 W, 0 %, 0 MiB
2026/09/27 15:02:46.918, 7, 22, 345 MHz, 71.05 W, 0 %, 0 MiB
2026/09/27 15:02:48.919, 0, 21, 345 MHz, 69.76 W, 0 %, 0 MiB
2026/09/27 15:02:48.919, 1, 24, 345 MHz, 69.22 W, 0 %, 0 MiB
2026/09/27 15:02:48.919, 2, 29, 345 MHz, 71.01 W, 0 %, 0 MiB
2026/09/27 15:02:48.919, 3, 23, 345 MHz, 70.99 W, 0 %, 0 MiB
2026/09/27 15:02:48.919, 4, 22, 345 MHz, 71.15 W, 0 %, 0 MiB
2026/09/27 15:02:48.919, 5, 25, 345 MHz, 71.87 W, 0 %, 0 MiB
2026/09/27 15:02:48.919, 6, 24, 345 MHz, 73.21 W, 0 %, 0 MiB
2026/09/27 15:02:48.919, 7, 22, 345 MHz, 71.13 W, 0 %, 0 MiB
2026/09/27 15:02:50.920, 0, 21, 345 MHz, 69.67 W, 0 %, 0 MiB
2026/09/27 15:02:50.920, 1, 24, 345 MHz, 69.26 W, 0 %, 0 MiB
2026/09/27 15:02:50.920, 2, 29, 345 MHz, 71.02 W, 0 %, 0 MiB
2026/09/27 15:02:50.920, 3, 23, 345 MHz, 70.91 W, 0 %, 0 MiB
2026/09/27 15:02:50.920, 4, 22, 345 MHz, 71.14 W, 0 %, 0 MiB
2026/09/27 15:02:50.920, 5, 25, 345 MHz, 71.89 W, 0 %, 0 MiB
2026/09/27 15:02:50.920, 6, 23, 345 MHz, 73.20 W, 0 %, 0 MiB
2026/09/27 15:02:50.920, 7, 22, 345 MHz, 71.13 W, 0 %, 0 MiB
2026/09/27 15:02:52.921, 0, 21, 345 MHz, 69.75 W, 0 %, 0 MiB
2026/09/27 15:02:52.921, 1, 24, 345 MHz, 69.18 W, 0 %, 0 MiB
2026/09/27 15:02:52.921, 2, 29, 345 MHz, 70.98 W, 0 %, 0 MiB
2026/09/27 15:02:52.921, 3, 23, 345 MHz, 70.91 W, 0 %, 0 MiB
2026/09/27 15:02:52.921, 4, 22, 345 MHz, 71.11 W, 0 %, 0 MiB
2026/09/27 15:02:52.921, 5, 25, 345 MHz, 71.79 W, 0 %, 0 MiB
2026/09/27 15:02:52.921, 6, 23, 345 MHz, 73.14 W, 0 %, 0 MiB
2026/09/27 15:02:52.922, 7, 22, 345 MHz, 71.03 W, 0 %, 0 MiB
2026/09/27 15:02:54.922, 0, 21, 345 MHz, 69.66 W, 0 %, 0 MiB
2026/09/27 15:02:54.922, 1, 24, 345 MHz, 69.12 W, 0 %, 0 MiB
2026/09/27 15:02:54.922, 2, 29, 345 MHz, 70.94 W, 0 %, 0 MiB
2026/09/27 15:02:54.922, 3, 23, 345 MHz, 70.90 W, 0 %, 0 MiB
2026/09/27 15:02:54.922, 4, 22, 345 MHz, 71.11 W, 0 %, 0 MiB
2026/09/27 15:02:54.923, 5, 25, 345 MHz, 71.79 W, 0 %, 0 MiB
2026/09/27 15:02:54.923, 6, 23, 345 MHz, 73.14 W, 0 %, 0 MiB
2026/09/27 15:02:54.923, 7, 22, 345 MHz, 71.04 W, 0 %, 0 MiB
2026/09/27 15:02:56.923, 0, 21, 345 MHz, 69.62 W, 0 %, 0 MiB
2026/09/27 15:02:56.923, 1, 24, 345 MHz, 69.19 W, 0 %, 0 MiB
2026/09/27 15:02:56.924, 2, 29, 345 MHz, 70.95 W, 0 %, 0 MiB
2026/09/27 15:02:56.924, 3, 23, 345 MHz, 70.89 W, 0 %, 0 MiB
2026/09/27 15:02:56.924, 4, 22, 345 MHz, 71.08 W, 0 %, 0 MiB
2026/09/27 15:02:56.924, 5, 25, 345 MHz, 71.74 W, 0 %, 0 MiB
2026/09/27 15:02:56.924, 6, 23, 345 MHz, 73.08 W, 0 %, 0 MiB
2026/09/27 15:02:56.924, 7, 22, 345 MHz, 71.08 W, 0 %, 0 MiB
2026/09/27 15:02:58.924, 0, 21, 345 MHz, 69.66 W, 0 %, 0 MiB
2026/09/27 15:02:58.925, 1, 24, 345 MHz, 69.16 W, 0 %, 0 MiB
2026/09/27 15:02:58.925, 2, 29, 345 MHz, 70.89 W, 0 %, 0 MiB
2026/09/27 15:02:58.925, 3, 23, 345 MHz, 70.85 W, 0 %, 0 MiB
2026/09/27 15:02:58.925, 4, 22, 345 MHz, 71.08 W, 0 %, 0 MiB
2026/09/27 15:02:58.925, 5, 25, 345 MHz, 71.78 W, 0 %, 0 MiB
2026/09/27 15:02:58.925, 6, 23, 345 MHz, 73.06 W, 0 %, 0 MiB
2026/09/27 15:02:58.925, 7, 22, 345 MHz, 71.07 W, 0 %, 0 MiB
2026/09/27 15:03:00.926, 0, 21, 345 MHz, 69.66 W, 0 %, 0 MiB
2026/09/27 15:03:00.926, 1, 24, 345 MHz, 69.11 W, 0 %, 0 MiB
2026/09/27 15:03:00.926, 2, 29, 345 MHz, 70.89 W, 0 %, 0 MiB
2026/09/27 15:03:00.926, 3, 23, 345 MHz, 70.82 W, 0 %, 0 MiB
2026/09/27 15:03:00.926, 4, 21, 345 MHz, 71.09 W, 0 %, 0 MiB
2026/09/27 15:03:00.926, 5, 25, 345 MHz, 71.70 W, 0 %, 0 MiB
2026/09/27 15:03:00.926, 6, 23, 345 MHz, 73.06 W, 0 %, 0 MiB
2026/09/27 15:03:00.926, 7, 22, 345 MHz, 71.01 W, 0 %, 0 MiB
2026/09/27 15:03:02.927, 0, 21, 345 MHz, 69.65 W, 0 %, 0 MiB
2026/09/27 15:03:02.927, 1, 23, 345 MHz, 69.20 W, 0 %, 0 MiB
2026/09/27 15:03:02.927, 2, 29, 345 MHz, 70.90 W, 0 %, 0 MiB
2026/09/27 15:03:02.927, 3, 22, 345 MHz, 70.87 W, 0 %, 0 MiB
2026/09/27 15:03:02.927, 4, 21, 345 MHz, 71.10 W, 0 %, 0 MiB
2026/09/27 15:03:02.927, 5, 25, 345 MHz, 71.79 W, 0 %, 0 MiB
2026/09/27 15:03:02.927, 6, 23, 345 MHz, 73.05 W, 0 %, 0 MiB
2026/09/27 15:03:02.927, 7, 22, 345 MHz, 71.03 W, 0 %, 0 MiB
2026/09/27 15:03:04.928, 0, 21, 345 MHz, 69.65 W, 0 %, 0 MiB
2026/09/27 15:03:04.928, 1, 23, 345 MHz, 69.18 W, 0 %, 0 MiB
2026/09/27 15:03:04.928, 2, 28, 345 MHz, 70.86 W, 0 %, 0 MiB
2026/09/27 15:03:04.928, 3, 22, 345 MHz, 70.88 W, 0 %, 0 MiB
2026/09/27 15:03:04.928, 4, 21, 345 MHz, 71.01 W, 0 %, 0 MiB
2026/09/27 15:03:04.928, 5, 25, 345 MHz, 71.72 W, 0 %, 0 MiB
2026/09/27 15:03:04.929, 6, 23, 345 MHz, 73.04 W, 0 %, 0 MiB
2026/09/27 15:03:04.929, 7, 22, 345 MHz, 71.02 W, 0 %, 0 MiB
2026/09/27 15:03:06.929, 0, 21, 345 MHz, 69.65 W, 0 %, 0 MiB
2026/09/27 15:03:06.929, 1, 23, 345 MHz, 69.11 W, 0 %, 0 MiB
2026/09/27 15:03:06.929, 2, 28, 345 MHz, 70.82 W, 0 %, 0 MiB
2026/09/27 15:03:06.930, 3, 22, 345 MHz, 70.82 W, 0 %, 0 MiB
2026/09/27 15:03:06.930, 4, 21, 345 MHz, 71.01 W, 0 %, 0 MiB
2026/09/27 15:03:06.930, 5, 24, 345 MHz, 71.69 W, 0 %, 0 MiB
2026/09/27 15:03:06.930, 6, 23, 345 MHz, 73.35 W, 0 %, 0 MiB
2026/09/27 15:03:06.930, 7, 22, 345 MHz, 71.00 W, 0 %, 0 MiB
2026/09/27 15:03:08.930, 0, 21, 345 MHz, 69.64 W, 0 %, 0 MiB
2026/09/27 15:03:08.930, 1, 23, 345 MHz, 69.10 W, 0 %, 0 MiB
2026/09/27 15:03:08.931, 2, 28, 345 MHz, 70.87 W, 0 %, 0 MiB
2026/09/27 15:03:08.931, 3, 22, 345 MHz, 70.89 W, 0 %, 0 MiB
2026/09/27 15:03:08.931, 4, 21, 345 MHz, 71.07 W, 0 %, 0 MiB
2026/09/27 15:03:08.931, 5, 24, 345 MHz, 71.73 W, 0 %, 0 MiB
2026/09/27 15:03:08.931, 6, 23, 345 MHz, 73.42 W, 0 %, 0 MiB
2026/09/27 15:03:08.931, 7, 22, 345 MHz, 71.04 W, 0 %, 0 MiB
2026/09/27 15:03:10.931, 0, 21, 345 MHz, 69.55 W, 0 %, 0 MiB
2026/09/27 15:03:10.932, 1, 23, 345 MHz, 69.09 W, 0 %, 0 MiB
2026/09/27 15:03:10.932, 2, 28, 345 MHz, 70.85 W, 0 %, 0 MiB
2026/09/27 15:03:10.932, 3, 22, 345 MHz, 70.83 W, 0 %, 0 MiB
2026/09/27 15:03:10.932, 4, 21, 345 MHz, 70.99 W, 0 %, 0 MiB
2026/09/27 15:03:10.932, 5, 24, 345 MHz, 71.63 W, 0 %, 0 MiB
2026/09/27 15:03:10.932, 6, 23, 345 MHz, 73.28 W, 0 %, 0 MiB
2026/09/27 15:03:10.932, 7, 22, 345 MHz, 70.96 W, 0 %, 0 MiB
2026/09/27 15:03:12.933, 0, 21, 345 MHz, 69.63 W, 0 %, 0 MiB
2026/09/27 15:03:12.933, 1, 23, 345 MHz, 69.06 W, 0 %, 0 MiB
2026/09/27 15:03:12.933, 2, 28, 345 MHz, 70.82 W, 0 %, 0 MiB
2026/09/27 15:03:12.933, 3, 22, 345 MHz, 70.87 W, 0 %, 0 MiB
2026/09/27 15:03:12.933, 4, 21, 345 MHz, 71.01 W, 0 %, 0 MiB
2026/09/27 15:03:12.933, 5, 24, 345 MHz, 71.68 W, 0 %, 0 MiB
2026/09/27 15:03:12.933, 6, 23, 345 MHz, 73.33 W, 0 %, 0 MiB
2026/09/27 15:03:12.933, 7, 22, 345 MHz, 70.97 W, 0 %, 0 MiB
2026/09/27 15:03:14.934, 0, 21, 345 MHz, 69.69 W, 0 %, 4 MiB
2026/09/27 15:03:15.029, 1, 23, 345 MHz, 69.14 W, 0 %, 4 MiB
2026/09/27 15:03:15.029, 2, 28, 345 MHz, 70.86 W, 0 %, 1 MiB
2026/09/27 15:03:15.029, 3, 22, 345 MHz, 71.25 W, 0 %, 1 MiB
2026/09/27 15:03:15.029, 4, 21, 345 MHz, 71.07 W, 0 %, 1 MiB
2026/09/27 15:03:15.029, 5, 24, 345 MHz, 71.72 W, 0 %, 1 MiB
2026/09/27 15:03:15.029, 6, 23, 345 MHz, 73.36 W, 0 %, 1 MiB
2026/09/27 15:03:15.029, 7, 22, 345 MHz, 70.97 W, 0 %, 1 MiB
2026/09/27 15:03:17.030, 0, 22, 1980 MHz, 78.31 W, 0 %, 12 MiB
2026/09/27 15:03:17.099, 1, 24, 1980 MHz, 76.26 W, 0 %, 22 MiB
2026/09/27 15:03:17.099, 2, 29, 1980 MHz, 78.38 W, 0 %, 22 MiB
2026/09/27 15:03:17.100, 3, 23, 1980 MHz, 82.05 W, 0 %, 22 MiB
2026/09/27 15:03:17.152, 4, 22, 1980 MHz, 83.21 W, 0 %, 22 MiB
2026/09/27 15:03:17.152, 5, 25, 1980 MHz, 82.19 W, 0 %, 16 MiB
2026/09/27 15:03:17.153, 6, 24, 1980 MHz, 84.10 W, 0 %, 16 MiB
2026/09/27 15:03:17.153, 7, 22, 1980 MHz, 80.85 W, 0 %, 22 MiB
2026/09/27 15:03:19.154, 0, 22, 1980 MHz, 115.17 W, 0 %, 557 MiB
2026/09/27 15:03:19.154, 1, 25, 1980 MHz, 115.73 W, 0 %, 537 MiB
2026/09/27 15:03:19.154, 2, 30, 1980 MHz, 120.51 W, 0 %, 537 MiB
2026/09/27 15:03:19.154, 3, 24, 1980 MHz, 120.54 W, 0 %, 537 MiB
2026/09/27 15:03:19.154, 4, 23, 1980 MHz, 118.26 W, 0 %, 537 MiB
2026/09/27 15:03:19.154, 5, 26, 1980 MHz, 121.12 W, 0 %, 537 MiB
2026/09/27 15:03:19.154, 6, 24, 1980 MHz, 122.30 W, 0 %, 537 MiB
2026/09/27 15:03:19.154, 7, 23, 1980 MHz, 116.15 W, 0 %, 537 MiB
2026/09/27 15:03:21.155, 0, 22, 1980 MHz, 113.92 W, 0 %, 557 MiB
2026/09/27 15:03:21.155, 1, 25, 1980 MHz, 114.87 W, 0 %, 537 MiB
2026/09/27 15:03:21.155, 2, 30, 1980 MHz, 119.18 W, 0 %, 537 MiB
2026/09/27 15:03:21.155, 3, 24, 1980 MHz, 119.92 W, 0 %, 537 MiB
2026/09/27 15:03:21.155, 4, 23, 1980 MHz, 117.72 W, 0 %, 537 MiB
2026/09/27 15:03:21.155, 5, 26, 1980 MHz, 120.20 W, 0 %, 537 MiB
2026/09/27 15:03:21.155, 6, 24, 1980 MHz, 121.25 W, 0 %, 537 MiB
2026/09/27 15:03:21.155, 7, 23, 1980 MHz, 115.48 W, 0 %, 537 MiB
2026/09/27 15:03:23.156, 0, 23, 1980 MHz, 113.91 W, 0 %, 557 MiB
2026/09/27 15:03:23.156, 1, 25, 1980 MHz, 114.93 W, 0 %, 537 MiB
2026/09/27 15:03:23.156, 2, 30, 1980 MHz, 119.21 W, 0 %, 537 MiB
2026/09/27 15:03:23.156, 3, 24, 1980 MHz, 120.00 W, 0 %, 537 MiB
2026/09/27 15:03:23.156, 4, 23, 1980 MHz, 117.82 W, 0 %, 537 MiB
2026/09/27 15:03:23.156, 5, 26, 1980 MHz, 120.15 W, 0 %, 537 MiB
2026/09/27 15:03:23.156, 6, 24, 1980 MHz, 121.28 W, 0 %, 537 MiB
2026/09/27 15:03:23.157, 7, 23, 1980 MHz, 115.54 W, 0 %, 537 MiB
2026/09/27 15:03:25.157, 0, 23, 1980 MHz, 113.96 W, 0 %, 557 MiB
2026/09/27 15:03:25.157, 1, 25, 1980 MHz, 114.93 W, 0 %, 537 MiB
2026/09/27 15:03:25.157, 2, 30, 1980 MHz, 119.14 W, 0 %, 537 MiB
2026/09/27 15:03:25.157, 3, 24, 1980 MHz, 119.96 W, 0 %, 537 MiB
2026/09/27 15:03:25.157, 4, 23, 1980 MHz, 117.75 W, 0 %, 537 MiB
2026/09/27 15:03:25.158, 5, 26, 1980 MHz, 120.17 W, 0 %, 537 MiB
2026/09/27 15:03:25.158, 6, 24, 1980 MHz, 121.32 W, 0 %, 537 MiB
2026/09/27 15:03:25.158, 7, 24, 1980 MHz, 115.49 W, 0 %, 537 MiB
2026/09/27 15:03:27.158, 0, 23, 1980 MHz, 114.02 W, 0 %, 557 MiB
2026/09/27 15:03:27.158, 1, 25, 1980 MHz, 114.95 W, 0 %, 537 MiB
2026/09/27 15:03:27.158, 2, 30, 1980 MHz, 119.17 W, 0 %, 537 MiB
2026/09/27 15:03:27.159, 3, 24, 1980 MHz, 120.01 W, 0 %, 537 MiB
2026/09/27 15:03:27.159, 4, 23, 1980 MHz, 117.84 W, 0 %, 537 MiB
2026/09/27 15:03:27.159, 5, 26, 1980 MHz, 120.25 W, 0 %, 537 MiB
2026/09/27 15:03:27.159, 6, 25, 1980 MHz, 121.37 W, 0 %, 537 MiB
2026/09/27 15:03:27.159, 7, 24, 1980 MHz, 115.57 W, 0 %, 537 MiB
2026/09/27 15:03:29.159, 0, 23, 1980 MHz, 114.06 W, 0 %, 557 MiB
2026/09/27 15:03:29.159, 1, 25, 1980 MHz, 114.91 W, 0 %, 537 MiB
2026/09/27 15:03:29.160, 2, 30, 1980 MHz, 119.23 W, 0 %, 537 MiB
2026/09/27 15:03:29.160, 3, 24, 1980 MHz, 120.08 W, 0 %, 537 MiB
2026/09/27 15:03:29.160, 4, 23, 1980 MHz, 117.82 W, 0 %, 537 MiB
2026/09/27 15:03:29.160, 5, 26, 1980 MHz, 120.22 W, 0 %, 537 MiB
2026/09/27 15:03:29.160, 6, 25, 1980 MHz, 121.36 W, 0 %, 537 MiB
2026/09/27 15:03:29.160, 7, 24, 1980 MHz, 115.54 W, 0 %, 537 MiB
2026/09/27 15:03:31.160, 0, 23, 1980 MHz, 114.03 W, 0 %, 557 MiB
2026/09/27 15:03:31.161, 1, 25, 1980 MHz, 114.90 W, 0 %, 537 MiB
2026/09/27 15:03:31.161, 2, 30, 1980 MHz, 119.11 W, 0 %, 537 MiB
2026/09/27 15:03:31.161, 3, 24, 1980 MHz, 120.09 W, 0 %, 537 MiB
2026/09/27 15:03:31.161, 4, 23, 1980 MHz, 117.79 W, 0 %, 537 MiB
2026/09/27 15:03:31.161, 5, 26, 1980 MHz, 120.21 W, 0 %, 537 MiB
2026/09/27 15:03:31.161, 6, 25, 1980 MHz, 121.40 W, 0 %, 537 MiB
2026/09/27 15:03:31.161, 7, 24, 1980 MHz, 115.57 W, 0 %, 537 MiB
2026/09/27 15:03:33.162, 0, 23, 1980 MHz, 114.05 W, 0 %, 557 MiB
2026/09/27 15:03:33.162, 1, 25, 1980 MHz, 114.92 W, 0 %, 537 MiB
2026/09/27 15:03:33.162, 2, 30, 1980 MHz, 119.24 W, 0 %, 537 MiB
2026/09/27 15:03:33.162, 3, 24, 1980 MHz, 120.05 W, 0 %, 537 MiB
2026/09/27 15:03:33.162, 4, 23, 1980 MHz, 117.84 W, 0 %, 537 MiB
2026/09/27 15:03:33.162, 5, 26, 1980 MHz, 120.25 W, 0 %, 537 MiB
2026/09/27 15:03:33.162, 6, 25, 1980 MHz, 120.24 W, 0 %, 537 MiB
2026/09/27 15:03:33.162, 7, 24, 1980 MHz, 115.57 W, 0 %, 537 MiB
2026/09/27 15:03:35.163, 0, 23, 1980 MHz, 114.06 W, 0 %, 557 MiB
2026/09/27 15:03:35.163, 1, 25, 1980 MHz, 114.93 W, 0 %, 537 MiB
2026/09/27 15:03:35.163, 2, 30, 1980 MHz, 119.26 W, 0 %, 537 MiB
2026/09/27 15:03:35.163, 3, 24, 1980 MHz, 120.07 W, 0 %, 537 MiB
2026/09/27 15:03:35.163, 4, 23, 1980 MHz, 117.95 W, 0 %, 537 MiB
2026/09/27 15:03:35.164, 5, 26, 1980 MHz, 120.27 W, 0 %, 537 MiB
2026/09/27 15:03:35.164, 6, 25, 1980 MHz, 120.11 W, 0 %, 537 MiB
2026/09/27 15:03:35.164, 7, 24, 1980 MHz, 115.61 W, 0 %, 537 MiB
2026/09/27 15:03:37.164, 0, 23, 1980 MHz, 114.07 W, 0 %, 557 MiB
2026/09/27 15:03:37.164, 1, 25, 1980 MHz, 115.00 W, 0 %, 537 MiB
2026/09/27 15:03:37.164, 2, 30, 1980 MHz, 119.25 W, 0 %, 537 MiB
2026/09/27 15:03:37.165, 3, 24, 1980 MHz, 120.11 W, 0 %, 537 MiB
2026/09/27 15:03:37.165, 4, 23, 1980 MHz, 117.85 W, 0 %, 537 MiB
2026/09/27 15:03:37.165, 5, 26, 1980 MHz, 120.30 W, 0 %, 537 MiB
2026/09/27 15:03:37.165, 6, 25, 1980 MHz, 120.11 W, 0 %, 537 MiB
2026/09/27 15:03:37.165, 7, 24, 1980 MHz, 115.60 W, 0 %, 537 MiB
2026/09/27 15:03:39.165, 0, 23, 1980 MHz, 114.15 W, 0 %, 557 MiB
2026/09/27 15:03:39.166, 1, 25, 1980 MHz, 115.06 W, 0 %, 537 MiB
2026/09/27 15:03:39.166, 2, 30, 1980 MHz, 119.28 W, 0 %, 537 MiB
2026/09/27 15:03:39.166, 3, 24, 1980 MHz, 120.11 W, 0 %, 537 MiB
2026/09/27 15:03:39.166, 4, 23, 1980 MHz, 117.94 W, 0 %, 537 MiB
2026/09/27 15:03:39.166, 5, 26, 1980 MHz, 120.27 W, 0 %, 537 MiB
2026/09/27 15:03:39.166, 6, 25, 1980 MHz, 120.10 W, 0 %, 537 MiB
2026/09/27 15:03:39.166, 7, 24, 1980 MHz, 115.62 W, 0 %, 537 MiB
2026/09/27 15:03:41.166, 0, 23, 1980 MHz, 114.11 W, 0 %, 557 MiB
2026/09/27 15:03:41.167, 1, 25, 1980 MHz, 115.04 W, 0 %, 537 MiB
2026/09/27 15:03:41.167, 2, 30, 1980 MHz, 119.26 W, 0 %, 537 MiB
2026/09/27 15:03:41.167, 3, 24, 1980 MHz, 120.07 W, 0 %, 537 MiB
2026/09/27 15:03:41.167, 4, 23, 1980 MHz, 117.96 W, 0 %, 537 MiB
2026/09/27 15:03:41.167, 5, 26, 1980 MHz, 120.31 W, 0 %, 537 MiB
2026/09/27 15:03:41.167, 6, 25, 1980 MHz, 120.12 W, 0 %, 537 MiB
2026/09/27 15:03:41.167, 7, 24, 1980 MHz, 115.66 W, 0 %, 537 MiB
2026/09/27 15:03:43.168, 0, 23, 1980 MHz, 114.04 W, 0 %, 595 MiB
2026/09/27 15:03:43.168, 1, 25, 1980 MHz, 115.01 W, 0 %, 595 MiB
2026/09/27 15:03:43.168, 2, 30, 1980 MHz, 119.31 W, 0 %, 595 MiB
2026/09/27 15:03:43.168, 3, 24, 1980 MHz, 120.12 W, 0 %, 561 MiB
2026/09/27 15:03:43.168, 4, 23, 1980 MHz, 117.94 W, 0 %, 541 MiB
2026/09/27 15:03:43.168, 5, 26, 1980 MHz, 120.33 W, 0 %, 541 MiB
2026/09/27 15:03:43.168, 6, 25, 1980 MHz, 120.12 W, 0 %, 541 MiB
2026/09/27 15:03:43.168, 7, 24, 1980 MHz, 115.68 W, 0 %, 541 MiB
2026/09/27 15:03:45.169, 0, 23, 1980 MHz, 114.14 W, 0 %, 627 MiB
2026/09/27 15:03:45.169, 1, 25, 1980 MHz, 115.03 W, 0 %, 627 MiB
2026/09/27 15:03:45.169, 2, 30, 1980 MHz, 119.27 W, 0 %, 627 MiB
2026/09/27 15:03:45.169, 3, 24, 1980 MHz, 120.10 W, 0 %, 627 MiB
2026/09/27 15:03:45.169, 4, 23, 1980 MHz, 117.89 W, 0 %, 627 MiB
2026/09/27 15:03:45.169, 5, 26, 1980 MHz, 120.25 W, 0 %, 627 MiB
2026/09/27 15:03:45.169, 6, 25, 1980 MHz, 120.04 W, 0 %, 627 MiB
2026/09/27 15:03:45.169, 7, 24, 1980 MHz, 115.54 W, 0 %, 627 MiB
2026/09/27 15:03:47.170, 0, 23, 1980 MHz, 114.26 W, 5 %, 885 MiB
2026/09/27 15:03:47.170, 1, 25, 1980 MHz, 115.04 W, 0 %, 691 MiB
2026/09/27 15:03:47.170, 2, 30, 1980 MHz, 119.33 W, 0 %, 691 MiB
2026/09/27 15:03:47.170, 3, 24, 1980 MHz, 120.16 W, 0 %, 691 MiB
2026/09/27 15:03:47.170, 4, 23, 1980 MHz, 117.26 W, 0 %, 691 MiB
2026/09/27 15:03:47.170, 5, 26, 1980 MHz, 120.41 W, 0 %, 745 MiB
2026/09/27 15:03:47.170, 6, 25, 1980 MHz, 120.24 W, 0 %, 691 MiB
2026/09/27 15:03:47.171, 7, 24, 1980 MHz, 115.68 W, 0 %, 691 MiB
2026/09/27 15:03:49.171, 0, 23, 1980 MHz, 114.21 W, 0 %, 897 MiB
2026/09/27 15:03:49.171, 1, 25, 1980 MHz, 115.10 W, 1 %, 899 MiB
2026/09/27 15:03:49.171, 2, 30, 1980 MHz, 119.39 W, 1 %, 899 MiB
2026/09/27 15:03:49.171, 3, 24, 1980 MHz, 120.32 W, 1 %, 899 MiB
2026/09/27 15:03:49.171, 4, 24, 1980 MHz, 117.26 W, 0 %, 897 MiB
2026/09/27 15:03:49.172, 5, 26, 1980 MHz, 120.47 W, 1 %, 897 MiB
2026/09/27 15:03:49.172, 6, 25, 1980 MHz, 120.34 W, 1 %, 897 MiB
2026/09/27 15:03:49.172, 7, 24, 1980 MHz, 115.72 W, 0 %, 899 MiB
2026/09/27 15:03:51.172, 0, 23, 1980 MHz, 114.35 W, 0 %, 1425 MiB
2026/09/27 15:03:51.172, 1, 25, 1980 MHz, 115.29 W, 0 %, 1425 MiB
2026/09/27 15:03:51.172, 2, 30, 1980 MHz, 119.39 W, 0 %, 1425 MiB
2026/09/27 15:03:51.173, 3, 24, 1980 MHz, 120.23 W, 0 %, 1425 MiB
2026/09/27 15:03:51.173, 4, 24, 1980 MHz, 117.33 W, 0 %, 1425 MiB
2026/09/27 15:03:51.173, 5, 26, 1980 MHz, 120.57 W, 0 %, 1425 MiB
2026/09/27 15:03:51.173, 6, 25, 1980 MHz, 120.31 W, 0 %, 1425 MiB
2026/09/27 15:03:51.173, 7, 24, 1980 MHz, 115.99 W, 0 %, 1425 MiB
2026/09/27 15:03:53.173, 0, 23, 1980 MHz, 114.24 W, 0 %, 1611 MiB
2026/09/27 15:03:53.173, 1, 25, 1980 MHz, 115.10 W, 0 %, 1611 MiB
2026/09/27 15:03:53.174, 2, 30, 1980 MHz, 119.36 W, 0 %, 1611 MiB
2026/09/27 15:03:53.174, 3, 24, 1980 MHz, 120.23 W, 0 %, 1611 MiB
2026/09/27 15:03:53.174, 4, 24, 1980 MHz, 117.32 W, 0 %, 1611 MiB
2026/09/27 15:03:53.174, 5, 26, 1980 MHz, 120.44 W, 0 %, 1611 MiB
2026/09/27 15:03:53.174, 6, 25, 1980 MHz, 120.31 W, 0 %, 1611 MiB
2026/09/27 15:03:53.174, 7, 24, 1980 MHz, 115.75 W, 0 %, 1611 MiB
2026/09/27 15:03:55.174, 0, 23, 1980 MHz, 114.20 W, 0 %, 1613 MiB
2026/09/27 15:03:55.175, 1, 25, 1980 MHz, 115.18 W, 0 %, 1611 MiB
2026/09/27 15:03:55.175, 2, 30, 1980 MHz, 119.40 W, 0 %, 1611 MiB
2026/09/27 15:03:55.175, 3, 24, 1980 MHz, 120.28 W, 0 %, 1611 MiB
2026/09/27 15:03:55.175, 4, 24, 1980 MHz, 117.30 W, 0 %, 1611 MiB
2026/09/27 15:03:55.175, 5, 26, 1980 MHz, 120.46 W, 0 %, 1611 MiB
2026/09/27 15:03:55.175, 6, 25, 1980 MHz, 120.36 W, 0 %, 1611 MiB
2026/09/27 15:03:55.175, 7, 24, 1980 MHz, 115.78 W, 0 %, 1611 MiB
2026/09/27 15:03:57.176, 0, 23, 1980 MHz, 114.21 W, 0 %, 1613 MiB
2026/09/27 15:03:57.176, 1, 25, 1980 MHz, 115.26 W, 0 %, 1611 MiB
2026/09/27 15:03:57.176, 2, 30, 1980 MHz, 119.45 W, 0 %, 1611 MiB
2026/09/27 15:03:57.176, 3, 24, 1980 MHz, 120.31 W, 0 %, 1611 MiB
2026/09/27 15:03:57.176, 4, 24, 1980 MHz, 117.32 W, 0 %, 1611 MiB
2026/09/27 15:03:57.176, 5, 26, 1980 MHz, 120.45 W, 0 %, 1611 MiB
2026/09/27 15:03:57.176, 6, 25, 1980 MHz, 120.29 W, 0 %, 1611 MiB
2026/09/27 15:03:57.176, 7, 24, 1980 MHz, 115.76 W, 0 %, 1611 MiB
2026/09/27 15:03:59.177, 0, 23, 1980 MHz, 114.26 W, 0 %, 1613 MiB
2026/09/27 15:03:59.177, 1, 25, 1980 MHz, 115.18 W, 0 %, 1611 MiB
2026/09/27 15:03:59.177, 2, 30, 1980 MHz, 119.39 W, 0 %, 1611 MiB
2026/09/27 15:03:59.177, 3, 24, 1980 MHz, 120.24 W, 0 %, 1611 MiB
2026/09/27 15:03:59.177, 4, 24, 1980 MHz, 117.33 W, 0 %, 1611 MiB
2026/09/27 15:03:59.177, 5, 26, 1980 MHz, 120.40 W, 0 %, 1611 MiB
2026/09/27 15:03:59.177, 6, 25, 1980 MHz, 120.33 W, 0 %, 1611 MiB
2026/09/27 15:03:59.177, 7, 24, 1980 MHz, 115.78 W, 0 %, 1611 MiB
2026/09/27 15:04:01.178, 0, 23, 1980 MHz, 114.27 W, 0 %, 1613 MiB
2026/09/27 15:04:01.178, 1, 25, 1980 MHz, 115.13 W, 0 %, 1611 MiB
2026/09/27 15:04:01.178, 2, 30, 1980 MHz, 119.36 W, 0 %, 1611 MiB
2026/09/27 15:04:01.178, 3, 24, 1980 MHz, 120.30 W, 0 %, 1611 MiB
2026/09/27 15:04:01.179, 4, 24, 1980 MHz, 117.41 W, 0 %, 1611 MiB
2026/09/27 15:04:01.179, 5, 26, 1980 MHz, 120.41 W, 0 %, 1611 MiB
2026/09/27 15:04:01.179, 6, 25, 1980 MHz, 120.38 W, 0 %, 1611 MiB
2026/09/27 15:04:01.179, 7, 24, 1980 MHz, 115.85 W, 0 %, 1611 MiB
2026/09/27 15:04:03.179, 0, 23, 1980 MHz, 114.24 W, 0 %, 1613 MiB
2026/09/27 15:04:03.179, 1, 25, 1980 MHz, 115.15 W, 0 %, 1611 MiB
2026/09/27 15:04:03.179, 2, 30, 1980 MHz, 119.41 W, 0 %, 1611 MiB
2026/09/27 15:04:03.180, 3, 25, 1980 MHz, 120.26 W, 0 %, 1611 MiB
2026/09/27 15:04:03.180, 4, 24, 1980 MHz, 117.31 W, 0 %, 1611 MiB
2026/09/27 15:04:03.180, 5, 26, 1980 MHz, 120.46 W, 0 %, 1611 MiB
2026/09/27 15:04:03.180, 6, 25, 1980 MHz, 120.34 W, 0 %, 1611 MiB
2026/09/27 15:04:03.180, 7, 24, 1980 MHz, 115.78 W, 0 %, 1611 MiB
2026/09/27 15:04:05.180, 0, 23, 1980 MHz, 117.94 W, 0 %, 1480 MiB
2026/09/27 15:04:05.181, 1, 26, 1980 MHz, 118.69 W, 0 %, 1478 MiB
2026/09/27 15:04:05.182, 2, 30, 1980 MHz, 123.43 W, 0 %, 1478 MiB
2026/09/27 15:04:05.182, 3, 25, 1980 MHz, 124.03 W, 0 %, 1478 MiB
2026/09/27 15:04:05.182, 4, 24, 1980 MHz, 121.00 W, 0 %, 1478 MiB
2026/09/27 15:04:05.183, 5, 27, 1980 MHz, 124.09 W, 0 %, 1478 MiB
2026/09/27 15:04:05.184, 6, 25, 1980 MHz, 123.85 W, 0 %, 1481 MiB
2026/09/27 15:04:05.184, 7, 24, 1980 MHz, 118.93 W, 0 %, 1481 MiB
2026/09/27 15:04:07.184, 0, 23, 1980 MHz, 118.51 W, 0 %, 0 MiB
2026/09/27 15:04:07.184, 1, 26, 1980 MHz, 119.36 W, 0 %, 0 MiB
2026/09/27 15:04:07.185, 2, 30, 1980 MHz, 123.73 W, 0 %, 0 MiB
2026/09/27 15:04:07.185, 3, 25, 1980 MHz, 124.82 W, 0 %, 0 MiB
2026/09/27 15:04:07.185, 4, 23, 405 MHz, 107.28 W, 0 %, 0 MiB
2026/09/27 15:04:07.185, 5, 26, 420 MHz, 113.48 W, 0 %, 0 MiB
2026/09/27 15:04:07.185, 6, 25, 1980 MHz, 124.54 W, 0 %, 0 MiB
2026/09/27 15:04:07.185, 7, 24, 435 MHz, 115.90 W, 0 %, 0 MiB
2026/09/27 15:04:09.185, 0, 22, 345 MHz, 69.79 W, 0 %, 0 MiB
2026/09/27 15:04:09.186, 1, 24, 345 MHz, 69.18 W, 0 %, 0 MiB
2026/09/27 15:04:09.186, 2, 29, 345 MHz, 71.07 W, 0 %, 0 MiB
2026/09/27 15:04:09.186, 3, 23, 345 MHz, 71.48 W, 0 %, 0 MiB
2026/09/27 15:04:09.186, 4, 22, 345 MHz, 71.35 W, 0 %, 0 MiB
2026/09/27 15:04:09.186, 5, 25, 345 MHz, 71.93 W, 0 %, 0 MiB
2026/09/27 15:04:09.186, 6, 24, 345 MHz, 73.59 W, 0 %, 0 MiB
2026/09/27 15:04:09.186, 7, 23, 345 MHz, 71.18 W, 0 %, 0 MiB
2026/09/27 15:04:11.187, 0, 21, 345 MHz, 69.77 W, 0 %, 0 MiB
2026/09/27 15:04:11.187, 1, 24, 345 MHz, 69.14 W, 0 %, 0 MiB
2026/09/27 15:04:11.187, 2, 29, 345 MHz, 71.01 W, 0 %, 0 MiB
2026/09/27 15:04:11.187, 3, 23, 345 MHz, 71.44 W, 0 %, 0 MiB
2026/09/27 15:04:11.187, 4, 22, 345 MHz, 71.28 W, 0 %, 0 MiB
2026/09/27 15:04:11.187, 5, 25, 345 MHz, 71.79 W, 0 %, 0 MiB
2026/09/27 15:04:11.187, 6, 24, 345 MHz, 73.53 W, 0 %, 0 MiB
2026/09/27 15:04:11.187, 7, 22, 345 MHz, 71.13 W, 0 %, 0 MiB
2026/09/27 15:04:13.188, 0, 21, 345 MHz, 69.80 W, 0 %, 0 MiB
2026/09/27 15:04:13.188, 1, 24, 345 MHz, 69.09 W, 0 %, 0 MiB
2026/09/27 15:04:13.188, 2, 29, 345 MHz, 70.98 W, 0 %, 0 MiB
2026/09/27 15:04:13.188, 3, 23, 345 MHz, 71.39 W, 0 %, 0 MiB
2026/09/27 15:04:13.188, 4, 22, 345 MHz, 71.30 W, 0 %, 0 MiB
2026/09/27 15:04:13.188, 5, 25, 345 MHz, 71.79 W, 0 %, 0 MiB
2026/09/27 15:04:13.188, 6, 23, 345 MHz, 73.53 W, 0 %, 0 MiB
2026/09/27 15:04:13.188, 7, 22, 345 MHz, 71.15 W, 0 %, 0 MiB
2026/09/27 15:04:15.189, 0, 21, 345 MHz, 69.79 W, 0 %, 0 MiB
2026/09/27 15:04:15.189, 1, 24, 345 MHz, 69.07 W, 0 %, 0 MiB
2026/09/27 15:04:15.189, 2, 29, 345 MHz, 71.00 W, 0 %, 0 MiB
2026/09/27 15:04:15.189, 3, 23, 345 MHz, 71.39 W, 0 %, 0 MiB
2026/09/27 15:04:15.189, 4, 22, 345 MHz, 71.28 W, 0 %, 0 MiB
2026/09/27 15:04:15.189, 5, 25, 345 MHz, 71.83 W, 0 %, 0 MiB
2026/09/27 15:04:15.189, 6, 23, 345 MHz, 73.49 W, 0 %, 0 MiB
2026/09/27 15:04:15.190, 7, 22, 345 MHz, 71.15 W, 0 %, 0 MiB
2026/09/27 15:04:17.190, 0, 21, 345 MHz, 69.69 W, 0 %, 0 MiB
2026/09/27 15:04:17.190, 1, 24, 345 MHz, 68.99 W, 0 %, 0 MiB
2026/09/27 15:04:17.190, 2, 29, 345 MHz, 70.94 W, 0 %, 0 MiB
2026/09/27 15:04:17.190, 3, 23, 345 MHz, 71.32 W, 0 %, 0 MiB
2026/09/27 15:04:17.190, 4, 22, 345 MHz, 71.25 W, 0 %, 0 MiB
2026/09/27 15:04:17.191, 5, 25, 345 MHz, 71.72 W, 0 %, 0 MiB
2026/09/27 15:04:17.191, 6, 23, 345 MHz, 73.40 W, 0 %, 0 MiB
2026/09/27 15:04:17.191, 7, 22, 345 MHz, 71.05 W, 0 %, 0 MiB
2026/09/27 15:04:19.191, 0, 21, 345 MHz, 69.71 W, 0 %, 0 MiB
2026/09/27 15:04:19.191, 1, 24, 345 MHz, 69.00 W, 0 %, 0 MiB
2026/09/27 15:04:19.191, 2, 28, 345 MHz, 70.93 W, 0 %, 0 MiB
2026/09/27 15:04:19.192, 3, 23, 345 MHz, 71.35 W, 0 %, 0 MiB
2026/09/27 15:04:19.192, 4, 22, 345 MHz, 71.29 W, 0 %, 0 MiB
2026/09/27 15:04:19.192, 5, 24, 345 MHz, 71.72 W, 0 %, 0 MiB
2026/09/27 15:04:19.192, 6, 23, 345 MHz, 73.44 W, 0 %, 0 MiB
2026/09/27 15:04:19.192, 7, 22, 345 MHz, 71.06 W, 0 %, 0 MiB
2026/09/27 15:04:21.192, 0, 21, 345 MHz, 69.71 W, 0 %, 0 MiB
2026/09/27 15:04:21.193, 1, 23, 345 MHz, 68.98 W, 0 %, 0 MiB
2026/09/27 15:04:21.193, 2, 28, 345 MHz, 70.91 W, 0 %, 0 MiB
2026/09/27 15:04:21.193, 3, 23, 345 MHz, 71.29 W, 0 %, 0 MiB
2026/09/27 15:04:21.193, 4, 21, 345 MHz, 71.26 W, 0 %, 0 MiB
2026/09/27 15:04:21.193, 5, 24, 345 MHz, 71.71 W, 0 %, 0 MiB
2026/09/27 15:04:21.193, 6, 23, 345 MHz, 73.42 W, 0 %, 0 MiB
2026/09/27 15:04:21.193, 7, 22, 345 MHz, 71.08 W, 0 %, 0 MiB
2026/09/27 15:04:23.193, 0, 21, 345 MHz, 69.68 W, 0 %, 0 MiB
2026/09/27 15:04:23.194, 1, 23, 345 MHz, 69.02 W, 0 %, 0 MiB
2026/09/27 15:04:23.194, 2, 28, 345 MHz, 70.90 W, 0 %, 0 MiB
2026/09/27 15:04:23.194, 3, 22, 345 MHz, 71.36 W, 0 %, 0 MiB
2026/09/27 15:04:23.194, 4, 21, 345 MHz, 71.18 W, 0 %, 0 MiB
2026/09/27 15:04:23.194, 5, 24, 345 MHz, 71.71 W, 0 %, 0 MiB
2026/09/27 15:04:23.194, 6, 23, 345 MHz, 73.43 W, 0 %, 0 MiB
2026/09/27 15:04:23.194, 7, 22, 345 MHz, 71.05 W, 0 %, 0 MiB
2026/09/27 15:04:25.195, 0, 21, 345 MHz, 69.67 W, 0 %, 0 MiB
2026/09/27 15:04:25.195, 1, 23, 345 MHz, 68.97 W, 0 %, 0 MiB
2026/09/27 15:04:25.195, 2, 28, 345 MHz, 70.86 W, 0 %, 0 MiB
2026/09/27 15:04:25.195, 3, 22, 345 MHz, 71.29 W, 0 %, 0 MiB
2026/09/27 15:04:25.195, 4, 21, 345 MHz, 71.06 W, 0 %, 0 MiB
2026/09/27 15:04:25.195, 5, 24, 345 MHz, 71.65 W, 0 %, 0 MiB
2026/09/27 15:04:25.195, 6, 23, 345 MHz, 73.36 W, 0 %, 0 MiB
2026/09/27 15:04:25.195, 7, 22, 345 MHz, 71.01 W, 0 %, 0 MiB
2026/09/27 15:04:27.195, 0, 21, 345 MHz, 69.65 W, 0 %, 0 MiB
2026/09/27 15:04:27.196, 1, 23, 345 MHz, 68.92 W, 0 %, 0 MiB
2026/09/27 15:04:27.196, 2, 28, 345 MHz, 70.85 W, 0 %, 0 MiB
2026/09/27 15:04:27.196, 3, 22, 345 MHz, 71.23 W, 0 %, 0 MiB
2026/09/27 15:04:27.196, 4, 21, 345 MHz, 71.01 W, 0 %, 0 MiB
2026/09/27 15:04:27.196, 5, 24, 345 MHz, 71.63 W, 0 %, 0 MiB
2026/09/27 15:04:27.196, 6, 23, 345 MHz, 73.33 W, 0 %, 0 MiB
2026/09/27 15:04:27.196, 7, 22, 345 MHz, 71.02 W, 0 %, 0 MiB
2026/09/27 15:04:29.196, 0, 21, 345 MHz, 69.63 W, 0 %, 0 MiB
2026/09/27 15:04:29.197, 1, 23, 345 MHz, 68.95 W, 0 %, 0 MiB
2026/09/27 15:04:29.197, 2, 28, 345 MHz, 70.89 W, 0 %, 0 MiB
2026/09/27 15:04:29.197, 3, 22, 345 MHz, 71.33 W, 0 %, 0 MiB
2026/09/27 15:04:29.197, 4, 21, 345 MHz, 71.04 W, 0 %, 0 MiB
2026/09/27 15:04:29.197, 5, 24, 345 MHz, 71.69 W, 0 %, 0 MiB
2026/09/27 15:04:29.197, 6, 23, 345 MHz, 73.33 W, 0 %, 0 MiB
2026/09/27 15:04:29.197, 7, 22, 345 MHz, 71.01 W, 0 %, 0 MiB
